{"timestamp": 1764025534, "iso": "2025-11-24T23:05:34Z", "episode": 8, "games_in_episode": 10, "stats": {"total_messages": 35071, "total_updates": 34949, "total_reward": -196.27499999986605, "action_counts": [3933, 3751, 3778, 3927, 4271, 3609, 4032, 4001, 3769], "state_visits": {"(3.0, 0.0)": 8094, "(3.0, 1.0)": 2775, "(4.0, 0.0)": 1328, "(2.0, 1.0)": 2686, "(2.0, 0.0)": 5996, "(1.0, 0.0)": 4877, "(1.0, 1.0)": 2356, "(0.0, 0.0)": 3615, "(0.0, 1.0)": 2306, "(4.0, 1.0)": 896, "(5.0, 1.0)": 11, "(5.0, 0.0)": 9}, "state_action_prob_sums": {"(3.0, 0.0)": [2505.9185978260207, 2232.886416743787, 2314.432632624578, 2184.7380061622166, 2424.459277133612, 2433.001480819058, 2313.437277128685, 2419.2973281675063, 2525.016529212948], "(3.0, 1.0)": [1114.311177106722, 1293.8289047952594, 1256.8654047432074, 1256.3228787142116, 1246.8326948643307, 1273.3947478741072, 1228.263796003188, 1310.8462103333757, 1320.519258075745], "(4.0, 1.0)": [288.0223544276842, 282.4377455555903, 270.4544113699166, 338.3516986837864, 365.62259034558696, 232.3098868175685, 268.9633075842497, 306.93992234051365, 263.5210950456319], "(4.0, 0.0)": [617.3180901609238, 533.2619805090352, 544.9903238669104, 565.8530737941921, 569.411054159847, 507.61343025985434, 657.7736376421456, 462.22990267878845, 492.7212594442088], "(2.0, 0.0)": [1832.4423860792547, 1950.8066963780607, 1817.5227073293356, 1875.5450887020033, 1748.7669398174608, 2027.4975736727501, 1873.5536206795268, 1879.4455664854947, 1667.793999276637], "(2.0, 1.0)": [1000.8958637691028, 990.9259656259268, 1019.5991578874361, 831.3068947103493, 965.8287083637271, 895.8164779105239, 822.5103453514029, 790.7262134320752, 664.1931802908831], "(1.0, 1.0)": [801.2279139512656, 775.1561230927462, 713.6557911588303, 783.5027038203457, 908.2135730817581, 769.4310849148414, 762.4584626616427, 809.4200347327169, 612.885712908259], "(1.0, 0.0)": [1445.9970080817436, 1315.9286753894114, 1295.2537049911095, 1262.2690057764157, 1419.6371378874385, 1156.791805327932, 1473.254916942466, 1397.1331240400625, 1354.3481244307527], "(0.0, 1.0)": [578.4550207444415, 476.16418320023956, 822.4651704931124, 615.6885425543538, 548.2173728422209, 642.4812899153118, 474.4488144328649, 458.1621310824119, 679.8094008063049], "(0.0, 0.0)": [1149.638375212063, 1067.3266597458507, 961.7580365632068, 994.1885274337809, 1045.2205481083256, 991.771799610302, 1100.9359924018322, 1010.0182767269414, 1131.1578253817124], "(5.0, 0.0)": [4.547499763001458, 0.7777777777777779, 0.3333333333333333, 6.023572351517583, 0.4444444444444444, 0.2222222222222222, 7.937471574755554, 0.3333333333333333, 0.5555555555555556], "(5.0, 1.0)": [0.3333333333333333, 4.018331911342081, 0.2222222222222222, 0.0, 0.2222222222222222, 0.0, 0.4444444444444444, 5.541079688504889, 0.3333333333333333]}, "state_action_visits": {"(3.0, 0.0)": 58914, "(3.0, 1.0)": 31093, "(4.0, 1.0)": 7230, "(4.0, 0.0)": 13637, "(2.0, 0.0)": 45906, "(2.0, 1.0)": 21847, "(1.0, 1.0)": 18977, "(1.0, 0.0)": 33278, "(0.0, 1.0)": 14346, "(0.0, 0.0)": 25827, "(5.0, 0.0)": 68, "(5.0, 1.0)": 35}}, "meta": {"recent_avg_return": -188.79285714319127, "epsilon": 0.4340627666233599, "q_summary": {"(3.0, 0.0)": [8.385983619994558, 8.279933702276923, 8.156854826383924, 8.669674573440954, 7.177024328303885, 8.27312015004856, 8.55597984956474, 8.661144093950078, 8.073358362979215], "(3.0, 1.0)": [6.924668501148316, 10.959660946352923, 10.523578180022307, 10.629269435183726, 7.063913216353947, 10.838339414207912, 10.889488646064777, 10.870394492078054, 11.295304172149685], "(4.0, 1.0)": [29.667424265498717, 16.52869625666709, 30.262594958936063, 30.574771066148813, 28.700261262558204, 29.664835132979135, 26.52598636997136, 30.26747513408276, 28.64604068056839], "(4.0, 0.0)": [24.19205811986574, 16.91437213501143, 24.205355283126465, 25.227731009083364, 24.20933891076713, 24.45916798488424, 23.79988505378581, 25.184617099645013, 24.218104087774307], "(2.0, 0.0)": [5.604739293272994, 5.605362524906546, 5.50187570088911, 5.726431160366458, 5.626458627163844, 5.833018850933401, 5.610116124663456, 4.910717996243225, 5.608130513848115], "(2.0, 1.0)": [-10.888869461987822, 3.4245875010572755, 3.334925322167103, 3.435604629079743, 3.2189670049962267, 3.210630884734302, 3.270627752739186, 3.2645862983228673, 3.289194337203304], "(1.0, 1.0)": [3.1629819721604555, 2.9584711789335643, 3.074856020295505, 3.045432956973575, 5.205448715633821, 3.0582294052243015, 2.9658175371992352, 3.0564963428597025, 3.1128991247342643], "(1.0, 0.0)": [3.6702754524140895, 3.6797468395898933, 3.762657826689635, 3.943330969942822, 4.795859371472544, 3.653721894666835, 3.6662023897085714, 3.706443341095931, 3.691296265838515], "(0.0, 1.0)": [6.664953369903016, 7.150449040105604, 6.798335637878467, 7.33308621531501, 6.784521548063297, 7.229792816724805, -9.107716737966435, 7.01601113531131, 6.930447300418115], "(0.0, 0.0)": [4.202796742242198, 4.386176311413243, 4.156584403670484, 4.260761161776429, 4.4176226580482485, 4.242488959283462, 4.155805169039766, 4.354963395997843, 4.2468939038309355], "(5.0, 0.0)": [57.7117958863827, 4.154743590849025, 47.13519818225291, 57.33445886382684, 3.9616712287755784, 52.99385643685605, 55.32765663299563, 1.217997368044233, 53.08276771365885], "(5.0, 1.0)": [47.20021712943405, 67.40998504165343, 63.10610946692594, 53.638972944321246, 59.88452575112089, 60.08025559958689, 42.68300493557349, 66.58146421247497, 64.05749208519774]}}}