{"timestamp": 1764027169, "iso": "2025-11-24T23:32:49Z", "episode": 13, "games_in_episode": 10, "stats": {"total_messages": 34473, "total_updates": 34349, "total_reward": -142.27499999989715, "action_counts": [3758, 3995, 3897, 3853, 3753, 3644, 3762, 3988, 3823], "state_visits": {"(3.0, 0.0)": 7186, "(3.0, 1.0)": 3765, "(4.0, 1.0)": 736, "(4.0, 0.0)": 1675, "(5.0, 0.0)": 9, "(0.0, 0.0)": 3935, "(2.0, 1.0)": 2225, "(2.0, 0.0)": 6188, "(1.0, 1.0)": 1874, "(1.0, 0.0)": 4748, "(0.0, 1.0)": 2005, "(5.0, 1.0)": 3}, "state_action_prob_sums": {"(3.0, 0.0)": [4996.039955749368, 4300.670400457218, 4345.0093327914565, 3810.691989923411, 4324.480456551986, 3917.1901981102837, 3771.8313194651296, 4182.880550488315, 4289.970152798413], "(3.0, 1.0)": [2063.5117085367747, 2359.610013292124, 2073.7596186174983, 2218.3884629743966, 2155.9897991090365, 2181.302009748059, 2363.3211138103125, 2301.8498714529806, 2206.083412608367], "(4.0, 1.0)": [668.8136463271866, 569.6848868080453, 495.53440857744135, 508.93867213991984, 607.0041854908897, 384.3628567622202, 398.66297098508096, 504.3909967640769, 476.6115191367289], "(4.0, 0.0)": [1355.9065227210388, 958.053274730909, 1057.4483303505617, 1021.0702833513296, 1025.7907099224788, 965.9234923568722, 1213.818876874055, 828.2825148653772, 998.2174495169264], "(2.0, 0.0)": [3369.7699449224815, 3299.7862693290554, 2904.050360488934, 3231.8160439466797, 2853.859257961127, 3249.5958021924735, 3234.648968765076, 3554.776321353489, 3008.6901028895018], "(2.0, 1.0)": [1406.082301660453, 1569.063852193094, 1805.9826701798945, 1671.8774090751488, 1556.4873899238414, 1435.0474630963745, 1453.40190114161, 1385.9597289718718, 1234.3723500751232], "(1.0, 1.0)": [1244.2442535881864, 1244.5651709969673, 1139.7936018538805, 1279.6498068657904, 1566.0812059478906, 1302.273916329018, 1312.8524743668713, 1297.2917691607765, 935.193920328404], "(1.0, 0.0)": [3081.3241822437703, 2466.823831296314, 2464.2527195432376, 2293.695009725859, 2390.90977994621, 2194.1333800840525, 2550.3512764044763, 2314.2543040185697, 2265.88550988105], "(0.0, 1.0)": [946.8097515405844, 919.382560132495, 1074.8626349742092, 1110.9335812857269, 904.5210349638439, 1147.010535176978, 834.3635781916917, 740.5102256022024, 964.328057914774], "(0.0, 0.0)": [2611.619130128047, 1853.4156279248043, 1643.9539277396736, 1796.720707393483, 1781.8140378307326, 1845.7370533911583, 2152.310820712924, 2058.1681136684683, 1938.2444427158814], "(5.0, 0.0)": [21.362007768445025, 1.1111111111111114, 0.7777777777777779, 16.557503345678924, 0.7777777777777779, 0.5555555555555556, 8.270804908088886, 0.4444444444444444, 1.0000000000000002], "(5.0, 1.0)": [0.3333333333333333, 4.8624372346390645, 2.140054682433383, 0.1111111111111111, 0.8734592338956445, 0.0, 0.5555555555555556, 6.385185011801873, 0.9552164344080953], "(-1.0, 0.0)": [1.243766202149524, 0.0, 0.0, 0.0, 0.1111111111111111, 0.0, 0.1111111111111111, 0.0, 0.0]}, "state_action_visits": {"(3.0, 0.0)": 98291, "(3.0, 1.0)": 51479, "(4.0, 1.0)": 11988, "(4.0, 0.0)": 24369, "(2.0, 0.0)": 74301, "(2.0, 1.0)": 35109, "(1.0, 1.0)": 29380, "(1.0, 0.0)": 56690, "(0.0, 1.0)": 22390, "(0.0, 0.0)": 45335, "(5.0, 0.0)": 138, "(5.0, 1.0)": 48, "(-1.0, 0.0)": 4}}, "meta": {"recent_avg_return": -445.5120833334338, "epsilon": 0.3923583618673999, "q_summary": {"(3.0, 0.0)": [7.74768098234714, 8.372524206803527, 7.308011708016128, 7.92394130545226, 7.7536079417966315, 7.805254331722207, 7.796199106450308, 7.897040676410562, 7.775266348206463], "(3.0, 1.0)": [9.620921645376788, 9.915085933104898, 9.85952782011698, 15.83380126850685, 15.909020990390953, 14.036026841709017, 14.663942781376191, 14.845262684770578, 14.960369458931313], "(4.0, 1.0)": [38.58577747643692, 32.433729987063344, 36.4684909834546, 35.65943386525137, 36.187255023725584, 38.12841488573741, 35.60566066907735, 36.49369829705748, 36.05044091426065], "(4.0, 0.0)": [15.786333525342295, 22.298585679758453, 21.516657145970107, 21.95931144204272, 22.869073102077042, 21.34832247879521, 21.11500180641312, 21.15948231461578, 21.087383060844907], "(2.0, 0.0)": [5.838265741870789, 5.5755276429177965, 5.775539455205498, 3.6217982889667804, 5.618038566792773, 5.592218817136832, 5.39857540376946, 5.487181219185234, 5.6476630956706355], "(2.0, 1.0)": [3.818443772839431, 3.979055196700462, 4.79453043410994, 3.9612047615604653, 3.7425622725724077, 4.85801615377015, 3.992390164606611, 3.9269921770654137, 3.7761939720142763], "(1.0, 1.0)": [3.697643977950258, 2.232696957968955, 3.695979793212321, 2.2840987455308825, 3.8479857230163432, 3.8621991524880106, 3.7248505257783338, 3.9824739551877597, 3.724408037135591], "(1.0, 0.0)": [2.9060504657696544, 2.9841386743166427, 2.916796288328191, 2.9834354551405906, 2.9317666695073754, 2.9487466754423246, 2.9778735025344525, 2.941033985122411, 3.3712353264201402], "(0.0, 1.0)": [0.6461687923108104, 0.6690234775688184, 0.6499950142938635, 0.6623497568824414, 0.6645954968164318, 0.6518624555035626, 0.6547013762527656, 0.643619170072032, 0.669724637681913], "(0.0, 0.0)": [2.767047597095244, 2.674001742108489, 2.677109074318838, 2.7537429075932227, 2.7317452932678012, 2.8625789720889934, 2.7964610952573725, 2.8773227104927193, 2.691143410540219], "(5.0, 0.0)": [54.93111063356196, 8.495441058790867, 60.82351638368006, 67.58254911559587, 5.211880341015779, 49.96756604667512, 59.89089207094008, 1.2839192278911584, 54.037623654626245], "(5.0, 1.0)": [47.20021712943405, 34.132871908232765, 60.59436508824891, 53.15059655910449, 62.00235400595822, 60.08025559958689, 51.167869908701256, 55.44191861813286, 33.526826002115754], "(-1.0, 0.0)": [0.0, 0.0, 0.0, 0.0, 0.0, 0.0, 0.0, 0.0, 0.0]}}}