{"timestamp": 1764028794, "iso": "2025-11-24T23:59:54Z", "episode": 18, "games_in_episode": 10, "stats": {"total_messages": 33181, "total_updates": 33056, "total_reward": -208.59999999989105, "action_counts": [3883, 3838, 3519, 3542, 3641, 3542, 3487, 3929, 3800], "state_visits": {"(3.0, 0.0)": 6824, "(3.0, 1.0)": 3952, "(4.0, 1.0)": 1078, "(5.0, 1.0)": 4, "(0.0, 1.0)": 1511, "(2.0, 1.0)": 2551, "(2.0, 0.0)": 5709, "(1.0, 1.0)": 2017, "(1.0, 0.0)": 4293, "(0.0, 0.0)": 3835, "(4.0, 0.0)": 1276, "(5.0, 0.0)": 6}, "state_action_prob_sums": {"(3.0, 0.0)": [6760.43304886475, 6282.27091503079, 6257.553007100436, 5316.688659748804, 5951.638248035657, 6119.776923190261, 5367.215654864288, 6214.522380551003, 6269.175362100156], "(3.0, 1.0)": [3017.111014916101, 3338.912729474139, 3104.4663387541236, 3197.2966100138683, 2953.277514534796, 3007.7789854303696, 3321.645482844327, 3374.319918589796, 3218.5583902532685], "(4.0, 1.0)": [834.463192422458, 681.7779410391971, 632.6904064408168, 655.0446199361651, 897.9458551275613, 641.3219282358496, 630.3494393846748, 773.1410082562561, 791.2584794815713], "(4.0, 0.0)": [1565.355991209908, 1465.3401817897225, 1327.0641217883608, 1329.8104316774286, 1416.3926036269136, 1509.1567298207083, 1561.7146809552887, 1221.694163319238, 1552.595602521514], "(2.0, 0.0)": [4990.212267026729, 4808.469718211491, 4314.0305151417215, 4666.059771725875, 4398.0185200940505, 4881.746094921868, 4549.235755764455, 5242.136341322407, 4218.844131064882], "(2.0, 1.0)": [2191.8603957986934, 2421.3173603409978, 2685.977597449337, 2355.261252352454, 2287.1961546612474, 2129.2686321495316, 2053.949064951564, 1811.2111513827551, 1863.1209895769884], "(1.0, 1.0)": [1815.1144742261517, 1840.3605289125098, 1708.1912509526649, 1863.3595580971541, 2049.2840808595115, 1906.1722399365594, 1773.945892733292, 1895.0621455971407, 1335.7234159185878], "(1.0, 0.0)": [4264.431464405585, 3759.8534980071804, 3504.004158169851, 3461.4431350895366, 3474.681832587255, 3129.1246004586606, 3624.6906028223366, 3625.492076707112, 3309.369273113861], "(0.0, 1.0)": [1453.4724631087631, 1380.2066500229334, 1621.1092229955048, 1545.5514893967365, 1242.5022326196095, 1567.6507308441874, 1387.5039348982853, 1195.3434521281863, 1328.7743332781024], "(0.0, 0.0)": [3506.7289156231295, 2674.9219540383615, 2417.27409007944, 2782.882149394617, 2460.3056035514146, 2594.5575921690724, 2967.987226820511, 3008.559381174085, 2973.9957731741874], "(5.0, 0.0)": [21.473118879556136, 1.1111111111111114, 0.7777777777777779, 25.466052427625762, 0.7777777777777779, 0.6666666666666667, 8.381916019199997, 0.6666666666666667, 1.2222222222222225], "(5.0, 1.0)": [0.3333333333333333, 4.8624372346390645, 2.140054682433383, 0.2222222222222222, 4.1781921002378155, 0.0, 0.6666666666666667, 12.704989427863332, 1.0663275455192065], "(-1.0, 0.0)": [1.243766202149524, 0.0, 0.0, 0.0, 0.1111111111111111, 0.0, 0.1111111111111111, 0.0, 0.0], "(6.0, 0.0)": [0.6717470654909317, 0.0, 0.0, 0.0, 0.0, 0.0, 0.0, 0.0, 0.6717470654909317]}, "state_action_visits": {"(3.0, 0.0)": 133984, "(3.0, 1.0)": 69922, "(4.0, 1.0)": 16111, "(4.0, 0.0)": 31973, "(2.0, 0.0)": 103000, "(2.0, 1.0)": 48501, "(1.0, 1.0)": 39952, "(1.0, 0.0)": 78542, "(0.0, 1.0)": 31172, "(0.0, 0.0)": 61948, "(5.0, 0.0)": 159, "(5.0, 1.0)": 67, "(-1.0, 0.0)": 4, "(6.0, 0.0)": 2}}, "meta": {"recent_avg_return": -428.4011764706781, "epsilon": 0.35466088309032284, "q_summary": {"(3.0, 0.0)": [13.57324090289885, 13.866769760169078, 13.743510068511654, 13.98269435161295, 15.913195384409807, 13.936035562409604, 13.484803473665405, 13.537679232486365, 15.974986067904885], "(3.0, 1.0)": [8.865428329075549, 9.14938879592814, 9.44440427058072, 8.760879984289154, 8.721703655334135, 8.880006543347392, 10.54437265850532, 8.765455589543325, 10.671252874660333], "(4.0, 1.0)": [19.620973412208343, 20.368507970537365, 20.525717473015828, 19.842075461590575, 20.2231773572752, -2.0270225620975033, 20.878825472118884, 20.865000048502026, 20.99990030331672], "(4.0, 0.0)": [18.930271491377916, 20.548438421416776, 20.228548827650712, 19.156674072795695, 19.108860786768293, 20.284922443511327, 18.959529291612277, 19.04941517762647, 17.942654424015515], "(2.0, 0.0)": [14.328562407082622, 14.121198437017974, 13.628644694126036, 14.237040744453733, 8.519027923645424, 14.136194649619897, 8.62373821454828, 13.470836848162794, 14.441202543142929], "(2.0, 1.0)": [10.066268103309387, 10.069018818748699, 8.808583084626779, 10.492358135285055, 10.071384230724234, 10.271642342644542, -7.503608695285369, 9.727977730355013, 10.181518594258343], "(1.0, 1.0)": [3.4669544271785595, 3.466953127665719, 3.3540192570958363, 3.5870482684800153, 3.367448351013521, 3.581501270540719, 3.365549484940673, 3.9498580013307034, 3.5164455561495513], "(1.0, 0.0)": [3.1619764764162674, 2.7792412308386494, 2.747379305970235, 2.7542214619017793, 2.7664413815402744, 2.771835544979203, 2.9586750081779094, 3.161874899167568, 2.750190958161671], "(0.0, 1.0)": [4.116962651055225, 4.437790700868801, 4.277206883424517, 4.239576619008485, 4.385911150457446, 4.190194684336694, 4.437152322073677, 4.106149902138265, 4.108149179666464], "(0.0, 0.0)": [3.0125343821676127, 3.138064787591927, 3.0203032275455586, 3.071359390718463, 3.155888622727301, 3.0893775964041197, 3.2437842341332024, 3.0233365444059848, 3.1140818805361636], "(5.0, 0.0)": [53.981071727294875, 3.385280836302818, 35.424258191840025, 62.27681203875504, 5.86950027853903, 60.67177279388906, 56.136053874689374, 3.677463401675205, 56.49915622039754], "(5.0, 1.0)": [53.942810886498904, 57.25786471895035, 60.36962905016884, 55.662934976993036, 62.44589569555917, 60.08025559958689, 52.5520848992251, 64.2848680827399, 52.897871029245294], "(-1.0, 0.0)": [0.0, 0.0, 0.0, 0.0, 0.0, 0.0, 0.0, 0.0, 0.0], "(6.0, 0.0)": [0.0, 0.0, 0.0, 0.0, 0.0, 0.0, 25.993955586390616, 0.0, 0.0125]}}}