{"timestamp": 1764029782, "iso": "2025-11-25T00:16:22Z", "episode": 21, "games_in_episode": 10, "stats": {"total_messages": 37287, "total_updates": 37165, "total_reward": 29.125000000079112, "action_counts": [4331, 4115, 4145, 4016, 3599, 4193, 3887, 4964, 4037], "state_visits": {"(3.0, 1.0)": 2661, "(3.0, 0.0)": 8630, "(4.0, 0.0)": 2617, "(4.0, 1.0)": 795, "(2.0, 0.0)": 7281, "(2.0, 1.0)": 1499, "(1.0, 0.0)": 5332, "(1.0, 1.0)": 2160, "(0.0, 0.0)": 3179, "(0.0, 1.0)": 3001, "(5.0, 0.0)": 9, "(5.0, 1.0)": 1}, "state_action_prob_sums": {"(3.0, 0.0)": [7955.714226942225, 7764.708767193764, 7354.3210255323675, 6959.1734140535755, 7028.965814007933, 7304.894780609965, 6311.3941551387825, 7694.101437184041, 7704.5779164983005], "(3.0, 1.0)": [3667.6241164490325, 3860.51979537716, 3594.379273329278, 3953.171564391485, 3371.1381926274375, 3347.738674727938, 3847.0614101972683, 3949.9538850834297, 3741.523661865963], "(4.0, 1.0)": [1019.9642887603709, 933.5671415958255, 694.2685112248387, 808.4743683707304, 996.3867649340511, 779.2565561095514, 703.8708942304105, 989.6223289688585, 987.831110256401], "(4.0, 0.0)": [1827.7103666959576, 1810.351555117895, 1547.593539929027, 1566.239186259792, 1563.5044117937855, 2022.321771279176, 1708.6624661000324, 1682.757986368516, 2092.482410671126], "(2.0, 0.0)": [6194.742564005707, 5869.430883664891, 5384.132614624187, 5990.990828081305, 5452.177170893233, 5950.518684123249, 5645.52225810263, 6122.584266203019, 5177.14265713174], "(2.0, 1.0)": [2410.1375227574995, 2852.2465570436134, 3206.660893255869, 2849.4662984971296, 2462.48199235327, 2491.1492542411834, 2365.5654155303037, 2118.191632135647, 2208.1531577129917], "(1.0, 1.0)": [2347.1858309754275, 2119.436350825767, 2143.414651045011, 2078.871667734806, 2518.791296203621, 2335.5452167151893, 2208.516474432813, 2277.782838066792, 1666.9144978466481], "(1.0, 0.0)": [4892.157975547069, 4408.4733247391605, 4585.339507329134, 4020.7748400950277, 4331.233674885383, 3829.4651751646647, 4549.095177799056, 4528.581443764211, 4128.136021572195], "(0.0, 1.0)": [1610.455514913993, 1947.3908587074004, 1844.1949058543237, 1835.2384141792904, 1656.1453011665735, 2147.172514241008, 1904.4089325330172, 1543.0205879523603, 1486.7197584898863], "(0.0, 0.0)": [3899.910442155525, 3354.6073804986045, 2954.375033390203, 3212.9762308242157, 2944.1350431013834, 3151.6611453657474, 3473.835920391017, 4166.12637505854, 3435.4378785451295], "(5.0, 0.0)": [21.473118879556136, 1.2222222222222225, 0.8888888888888891, 36.03474765317033, 0.7777777777777779, 0.6666666666666667, 8.381916019199997, 0.6666666666666667, 1.2222222222222225], "(5.0, 1.0)": [0.3333333333333333, 7.65123343415377, 2.140054682433383, 0.2222222222222222, 4.289303211348926, 0.0, 0.6666666666666667, 12.704989427863332, 1.1774386566303177], "(-1.0, 0.0)": [1.243766202149524, 0.0, 0.0, 0.0, 0.1111111111111111, 0.0, 0.1111111111111111, 0.0, 0.0], "(6.0, 0.0)": [0.6717470654909317, 0.0, 0.0, 0.0, 0.0, 0.0, 0.0, 0.0, 0.6717470654909317]}, "state_action_visits": {"(3.0, 0.0)": 157165, "(3.0, 1.0)": 79595, "(4.0, 1.0)": 18867, "(4.0, 0.0)": 37736, "(2.0, 0.0)": 122464, "(2.0, 1.0)": 54868, "(1.0, 1.0)": 47029, "(1.0, 0.0)": 92892, "(0.0, 1.0)": 37639, "(0.0, 0.0)": 72460, "(5.0, 0.0)": 177, "(5.0, 1.0)": 73, "(-1.0, 0.0)": 4, "(6.0, 0.0)": 2}}, "meta": {"recent_avg_return": -402.3435000000885, "epsilon": 0.3338039858775471, "q_summary": {"(3.0, 0.0)": [8.669722340379849, 9.06978968780043, 8.905147380392679, 9.065984774825703, 8.607401615108483, 8.39077697670481, 9.040137030734357, 6.214906642475139, 8.875906109622443], "(3.0, 1.0)": [14.514732482945934, 15.30566558003919, 19.786566336658275, -0.3951554221728415, 20.245717408799237, 14.821291744874166, 26.075042697387463, 24.984928674677413, 15.012092251001365], "(4.0, 1.0)": [25.445562725159512, 34.71343978524719, 29.535286921095814, 31.148233458994525, 33.152581037166534, 31.96941188147251, 32.00535355233247, 29.00669660024196, 32.63234974932098], "(4.0, 0.0)": [18.11066276254672, 18.120447834341125, 18.120474433359572, 18.262697765892327, 17.75407146175062, 18.882641365244552, 17.77118200152162, 13.632111655937106, 17.753421583371306], "(2.0, 0.0)": [3.489061452564701, 3.589622734377139, 3.7142249625632964, 3.7304788507716555, 3.8257017547066625, 3.7584467054358095, 3.730137103833513, 3.7708040745045404, 3.7839533309361753], "(2.0, 1.0)": [-9.816096117819292, 5.256230839935839, 3.32667880624518, 5.343156502936509, 5.34785927954632, 5.2021170675048385, 5.264793603944279, 5.118369490629659, 5.245842382351144], "(1.0, 1.0)": [6.2020838890130765, 7.028376032170975, 7.151159624975917, 4.4014920295511075, 6.9878033060016005, 7.014104871950442, 7.238506572388262, 7.56639884611333, 7.034104807854609], "(1.0, 0.0)": [5.346782800950564, 4.093963676524146, 4.221396465252956, 4.843340599875237, 3.2943564921334696, 3.309798458532499, 3.2626927916237674, 3.4219332562176734, 5.461980973956918], "(0.0, 1.0)": [1.747908646969349, 1.7357709078017827, 1.6613569718170147, 1.6336164699350153, 1.7187923426868013, 1.7484689930238124, 0.8899112899010188, 1.6396821173394334, 1.6387365005136392], "(0.0, 0.0)": [6.618058045145331, 7.091934252482582, 6.8094335481294355, 6.557700709566108, 6.757760356983983, 6.741088519804119, 6.8162337704578455, 6.677892763129291, 6.545589839806894], "(5.0, 0.0)": [52.57846095624757, 3.6294482162262423, 35.424258191840025, 57.545775856670474, 3.4153257832829516, 54.52774759523433, 56.136053874689374, 2.625940403497284, 55.724679132152005], "(5.0, 1.0)": [53.682715596027435, 75.94477627551774, 60.36962905016884, 55.662934976993036, 62.44589569555917, 60.08025559958689, 56.881280095756885, 63.944270135524505, 52.897871029245294], "(-1.0, 0.0)": [0.0, 0.0, 0.0, 0.0, 0.0, 0.0, 0.0, 0.0, 0.0], "(6.0, 0.0)": [0.0, 0.0, 0.0, 0.0, 0.0, 0.0, 25.993955586390616, 0.0, 0.0125]}}}