{"timestamp": 1764023524, "iso": "2025-11-24T22:32:04Z", "episode": 2, "games_in_episode": 10, "stats": {"total_messages": 36317, "total_updates": 36191, "total_reward": 242.77499999971317, "action_counts": [4134, 3897, 4121, 3895, 3767, 4237, 4049, 4026, 4191], "state_visits": {"(3.0, 0.0)": 8295, "(3.0, 1.0)": 4027, "(4.0, 0.0)": 1858, "(2.0, 0.0)": 6418, "(2.0, 1.0)": 2899, "(1.0, 0.0)": 4291, "(1.0, 1.0)": 2422, "(4.0, 1.0)": 936, "(0.0, 1.0)": 1530, "(0.0, 0.0)": 3495, "(5.0, 1.0)": 9, "(5.0, 0.0)": 11}, "state_action_prob_sums": {"(3.0, 0.0)": [709.7466666666586, 674.1022222222157, 599.6399999999977, 505.60444444443397, 529.6088888888789, 595.6577777777723, 601.4977777777685, 614.1777777777747, 654.7199999999985], "(3.0, 1.0)": [251.87555555555514, 264.18222222222164, 383.5733333333313, 297.7688888888871, 272.37333333333305, 444.9244444444429, 317.44888888888715, 340.44444444444224, 368.9555555555544], "(4.0, 1.0)": [95.13777777777824, 62.52888888888927, 106.91555555555611, 92.56000000000049, 56.10222222222244, 48.69333333333347, 65.22666666666687, 64.93333333333374, 64.96000000000029], "(4.0, 0.0)": [185.35999999999999, 200.324444444444, 150.28000000000046, 155.7955555555559, 149.31111111111173, 162.3911111111114, 167.83111111111134, 104.29777777777842, 76.24444444444498], "(2.0, 0.0)": [539.7333333333305, 492.44888888888215, 454.6533333333295, 495.51555555555296, 439.65333333332774, 508.23111111110853, 432.2577777777731, 389.3422222222207, 488.46666666666465], "(2.0, 1.0)": [212.39999999999978, 187.87111111111142, 260.0311111111094, 214.43111111111097, 289.63999999999857, 230.78666666666604, 209.64888888888868, 211.40888888888858, 221.40888888888853], "(1.0, 1.0)": [189.11555555555546, 200.29777777777772, 233.95999999999913, 293.22222222222103, 234.86666666666585, 161.2177777777781, 132.27555555555645, 160.04444444444476, 178.30222222222244], "(1.0, 0.0)": [374.14222222222156, 332.2355555555548, 261.8666666666661, 262.71999999999895, 359.66666666666254, 226.26222222222216, 335.63555555555587, 312.08444444444365, 249.164444444444], "(0.0, 1.0)": [181.7022222222221, 141.34666666666723, 126.20000000000073, 136.88888888888954, 84.35555555555612, 108.02666666666727, 73.56000000000041, 80.94222222222271, 134.70222222222293], "(0.0, 0.0)": [199.70222222222236, 173.29333333333366, 258.2888888888875, 216.2311111111107, 201.84, 180.30222222222255, 220.79111111111067, 239.257777777777, 295.32444444444394], "(5.0, 0.0)": [3.711111111111111, 0.3333333333333333, 0.0, 0.0, 0.0, 0.2222222222222222, 0.1111111111111111, 0.0, 0.2222222222222222], "(5.0, 1.0)": [0.1111111111111111, 0.0, 0.1111111111111111, 0.0, 0.2222222222222222, 0.0, 0.2222222222222222, 1.6933333333333334, 0.3333333333333333]}, "state_action_visits": {"(3.0, 0.0)": 16200, "(3.0, 1.0)": 8748, "(4.0, 1.0)": 1956, "(4.0, 0.0)": 3959, "(2.0, 0.0)": 12488, "(2.0, 1.0)": 6032, "(1.0, 1.0)": 5261, "(1.0, 0.0)": 8022, "(0.0, 1.0)": 3146, "(0.0, 0.0)": 5820, "(5.0, 0.0)": 17, "(5.0, 1.0)": 12}}, "meta": {"recent_avg_return": 163.499999999946, "epsilon": 0.49, "q_summary": {"(3.0, 0.0)": [15.236067431886214, 15.193591815002701, 11.289489267399352, 16.17530952880404, 15.834095441175144, 11.88079153050751, 15.04670185179042, 16.172185132726327, 15.541937982122917], "(3.0, 1.0)": [15.674516846718529, 14.610584212030028, 15.45917629719058, 15.232116229248764, 14.44691377039149, 15.060530325151817, 14.718687426711472, -5.242159223824128, 15.026113126575433], "(4.0, 1.0)": [26.124433047464265, 27.272324585428144, 25.17311866187596, 25.17037767283189, 25.20542500693292, 25.376962628515855, 0.1941192734893562, 25.42370313923937, 25.237383065482945], "(4.0, 0.0)": [25.312895737245725, 22.132169680843425, 24.30190913847546, 24.389917776351666, 24.277724737581842, 22.131829181116053, 24.27201898673281, 24.478793824134186, 21.57766549674693], "(2.0, 0.0)": [6.286798297289827, 6.311349496376418, 6.327101777618893, 6.705568945422769, 6.07774373054163, 6.296183886406396, 6.279302451103009, 6.403310787914718, 6.563511135284568], "(2.0, 1.0)": [20.3091297674192, 8.565223029483846, 13.25746755109791, 13.461114590459525, 13.461821496301134, 13.010273927497865, -6.119616638422293, 12.781328808956609, 11.380519010450179], "(1.0, 1.0)": [5.456373820462273, 5.351867009400374, 5.456691250846431, 5.993064283836026, 5.372882912457155, 5.424806898845825, 5.670586953504898, 5.457937721011435, 5.498015249759273], "(1.0, 0.0)": [5.366821802992744, 5.065339390908019, 5.228795063842171, 5.0546864393029844, 4.9968398643338165, 4.830247260451166, 4.98012637475056, 5.161857108705867, 4.9143435615911155], "(0.0, 1.0)": [5.610802335979853, 5.66170140858047, 6.056434247752442, 5.599144446157682, 5.8385299818326, 5.617647107143818, 5.716707486005092, 5.6545765333080045, 5.681015054262923], "(0.0, 0.0)": [3.325462361802365, 3.1172874956605257, 3.1170284997559623, 3.109325124109119, 3.110654659490061, 3.0675844228874727, 3.175214554642382, 3.116058983772607, 3.3523317590333], "(5.0, 0.0)": [49.37287789974995, 0.0, 44.52721269704986, 28.945754898933817, 0.0, 18.799459578831627, 49.8906327071031, 3.1918318232443803, 0.0], "(5.0, 1.0)": [42.10472785234936, 0.0, 44.75077642654823, 0.0, 32.10387230659952, 60.08025559958689, 0.0, 80.17538022179599, 67.12616463982235]}}}