{"timestamp": 1764027834, "iso": "2025-11-24T23:43:54Z", "episode": 15, "games_in_episode": 10, "stats": {"total_messages": 34466, "total_updates": 34343, "total_reward": -276.4249999999211, "action_counts": [3731, 3946, 3819, 3765, 3560, 4029, 4157, 3628, 3831], "state_visits": {"(3.0, 0.0)": 7626, "(3.0, 1.0)": 3437, "(4.0, 1.0)": 583, "(4.0, 0.0)": 2266, "(2.0, 0.0)": 6196, "(2.0, 1.0)": 2426, "(1.0, 0.0)": 4315, "(1.0, 1.0)": 2300, "(0.0, 0.0)": 3344, "(0.0, 1.0)": 1842, "(5.0, 0.0)": 4, "(5.0, 1.0)": 4}, "state_action_prob_sums": {"(3.0, 0.0)": [5689.197995849779, 4940.607810083586, 5066.0527971510555, 4452.311837955497, 5083.648248834992, 5078.1409596301355, 4477.611841345233, 4824.94993968143, 4983.116862414187], "(3.0, 1.0)": [2337.320736141278, 2765.546833759139, 2535.383104842537, 2495.509540789082, 2438.505852445513, 2556.1268628765447, 2674.362998630178, 2812.7862106400985, 2636.904520283183], "(4.0, 1.0)": [694.344628002734, 627.6373042131436, 528.4100005953674, 525.485358632756, 705.1775276401933, 505.7262356397203, 534.130210551631, 548.1019956074857, 594.2643942063186], "(4.0, 0.0)": [1426.8509673201688, 1170.9880212417268, 1211.6965315006507, 1208.495331309743, 1178.3549744234983, 1235.5037697009714, 1355.8517450320408, 966.0682122829547, 1254.294810587667], "(2.0, 0.0)": [3999.251940811515, 3899.2521188408646, 3498.0095213812447, 3840.1632911306874, 3376.028427471181, 3969.2480768223204, 3683.198799962512, 4316.86425173323, 3441.251920033661], "(2.0, 1.0)": [1690.8347972393015, 1891.8696159331766, 2116.7146719412485, 1877.1777413350787, 1873.914484946004, 1793.8326795434284, 1709.9447489853105, 1557.1512107772364, 1442.3998541387857], "(1.0, 1.0)": [1558.6507209493163, 1547.9324163441875, 1289.2438122326544, 1442.7959532865775, 1789.6066499656333, 1528.816750726487, 1540.9374336053877, 1570.9801611292962, 1102.0034961345546], "(1.0, 0.0)": [3473.478596359462, 2956.260424569617, 2796.532424451531, 2714.100982360875, 2759.375628839281, 2502.3243271340293, 3039.3910347207056, 2865.5767631109984, 2601.3063711352493], "(0.0, 1.0)": [1178.0956498781677, 1091.0141120496194, 1328.3759860941555, 1383.623351100276, 1098.1041480586223, 1260.8085128114337, 1005.5453481531403, 940.7986253909788, 1172.7696669179327], "(0.0, 0.0)": [2890.9799409419566, 2123.4724817318156, 1914.9839201176642, 2212.2086556077807, 2011.3956661283887, 2005.44798562216, 2491.8975460365523, 2336.3603716426796, 2351.288601947834], "(5.0, 0.0)": [21.362007768445025, 1.1111111111111114, 0.7777777777777779, 17.887599397701237, 0.7777777777777779, 0.6666666666666667, 8.270804908088886, 0.4444444444444444, 1.1111111111111114], "(5.0, 1.0)": [0.3333333333333333, 4.8624372346390645, 2.140054682433383, 0.1111111111111111, 4.1781921002378155, 0.0, 0.5555555555555556, 7.715281063824182, 0.9552164344080953], "(-1.0, 0.0)": [1.243766202149524, 0.0, 0.0, 0.0, 0.1111111111111111, 0.0, 0.1111111111111111, 0.0, 0.0]}, "state_action_visits": {"(3.0, 0.0)": 112973, "(3.0, 1.0)": 58831, "(4.0, 1.0)": 13413, "(4.0, 0.0)": 27863, "(2.0, 0.0)": 85878, "(2.0, 1.0)": 40390, "(1.0, 1.0)": 33915, "(1.0, 0.0)": 64986, "(0.0, 1.0)": 26386, "(0.0, 0.0)": 51271, "(5.0, 0.0)": 142, "(5.0, 1.0)": 55, "(-1.0, 0.0)": 4}}, "meta": {"recent_avg_return": -435.3907142858216, "epsilon": 0.37682097073745086, "q_summary": {"(3.0, 0.0)": [12.756102430085388, 11.88974422426892, 9.106848907231608, 11.787666831706876, 11.831203135860711, 12.118848214845027, 9.12943323467751, 12.1835402274497, 9.106856181168386], "(3.0, 1.0)": [24.845414519980494, 0.013319059737916916, 24.90801198874407, 25.285720626362995, 25.094491982308107, 27.04673950532886, 25.008803927353824, 25.099029337794313, 25.296867706708937], "(4.0, 1.0)": [42.284404270295425, 8.652081574034511, 41.946948285131825, 42.279152606978286, 34.351177986962654, 42.265328692329405, 43.69322124274514, 42.323660706215634, 45.9284249482112], "(4.0, 0.0)": [18.538685563836886, 18.541589017548823, 18.849384622431522, 17.554426451584014, 17.55490370808649, 18.766573520026167, 18.591181073252784, 17.74504234731921, 20.123284356251215], "(2.0, 0.0)": [5.754272181190147, 5.27948892876829, 5.352998002831797, 5.279437468453887, 5.374025861983711, 5.339744334565914, 5.4066868019790775, 5.332184337914377, 5.572042126987744], "(2.0, 1.0)": [5.076307916828776, 4.839577427165436, 4.827358402832672, 4.434380093753456, 5.183046318550337, 4.9646079958205585, 4.894220818326873, 4.9384027350333035, 4.9874630187541715], "(1.0, 1.0)": [3.9937586258105524, 4.078476958158772, 4.2322061251976875, 5.3163407784429, 4.068891778769702, -10.453057053911524, 4.0787255312782165, 4.076281054329815, 4.070859891999186], "(1.0, 0.0)": [3.474045383538755, 4.4693097820905745, 4.470936080859906, 4.409580408647866, 4.420250975438982, 3.477043563696684, 4.50174370002772, 4.442556129301915, 4.76583694467279], "(0.0, 1.0)": [4.729885359882715, 5.081268503665329, 4.611365637824526, 4.710099610931696, 4.705938735816634, 4.941232248429581, 4.374146741171889, 4.700119780620424, 4.799570963123986], "(0.0, 0.0)": [3.1404471097091147, 2.674540720853175, 2.6944312203114795, 2.625041722408773, 2.7423285783275655, 2.6489686068831446, 2.600202129452335, 2.7725420116590733, 2.62723589873987], "(5.0, 0.0)": [54.67498148678965, 7.837881777121271, 60.82351638368006, 67.58254911559587, 6.034268593640412, 49.96756604667512, 59.89089207094008, 4.688837256409274, 54.037623654626245], "(5.0, 1.0)": [50.68321438891017, 34.132871908232765, 60.59436508824891, 59.29922730574741, 62.44589569555917, 60.08025559958689, 50.855553528582405, 65.51056199725596, 45.501025021015096], "(-1.0, 0.0)": [0.0, 0.0, 0.0, 0.0, 0.0, 0.0, 0.0, 0.0, 0.0]}}}