{"timestamp": 1764024494, "iso": "2025-11-24T22:48:14Z", "episode": 5, "games_in_episode": 10, "stats": {"total_messages": 30440, "total_updates": 30318, "total_reward": -790.0500000005187, "action_counts": [3351, 3226, 3425, 3298, 3250, 3527, 3512, 3347, 3504], "state_visits": {"(3.0, 0.0)": 6506, "(3.0, 1.0)": 3980, "(4.0, 0.0)": 1899, "(5.0, 0.0)": 4, "(0.0, 0.0)": 2488, "(2.0, 1.0)": 2695, "(2.0, 0.0)": 4967, "(1.0, 0.0)": 3207, "(1.0, 1.0)": 2312, "(0.0, 1.0)": 1859, "(4.0, 1.0)": 397, "(5.0, 1.0)": 4}, "state_action_prob_sums": {"(3.0, 0.0)": [1432.827957191047, 1390.4042513066156, 1419.0136935821786, 1373.1341962666206, 1419.9515293866089, 1506.8868811377117, 1444.9194576355, 1393.3982011732853, 1465.3143679999478], "(3.0, 1.0)": [721.4574136888726, 781.1847180088772, 887.5746895644288, 755.4906007466504, 749.3182362310974, 870.5445301333174, 806.8930266310956, 829.4557113599836, 863.3862973866507], "(4.0, 1.0)": [186.84494471111284, 147.91763534222346, 180.41698019555614, 165.15255943111205, 125.96873742222293, 105.66689521777845, 123.0286539377783, 151.5165641244453, 152.35477546666743], "(4.0, 0.0)": [369.55140615110906, 395.5617289244392, 376.1779367822208, 353.4157265066639, 371.0735184355526, 357.537076053331, 409.97877048888694, 310.5509439288883, 316.57739064888955], "(2.0, 0.0)": [1209.8087480888667, 1174.4550460444163, 1086.7362119821976, 1112.544231751088, 1112.4591362844185, 1403.2522978843988, 1156.312637866642, 1008.4615264710875, 1101.8333419377561], "(2.0, 1.0)": [566.5293367466586, 582.9686914844375, 536.5706729955456, 536.71991345777, 582.4218475377672, 510.9293724444372, 433.1008667022165, 514.7913501155451, 439.2045364622147], "(1.0, 1.0)": [492.96141333332673, 517.2719944533292, 379.24553194665833, 472.2513180444354, 572.2354530844372, 454.0468638577727, 444.73044636444126, 399.24466567110716, 377.8996681955515], "(1.0, 0.0)": [920.5754955377636, 874.9991810844277, 734.0001954133171, 745.1903751110966, 896.2669996799822, 690.4664364088757, 784.7795912533187, 822.332256497764, 702.7544863999846], "(0.0, 1.0)": [350.37445923555316, 301.57281052444296, 394.010909084443, 342.59100302222066, 251.35224469333556, 355.6858286222212, 222.152753991112, 259.28316664889013, 328.952801919999], "(0.0, 0.0)": [623.5630289066564, 529.677225884437, 701.4949781333204, 610.5309958399905, 573.8246321066572, 610.4989373155473, 671.2899821510999, 668.7951455999876, 761.7652593777656], "(5.0, 0.0)": [3.711111111111111, 0.4444444444444444, 0.3333333333333333, 2.754140444444445, 0.4444444444444444, 0.2222222222222222, 7.116991928888888, 0.1111111111111111, 0.3333333333333333], "(5.0, 1.0)": [0.2222222222222222, 0.2222222222222222, 0.1111111111111111, 0.0, 0.2222222222222222, 0.0, 0.2222222222222222, 4.823676302222223, 0.3333333333333333]}, "state_action_visits": {"(3.0, 0.0)": 36790, "(3.0, 1.0)": 20660, "(4.0, 1.0)": 3872, "(4.0, 0.0)": 9225, "(2.0, 0.0)": 29532, "(2.0, 1.0)": 13441, "(1.0, 1.0)": 11698, "(1.0, 0.0)": 20524, "(0.0, 1.0)": 7943, "(0.0, 0.0)": 16325, "(5.0, 0.0)": 48, "(5.0, 1.0)": 22}}, "meta": {"recent_avg_return": 123.61874999970496, "epsilon": 0.46118407999999994, "q_summary": {"(3.0, 0.0)": [12.25448329185573, 12.035274092141773, 11.8783633075655, 11.837860172053528, 11.965737169613465, 12.645477841962855, 11.710467949209288, 11.699874284752788, 8.235158153830664], "(3.0, 1.0)": [10.965424369364884, 11.27357608823101, 10.999493192648437, 11.463529064792686, 11.435600242971228, 11.156623255389405, 11.012491364173272, 10.984928086649447, 8.417551267880457], "(4.0, 1.0)": [49.05183395811896, 47.89998082660975, 44.56530713213429, 50.66516232771623, 50.27370947489088, 55.594061081532146, 34.96446007232292, 50.27952601325882, 28.105603222438543], "(4.0, 0.0)": [28.828868689896336, 24.41485052004321, 24.047454580101174, 30.492571640497033, 27.400337744281167, 26.686581187856817, 18.385322076651867, 29.053636714874784, 23.70375088904542], "(2.0, 0.0)": [4.715327206015667, 4.726731826481111, 4.856789075900786, 4.696262425432028, 6.761421664386873, 4.744383128871162, 4.822984715928291, 4.99065525183898, 5.02258214466014], "(2.0, 1.0)": [5.87166053813519, 6.442272420824196, 3.291582104922491, -9.817882395883665, 5.6202034473413836, 4.703800524399993, 5.790930210469552, 4.638636263231115, 5.511072630023504], "(1.0, 1.0)": [-8.384108532021354, 8.29682242674918, 8.678099756490273, 8.100914932144502, 7.66009326904037, 8.048903900341024, 8.082937125084388, 8.014219756606131, 8.699658008896552], "(1.0, 0.0)": [8.575579727514308, 7.94104571218836, 8.50905356695958, 8.4088332517061, 8.322549180660848, 7.9397052392639775, 8.335035757754854, 7.914631800570615, 8.547811114578474], "(0.0, 1.0)": [3.1351061889377476, 3.007388418363247, 3.0173383079870675, 3.013501139946235, 3.0081614313433365, 3.2425660649116033, 3.0090565546426706, 3.0125848277855143, 3.008162606111279], "(0.0, 0.0)": [6.735017012554513, 7.25395941291041, 6.86123198052236, 7.090122484631225, 7.127717368572084, 6.857177226024223, 6.738662417296197, 6.902560320479962, 6.846421909927592], "(5.0, 0.0)": [49.37287789974995, 0.0, 47.13519818225291, 57.666971442880424, 0.5995580692191802, 53.25403518828931, 58.245718014272924, 1.8855324302168819, 54.67661561713424], "(5.0, 1.0)": [47.20021712943405, 68.72352135689809, 44.75077642654823, 53.638972944321246, 54.29315834782409, 60.08025559958689, 26.265259506983497, 71.52710233878487, 66.47804939575222]}}}