{"timestamp": 1764019664, "iso": "2025-11-24T21:27:44Z", "episode": 118, "games_in_episode": 1, "stats": {"total_messages": 3186, "total_updates": 3174, "total_reward": -25.64999999999994, "action_counts": [779, 141, 371, 531, 130, 67, 367, 307, 493], "state_visits": {"(3.0, 0.0, 0.0)": 704, "(3.0, 1.0, 0.0)": 105, "(4.0, 1.0, 0.0)": 147, "(4.0, 0.0, 0.0)": 253, "(5.0, 0.0, 0.0)": 1, "(5.0, 1.0, 0.0)": 4, "(6.0, 0.0, 0.0)": 3, "(1.0, 0.0, 1.0)": 498, "(0.0, 0.0, 1.0)": 599, "(0.0, 1.0, 1.0)": 116, "(2.0, 0.0, 0.0)": 606, "(1.0, 1.0, 1.0)": 138}, "state_action_prob_sums": {"(3.0, 1.0, 0.0)": [3016.9119536640715, 2785.6339742158866, 3203.251769034307, 2847.0907748682193, 3241.7280800636668, 3603.564365136973, 3475.0811953851317, 2976.2197307101674, 3321.773823049969], "(3.0, 0.0, 0.0)": [6703.692250515175, 5918.404207565307, 6243.920164628724, 6783.9815398931505, 8208.267203394074, 6299.386790680898, 6313.795994865542, 7497.454632902305, 7628.140194238793], "(4.0, 1.0, 0.0)": [894.798901247981, 1205.5530115712575, 994.3069663646627, 635.2567617121607, 781.8083001849886, 553.6762528858037, 559.263824791895, 836.4012459093701, 753.1424019671729], "(2.0, 1.0, 0.0)": [2598.32198507343, 2724.417874332297, 2497.873987761983, 2711.367644254186, 2404.3370625095026, 2473.175541067008, 2239.580751048484, 2517.944910106178, 2592.738679533901], "(2.0, 0.0, 0.0)": [5135.770640337385, 7119.597946337507, 6157.282865701161, 4079.0185933270495, 6017.328630051154, 4911.402530560963, 5314.853390080915, 5704.913216905466, 4794.817678607634], "(1.0, 1.0, 1.0)": [2700.126347557034, 1956.7877548627082, 2154.302451024172, 1943.6034648757875, 2139.075849940748, 1996.7155354488375, 1910.0432274605687, 2388.9118110024197, 1809.7556483428882], "(1.0, 0.0, 1.0)": [5065.0111993246055, 3608.5029210090233, 4749.257987004159, 3764.2818711797913, 3790.601886906283, 2841.884077431197, 4060.4593707400704, 4362.296475575333, 4147.78801395663], "(0.0, 1.0, 1.0)": [1229.3377318136895, 1471.5064391742226, 1350.551418153842, 1184.9292601182653, 2140.1228223802627, 1827.1051498367094, 1373.7235305790032, 2051.316760756388, 1750.7937696636272], "(4.0, 0.0, 0.0)": [2232.2656218719544, 1376.1376112721102, 1913.975406385773, 2003.7281606340478, 1451.464467071449, 1675.1781498282755, 1714.6600186451283, 1771.6280626881764, 1931.7521289117747], "(0.0, 0.0, 1.0)": [3157.4939247531443, 3787.3245422703335, 2930.7443570250734, 2993.9563506195786, 2629.191141981972, 3845.837115631199, 3300.618532310382, 2593.4078775835087, 3426.72661877448], "(5.0, 1.0, 0.0)": [2.0408909150288927, 15.279044534172334, 1.0389730784348816, 5.154289913748126, 0.0, 0.0, 0.1111111111111111, 16.84790461669133, 0.2222222222222222], "(5.0, 0.0, 0.0)": [16.859710518334516, 0.3333333333333333, 0.3333333333333333, 54.26143206753853, 0.4444444444444444, 8.78679511145222, 9.380955169672015, 0.3333333333333333, 2.1531529704471284], "(6.0, 1.0, 0.0)": [0.9373751319155789, 0.0, 0.0, 0.0, 0.0, 2.8121253957467367, 0.1111111111111111, 0.0, 0.9373751319155789], "(6.0, 0.0, 0.0)": [0.9581911388367294, 0.0, 1.9163822776734587, 0.0, 0.0, 0.0, 0.0, 0.0, 0.0]}, "state_action_visits": {"(3.0, 1.0, 0.0)": 40832, "(3.0, 0.0, 0.0)": 86893, "(4.0, 1.0, 0.0)": 10273, "(2.0, 1.0, 0.0)": 32734, "(2.0, 0.0, 0.0)": 68784, "(1.0, 1.0, 1.0)": 27252, "(1.0, 0.0, 1.0)": 50627, "(0.0, 1.0, 1.0)": 20760, "(4.0, 0.0, 0.0)": 22825, "(0.0, 0.0, 1.0)": 39458, "(5.0, 1.0, 0.0)": 54, "(5.0, 0.0, 0.0)": 135, "(6.0, 1.0, 0.0)": 6, "(6.0, 0.0, 0.0)": 3}}, "meta": {"recent_avg_return": -202.92849999999652, "epsilon": 0.047034968808679536, "q_summary": {"(3.0, 1.0, 0.0)": [67.34679507476184, 65.9656776900477, 71.62568293792603, 67.41338333727705, 48.82523995636319, 71.62529534668037, 66.73711755839778, -21.001086374273342, 65.92062830289204], "(3.0, 0.0, 0.0)": [41.86972398836719, 41.841595760336766, 40.38306298737678, 44.61042227074689, 45.39205014892592, 45.41182850955885, 40.39092951359824, 41.854677275812364, 41.803918425353054], "(4.0, 1.0, 0.0)": [91.0310923757659, 95.88526611706766, 103.83715074750943, 94.42415832937155, 77.60776609731845, 77.45883486412166, 78.83116834993612, 79.13592910029814, 77.74136638491305], "(2.0, 1.0, 0.0)": [45.554156966906355, -25.864204087063605, 40.73463312003706, 45.54978274978985, 39.52975248830572, 45.55416952879838, 45.55418184248113, 47.00260123291226, 49.488212585724845], "(2.0, 0.0, 0.0)": [37.480452615195006, 38.081780393888806, 37.48045261520382, 40.72124524208493, 37.49550172502434, 39.884852213199196, 37.48858183089506, 39.8614847050193, 38.08178095383182], "(1.0, 1.0, 1.0)": [37.30251671212208, 39.89385653417885, 40.51903990448052, 37.257147264939206, 17.408655889306395, 37.31460119380772, 47.37721698288641, 37.30251671212202, 37.937725331699966], "(1.0, 0.0, 1.0)": [34.594196318607835, 35.315085967666526, 37.57521337811494, 34.819554848081054, 35.31508638126943, 34.69768431411493, 30.681281266921076, 34.594196307865744, 35.31608693117613], "(0.0, 1.0, 1.0)": [50.7354661360322, 44.78493656318496, 46.954910771420565, 46.953743675829784, 47.1884946232856, 50.73401270384884, -25.80466948440612, 44.78216460108836, 44.78209682547499], "(4.0, 0.0, 0.0)": [52.22386993255169, 53.40247260904961, 56.49655308075889, 52.508899833483, 52.002693439833976, 53.40240216654574, 45.81345586927408, 49.94430401395577, 53.47453518579376], "(0.0, 0.0, 1.0)": [33.03850028715244, 29.5836806551545, 30.420420264180244, 38.933325554472816, 30.10118707169287, 42.300703331544035, 30.420420264180244, 29.096880470659535, 29.231737867888327], "(5.0, 1.0, 0.0)": [59.147611767776205, 88.46692954562315, 120.94898702174596, 64.63510910413757, 84.83085865282253, 76.61551214198165, 57.21998093615388, 131.81473302178267, 25.47563929505108], "(5.0, 0.0, 0.0)": [66.44948493914265, 15.485290884622612, 22.63229888017286, 66.13903971864616, 14.568535290412573, 68.990053898417, 63.058427221650504, 10.49729469833094, 65.81052438954617], "(6.0, 1.0, 0.0)": [0.0, 0.0, 0.0, 0.0, 62.27312885909423, 0.07320435862500002, 0.0, 0.0, 0.045301875000000005], "(6.0, 0.0, 0.0)": [0.0, 0.0, 0.036375000000000005, 0.0, 31.716036898225518, 0.0, 0.0, 0.0, 0.0]}}}