{"timestamp": 1764019739, "iso": "2025-11-24T21:28:59Z", "episode": 120, "games_in_episode": 1, "stats": {"total_messages": 4546, "total_updates": 4532, "total_reward": 17.30000000000872, "action_counts": [541, 604, 719, 618, 445, 419, 175, 602, 423], "state_visits": {"(3.0, 0.0, 0.0)": 784, "(3.0, 1.0, 0.0)": 361, "(4.0, 0.0, 0.0)": 81, "(4.0, 1.0, 0.0)": 178, "(5.0, 1.0, 0.0)": 2, "(1.0, 1.0, 1.0)": 183, "(5.0, 0.0, 0.0)": 2, "(0.0, 0.0, 1.0)": 687, "(2.0, 1.0, 0.0)": 168, "(0.0, 1.0, 1.0)": 181, "(2.0, 0.0, 0.0)": 978, "(1.0, 0.0, 1.0)": 927}, "state_action_prob_sums": {"(3.0, 1.0, 0.0)": [3104.862397897396, 2985.5561004008537, 3310.3265518741878, 3051.869831248552, 3241.839191174778, 3713.4768961484633, 3541.809635748842, 2976.9975084879466, 3441.989668159221], "(3.0, 0.0, 0.0)": [6880.206875748545, 6018.850687786164, 6336.727204468241, 6873.173873236971, 8413.501841981148, 6583.299848918659, 6326.829558427702, 7744.7347241901925, 7717.739277157832], "(4.0, 1.0, 0.0)": [907.4991314768071, 1205.7752337934796, 1061.891517470093, 674.6104792714499, 785.7587983750548, 553.8984751080259, 584.7753963606582, 870.9557296199655, 786.7370389080295], "(2.0, 1.0, 0.0)": [2600.3527897240187, 2724.6400965545195, 2498.0962099842054, 2741.4562274494215, 2404.5592847317253, 2543.355466369049, 2371.233146615918, 2518.167132328401, 2682.1504421497225], "(2.0, 0.0, 0.0)": [5237.443440048845, 7164.417564412158, 6370.059279406524, 4457.620690074578, 6137.969587305738, 5056.086365918708, 5365.764602653654, 5909.877620092486, 4795.262123052079], "(1.0, 1.0, 1.0)": [2783.96634985764, 1993.3730432238922, 2173.6104975300586, 1943.9367982091208, 2150.0786088523196, 2000.7771447500147, 2117.5338361459803, 2389.1340332246423, 1812.6351886521045], "(1.0, 0.0, 1.0)": [5241.814087938975, 3779.062465919452, 5007.965614759764, 3768.8957582218113, 3961.0486817982433, 2882.8298913723934, 4061.2371485178496, 4486.113431056932, 4250.9336044020865], "(0.0, 1.0, 1.0)": [1493.0718826375398, 1558.2259817840443, 1350.662529264953, 1185.2625934515986, 2140.3450446024854, 1827.5495942811538, 1373.7235305790032, 2133.9746940650325, 1751.1271029969605], "(4.0, 0.0, 0.0)": [2232.3767329830657, 1473.0075647309554, 1974.5429332778867, 2003.7281606340478, 1520.6460312808479, 1675.1781498282755, 1714.6600186451283, 1771.7391737992875, 1936.032682620459], "(0.0, 0.0, 1.0)": [3166.45850393102, 3948.507841705597, 2970.205088427081, 3117.0389593683626, 2643.6917601023792, 3987.8029933297234, 3300.729643421493, 2635.863357674237, 3595.7642057301846], "(5.0, 1.0, 0.0)": [2.0408909150288927, 15.279044534172334, 1.0389730784348816, 5.154289913748126, 0.0, 0.0, 0.1111111111111111, 18.767598156168923, 0.2222222222222222], "(5.0, 0.0, 0.0)": [16.859710518334516, 0.3333333333333333, 0.3333333333333333, 54.26143206753853, 0.4444444444444444, 10.706488650929808, 9.380955169672015, 0.3333333333333333, 2.1531529704471284], "(6.0, 1.0, 0.0)": [0.9373751319155789, 0.0, 0.0, 0.0, 0.0, 2.8121253957467367, 0.1111111111111111, 0.0, 0.9373751319155789], "(6.0, 0.0, 0.0)": [0.9581911388367294, 0.0, 1.9163822776734587, 0.0, 0.0, 0.0, 0.0, 0.0, 0.0]}, "state_action_visits": {"(3.0, 1.0, 0.0)": 41802, "(3.0, 0.0, 0.0)": 88298, "(4.0, 1.0, 0.0)": 10514, "(2.0, 1.0, 0.0)": 33087, "(2.0, 0.0, 0.0)": 70154, "(1.0, 1.0, 1.0)": 27650, "(1.0, 0.0, 1.0)": 51766, "(0.0, 1.0, 1.0)": 21228, "(4.0, 0.0, 0.0)": 23073, "(0.0, 0.0, 1.0)": 40212, "(5.0, 1.0, 0.0)": 56, "(5.0, 0.0, 0.0)": 137, "(6.0, 1.0, 0.0)": 6, "(6.0, 0.0, 0.0)": 3}}, "meta": {"recent_avg_return": -205.12899999999652, "epsilon": 0.04517238404385583, "q_summary": {"(3.0, 1.0, 0.0)": [62.31120275218709, 62.39432957127929, 67.70239428664246, 62.45340620459473, 62.246974404611336, 62.311202743711064, 62.31138988765727, -21.90344931407219, 62.26922081401689], "(3.0, 0.0, 0.0)": [32.84014243185946, 35.656575315789986, 33.0058252481457, 35.65662759998312, 32.83185880609445, 32.358914141780375, 32.8401316055975, 32.358914141780375, 32.36167540191729], "(4.0, 1.0, 0.0)": [92.14369201513189, 86.61788837490718, 89.41394939375512, 92.07896180805585, 71.05066039006863, 84.79254630807227, 92.1097441734339, 84.79819156674876, 86.61915174629478], "(2.0, 1.0, 0.0)": [45.621107600287836, 45.619620625326476, 45.33905362663974, -26.076471372275485, 45.74717257868311, 49.558820118467196, 45.62500628307332, 45.54144208688265, 45.619114747466774], "(2.0, 0.0, 0.0)": [29.536849639804437, 27.184985388991162, 28.628828925318665, 26.056048834031778, 30.226608948839424, 27.199260111114278, 25.608828966894624, 27.198798892200998, 29.23558859933299], "(1.0, 1.0, 1.0)": [41.014368505963446, 39.39957370181424, 37.19478199431362, 37.15729531710402, 37.200349436470944, 36.45169776527501, 36.4101332372423, 36.41013914389101, 36.42988075113529], "(1.0, 0.0, 1.0)": [33.924831205339714, 31.235844708912538, 30.39780129000816, 31.061825939467823, 31.235845269070765, 31.235844708892923, 27.095522710767163, 30.418498969487374, 26.916631748891028], "(0.0, 1.0, 1.0)": [42.54902176143729, 44.13494497662673, -26.843994559649104, 41.109118780050814, 44.09224034760996, 40.62914932115626, 40.754490071776075, 40.62914937849659, 40.62914937849659], "(4.0, 0.0, 0.0)": [78.84023626823019, 78.90553432986619, 72.89404405143242, 44.91866128676723, 78.99974166688153, 76.75094593264754, 78.84023701237996, 78.832075504386, 72.79027173829002], "(0.0, 0.0, 1.0)": [32.60433837641492, 30.146050389678987, 30.442137183020172, 32.74027216269455, 30.146050389747373, 30.146050389679054, 30.987912048891282, 39.448278918472425, 30.383212740184526], "(5.0, 1.0, 0.0)": [59.147611767776205, 88.46692954562315, 120.94898702174596, 93.90566258438699, 84.83085865282253, 76.61551214198165, 57.21998093615388, 131.81473302178267, 25.47563929505108], "(5.0, 0.0, 0.0)": [66.44948493914265, 15.485290884622612, 22.63229888017286, 66.13903971864616, 14.568535290412573, 68.990053898417, 63.058427221650504, 30.64072783297722, 64.07451828729427], "(6.0, 1.0, 0.0)": [0.0, 0.0, 0.0, 0.0, 62.27312885909423, 0.07320435862500002, 0.0, 0.0, 0.045301875000000005], "(6.0, 0.0, 0.0)": [0.0, 0.0, 0.036375000000000005, 0.0, 31.716036898225518, 0.0, 0.0, 0.0, 0.0]}}}