{"timestamp": 1764017330, "iso": "2025-11-24T20:48:50Z", "episode": 51, "games_in_episode": 1, "stats": {"total_messages": 3599, "total_updates": 3586, "total_reward": -120.3499999999919, "action_counts": [401, 277, 543, 353, 530, 375, 475, 279, 366], "state_visits": {"(3.0, 1.0, 0.0)": 226, "(3.0, 0.0, 0.0)": 653, "(4.0, 0.0, 0.0)": 201, "(4.0, 1.0, 0.0)": 188, "(5.0, 0.0, 0.0)": 1, "(0.0, 0.0, 1.0)": 493, "(2.0, 0.0, 0.0)": 633, "(2.0, 1.0, 0.0)": 249, "(1.0, 1.0, 1.0)": 183, "(1.0, 0.0, 1.0)": 501, "(0.0, 1.0, 1.0)": 258}, "state_action_prob_sums": {"(3.0, 1.0, 0.0)": [1160.2045746379347, 1008.5897511301187, 1224.2169480161406, 990.0475583852816, 1076.567544113132, 1073.9743397414095, 1348.5687102626466, 1113.614864019326, 1023.5798829459138], "(3.0, 0.0, 0.0)": [2375.8537415623896, 2215.878230364785, 2093.373125560882, 1992.2682129437803, 2147.424662643852, 1754.179479860289, 2193.944760907717, 2192.431011030365, 2437.55163191876], "(4.0, 1.0, 0.0)": [182.55371608580512, 311.37424266325445, 330.10757245892995, 243.54564784871158, 305.66946178429515, 284.5716417576896, 199.15294733733822, 374.4123537780512, 230.22889743719304], "(2.0, 1.0, 0.0)": [1240.7365259888547, 762.8579569255278, 985.3907451631683, 892.5602155973472, 816.6316363693353, 904.9453203935911, 801.0318591675231, 801.918768508191, 983.5638103598709], "(2.0, 0.0, 0.0)": [1650.0335141859155, 1885.7754161710425, 1698.7070111019777, 1372.9147601094644, 1830.7037696669963, 1703.6851043393403, 1814.5572881281664, 1330.1626739444625, 1626.849009250555], "(1.0, 1.0, 1.0)": [844.8768543637634, 778.6677554975, 593.7134201303722, 845.5825898627902, 758.8329833388541, 562.9636209125608, 651.9057041858829, 834.3673645074933, 666.2202514371781], "(1.0, 0.0, 1.0)": [1425.6911197346244, 1320.559948158211, 1248.6100122887685, 1056.0717137409956, 1212.1584171230509, 1078.6715975730444, 1219.146478353032, 1358.701331618152, 1422.1778798173525], "(0.0, 1.0, 1.0)": [516.6979880680836, 657.7576890153106, 516.8280534648661, 586.5918514540472, 772.7308184322246, 635.8914865228866, 642.4729101930843, 424.89545099838466, 740.0794151319659], "(4.0, 0.0, 0.0)": [527.2315072409531, 601.6634256527464, 809.8684751616813, 778.2751356179232, 553.8163639697233, 575.6674891890461, 542.9763168812931, 453.089414280539, 626.1981353908415], "(0.0, 0.0, 1.0)": [901.8525827466586, 1112.916811637232, 906.3091184250756, 1065.0526744733406, 766.8577364589676, 1060.1349394052063, 774.6968286965904, 917.346770749687, 796.9039121050035], "(5.0, 1.0, 0.0)": [2.0408909150288927, 0.0, 0.1111111111111111, 0.9284000615540022, 0.0, 0.0, 0.0, 6.481059874788989, 0.1111111111111111], "(5.0, 0.0, 0.0)": [16.748599407223406, 0.2222222222222222, 0.2222222222222222, 15.139833186054394, 0.3333333333333333, 0.4444444444444444, 1.0050803988242651, 0.2222222222222222, 0.2222222222222222]}, "state_action_visits": {"(3.0, 1.0, 0.0)": 18737, "(3.0, 0.0, 0.0)": 36196, "(4.0, 1.0, 0.0)": 4550, "(2.0, 1.0, 0.0)": 15262, "(2.0, 0.0, 0.0)": 27526, "(1.0, 1.0, 1.0)": 12270, "(1.0, 0.0, 1.0)": 20562, "(0.0, 1.0, 1.0)": 10073, "(4.0, 0.0, 0.0)": 9986, "(0.0, 0.0, 1.0)": 15061, "(5.0, 1.0, 0.0)": 17, "(5.0, 0.0, 0.0)": 64}}, "meta": {"recent_avg_return": -223.16299999999683, "epsilon": 0.18208484004355835, "q_summary": {"(3.0, 1.0, 0.0)": [25.49680717663331, 26.081733084298282, 16.498011516960844, 26.312461041439605, 24.673042114723323, 25.28637648279329, 24.96097184325176, 24.96288196961051, 25.452724841515696], "(3.0, 0.0, 0.0)": [19.833389687777277, 21.057008823237645, 19.531300417145076, 21.4426668773719, 21.08738875795103, 20.096649743813835, 19.752253553112947, 19.752254934838085, 19.757371862079765], "(4.0, 1.0, 0.0)": [33.395530949581776, 48.69532759626449, 45.06294758462199, 45.17732328930013, 46.52991768156242, 48.43404453684005, 48.433850726700996, 48.43461828711244, 46.272298167172345], "(2.0, 1.0, 0.0)": [11.861453506416906, 12.051040529848185, 12.446786881159092, 11.91309425854614, 12.86552269000747, 11.861291664275003, 11.960201801139673, 11.921474685020446, 12.293152011196947], "(2.0, 0.0, 0.0)": [17.2428918124102, 17.547104929498325, 17.12632186405213, 17.291960376603424, 17.53522642210139, 17.513285435113207, 18.41280566979603, 17.234157473695237, 16.989607726315363], "(1.0, 1.0, 1.0)": [14.298732008288344, 14.295652719596692, 13.473072315001865, 13.26172527971068, 13.235843258311858, 14.357438856042423, 13.248041571032328, 13.300422365059307, 8.323864383041911], "(1.0, 0.0, 1.0)": [15.393183998385865, 15.310301877288143, 16.614022217878542, 15.311765062769735, 19.615647559568202, 15.459418853399153, 15.31023238436736, 16.614349142058778, 16.023493048464697], "(0.0, 1.0, 1.0)": [6.217024095413926, 6.177691693208894, 6.687708295505043, 6.177691631865104, 6.1776916621511315, 6.177691633781703, 6.177815685324273, 6.654322553363563, 6.298412666506415], "(4.0, 0.0, 0.0)": [49.22810440133519, 28.629749533176465, 47.50504778589048, 27.905642532422302, 47.62900209100238, 51.53185911481273, 49.22390956027262, 47.88172334200763, 48.510445974886885], "(0.0, 0.0, 1.0)": [18.402300834090973, 9.139535522588327, 19.001088355613273, 18.675641599684536, 17.538026542201145, 16.688225767772373, 17.538129179929335, 15.444722858338272, 15.298102820130001], "(5.0, 1.0, 0.0)": [55.0750630025141, 0.0, 46.07651111545151, 83.10809080008147, 66.42895683760132, 42.62087374932679, 52.26081187612583, 74.76351314378299, 0.0], "(5.0, 0.0, 0.0)": [68.57948314535301, 10.64300996375535, 62.18184193926028, 70.01999615926925, 12.205131797680522, 67.1721263346753, 61.90788253653123, 11.285698033302044, 58.506335128580616]}}}