{"timestamp": 1764019440, "iso": "2025-11-24T21:24:00Z", "episode": 111, "games_in_episode": 1, "stats": {"total_messages": 2766, "total_updates": 2753, "total_reward": -371.1749999999889, "action_counts": [45, 681, 162, 234, 179, 353, 532, 363, 217], "state_visits": {"(3.0, 1.0, 0.0)": 460, "(3.0, 0.0, 0.0)": 583, "(4.0, 0.0, 0.0)": 91, "(4.0, 1.0, 0.0)": 42, "(5.0, 1.0, 0.0)": 1, "(0.0, 1.0, 1.0)": 184, "(0.0, 0.0, 1.0)": 25, "(2.0, 1.0, 0.0)": 352, "(2.0, 0.0, 0.0)": 484, "(1.0, 0.0, 1.0)": 128, "(1.0, 1.0, 1.0)": 403}, "state_action_prob_sums": {"(3.0, 1.0, 0.0)": [2668.9866823627026, 2550.5650086747874, 3016.8950346012907, 2748.138880403876, 3216.4350326576046, 3309.4971746278316, 3403.292606511276, 2813.3331087050356, 2856.320051952806], "(3.0, 0.0, 0.0)": [5808.990083739242, 5575.942833878958, 5821.476703718606, 6438.618140784547, 7258.098296157316, 6025.7277408920045, 5626.739037677667, 7088.30524197514, 7100.447837731383], "(4.0, 1.0, 0.0)": [873.5179109303151, 1029.4389092532315, 881.309327836021, 520.0080879456208, 748.3847555117969, 497.1524797116197, 541.9206315388848, 750.1399675044328, 740.9876805392403], "(2.0, 1.0, 0.0)": [2468.3035628347434, 2461.854744493791, 2451.5747478394537, 2533.3068786254858, 2165.8439087085308, 2399.6594309152883, 1868.270814952361, 2490.3162988095964, 2329.0845127903904], "(2.0, 0.0, 0.0)": [4397.715866053886, 6709.155394022696, 5868.44042506625, 3739.5950713292555, 5721.488942849274, 4660.7693764367195, 5280.677525481709, 5091.4966373820735, 4390.715148978202], "(1.0, 1.0, 1.0)": [2451.764491914764, 1820.3887646391613, 1676.3362095445475, 1900.1472640844838, 1917.5306018871136, 1819.9692067104, 1808.5091918706044, 2257.657201409514, 1807.358400625612], "(1.0, 0.0, 1.0)": [4921.754412283698, 3494.113139647281, 4168.294367423474, 3265.1247074629036, 3592.9352432682117, 2798.4340534047146, 3766.012783839401, 3945.9651689600682, 4123.65365741692], "(0.0, 1.0, 1.0)": [1215.0341669810855, 1351.8504745146458, 1294.6771284505637, 1184.2625934515988, 1909.7032764941164, 1605.4335781355803, 1290.0406297712343, 1906.0341841141003, 1645.02572567245], "(4.0, 0.0, 0.0)": [2027.113121900399, 1315.7275581014108, 1852.8269963812363, 1712.812459173326, 1423.3017818506853, 1608.8159914843222, 1600.0978987493206, 1510.2519111940546, 1837.3857378040273], "(0.0, 0.0, 1.0)": [2771.9249282654673, 3351.0060468369074, 2866.8721056754825, 2592.5927661760525, 2499.2302164967496, 3701.7438065153774, 3113.067890001748, 2403.905513351337, 3272.6270698462254], "(5.0, 1.0, 0.0)": [2.0408909150288927, 15.279044534172334, 1.0389730784348816, 5.154289913748126, 0.0, 0.0, 0.1111111111111111, 12.059561243380884, 0.2222222222222222], "(5.0, 0.0, 0.0)": [16.859710518334516, 0.3333333333333333, 0.3333333333333333, 52.35208754108235, 0.4444444444444444, 4.960979095084174, 9.380955169672015, 0.3333333333333333, 2.1531529704471284], "(6.0, 1.0, 0.0)": [0.9373751319155789, 0.0, 0.0, 0.0, 0.0, 2.8121253957467367, 0.1111111111111111, 0.0, 0.9373751319155789]}, "state_action_visits": {"(3.0, 1.0, 0.0)": 38763, "(3.0, 0.0, 0.0)": 81591, "(4.0, 1.0, 0.0)": 9593, "(2.0, 1.0, 0.0)": 30991, "(2.0, 0.0, 0.0)": 65085, "(1.0, 1.0, 1.0)": 25553, "(1.0, 0.0, 1.0)": 48102, "(0.0, 1.0, 1.0)": 19693, "(4.0, 0.0, 0.0)": 21531, "(0.0, 0.0, 1.0)": 37160, "(5.0, 1.0, 0.0)": 49, "(5.0, 0.0, 0.0)": 129, "(6.0, 1.0, 0.0)": 6}}, "meta": {"recent_avg_return": -196.28799999999552, "epsilon": 0.05417991639155287, "q_summary": {"(3.0, 1.0, 0.0)": [24.56331570559792, 26.013494201450527, -31.34638159846284, 24.541658960991843, 24.53947544789306, 25.78508622654956, 26.64616678129753, 24.539492444046093, 24.539473526735808], "(3.0, 0.0, 0.0)": [28.421973514089526, 26.07025697413557, 29.526075335185272, 27.266050821227893, 28.434742741192963, 27.188989308657543, 27.49724782970127, 22.749690054709742, 26.8218991661625], "(4.0, 1.0, 0.0)": [69.52726608843095, 65.24195998257217, 44.899618654290975, 70.71038824898736, 44.225877358385105, 62.85596965477133, 44.23618703281953, 60.103990447780006, 27.97955973029343], "(2.0, 1.0, 0.0)": [20.24563406822398, 20.572091152180313, 19.248587550873605, 16.006366023690774, 20.5645401889935, 20.14725771321486, 16.218285492095003, 19.474633711232133, 20.564540188992325], "(2.0, 0.0, 0.0)": [21.230611354599393, 21.03449030063992, 19.587899996744923, 16.91314994714127, 20.593761968655077, 20.079524531841017, 20.440738614753137, 19.597340619172495, 20.012487086019252], "(1.0, 1.0, 1.0)": [16.293805734132064, 16.302768158658616, 15.011645118829474, -33.725363323386404, 15.023624068334907, 16.277037451770866, 15.023546705965927, 15.023546781561844, 15.043351472422508], "(1.0, 0.0, 1.0)": [15.302428162983627, 15.994538215918187, 14.774239698498972, 14.74211669238585, 15.993869420227387, 15.993872032705774, 14.952656235584113, 15.993891233577187, 14.836412072102055], "(0.0, 1.0, 1.0)": [16.761414067827207, 17.380730602075744, 16.715047982658866, 4.199309835601213, 18.119421413448382, 16.69486770036314, 16.6948677003725, 16.696259099196332, 17.017625163259847], "(4.0, 0.0, 0.0)": [43.120579885006755, 42.41849551639185, 43.12718821024917, 85.92002605849103, 43.35298719491509, 46.843018177552686, 43.120603125002226, 43.38085231770333, 43.18102023272596], "(0.0, 0.0, 1.0)": [15.650858415133392, 15.663687393947143, 15.846494034827685, 15.699767595205763, 16.43472914604272, 15.699767319248732, 16.433400935317604, 15.46706333498798, 15.354788357843802], "(5.0, 1.0, 0.0)": [59.147611767776205, 88.46692954562315, 99.17824344921738, 67.07288678683742, 121.51020120949335, 76.61551214198165, 57.21998093615388, 131.81473302178267, 25.47563929505108], "(5.0, 0.0, 0.0)": [66.44948493914265, 15.485290884622612, 60.454195520691435, 71.14980031181673, 49.64165181587333, 68.990053898417, 63.058427221650504, 14.861231967356693, 66.79364869757049], "(6.0, 1.0, 0.0)": [0.0, 0.0, 0.0, 0.0, 62.27312885909423, 0.07320435862500002, 0.0, 0.0, 0.045301875000000005]}}}