{"timestamp": 1764019531, "iso": "2025-11-24T21:25:31Z", "episode": 114, "games_in_episode": 1, "stats": {"total_messages": 3031, "total_updates": 3018, "total_reward": -194.5499999999899, "action_counts": [612, 248, 397, 245, 289, 477, 105, 340, 318], "state_visits": {"(3.0, 0.0, 0.0)": 607, "(3.0, 1.0, 0.0)": 261, "(4.0, 1.0, 0.0)": 161, "(4.0, 0.0, 0.0)": 112, "(5.0, 0.0, 0.0)": 2, "(0.0, 0.0, 1.0)": 330, "(2.0, 0.0, 0.0)": 582, "(2.0, 1.0, 0.0)": 184, "(1.0, 0.0, 1.0)": 421, "(1.0, 1.0, 1.0)": 203, "(0.0, 1.0, 1.0)": 155}, "state_action_prob_sums": {"(3.0, 1.0, 0.0)": [2747.86062003418, 2565.5330693859173, 3164.7780990974893, 2748.9166581816553, 3216.657254879827, 3513.6783386138063, 3415.1706902297074, 2923.9482541789, 3175.1194987313897], "(3.0, 0.0, 0.0)": [6269.622166574743, 5666.075385329331, 6047.688617988845, 6439.951474117883, 7759.316178563863, 6134.155400934809, 5949.4488006592055, 7205.03888243228, 7190.510188193776], "(4.0, 1.0, 0.0)": [874.4725831935432, 1170.9470194620212, 926.2077997414368, 536.5390769171029, 768.3936242412749, 535.3757217360213, 541.9206315388848, 768.2637885825999, 741.3210138725735], "(2.0, 1.0, 0.0)": [2545.194491327985, 2606.550181392775, 2497.540654428649, 2670.017330642989, 2265.31597914358, 2466.1531560079284, 2161.626763172222, 2499.677801453757, 2440.16363329042], "(2.0, 0.0, 0.0)": [4522.440304877287, 6825.438255658563, 6025.976810146769, 3750.8742440025435, 5974.4227608843785, 4675.505869973647, 5313.0089223740615, 5366.841470308246, 4606.621043924762], "(1.0, 1.0, 1.0)": [2519.4785891179154, 1956.3433104182639, 1981.3279512121999, 1900.8139307511503, 2034.4875872725684, 1822.6544789029285, 1839.332229934567, 2379.851325487026, 1809.2000927873328], "(1.0, 0.0, 1.0)": [5009.296254904162, 3521.489277884966, 4330.044301695691, 3419.3140432651066, 3659.474296097617, 2840.8840774311952, 3903.968065887465, 4051.51854220539, 4146.788013956628], "(0.0, 1.0, 1.0)": [1215.4786114255298, 1471.3953280631115, 1295.010461783897, 1184.595926784932, 1911.6088830397807, 1807.0379946594771, 1290.3739631045676, 1952.591827845902, 1750.460436330294], "(4.0, 0.0, 0.0)": [2062.636016521599, 1331.956986576288, 1860.9088189315053, 1983.897671190645, 1423.8573374062407, 1674.511483161609, 1600.542343193765, 1510.3630223051657, 1837.6079600262494], "(0.0, 0.0, 1.0)": [2908.155056310522, 3351.22826905913, 2885.454398065409, 2737.054889045937, 2555.8346350652514, 3702.299362070934, 3114.6883038757915, 2537.1558882163345, 3286.4369259758637], "(5.0, 1.0, 0.0)": [2.0408909150288927, 15.279044534172334, 1.0389730784348816, 5.154289913748126, 0.0, 0.0, 0.1111111111111111, 12.059561243380884, 0.2222222222222222], "(5.0, 0.0, 0.0)": [16.859710518334516, 0.3333333333333333, 0.3333333333333333, 54.26143206753853, 0.4444444444444444, 4.960979095084174, 9.380955169672015, 0.3333333333333333, 2.1531529704471284], "(6.0, 1.0, 0.0)": [0.9373751319155789, 0.0, 0.0, 0.0, 0.0, 2.8121253957467367, 0.1111111111111111, 0.0, 0.9373751319155789]}, "state_action_visits": {"(3.0, 1.0, 0.0)": 39743, "(3.0, 0.0, 0.0)": 83696, "(4.0, 1.0, 0.0)": 9896, "(2.0, 1.0, 0.0)": 32075, "(2.0, 0.0, 0.0)": 66405, "(1.0, 1.0, 1.0)": 26420, "(1.0, 0.0, 1.0)": 48987, "(0.0, 1.0, 1.0)": 20220, "(4.0, 0.0, 0.0)": 21973, "(0.0, 0.0, 1.0)": 37724, "(5.0, 1.0, 0.0)": 49, "(5.0, 0.0, 0.0)": 131, "(6.0, 1.0, 0.0)": 6}}, "meta": {"recent_avg_return": -206.25599999999628, "epsilon": 0.050993703868398424, "q_summary": {"(3.0, 1.0, 0.0)": [41.757442380534386, 41.757068830516815, 42.05319806153631, 42.65803133809437, 41.75622526925519, -27.04199712398389, 45.36093359252944, 45.36093904340423, 41.86137962257599], "(3.0, 0.0, 0.0)": [48.028857080322005, 48.01050279087424, 48.09408809192182, 28.642021980671473, 48.00958515344727, 48.322524536314084, 48.76829191044423, 26.88984208003794, 52.15682527157185], "(4.0, 1.0, 0.0)": [56.59692015502739, 55.408710131658054, 60.189394712054764, 60.189395943237834, 40.303039009037256, 55.4004221727487, 60.189395957529406, 60.18940511579682, 56.65291677659035], "(2.0, 1.0, 0.0)": [21.688559391099446, 21.68855941143103, 6.862198205738139, 19.979406451837214, 20.814415863950043, 21.688559472425773, 13.626922864107739, 19.978842336009542, 20.812385255811954], "(2.0, 0.0, 0.0)": [19.420219478115232, 19.420219478115232, 17.891601919866012, 17.89176744870817, 13.461772140489607, 19.420219478115232, 18.291674132277, 17.896126249837504, 18.66421840311154], "(1.0, 1.0, 1.0)": [13.022193601694225, 20.39839584530921, -32.06011798840665, 21.684297253081976, 23.542714397073393, 12.70562218029845, 19.26458531350483, 20.962018634531393, 21.684297245307505], "(1.0, 0.0, 1.0)": [10.95777084170952, 11.1877184383713, 11.122147284774101, 11.974959415955233, 11.883446154277282, 11.67007761945365, 10.981502355419986, 11.81118834347987, 10.95777274565367], "(0.0, 1.0, 1.0)": [13.822727075825892, 14.685148718062209, 14.684858024720874, 13.822516543237672, 14.934028862976092, 14.997300590475676, 14.684918837533713, 13.882479257713927, 13.823358673590635], "(4.0, 0.0, 0.0)": [65.38837702057232, 65.72840210986449, 68.49384778709447, 53.36468004876002, 63.041621094484015, 63.1842723925836, 68.22335292845763, 68.49115713423826, 64.59205601102548], "(0.0, 0.0, 1.0)": [12.314022400627818, 12.31577333902865, 12.378224312019936, 12.31402240062782, 12.618750583691277, 12.314022400627818, 12.378975724392914, 13.357633044160671, 12.314022400627818], "(5.0, 1.0, 0.0)": [59.147611767776205, 88.46692954562315, 99.17824344921738, 67.07288678683742, 121.51020120949335, 76.61551214198165, 57.21998093615388, 131.81473302178267, 25.47563929505108], "(5.0, 0.0, 0.0)": [66.44948493914265, 15.485290884622612, 60.454195520691435, 66.13903971864616, 49.64165181587333, 68.990053898417, 63.058427221650504, 14.861231967356693, 65.81052438954617], "(6.0, 1.0, 0.0)": [0.0, 0.0, 0.0, 0.0, 62.27312885909423, 0.07320435862500002, 0.0, 0.0, 0.045301875000000005]}}}