{"timestamp": 1764015737, "iso": "2025-11-24T20:22:17Z", "episode": 6, "games_in_episode": 1, "stats": {"total_messages": 3949, "total_updates": 3936, "total_reward": -131.5999999999854, "action_counts": [364, 399, 461, 414, 506, 468, 424, 464, 449], "state_visits": {"(3.0, 1.0, 0.0)": 407, "(3.0, 0.0, 0.0)": 986, "(4.0, 0.0, 0.0)": 217, "(4.0, 1.0, 0.0)": 99, "(5.0, 1.0, 0.0)": 1, "(0.0, 1.0, 1.0)": 203, "(2.0, 0.0, 0.0)": 778, "(2.0, 1.0, 0.0)": 204, "(1.0, 0.0, 1.0)": 444, "(1.0, 1.0, 1.0)": 297, "(0.0, 0.0, 1.0)": 300}, "state_action_prob_sums": {"(3.0, 1.0, 0.0)": [88.16808665031103, 76.37855063324449, 58.27808876800024, 91.10665816746666, 51.43805262933341, 69.14746172586673, 74.69918335288902, 80.21415793777783, 61.46615013120017], "(3.0, 0.0, 0.0)": [194.4690238535116, 174.31415687822295, 194.62198507093373, 198.88883867448908, 194.9700329230224, 187.34334199751177, 240.27030574364423, 165.5710090794673, 154.25987981653398], "(4.0, 1.0, 0.0)": [32.2392167153778, 20.045272122311104, 3.350933333333334, 18.88995555555554, 11.357511111111103, 19.4983111111111, 22.509250847288886, 8.342220451555551, 24.65278247679999], "(2.0, 1.0, 0.0)": [80.64335530666696, 126.9808493895116, 51.925249073777884, 65.73241223111124, 44.35754595840007, 71.234280556089, 48.96283322453344, 74.5477344668446, 85.8446547911113], "(2.0, 0.0, 0.0)": [140.99217584782284, 196.03733643946688, 143.6256987136001, 125.37836599751145, 118.22589314844495, 157.49100148906726, 91.66503781546712, 113.82092664320022, 95.06687713137784], "(1.0, 1.0, 1.0)": [52.47570861226679, 41.68325042631118, 58.67741262648897, 40.22703945671113, 73.75759516728904, 76.91225751466668, 53.07514001635565, 80.61499762204484, 48.8835477646224], "(1.0, 0.0, 1.0)": [78.81209311431125, 77.25034997475565, 92.70700375466717, 116.64918204586714, 97.96180902257778, 68.8779952611559, 83.0403488000003, 52.17360839111117, 167.5965448007117], "(0.0, 1.0, 1.0)": [17.839708302222206, 24.60364985457776, 44.681865851733384, 43.73117669546679, 77.23272091022231, 41.43863736888895, 51.73276807680006, 34.654837697422224, 38.39711923342226], "(4.0, 0.0, 0.0)": [20.65167217919997, 54.19098676337793, 48.300750235022335, 26.36226705635553, 18.181257618488868, 39.17937763555566, 79.8082261674666, 40.861980398933376, 58.084335032888966], "(0.0, 0.0, 1.0)": [62.07011640888899, 61.830084579555674, 85.78269132515544, 52.02474789262235, 106.89670210986718, 112.22999099306723, 51.08004071111126, 90.28726816284454, 77.17021946168899], "(5.0, 1.0, 0.0)": [0.5731555555555556, 0.0, 0.0, 0.0, 0.0, 0.0, 0.0, 0.5982574236444446, 0.0], "(5.0, 0.0, 0.0)": [0.5731555555555556, 0.0, 0.0, 1.154848, 0.0, 0.0, 0.0, 0.0, 0.0]}, "state_action_visits": {"(3.0, 1.0, 0.0)": 1818, "(3.0, 0.0, 0.0)": 4748, "(4.0, 1.0, 0.0)": 451, "(2.0, 1.0, 0.0)": 1857, "(2.0, 0.0, 0.0)": 3274, "(1.0, 1.0, 1.0)": 1471, "(1.0, 0.0, 1.0)": 2311, "(0.0, 1.0, 1.0)": 997, "(4.0, 0.0, 0.0)": 1084, "(0.0, 0.0, 1.0)": 1899, "(5.0, 1.0, 0.0)": 2, "(5.0, 0.0, 0.0)": 3}}, "meta": {"recent_avg_return": -214.28499999999843, "epsilon": 0.4519603983999999, "q_summary": {"(3.0, 1.0, 0.0)": [9.698699350005636, 5.265811964435533, 9.05412357250224, 8.991624398101742, 8.948869272936648, 8.994373572024973, 8.999684315715426, 8.948426878976337, 9.215503505746087], "(3.0, 0.0, 0.0)": [14.16539290666316, 14.842848199492416, 14.013162978181107, 14.175733944246618, 14.89801686776156, 14.82952671261997, 14.827998955442208, 14.234769283112493, 12.201416831204067], "(4.0, 1.0, 0.0)": [6.270418267510026, 6.779665993937347, 6.29416750072652, 6.262823692738687, 6.3170482950139775, 6.262801519489721, 6.259726160226746, 40.296680806862234, 6.2662936243529614], "(2.0, 1.0, 0.0)": [8.392313275624103, 4.108718733480279, 4.022987449407411, 8.38914941472621, 4.023306279221529, 4.168018932695257, 4.3456382457613625, 3.984515856024568, 4.075015564784056], "(2.0, 0.0, 0.0)": [9.757319596880427, 9.906433963972724, 9.957236004683526, 9.754389523159452, 9.55899911717517, 9.598896062870132, 9.790262177291773, 14.203472809517107, 9.754502271466809], "(1.0, 1.0, 1.0)": [6.53277655197852, 1.970605088586698, 6.886878733096806, 6.900695007343469, 6.4176438666608835, 6.459533771518488, 6.220390857729519, 6.887035800422683, 6.886734754403036], "(1.0, 0.0, 1.0)": [11.22314644360382, 6.148775363316783, 8.393454619910408, 11.224153282109482, 11.349279494201944, 12.806441661972395, 13.105823488232891, 13.244935551446568, 14.009363275474094], "(0.0, 1.0, 1.0)": [0.3124999912147386, 0.3124999999985373, 0.31249999999943834, 0.31249999999947053, 0.3124999999995148, 0.31249999999940764, 0.31249999999856704, 0.31249999999944506, 0.3124999999973871], "(4.0, 0.0, 0.0)": [13.127151011234414, 17.908897582007135, 12.914259489564923, 13.061014633764993, 12.830304877494441, 12.5303091460466, 12.823395639143403, 14.009992026060262, 13.187198300481967], "(0.0, 0.0, 1.0)": [5.787502817232565, 5.778948743113584, 6.150098267759066, 5.773075138666324, 5.683090527152698, 5.685089741456643, 5.685525589172806, 5.785358447762977, 5.684070370454508], "(5.0, 1.0, 0.0)": [0.0, 0.0, 0.0, 0.0, 0.0, 0.0, 37.73437499987857, 45.23421628578342, 0.0], "(5.0, 0.0, 0.0)": [0.0, 0.0, 0.0, 52.78487960519951, 0.0, 0.0, 37.534222917009096, 0.0, 0.0]}}}