{"timestamp": 1764016158, "iso": "2025-11-24T20:29:18Z", "episode": 18, "games_in_episode": 1, "stats": {"total_messages": 4441, "total_updates": 4428, "total_reward": -29.29999999999118, "action_counts": [540, 466, 420, 535, 586, 443, 500, 493, 458], "state_visits": {"(3.0, 0.0, 0.0)": 1156, "(3.0, 1.0, 0.0)": 57, "(4.0, 1.0, 0.0)": 102, "(5.0, 1.0, 0.0)": 1, "(0.0, 1.0, 1.0)": 62, "(4.0, 0.0, 0.0)": 293, "(2.0, 0.0, 0.0)": 820, "(2.0, 1.0, 0.0)": 54, "(1.0, 0.0, 1.0)": 898, "(1.0, 1.0, 1.0)": 240, "(0.0, 0.0, 1.0)": 745}, "state_action_prob_sums": {"(3.0, 1.0, 0.0)": [259.5135784991216, 290.23292095980764, 253.5349443198281, 335.2773053716008, 244.99518450306405, 293.13818041629673, 260.20652993952956, 211.84170309735237, 210.8456031784603], "(3.0, 0.0, 0.0)": [732.5001156540601, 481.7897617397878, 498.7005784229182, 628.942585614041, 640.0927400461311, 514.8472895641181, 578.942285900398, 527.0490530705641, 642.1892326884464], "(4.0, 1.0, 0.0)": [71.48883819137856, 75.14043399525322, 61.25848760147938, 85.26890972918545, 88.28765447954204, 43.21375471012563, 64.4007515860066, 80.22837123639836, 55.5018328096249], "(2.0, 1.0, 0.0)": [291.45192486546256, 264.1422004662896, 147.61560428346792, 170.01722686600363, 149.10177765567258, 214.09241737234976, 203.70639527362414, 198.36200076927372, 249.88192013037704], "(2.0, 0.0, 0.0)": [428.4294887923456, 513.4906668001238, 418.97267083541055, 487.6603378687241, 357.6867001512464, 487.3431856179875, 396.85779031942815, 405.26551400970453, 354.1327212567013], "(1.0, 1.0, 1.0)": [267.37322604668435, 185.89371066887685, 183.16022519738635, 183.61814638144003, 193.79213439600147, 210.11461390295776, 212.28961857068992, 219.5846969674828, 268.2044891730233], "(1.0, 0.0, 1.0)": [292.88127345159995, 267.02271399206796, 271.1818671331209, 352.9677461481217, 339.48205255888007, 286.4215863549295, 306.94183895311016, 339.1742771617409, 375.500529672695], "(0.0, 1.0, 1.0)": [93.84779825725838, 149.80461581105493, 117.24363053799321, 123.11840196604098, 212.71058991708202, 201.59554553678066, 194.8988012504339, 161.38968045426662, 167.15798866050176], "(4.0, 0.0, 0.0)": [77.68627044437815, 181.18577126325602, 213.61713155687312, 112.76586394222845, 100.2675471162702, 90.07607376825344, 151.95051284997925, 148.04420054906294, 149.8026186780923], "(0.0, 0.0, 1.0)": [219.9740991932769, 186.64340561652622, 274.1884192074624, 227.18764195508925, 228.0074364117806, 255.08862369509464, 151.7168083776415, 285.3725027852771, 188.1811743780021], "(5.0, 1.0, 0.0)": [2.0408909150288927, 0.0, 0.0, 0.0, 0.0, 0.0, 0.0, 2.59817195979525, 0.0], "(5.0, 0.0, 0.0)": [0.5731555555555556, 0.0, 0.0, 4.386227732798145, 0.0, 0.0, 0.6717470654909317, 0.1111111111111111, 0.1111111111111111]}, "state_action_visits": {"(3.0, 1.0, 0.0)": 5889, "(3.0, 0.0, 0.0)": 12811, "(4.0, 1.0, 0.0)": 1541, "(2.0, 1.0, 0.0)": 4768, "(2.0, 0.0, 0.0)": 9335, "(1.0, 1.0, 1.0)": 4720, "(1.0, 0.0, 1.0)": 6635, "(0.0, 1.0, 1.0)": 3376, "(4.0, 0.0, 0.0)": 3005, "(0.0, 0.0, 1.0)": 4761, "(5.0, 1.0, 0.0)": 8, "(5.0, 0.0, 0.0)": 11}}, "meta": {"recent_avg_return": -251.05147058823573, "epsilon": 0.35466088309032284, "q_summary": {"(3.0, 1.0, 0.0)": [45.657473662694215, -25.56330761976436, 48.947249971776245, 41.92324592505409, 49.33410322632822, 45.669068017775224, 47.10430252430901, 47.394937749733145, 45.467605273671346], "(3.0, 0.0, 0.0)": [21.647724907551787, 21.41628258030414, 23.251285309615408, 22.19333989205611, 12.025304745555344, 21.44132272526996, 21.589989665702618, 23.15252743394054, 23.137022070275478], "(4.0, 1.0, 0.0)": [43.06328791676943, 41.251635118773244, 39.78838002096602, 43.105853447106405, 38.71138655636832, 41.86861972780224, -27.560053586219688, 43.06417743431618, 41.2792336724806], "(2.0, 1.0, 0.0)": [7.562531471712144, 7.484585106568973, 7.7730056168654, 7.484617562675723, 8.068497489599576, 7.565733009539099, 7.476535688425539, 7.476491354729751, -35.33438215113906], "(2.0, 0.0, 0.0)": [8.379227486678069, 7.8945419211565575, 8.192628647862042, 7.849618844625382, 8.19627369263188, 11.281525273266706, 8.193333245670502, 8.196807795610544, 8.192614238379523], "(1.0, 1.0, 1.0)": [5.724047678457842, 5.707163692037481, 5.383952513671515, 5.596139182344467, 5.587369135920463, 5.702010712922398, -36.0753609463596, 5.637934334729918, 5.618213760573597], "(1.0, 0.0, 1.0)": [9.273763535267875, 9.271900620607692, 8.829532392736489, 9.230835399810598, 9.424711985252593, 9.294996642261433, 8.72917878322545, 9.27947438532628, 12.610379127623386], "(0.0, 1.0, 1.0)": [12.265914251012937, 12.383813032682433, 10.49930052553536, -34.85481248101661, 12.38369702464513, 10.517263608476958, 11.91091825530611, 11.871576614320851, 13.433492897344152], "(4.0, 0.0, 0.0)": [26.40698938772648, 26.524180522611694, 27.589547228758285, 26.41362440763989, 27.589614967834084, 26.743197425786402, 27.66865263747279, 26.707606923309754, 28.683287090259974], "(0.0, 0.0, 1.0)": [11.975722562559211, 11.921627511911664, 12.086090335837568, 11.921733010530767, 11.921627511482342, 12.029665057435585, 12.931116860076191, 11.930535760831578, 12.076131022697423], "(5.0, 1.0, 0.0)": [55.0750630025141, 0.0, 0.0, 42.84237601550592, 49.625091220798545, 0.0, 37.73437499987857, 61.74220833235766, 0.0], "(5.0, 0.0, 0.0)": [40.379929559296855, 0.0, 36.44031692758766, 57.80947990681956, 3.5123178047537564, 36.44031692758766, 53.79489421209727, 8.602298826672524, 0.0]}}}