{"timestamp": 1764015599, "iso": "2025-11-24T20:19:59Z", "episode": 3, "games_in_episode": 1, "stats": {"total_messages": 3707, "total_updates": 3693, "total_reward": 73.32500000001333, "action_counts": [388, 393, 391, 401, 398, 543, 420, 349, 424], "state_visits": {"(3.0, 0.0, 0.0)": 746, "(3.0, 1.0, 0.0)": 236, "(4.0, 1.0, 0.0)": 163, "(4.0, 0.0, 0.0)": 196, "(5.0, 1.0, 0.0)": 1, "(0.0, 0.0, 1.0)": 662, "(5.0, 0.0, 0.0)": 2, "(2.0, 0.0, 0.0)": 615, "(2.0, 1.0, 0.0)": 136, "(1.0, 0.0, 1.0)": 707, "(1.0, 1.0, 1.0)": 32, "(0.0, 1.0, 1.0)": 197}, "state_action_prob_sums": {"(3.0, 1.0, 0.0)": [31.89119999999997, 37.66755555555555, 38.7450666666667, 35.958044444444475, 28.650844444444413, 20.140799999999984, 30.060088888888863, 33.90666666666667, 38.98008888888892], "(3.0, 0.0, 0.0)": [96.41013333333395, 81.43928888888931, 90.34062222222265, 78.50613333333371, 70.47306666666694, 76.31982222222258, 104.09671111111169, 61.68960000000028, 80.59608888888928], "(4.0, 1.0, 0.0)": [29.444444444444468, 9.146311111111105, 3.128711111111112, 17.778844444444434, 10.468622222222217, 19.164977777777768, 16.57422222222221, 4.462044444444444, 5.789866666666665], "(2.0, 1.0, 0.0)": [48.52942222222234, 85.87466666666703, 16.39964444444443, 41.75982222222227, 14.44888888888887, 37.57742222222228, 19.82115555555554, 20.95928888888887, 31.96444444444441], "(2.0, 0.0, 0.0)": [54.60337777777796, 102.5576888888894, 48.17937777777794, 35.43964444444446, 34.16444444444444, 82.94453333333365, 43.34151111111118, 40.26097777777782, 34.5582222222222], "(1.0, 1.0, 1.0)": [13.346311111111099, 19.648888888888873, 31.963911111111077, 12.595555555555547, 19.403199999999988, 26.728888888888886, 19.66666666666665, 47.914133333333545, 13.159999999999993], "(1.0, 0.0, 1.0)": [36.78435555555559, 36.21404444444444, 51.00924444444466, 44.105244444444544, 35.77528888888891, 48.04035555555564, 38.54666666666668, 27.40284444444442, 46.29937777777788], "(0.0, 1.0, 1.0)": [7.953777777777775, 4.1904, 10.041777777777773, 13.145066666666661, 39.167644444444484, 19.750222222222213, 8.39822222222222, 15.443199999999987, 20.87075555555554], "(4.0, 0.0, 0.0)": [11.691377777777769, 33.97457777777778, 19.9271111111111, 8.781866666666659, 5.40391111111111, 9.012622222222213, 16.019199999999987, 13.896888888888881, 9.910933333333327], "(0.0, 0.0, 1.0)": [22.817955555555532, 12.766755555555541, 19.48124444444442, 25.3854222222222, 74.29973333333363, 57.52568888888906, 28.412266666666643, 33.50097777777776, 33.784177777777764], "(5.0, 1.0, 0.0)": [0.5731555555555556, 0.0, 0.0, 0.0, 0.0, 0.0, 0.0, 0.0, 0.0], "(5.0, 0.0, 0.0)": [0.5731555555555556, 0.0, 0.0, 0.5731555555555556, 0.0, 0.0, 0.0, 0.0, 0.0]}, "state_action_visits": {"(3.0, 1.0, 0.0)": 861, "(3.0, 0.0, 0.0)": 2133, "(4.0, 1.0, 0.0)": 330, "(2.0, 1.0, 0.0)": 951, "(2.0, 0.0, 0.0)": 1380, "(1.0, 1.0, 1.0)": 615, "(1.0, 0.0, 1.0)": 1037, "(0.0, 1.0, 1.0)": 373, "(4.0, 0.0, 0.0)": 383, "(0.0, 0.0, 1.0)": 872, "(5.0, 1.0, 0.0)": 1, "(5.0, 0.0, 0.0)": 2}}, "meta": {"recent_avg_return": -379.91250000000883, "epsilon": 0.48019999999999996, "q_summary": {"(3.0, 1.0, 0.0)": [6.386043810193488, 6.00019065885717, 6.284458912680553, 5.9923164332816015, 3.3572393164217065, 6.261386639946414, 6.389997631788665, 7.149773469150228, 5.992395459042581], "(3.0, 0.0, 0.0)": [5.890552928221023, 5.865996694755764, 6.23477808776717, 5.90291302333362, 6.348532992641905, 6.2668592560198775, 5.867467288817561, 5.983201657107693, 5.948026218537151], "(4.0, 1.0, 0.0)": [5.099220501869262, 4.679723236560025, 4.91418873776171, 5.228502993078324, 4.85435094641257, 4.849387028092325, 7.0426154143548825, 4.92985935291423, 4.9300627298254245], "(2.0, 1.0, 0.0)": [5.678452830622245, 6.057864589182408, 6.018681947905732, 6.0199478347223305, 5.5994883390700485, 6.041928589415921, 4.6938975340518265, 5.946190562786914, 6.034949150831338], "(2.0, 0.0, 0.0)": [3.6878988140482774, 2.989940633378063, 3.5804788481429273, 3.5824797187952804, 3.7030136165713765, 3.691393569290502, 3.5358267714960605, 3.70216419734353, 3.815876742581321], "(1.0, 1.0, 1.0)": [4.0162195485575936, 4.3232529067141545, 4.337871054733139, 4.044634861035442, 4.033015020494352, 4.035053993436547, 4.035274630782025, -36.457090143948456, 3.4648520093047934], "(1.0, 0.0, 1.0)": [4.7292894173741695, 4.67448775338402, 4.657941842606952, 8.003091583681385, 5.024872522949275, 4.856521402304296, 4.655338900144901, 5.031906458075276, 4.654647080661013], "(0.0, 1.0, 1.0)": [0.3124814091170649, 0.3124771924646136, 0.31248629700048963, 0.3124804571951191, 0.31248740432707023, 0.3124844934682574, 0.3124825787547867, 0.3124862408910469, 0.3124769811553823], "(4.0, 0.0, 0.0)": [30.47502809972101, 11.102566052093447, 30.480932465642198, 30.48062196941804, 30.686949292127775, 32.14349861160238, 30.88564163704974, 25.546321732784477, 5.815161245408413], "(0.0, 0.0, 1.0)": [8.453008019932827, 7.917036915785664, 7.9254073443138315, 8.082350119345728, 7.91856782508971, 7.918221232564868, 7.919176464379476, 8.082350077915635, 7.918136847800496], "(5.0, 1.0, 0.0)": [0.0, 0.0, 0.0, 0.0, 0.0, 0.0, 0.0, 45.23421628578342, 0.0], "(5.0, 0.0, 0.0)": [0.0, 0.0, 0.0, 37.73421628578342, 0.0, 0.0, 37.534222917009096, 0.0, 0.0]}}}