{"timestamp": 1764019413, "iso": "2025-11-24T21:23:33Z", "episode": 110, "games_in_episode": 1, "stats": {"total_messages": 2949, "total_updates": 2937, "total_reward": -376.575, "action_counts": [369, 271, 286, 253, 214, 339, 265, 332, 620], "state_visits": {"(3.0, 0.0, 0.0)": 702, "(3.0, 1.0, 0.0)": 668, "(4.0, 0.0, 0.0)": 137, "(4.0, 1.0, 0.0)": 44, "(2.0, 1.0, 0.0)": 583, "(2.0, 0.0, 0.0)": 250, "(1.0, 0.0, 1.0)": 119, "(1.0, 1.0, 1.0)": 273, "(0.0, 0.0, 1.0)": 100, "(0.0, 1.0, 1.0)": 61}, "state_action_prob_sums": {"(3.0, 1.0, 0.0)": [2668.3200156960347, 2446.5922183518346, 3016.339479045734, 2656.428899935954, 3143.032235823959, 3235.1425377198675, 3338.2341481242756, 2805.16283255493, 2856.320051952806], "(3.0, 0.0, 0.0)": [5801.993869885681, 5377.626765087444, 5766.999597260247, 6438.395918562324, 7251.831700155851, 6014.590833407837, 5626.18348212211, 6858.245117397793, 7080.236973948478], "(4.0, 1.0, 0.0)": [873.5179109303151, 1029.3277981421204, 881.1982167249099, 502.8749666078856, 748.3847555117969, 497.1524797116197, 541.8095204277737, 730.9920549069492, 740.9876805392403], "(2.0, 1.0, 0.0)": [2454.8666906831713, 2454.969641751338, 2451.352525617231, 2436.8376977859707, 2165.621686486308, 2247.1427968020857, 1851.0265825035146, 2463.331443395341, 2320.4068410104114], "(2.0, 0.0, 0.0)": [4391.782603385755, 6684.914947720296, 5786.137734230442, 3739.483960218144, 5721.044498404829, 4652.710211397729, 5130.175682628327, 5078.011605304824, 4243.687333088758], "(1.0, 1.0, 1.0)": [2451.764491914764, 1624.0874871073024, 1673.3695782104805, 1894.1028903052388, 1917.0861574426692, 1819.4136511548445, 1646.474157014216, 2257.32386807618, 1807.0250672922787], "(1.0, 0.0, 1.0)": [4921.643301172587, 3479.8355385325017, 4168.183256312363, 3265.1247074629036, 3592.713021045989, 2797.9896089602694, 3668.5917629255673, 3945.9651689600682, 4123.65365741692], "(0.0, 1.0, 1.0)": [1213.0193757213372, 1261.2034452321543, 1294.6771284505637, 1184.1514823404877, 1838.3152709202195, 1605.4335781355803, 1290.0406297712343, 1897.4676234452327, 1645.02572567245], "(4.0, 0.0, 0.0)": [2026.8908996781768, 1315.7275581014108, 1852.8269963812363, 1712.812459173326, 1423.3017818506853, 1538.379825984744, 1600.0978987493206, 1495.9743100792753, 1837.3857378040273], "(0.0, 0.0, 1.0)": [2771.9249282654673, 3351.0060468369074, 2866.8721056754825, 2592.5927661760525, 2496.3746962737937, 3701.7438065153774, 3113.067890001748, 2403.905513351337, 3250.734748136897], "(5.0, 1.0, 0.0)": [2.0408909150288927, 15.279044534172334, 1.0389730784348816, 5.154289913748126, 0.0, 0.0, 0.1111111111111111, 11.107721169062264, 0.2222222222222222], "(5.0, 0.0, 0.0)": [16.859710518334516, 0.3333333333333333, 0.3333333333333333, 52.35208754108235, 0.4444444444444444, 4.960979095084174, 9.380955169672015, 0.3333333333333333, 2.1531529704471284], "(6.0, 1.0, 0.0)": [0.9373751319155789, 0.0, 0.0, 0.0, 0.0, 2.8121253957467367, 0.1111111111111111, 0.0, 0.9373751319155789]}, "state_action_visits": {"(3.0, 1.0, 0.0)": 38301, "(3.0, 0.0, 0.0)": 81006, "(4.0, 1.0, 0.0)": 9551, "(2.0, 1.0, 0.0)": 30637, "(2.0, 0.0, 0.0)": 64601, "(1.0, 1.0, 1.0)": 25145, "(1.0, 0.0, 1.0)": 47974, "(0.0, 1.0, 1.0)": 19508, "(4.0, 0.0, 0.0)": 21440, "(0.0, 0.0, 1.0)": 37134, "(5.0, 1.0, 0.0)": 48, "(5.0, 0.0, 0.0)": 129, "(6.0, 1.0, 0.0)": 6}}, "meta": {"recent_avg_return": -193.6044999999953, "epsilon": 0.05528562897097231, "q_summary": {"(3.0, 1.0, 0.0)": [30.61488276885248, 32.04584470430718, 30.787329730653536, -29.939080975307427, 32.042743736314065, 30.677568763527262, 30.261843357978556, 29.548625468983772, 29.540617410418157], "(3.0, 0.0, 0.0)": [24.958182735369533, 24.21301486866848, 18.691775413249804, 23.94600590435627, 24.299096089673448, 26.00109314638389, 24.1658735107669, 17.049828450305, 24.165873867090433], "(4.0, 1.0, 0.0)": [44.248789065427744, 46.92150111410504, 44.899618654290975, 44.42174264479543, 44.22654026544987, 43.786196100782014, 44.3941466846596, 48.04419172756904, 33.66061092502352], "(2.0, 1.0, 0.0)": [23.905758023854574, 22.01829738194621, 22.01829738194621, 22.85087155763444, 17.85736640254332, 16.817130438945103, 22.01831205112137, 22.01829738194621, 22.018295571505316], "(2.0, 0.0, 0.0)": [16.958439383382505, 20.421678270375384, 20.85871745411577, 16.94036532045373, 16.940365319442012, 20.421638355651417, 16.951283704257598, 23.04056143326765, 22.17026409880645], "(1.0, 1.0, 1.0)": [16.467306155670606, 16.47851415073267, 16.990372880610003, 17.87542327063728, 16.47038643864592, 16.470389408986296, 17.680491042594575, 16.55581224522005, 13.677619141445202], "(1.0, 0.0, 1.0)": [16.29077262109398, 15.994538215918187, 15.994373163412758, 16.99513964318318, 16.323762467185617, 15.99403661914649, 17.357466761111507, 16.00457015135234, 16.44544430101965], "(0.0, 1.0, 1.0)": [18.506522365507045, 18.470192129867815, 18.084413836834052, 18.119415507430276, 18.119421413448382, 14.118956015331298, 17.051252738740082, 18.119484892840422, 17.06714223169276], "(4.0, 0.0, 0.0)": [46.83914436856495, 31.88727741204257, 43.543711884993584, 43.67111525074593, 46.839144268414294, 46.843018177552686, 43.45447245129558, 46.96056287315736, 31.018129535130463], "(0.0, 0.0, 1.0)": [16.783855264128523, 16.471913125690186, 15.846494034827685, 16.43340531211911, 16.43472914604272, 16.43340089680664, 16.433400935317604, 16.433400896874012, 16.98462871095457], "(5.0, 1.0, 0.0)": [59.147611767776205, 88.46692954562315, 99.17824344921738, 67.13854541855017, 121.51020120949335, 76.61551214198165, 57.21998093615388, 131.81473302178267, 25.47563929505108], "(5.0, 0.0, 0.0)": [66.44948493914265, 15.485290884622612, 60.454195520691435, 71.14980031181673, 49.64165181587333, 68.990053898417, 63.058427221650504, 14.861231967356693, 66.79364869757049], "(6.0, 1.0, 0.0)": [0.0, 0.0, 0.0, 0.0, 62.27312885909423, 0.07320435862500002, 0.0, 0.0, 0.045301875000000005]}}}