{"timestamp": 1764020364, "iso": "2025-11-24T21:39:24Z", "episode": 139, "games_in_episode": 1, "stats": {"total_messages": 3732, "total_updates": 3720, "total_reward": -116.99999999999139, "action_counts": [551, 432, 226, 231, 241, 385, 636, 480, 550], "state_visits": {"(3.0, 1.0, 0.0)": 500, "(3.0, 0.0, 0.0)": 842, "(4.0, 1.0, 0.0)": 158, "(4.0, 0.0, 0.0)": 65, "(2.0, 0.0, 0.0)": 785, "(2.0, 1.0, 0.0)": 217, "(1.0, 0.0, 1.0)": 511, "(0.0, 0.0, 1.0)": 364, "(1.0, 1.0, 1.0)": 95, "(0.0, 1.0, 1.0)": 183}, "state_action_prob_sums": {"(3.0, 1.0, 0.0)": [4399.777162836947, 3635.0949888750347, 3922.922995207451, 4735.7066500634, 3494.1446793881632, 4676.372273864559, 4390.7011021242115, 3355.0890744905896, 3796.357467322287], "(3.0, 0.0, 0.0)": [8095.529004551805, 7449.187149246368, 7510.820415868676, 8145.391487143671, 9299.36533896376, 8676.083117266153, 7284.634108459487, 9203.904151448492, 9393.929192813952], "(4.0, 1.0, 0.0)": [1088.8845407112651, 1496.871688813549, 1196.3914615314613, 964.9083434766897, 838.8703980874261, 750.1008583918925, 811.3214757703291, 1307.5481929046616, 946.0145618581582], "(2.0, 1.0, 0.0)": [3123.078496599707, 3116.8955424047376, 2570.9582996075965, 3438.8800030599787, 3089.1842922510555, 2952.7261737407107, 2840.983721737263, 2833.2631952558886, 3366.14618412009], "(2.0, 0.0, 0.0)": [6994.173550423576, 8898.629105181568, 6631.395461136429, 5492.357957817077, 7146.144501723349, 5772.7368454488405, 6807.368478584212, 6613.320079945632, 6156.689984011762], "(1.0, 1.0, 1.0)": [3413.937397243015, 2338.2687709673246, 2452.668180679471, 2366.0363047490864, 3254.019133819724, 2266.0316411521994, 2595.58720861905, 2490.050936745647, 2069.880351340351], "(1.0, 0.0, 1.0)": [5764.485963172921, 4080.5281389526785, 7942.055376557528, 4632.074331588106, 4172.659562808892, 3171.196496042371, 4755.767947210927, 5063.449322434334, 5123.307376924562], "(0.0, 1.0, 1.0)": [1880.2442974778003, 2018.2005165748349, 2010.851153346641, 1220.8607698423623, 3147.5816266608563, 2286.0080997832906, 1438.1305862362242, 2394.2653317331506, 1929.1076131954483], "(4.0, 0.0, 0.0)": [2420.24101160386, 1599.3479372489944, 2337.940063913727, 2458.359383787686, 1918.4411803605828, 1783.6107964791538, 2480.1332103509994, 2505.4652194959135, 2090.7923522456267], "(0.0, 0.0, 1.0)": [3312.4444643832844, 4265.844364032965, 3233.3972049809336, 4076.4027590721116, 3249.9727763465003, 4890.659940348211, 4502.779340945851, 3163.5852711770326, 4711.415727154943], "(5.0, 1.0, 0.0)": [2.0408909150288927, 15.279044534172334, 9.88229380970202, 5.154289913748126, 0.0, 0.0, 0.1111111111111111, 22.624403943629595, 0.2222222222222222], "(5.0, 0.0, 0.0)": [16.859710518334516, 0.3333333333333333, 0.4444444444444444, 65.8512334633345, 0.4444444444444444, 14.549087988305887, 9.380955169672015, 0.3333333333333333, 2.1531529704471284], "(6.0, 1.0, 0.0)": [0.9373751319155789, 0.0, 0.0, 0.0, 0.0, 2.8121253957467367, 0.1111111111111111, 0.0, 0.9373751319155789], "(6.0, 0.0, 0.0)": [0.9581911388367294, 0.0, 1.9163822776734587, 0.0, 0.0, 0.0, 0.0, 0.0, 0.0]}, "state_action_visits": {"(3.0, 1.0, 0.0)": 49354, "(3.0, 0.0, 0.0)": 101291, "(4.0, 1.0, 0.0)": 12613, "(2.0, 1.0, 0.0)": 37627, "(2.0, 0.0, 0.0)": 80880, "(1.0, 1.0, 1.0)": 31797, "(1.0, 0.0, 1.0)": 59575, "(0.0, 1.0, 1.0)": 24997, "(4.0, 0.0, 0.0)": 26599, "(0.0, 0.0, 1.0)": 46650, "(5.0, 1.0, 0.0)": 70, "(5.0, 0.0, 0.0)": 154, "(6.0, 1.0, 0.0)": 6, "(6.0, 0.0, 0.0)": 3}}, "meta": {"recent_avg_return": -201.5254999999949, "epsilon": 0.030772901725368142, "q_summary": {"(3.0, 1.0, 0.0)": [86.75850322468467, 94.2755469856321, -15.791624081291658, 86.78786676053367, 86.80984595728913, 91.65494583571312, 88.6377641777891, 50.49704917509031, 88.99012560403027], "(3.0, 0.0, 0.0)": [32.68736243314803, 36.28329947195704, 33.405716702368636, 33.405636782834435, 33.40563587465319, 34.678424240161064, 34.02297788146288, 32.49905962979809, 33.4221853892486], "(4.0, 1.0, 0.0)": [90.2407267680174, 98.66343409106469, 98.6634498042599, 64.97490761031034, 98.63129623520024, 98.66394820737672, 95.26378075752653, 97.510722261227, 98.6639482077056], "(2.0, 1.0, 0.0)": [81.42375130678123, 38.40989782452451, 36.11018433063738, 34.418790209627225, 35.41949563517818, 38.47227776823945, 34.570635167758155, 36.16709611621629, 35.419483013707385], "(2.0, 0.0, 0.0)": [32.20909757176031, 32.20622562076259, 32.44793807294434, 15.530530366194855, 32.20530646715821, 30.21656309803911, 32.44854303485011, 32.55354773912316, 29.995974773217718], "(1.0, 1.0, 1.0)": [18.40132491290015, 16.982634433169952, 17.673964992795923, 18.38917246874162, 18.43221131762055, 46.07280785561136, 18.389172762627506, 18.394073059782162, 18.389172468732696], "(1.0, 0.0, 1.0)": [11.176837743034481, 10.525017264846277, 11.176858524874628, 16.426920942546275, 10.84120227487065, 10.525010556533456, 11.413018998317838, 11.269054285855596, 10.524996590616341], "(0.0, 1.0, 1.0)": [19.424814165206328, 54.58945157056107, 55.76045188031792, 59.309186489739126, 18.292823891059424, 54.589451571659026, 59.30691486304318, 19.856256055663216, 56.97511996768638], "(4.0, 0.0, 0.0)": [48.692528446757635, 48.69252844675763, 48.69257556722459, 52.89948744212786, 48.69252947888655, 48.69252844681885, 48.69254266569108, 48.69252844675833, 86.17109326754445], "(0.0, 0.0, 1.0)": [27.035977981021027, 51.41407707991864, 29.996965401960864, 29.286819904701403, 10.773489678627683, 28.086415155963806, 26.626002652182173, 10.992851234247704, 10.773286297602331], "(5.0, 1.0, 0.0)": [72.90571886078625, 76.4093977042894, 120.94898702174596, 89.2011991017917, 80.99685261636292, 111.16258932595152, 76.12765836479059, 96.0060533766054, 25.47563929505108], "(5.0, 0.0, 0.0)": [80.33440115905587, 17.80758608884283, 71.5357654856998, 85.26730149693064, 22.45073030665006, 73.34451091915544, 74.09693579988652, 28.316135267280266, 63.49811001115595], "(6.0, 1.0, 0.0)": [0.0, 0.0, 0.0, 0.0, 62.27312885909423, 0.07320435862500002, 0.0, 0.0, 0.045301875000000005], "(6.0, 0.0, 0.0)": [0.0, 0.0, 0.036375000000000005, 0.0, 31.716036898225518, 0.0, 0.0, 0.0, 0.0]}}}