{"timestamp": 1764019031, "iso": "2025-11-24T21:17:11Z", "episode": 99, "games_in_episode": 1, "stats": {"total_messages": 4746, "total_updates": 4733, "total_reward": 182.3250000000237, "action_counts": [370, 637, 514, 604, 383, 422, 426, 882, 508], "state_visits": {"(3.0, 0.0, 0.0)": 862, "(3.0, 1.0, 0.0)": 257, "(4.0, 0.0, 0.0)": 297, "(4.0, 1.0, 0.0)": 79, "(5.0, 0.0, 0.0)": 2, "(0.0, 0.0, 1.0)": 823, "(5.0, 1.0, 0.0)": 1, "(2.0, 0.0, 0.0)": 1135, "(2.0, 1.0, 0.0)": 130, "(1.0, 0.0, 1.0)": 875, "(1.0, 1.0, 1.0)": 103, "(0.0, 1.0, 1.0)": 169}, "state_action_prob_sums": {"(3.0, 1.0, 0.0)": [2320.701331821229, 2218.0590982294657, 2443.4935223448097, 2384.086735779605, 2932.3975016644627, 2675.0594432173384, 2896.868480798761, 2483.9591795871697, 2519.169482741419], "(3.0, 0.0, 0.0)": [5501.676321468563, 4668.59002041615, 5237.192623565707, 5416.686158720076, 5774.467170051531, 4893.381886379537, 5414.528228779771, 5963.455531571211, 5727.082829139774], "(4.0, 1.0, 0.0)": [508.9621078062758, 952.2766377373435, 855.1077060511833, 443.4024591692829, 737.9825960494815, 478.1103008847059, 471.4793587710859, 580.930534402449, 708.8314160336113], "(2.0, 1.0, 0.0)": [2004.0692774307427, 1894.0449114126802, 2145.8729931874686, 2015.5124278942158, 1950.191748483067, 1999.948581448864, 1523.760198803717, 2296.037290404838, 2030.2535763218848], "(2.0, 0.0, 0.0)": [4017.802104839735, 5442.8630420999625, 4918.842030413586, 3448.2093475023025, 4705.200525952135, 4178.532918933533, 4759.314500182336, 4407.269540001073, 3370.8127602931972], "(1.0, 1.0, 1.0)": [2299.899373962143, 1452.3059485963145, 1310.1136588683173, 1401.2491885463053, 1608.1615520174819, 1468.3178608741534, 1461.3522143108776, 2005.3826274636654, 1461.1382206149942], "(1.0, 0.0, 1.0)": [4399.343991992407, 3040.1368724683484, 3339.0429228644352, 2995.8083430940355, 2915.3669802004983, 2435.4519999310724, 3021.0656068579424, 3553.5075749744715, 3502.5325322855892], "(0.0, 1.0, 1.0)": [1102.3626772125479, 1221.9085743946484, 1175.6088229041038, 1000.17849825924, 1732.0441680106476, 1600.9715877759004, 1144.2906788794612, 1510.6488761120052, 1238.4843894819599], "(4.0, 0.0, 0.0)": [1885.493913880688, 1286.4115974710767, 1750.4048968209818, 1578.9720507772165, 1388.3457664785046, 1163.5634442280061, 1395.1955107218303, 1441.2087629904713, 1614.3076750212792], "(0.0, 0.0, 1.0)": [2369.346234640257, 3086.9227622847297, 2595.320292118703, 2153.05875455312, 2285.6712704022198, 3299.39766789088, 2437.924612172296, 2127.00916246083, 2390.2835579002635], "(5.0, 1.0, 0.0)": [2.0408909150288927, 15.279044534172334, 1.0389730784348816, 5.154289913748126, 0.0, 0.0, 0.1111111111111111, 10.163196931307462, 0.2222222222222222], "(5.0, 0.0, 0.0)": [16.859710518334516, 0.3333333333333333, 0.3333333333333333, 46.674130598404176, 0.4444444444444444, 4.960979095084174, 9.380955169672015, 0.3333333333333333, 2.1531529704471284], "(6.0, 1.0, 0.0)": [0.9373751319155789, 0.0, 0.0, 0.0, 0.0, 2.8121253957467367, 0.1111111111111111, 0.0, 0.9373751319155789]}, "state_action_visits": {"(3.0, 1.0, 0.0)": 34642, "(3.0, 0.0, 0.0)": 72470, "(4.0, 1.0, 0.0)": 8640, "(2.0, 1.0, 0.0)": 27305, "(2.0, 0.0, 0.0)": 57668, "(1.0, 1.0, 1.0)": 22195, "(1.0, 0.0, 1.0)": 42683, "(0.0, 1.0, 1.0)": 17831, "(4.0, 0.0, 0.0)": 19983, "(0.0, 0.0, 1.0)": 32899, "(5.0, 1.0, 0.0)": 47, "(5.0, 0.0, 0.0)": 123, "(6.0, 1.0, 0.0)": 6}}, "meta": {"recent_avg_return": -194.53899999999655, "epsilon": 0.06904391706307424, "q_summary": {"(3.0, 1.0, 0.0)": [68.34797418022688, 66.72683220744122, 35.62894869261779, 66.67507646737735, 69.02797811029697, 66.86188021813258, 71.84572411859386, 66.12308025277295, 71.14336362394502], "(3.0, 0.0, 0.0)": [26.796504864901042, 24.719346126033862, 27.410305822342846, 25.20756152807205, 24.835065003001464, 24.94335013951684, 22.71555475556672, 24.677824264781165, 24.824875168120705], "(4.0, 1.0, 0.0)": [87.19219089150734, 89.9374504799284, 85.82568747468231, 88.221011664172, 78.4449347420203, 91.31487671168239, 85.03399522994502, 87.56467790504163, 88.03917683413843], "(2.0, 1.0, 0.0)": [23.359164852530963, -31.660513024397233, 24.240301331844247, 19.946947978614112, 25.280297442856302, 23.8550666257811, 23.441990355514356, 23.35416095289214, 23.285033921763656], "(2.0, 0.0, 0.0)": [23.363945138966145, 26.482848013544878, 24.389220172461286, 23.012243634146767, 22.99091778651797, 23.108662422681167, 24.389218809356887, 24.389220172461286, 24.38921673164085], "(1.0, 1.0, 1.0)": [27.04851543121086, 27.035998271344916, 24.800332573721775, 27.036016315565192, 27.006037626837394, 27.235626129184844, 26.87980213416537, 25.089409719457258, 27.035998271344173], "(1.0, 0.0, 1.0)": [21.02191818263975, 21.90619855807944, 20.279034184726594, 19.88369847189476, 15.667129857142939, 14.940096399903737, 21.4259056087329, 17.897500328879, 21.73132672575292], "(0.0, 1.0, 1.0)": [23.243082435826, 22.76138827122483, 22.77190905581076, 23.257632591787065, 24.70681592058719, -31.79243233826495, 22.75677536824225, 23.60878823166632, 23.251900908823792], "(4.0, 0.0, 0.0)": [68.46271673792081, 38.77227223686007, 47.430685453106136, 47.90035469399406, 38.02031155404809, 61.90369391092649, 63.010699648836066, 58.5630288350343, 63.010955772293265], "(0.0, 0.0, 1.0)": [13.193894207708887, 13.193894318783716, 13.193894693798443, 12.684239045804325, 12.539162780892232, 12.22528640972672, 13.260151716341767, 13.19389420794475, 13.204831058980613], "(5.0, 1.0, 0.0)": [59.147611767776205, 129.94715639055605, 99.17824344921738, 67.13854541855017, 121.51020120949335, 76.61551214198165, 57.21998093615388, 131.81473302178267, 25.47563929505108], "(5.0, 0.0, 0.0)": [58.35803170245861, 15.485290884622612, 60.454195520691435, 73.42619163627566, 49.64165181587333, 73.22892667754715, 69.91135383465388, 25.700601193943935, 64.44330587416111], "(6.0, 1.0, 0.0)": [0.0, 0.0, 0.0, 0.0, 62.27312885909423, 0.07320435862500002, 0.0, 0.0, 0.045301875000000005]}}}