{"timestamp": 1764016504, "iso": "2025-11-24T20:35:04Z", "episode": 28, "games_in_episode": 1, "stats": {"total_messages": 3798, "total_updates": 3784, "total_reward": 4.600000000007072, "action_counts": [445, 410, 484, 302, 343, 381, 325, 564, 544], "state_visits": {"(3.0, 0.0, 0.0)": 715, "(3.0, 1.0, 0.0)": 370, "(4.0, 0.0, 0.0)": 175, "(4.0, 1.0, 0.0)": 114, "(5.0, 0.0, 0.0)": 3, "(0.0, 0.0, 1.0)": 384, "(2.0, 0.0, 0.0)": 735, "(2.0, 1.0, 0.0)": 172, "(1.0, 0.0, 1.0)": 596, "(1.0, 1.0, 1.0)": 99, "(0.0, 1.0, 1.0)": 421}, "state_action_prob_sums": {"(3.0, 1.0, 0.0)": [530.0462207026676, 535.6279651112327, 574.1718369790002, 538.8972200935547, 515.2887933490031, 561.2645667043416, 500.79754353944253, 492.47211917161735, 475.36637251063416], "(3.0, 0.0, 0.0)": [989.285068197125, 987.2695094062381, 1034.7744794786695, 1036.1304622532864, 1025.5690462077996, 815.893643156295, 1068.2487462276074, 1003.9701519085803, 1074.397278156552], "(4.0, 1.0, 0.0)": [98.11720018504846, 111.32402337822904, 109.17438760947505, 93.97090671165189, 109.9818486902147, 134.27073386534818, 103.45630306601387, 134.93277074158812, 92.97540443545742], "(2.0, 1.0, 0.0)": [530.4436011063246, 487.0194346007415, 446.95256545902066, 339.05066559563426, 334.573599316121, 425.46397151372474, 380.41484718634047, 430.43462943171795, 404.9118092564874], "(2.0, 0.0, 0.0)": [788.8486732346792, 875.3570281328763, 695.6151665436242, 863.3118164401302, 722.7074954354697, 888.0802357995585, 679.4751538285955, 661.5809593296854, 675.8293567713989], "(1.0, 1.0, 1.0)": [425.4719818865734, 249.08834313427232, 239.14439868855538, 316.50632234263486, 340.8089719303525, 342.46208970008803, 322.49656662496625, 363.01692140471624, 397.2549925694085], "(1.0, 0.0, 1.0)": [636.2133082498718, 432.14745573413444, 479.1339847384806, 439.22783745944037, 540.4719700135207, 499.06345020760455, 516.676312496273, 646.2907796861855, 706.6588508986727], "(0.0, 1.0, 1.0)": [234.63422275446675, 300.70346355672683, 241.55857620727704, 152.12926659036353, 361.30819012762737, 285.93682780225777, 259.67269323168966, 236.25460154585699, 473.71742453916517], "(4.0, 0.0, 0.0)": [208.73783989729125, 242.92676493707418, 309.9743041385465, 322.9220671597783, 188.884172568027, 196.48795971030677, 272.1068003761215, 229.90835314894073, 240.7261647731144], "(0.0, 0.0, 1.0)": [407.62800710845846, 420.2300456807727, 462.61744974910397, 385.15729841901134, 334.67718738827836, 399.99151583854746, 419.28308418362604, 440.3940877043738, 298.63109529902505], "(5.0, 1.0, 0.0)": [2.0408909150288927, 0.0, 0.0, 0.1111111111111111, 0.0, 0.0, 0.0, 2.59817195979525, 0.1111111111111111], "(5.0, 0.0, 0.0)": [0.795377777777778, 0.1111111111111111, 0.0, 9.439830913719987, 0.2222222222222222, 0.2222222222222222, 0.7828581766020428, 0.1111111111111111, 0.1111111111111111]}, "state_action_visits": {"(3.0, 1.0, 0.0)": 10359, "(3.0, 0.0, 0.0)": 20023, "(4.0, 1.0, 0.0)": 2233, "(2.0, 1.0, 0.0)": 8349, "(2.0, 0.0, 0.0)": 15005, "(1.0, 1.0, 1.0)": 6757, "(1.0, 0.0, 1.0)": 10540, "(0.0, 1.0, 1.0)": 5512, "(4.0, 0.0, 0.0)": 4867, "(0.0, 0.0, 1.0)": 7640, "(5.0, 1.0, 0.0)": 10, "(5.0, 0.0, 0.0)": 26}}, "meta": {"recent_avg_return": -245.01296296296167, "epsilon": 0.28978376323982613, "q_summary": {"(3.0, 1.0, 0.0)": [-29.099664910559575, 32.6814556392118, 32.03377840746726, 35.4961470454528, 33.62789245021927, 32.80140921554687, 33.63664029390799, 32.68037708692756, 32.95295656163705], "(3.0, 0.0, 0.0)": [9.129784572029848, 9.163363975666762, 9.16485703572454, 9.157816901660926, 9.410970886906275, 9.19131224720474, 9.883794846502038, 27.07126238498111, 9.115724633304922], "(4.0, 1.0, 0.0)": [44.76564306711288, 46.035691986987786, 43.72691734340719, 44.76269912626439, 43.789315867898274, 44.370620426993725, 37.113250274045434, 42.90696390815017, 43.5579780859054], "(2.0, 1.0, 0.0)": [7.616862430333759, -28.892687224075402, 7.665368562942003, 8.137792961058048, 7.738481623237377, 7.773086246915277, 7.76764046773097, 8.249818840145688, 8.075234697149128], "(2.0, 0.0, 0.0)": [10.678183702672744, 9.848049333286486, 10.262794979385996, 9.775939888663373, 10.262747348033837, 9.800553993168883, 9.886720435829638, 9.849325004117052, 9.5544490314999], "(1.0, 1.0, 1.0)": [9.296511791437055, 9.293514404983522, 9.024070955657923, 9.29670129312455, 9.314958976296026, 9.436342945825224, 9.297087750201378, 10.074472179329913, 9.295654280600461], "(1.0, 0.0, 1.0)": [7.874625294511665, 7.885705184861169, 10.74657658965897, 7.867360787019862, 8.366302264102881, 8.03111576061428, 8.36633566504892, 8.640253489751306, 8.34935066289648], "(0.0, 1.0, 1.0)": [6.742830051300098, 6.407099778991482, 6.930427649830479, 6.88287462789433, 6.4334182855301725, 6.521215545165147, 6.879108733253224, 6.401076444357784, 6.400993437871872], "(4.0, 0.0, 0.0)": [36.65204191211018, 43.55241175491326, 47.26266230985717, 37.40503715482133, 45.86463424234476, 21.023439807958848, 38.947120296260834, 36.624885932347325, 45.864604775434316], "(0.0, 0.0, 1.0)": [10.86709795651981, 11.64836442740192, 10.866980484677768, 10.877289427522165, 10.898421551641528, 10.743453481409265, 10.524107192428318, 11.096207895942902, 8.612796162387472], "(5.0, 1.0, 0.0)": [55.0750630025141, 0.0, 0.0, 42.84237601550592, 49.625091220798545, 42.62087374932679, 37.73437499987857, 66.7503784281906, 0.0], "(5.0, 0.0, 0.0)": [57.8361970197892, 4.651323306415701, 55.871842270633095, 58.318148873026274, 3.5123178047537564, 51.0175198222972, 53.79489421209727, 4.420039427736981, 41.90744059040029]}}}