{"timestamp": 1764020051, "iso": "2025-11-24T21:34:11Z", "episode": 130, "games_in_episode": 1, "stats": {"total_messages": 2376, "total_updates": 2363, "total_reward": -330.9250000000156, "action_counts": [498, 106, 378, 125, 355, 231, 208, 84, 391], "state_visits": {"(3.0, 0.0, 0.0)": 413, "(3.0, 1.0, 0.0)": 465, "(4.0, 0.0, 0.0)": 185, "(4.0, 1.0, 0.0)": 116, "(5.0, 1.0, 0.0)": 1, "(0.0, 1.0, 1.0)": 391, "(2.0, 0.0, 0.0)": 332, "(2.0, 1.0, 0.0)": 157, "(1.0, 0.0, 1.0)": 112, "(1.0, 1.0, 1.0)": 191}, "state_action_prob_sums": {"(3.0, 1.0, 0.0)": [3694.018529212246, 3470.394449887755, 3553.9544673784417, 3986.177628459903, 3267.8325434269823, 4392.078552235654, 3825.1019821734817, 3231.2893021605514, 3604.945138918697], "(3.0, 0.0, 0.0)": [7669.654252537905, 6304.922622893556, 6893.4321900331315, 7440.182683435913, 8867.014342359531, 7938.619603844072, 6847.619781748752, 8191.363950683307, 8581.62194402101], "(4.0, 1.0, 0.0)": [973.6995401613009, 1326.9404623589278, 1106.7753509967708, 734.0008070673389, 831.7429122945493, 554.4540306635813, 802.1663988786214, 1115.6558575688791, 826.0333742412422], "(2.0, 1.0, 0.0)": [2875.613427663258, 2903.91914776875, 2532.069080455657, 3155.376240075821, 2741.867801937034, 2839.0281948993447, 2610.9869582974875, 2639.7239566045155, 3045.776175141306], "(2.0, 0.0, 0.0)": [5915.425633898769, 7570.631804263621, 6497.897886077985, 4779.718691954307, 6492.024939851042, 5164.023956574563, 6528.087202481975, 6448.784855634812, 5576.755579084886], "(1.0, 1.0, 1.0)": [3211.2939179407576, 2054.179555324781, 2322.6017552638514, 2125.0819283254104, 2641.717867976056, 2110.4596556269025, 2362.859456122846, 2445.851723616606, 2037.9808551269944], "(1.0, 0.0, 1.0)": [5440.681060533519, 3899.848574044738, 6738.1846473850155, 4088.9815969226297, 4161.825498065323, 2950.405831332469, 4354.240158626662, 4579.408883142112, 4278.315493351429], "(0.0, 1.0, 1.0)": [1679.1345154720548, 1688.0942394498056, 1737.3939272266512, 1186.4848156738205, 3124.4859353936504, 2075.7178425593625, 1405.1495844276033, 2325.648410185459, 1752.9048807747379], "(4.0, 0.0, 0.0)": [2353.587775028156, 1557.8173776553472, 2181.0260574289973, 2219.2485768995957, 1868.076970419267, 1681.2075562387834, 2296.640206883178, 1992.3011360364176, 1976.537372508168], "(0.0, 0.0, 1.0)": [3174.95153421875, 4070.9158127359933, 3139.176630914135, 3484.024647482608, 3070.01599116295, 4243.748413932212, 3651.4093020917135, 2950.520299216521, 3951.1897987135476], "(5.0, 1.0, 0.0)": [2.0408909150288927, 15.279044534172334, 2.0061649658797567, 5.154289913748126, 0.0, 0.0, 0.1111111111111111, 22.624403943629595, 0.2222222222222222], "(5.0, 0.0, 0.0)": [16.859710518334516, 0.3333333333333333, 0.4444444444444444, 63.911866973845264, 0.4444444444444444, 14.549087988305887, 9.380955169672015, 0.3333333333333333, 2.1531529704471284], "(6.0, 1.0, 0.0)": [0.9373751319155789, 0.0, 0.0, 0.0, 0.0, 2.8121253957467367, 0.1111111111111111, 0.0, 0.9373751319155789], "(6.0, 0.0, 0.0)": [0.9581911388367294, 0.0, 1.9163822776734587, 0.0, 0.0, 0.0, 0.0, 0.0, 0.0]}, "state_action_visits": {"(3.0, 1.0, 0.0)": 45762, "(3.0, 0.0, 0.0)": 94585, "(4.0, 1.0, 0.0)": 11418, "(2.0, 1.0, 0.0)": 35521, "(2.0, 0.0, 0.0)": 74979, "(1.0, 1.0, 1.0)": 29742, "(1.0, 0.0, 1.0)": 55086, "(0.0, 1.0, 1.0)": 23560, "(4.0, 0.0, 0.0)": 25045, "(0.0, 0.0, 1.0)": 42756, "(5.0, 1.0, 0.0)": 61, "(5.0, 0.0, 0.0)": 152, "(6.0, 1.0, 0.0)": 6, "(6.0, 0.0, 0.0)": 3}}, "meta": {"recent_avg_return": -195.24449999999558, "epsilon": 0.03690912662451552, "q_summary": {"(3.0, 1.0, 0.0)": [39.07596558063314, 54.18362143103441, 50.072335111714416, 50.07333884353802, 50.32929045421784, 54.399277295341754, 50.07334212281301, 51.100156765313926, 39.07596558061607], "(3.0, 0.0, 0.0)": [47.28588079993593, 43.21261360447102, 43.5279399002154, 40.767251324819654, 40.49648893396049, 36.41420882829064, 39.91929298857735, 42.267350438224625, 24.897889602783046], "(4.0, 1.0, 0.0)": [90.66489486923803, 83.43672898791374, 83.43729957691444, 83.43670565208032, 83.436703279699, 83.58247828712561, 85.11778139610402, 83.43892502959204, 56.01193828178387], "(2.0, 1.0, 0.0)": [28.179540277719386, 34.71713437809249, 34.670515242379594, 34.67034586064426, 35.55053467589533, 35.97319487153486, 34.67032598764628, 37.6579630299552, 35.410509070039765], "(2.0, 0.0, 0.0)": [31.229849934064667, 18.692660117591558, 18.687872805118975, 18.687872525462247, 20.285731005913625, 18.97258786117535, 18.688076620732193, 19.8738103411942, 18.687872548246528], "(1.0, 1.0, 1.0)": [26.015946306926146, 26.238697271501614, 26.015980052150077, 26.016055272472723, 27.961166373550466, 26.01594630354521, 26.015946302419902, 26.020731165579154, 28.251028589586852], "(1.0, 0.0, 1.0)": [28.884559276925742, 20.225651573156608, 23.936090748545737, 20.2336697973093, 20.657038133370804, 21.677101934829313, 20.25489533297111, 19.78334593641736, 19.967933841135782], "(0.0, 1.0, 1.0)": [30.692250204244566, 29.539350837436515, 31.07018811296448, 28.60957306392732, 28.60957306392732, 28.60957306392732, 28.91750305310251, 29.407191000908057, -29.630636404020883], "(4.0, 0.0, 0.0)": [60.551182788342444, 56.98652969191675, 55.99197127065614, 60.8084838359068, 55.96788045339461, 58.911803883696976, 60.5446887249846, 55.909625913654054, 45.677588655028856], "(0.0, 0.0, 1.0)": [19.706123027355073, 19.159434478628913, 20.08922928026337, 19.62899877288305, 18.76002861239483, 20.36199985137072, 18.75814581132599, 18.75804331519594, 20.36200358792324], "(5.0, 1.0, 0.0)": [59.147611767776205, 88.46692954562315, 120.94898702174596, 89.2011991017917, 97.01939267017232, 76.61551214198165, 81.52500712969658, 96.0060533766054, 25.47563929505108], "(5.0, 0.0, 0.0)": [80.33440115905587, 23.100010976558348, 71.5357654856998, 81.27282238340752, 22.45073030665006, 73.34451091915544, 74.09693579988652, 28.316135267280266, 63.49811001115595], "(6.0, 1.0, 0.0)": [0.0, 0.0, 0.0, 0.0, 62.27312885909423, 0.07320435862500002, 0.0, 0.0, 0.045301875000000005], "(6.0, 0.0, 0.0)": [0.0, 0.0, 0.036375000000000005, 0.0, 31.716036898225518, 0.0, 0.0, 0.0, 0.0]}}}