{"timestamp": 1764017102, "iso": "2025-11-24T20:45:02Z", "episode": 45, "games_in_episode": 1, "stats": {"total_messages": 3229, "total_updates": 3216, "total_reward": -148.59999999999215, "action_counts": [339, 470, 347, 297, 271, 398, 357, 283, 467], "state_visits": {"(3.0, 0.0, 0.0)": 739, "(3.0, 1.0, 0.0)": 307, "(4.0, 1.0, 0.0)": 75, "(4.0, 0.0, 0.0)": 137, "(5.0, 0.0, 0.0)": 2, "(0.0, 0.0, 1.0)": 481, "(5.0, 1.0, 0.0)": 1, "(1.0, 0.0, 1.0)": 464, "(0.0, 1.0, 1.0)": 124, "(2.0, 0.0, 0.0)": 400, "(2.0, 1.0, 0.0)": 315, "(1.0, 1.0, 1.0)": 171}, "state_action_prob_sums": {"(3.0, 1.0, 0.0)": [1055.5293377657163, 877.6752346572322, 1038.1973290398053, 829.3423011962118, 896.818088186038, 1032.2701939526496, 1179.7708828807924, 1015.4133842811658, 914.0495416981431], "(3.0, 0.0, 0.0)": [1805.208757049332, 1915.8557877115463, 1825.1756294797829, 1756.9588628911479, 1715.9208695330062, 1544.9018511359864, 1762.0132059930309, 1760.092807722078, 2065.0452246249793], "(4.0, 1.0, 0.0)": [180.09964469032695, 266.21200833426974, 295.8771329148032, 169.99155822483792, 269.1339624792544, 283.5716417576898, 197.70850289289373, 296.6081153500178, 229.45111965941524], "(2.0, 1.0, 0.0)": [1060.0689079244355, 710.4811577768835, 842.0204883707089, 777.9179700303139, 752.9440010084786, 764.7271378496274, 704.6392769904553, 662.5692540227463, 779.5383288277075], "(2.0, 0.0, 0.0)": [1443.7722422485801, 1582.5033871037779, 1279.846097019443, 1179.339444427696, 1404.9015327136801, 1498.928766045028, 1325.5859495870675, 1121.4152097080096, 1348.3964640236152], "(1.0, 1.0, 1.0)": [713.8463382159491, 675.0797184289673, 441.76896471729805, 625.1256634218836, 646.9182401304067, 490.9662712496957, 590.49209740524, 774.8763533395869, 616.4056319171123], "(1.0, 0.0, 1.0)": [1047.62908276242, 1179.5270555930933, 1002.1110540715565, 791.3715563564269, 1032.9460695630228, 972.7891043277343, 1011.0463223358157, 1121.378949447341, 1209.8124004761657], "(0.0, 1.0, 1.0)": [364.4350467879264, 467.08742381937867, 374.66944552693093, 516.6996756575759, 570.1167026232135, 580.267584081693, 462.71115098425423, 408.24087944313095, 594.3906628115055], "(4.0, 0.0, 0.0)": [435.60233780874154, 523.2292427888783, 752.3343528980663, 633.6888170349253, 467.25900809486154, 430.07330274515704, 464.0288231921771, 397.50894551421925, 487.42699403130723], "(0.0, 0.0, 1.0)": [789.8057001990624, 978.0526796796256, 710.7784776203823, 871.8371850590219, 691.9667973389505, 905.7666112456626, 643.6429489770377, 809.996202077983, 558.1931138749936], "(5.0, 1.0, 0.0)": [2.0408909150288927, 0.0, 0.1111111111111111, 0.9284000615540022, 0.0, 0.0, 0.0, 6.481059874788989, 0.1111111111111111], "(5.0, 0.0, 0.0)": [16.748599407223406, 0.2222222222222222, 0.2222222222222222, 10.993269770687991, 0.3333333333333333, 0.3333333333333333, 1.0050803988242651, 0.2222222222222222, 0.2222222222222222]}, "state_action_visits": {"(3.0, 1.0, 0.0)": 17017, "(3.0, 0.0, 0.0)": 31479, "(4.0, 1.0, 0.0)": 4144, "(2.0, 1.0, 0.0)": 13637, "(2.0, 0.0, 0.0)": 23566, "(1.0, 1.0, 1.0)": 10872, "(1.0, 0.0, 1.0)": 17734, "(0.0, 1.0, 1.0)": 8406, "(4.0, 0.0, 0.0)": 8732, "(0.0, 0.0, 1.0)": 13114, "(5.0, 1.0, 0.0)": 17, "(5.0, 0.0, 0.0)": 58}}, "meta": {"recent_avg_return": -226.7323863636342, "epsilon": 0.20554993075174754, "q_summary": {"(3.0, 1.0, 0.0)": [22.660313879530065, 21.143830082732826, 21.57364299933589, 21.449012282579066, 20.912967758969657, 21.12314691472526, 21.23826638748868, 21.9202326385594, 21.594473564641973], "(3.0, 0.0, 0.0)": [30.4420741692639, 21.90880299862703, 30.441085496410043, 30.604812370520666, 31.213566551416733, 33.06093122484792, 30.442353807251628, 30.541841696568238, 30.441056726869054], "(4.0, 1.0, 0.0)": [27.659207022966097, 53.019879705472334, 27.629570491415087, 71.77072528104222, 27.629996779954713, 27.62967145327696, 27.73854907014588, 41.896865735550634, 30.00496792367513], "(2.0, 1.0, 0.0)": [19.423026445798836, 20.05967065767346, 17.067293408003685, 21.914501733559632, 18.16056607428318, 19.697814799416342, 18.13563039728753, 18.14162780586134, 20.252514924649574], "(2.0, 0.0, 0.0)": [16.769882007095482, 19.330698247575942, 17.953944349631467, 16.766505937179772, 16.766594756524192, 16.76650593633406, 16.784792356898087, 16.443780601584628, 18.197289061232674], "(1.0, 1.0, 1.0)": [20.01904227875894, 20.03178253444893, 20.390350394686024, 24.261132924285224, 20.127063929522762, 20.032448507732123, 20.03744437532738, 21.746502754835795, 20.03178253444902], "(1.0, 0.0, 1.0)": [16.468449120828808, 16.462962106862374, 16.8140591091844, 20.584712060351343, 16.462979538590584, 16.46303246884737, 16.46231613326467, 14.635763383062429, 16.529274211523735], "(0.0, 1.0, 1.0)": [24.14978212924587, 24.149411395984323, 24.666844125122346, 26.221983404599012, 25.703085608818384, 25.703125661803067, 26.222186299886886, 26.217434445642354, 24.149504066178395], "(4.0, 0.0, 0.0)": [42.43262589859102, 45.18342116063257, 45.89586246994018, 38.58671124657117, 35.41337274841153, 42.295040816024944, 34.44426972800719, 42.295085088805955, 42.98559706098595], "(0.0, 0.0, 1.0)": [20.59136660866903, 20.155484290782024, 16.89690021699189, 22.004264835550543, 18.373868346916225, 19.142029784788495, 20.491118760541745, 19.263648046051394, 25.273501790109112], "(5.0, 1.0, 0.0)": [55.0750630025141, 0.0, 46.07651111545151, 83.10809080008147, 66.42895683760132, 42.62087374932679, 52.26081187612583, 74.76351314378299, 0.0], "(5.0, 0.0, 0.0)": [64.82597406013963, 10.64300996375535, 55.39717835745796, 70.58802611580461, 2.9119699831795103, 67.1721263346753, 53.530992160210836, 4.813331859320014, 58.506335128580616]}}}