{"timestamp": 1764015561, "iso": "2025-11-24T20:19:21Z", "episode": 2, "games_in_episode": 1, "stats": {"total_messages": 3351, "total_updates": 3339, "total_reward": -306.5250000000034, "action_counts": [393, 369, 390, 367, 408, 354, 363, 354, 353], "state_visits": {"(3.0, 0.0, 0.0)": 1015, "(3.0, 1.0, 0.0)": 266, "(4.0, 0.0, 0.0)": 185, "(2.0, 0.0, 0.0)": 432, "(2.0, 1.0, 0.0)": 510, "(1.0, 1.0, 1.0)": 357, "(1.0, 0.0, 1.0)": 220, "(0.0, 1.0, 1.0)": 154, "(0.0, 0.0, 1.0)": 200}, "state_action_prob_sums": {"(3.0, 1.0, 0.0)": [24.12444444444442, 24.648888888888862, 32.69777777777776, 28.20888888888888, 18.626666666666647, 13.77777777777777, 21.959999999999983, 32.79555555555553, 15.995555555555542], "(3.0, 0.0, 0.0)": [66.76444444444478, 59.92888888888908, 37.41777777777781, 44.240000000000094, 45.00888888888895, 42.75555555555564, 67.88888888888917, 44.65333333333341, 64.32000000000022], "(4.0, 1.0, 0.0)": [28.777777777777803, 6.999999999999998, 1.2222222222222225, 6.11111111111111, 1.7777777777777781, 5.8888888888888875, 4.111111111111111, 2.555555555555556, 0.6666666666666667], "(2.0, 1.0, 0.0)": [34.920000000000016, 82.45333333333366, 13.80888888888888, 25.968888888888866, 13.337777777777763, 35.54222222222225, 15.715555555555541, 18.111111111111097, 31.408888888888857], "(2.0, 0.0, 0.0)": [32.94666666666664, 77.55555555555586, 35.45333333333334, 15.964444444444435, 16.279999999999987, 29.746666666666634, 24.053333333333313, 17.142222222222205, 10.608888888888877], "(1.0, 1.0, 1.0)": [11.755555555555546, 19.648888888888873, 30.24444444444441, 12.595555555555547, 15.16888888888888, 26.617777777777775, 19.333333333333318, 43.328888888889075, 12.937777777777772], "(1.0, 0.0, 1.0)": [12.226666666666661, 6.293333333333333, 33.271111111111125, 20.746666666666652, 9.755555555555555, 15.41777777777777, 5.888888888888885, 3.915555555555556, 3.804444444444445], "(0.0, 1.0, 1.0)": [0.6666666666666667, 1.3422222222222224, 0.3333333333333333, 7.208888888888889, 34.155555555555544, 2.1111111111111116, 0.7777777777777779, 10.431111111111104, 4.839999999999996], "(4.0, 0.0, 0.0)": [4.275555555555554, 8.217777777777775, 13.195555555555549, 6.30222222222222, 2.3511111111111114, 4.719999999999999, 5.053333333333331, 9.808888888888887, 8.448888888888886], "(0.0, 0.0, 1.0)": [4.951111111111108, 0.7777777777777779, 4.497777777777776, 3.711111111111111, 33.61777777777776, 0.8888888888888891, 6.755555555555554, 11.382222222222216, 7.653333333333329]}, "state_action_visits": {"(3.0, 1.0, 0.0)": 624, "(3.0, 0.0, 0.0)": 1386, "(4.0, 1.0, 0.0)": 167, "(2.0, 1.0, 0.0)": 815, "(2.0, 0.0, 0.0)": 764, "(1.0, 1.0, 1.0)": 583, "(1.0, 0.0, 1.0)": 329, "(0.0, 1.0, 1.0)": 174, "(4.0, 0.0, 0.0)": 186, "(0.0, 0.0, 1.0)": 203}}, "meta": {"recent_avg_return": -453.3000000000143, "epsilon": 0.49, "q_summary": {"(3.0, 1.0, 0.0)": [2.5315438543140143, 0.35062699210683335, 2.102253305365047, 6.806928628035271, 2.5894967014101917, 2.557854721116603, 2.5307498477585733, 2.589508557371238, 2.7019709728857806], "(3.0, 0.0, 0.0)": [2.6246452524611685, 2.577596079542408, 8.32338069845453, 2.698303573447049, 2.781523919175023, 2.6307514159954186, 2.7832272640138904, 2.8216938635178064, 2.663866689185116], "(4.0, 1.0, 0.0)": [0.3107636070375185, 0.3105580797141442, 0.3091032862818082, 0.31019497683719705, 4.117626474169471, 0.3108007635609347, 4.118045024040099, 0.310433003519653, 0.30899770709233165], "(2.0, 1.0, 0.0)": [7.7327259011700225, 0.3124999998495124, 0.31249999983903226, 8.912310872967062, 6.625127130114308, -35.3208250648132, 6.246369502312998, 0.312499999733, 6.625127130084287], "(2.0, 0.0, 0.0)": [7.569756842661899, 6.806428800995336, 6.257293654205794, 6.805926978277194, 4.0772507508845415, 7.112850002357577, 5.554026589488119, 4.13706534573467, 6.54481526402202], "(1.0, 1.0, 1.0)": [4.587033334667495, 4.38391085550192, 4.560711389652478, 1.2373662872698308, 4.671755470005634, 4.323243339667434, 4.383151109043551, 4.565658330197878, 1.2931597306992186], "(1.0, 0.0, 1.0)": [6.291618260337257, 5.90747712709759, 1.702464036357532, 5.921910273624036, 5.90160688654307, 6.3873260822991185, 5.901344186288505, 5.901417093684068, 5.9963613962717845], "(0.0, 1.0, 1.0)": [0.3098825808926741, 0.30887109774499627, 0.22480738183172144, 0.3100845097165647, 0.31022932143798637, 0.30656823412023915, 0.2717589538085555, 0.3096153135883388, 0.30854067075414887], "(4.0, 0.0, 0.0)": [0.30849663854248927, 6.4643999788119215, 0.3100067404413622, 0.3088951038747045, 5.216226243168931, 0.30898328846988743, 5.288271148761943, 0.30949948449410325, 0.3057977118478816], "(0.0, 0.0, 1.0)": [0.31185850242403246, 0.3105423421918356, 0.3117745298857564, 0.3091022209054157, 0.31226997939625317, 0.31194843784598947, 0.31112278739096394, 0.31206432023584185, 0.31216480009493736]}}}