{"timestamp": 1764017784, "iso": "2025-11-24T20:56:24Z", "episode": 64, "games_in_episode": 1, "stats": {"total_messages": 3029, "total_updates": 3017, "total_reward": -294.5749999999853, "action_counts": [276, 242, 355, 200, 307, 518, 454, 367, 310], "state_visits": {"(3.0, 1.0, 0.0)": 268, "(3.0, 0.0, 0.0)": 742, "(4.0, 0.0, 0.0)": 366, "(5.0, 0.0, 0.0)": 1, "(0.0, 0.0, 1.0)": 87, "(0.0, 1.0, 1.0)": 329, "(2.0, 0.0, 0.0)": 551, "(1.0, 0.0, 1.0)": 191, "(1.0, 1.0, 1.0)": 333, "(2.0, 1.0, 0.0)": 149}, "state_action_prob_sums": {"(3.0, 1.0, 0.0)": [1406.2733378255582, 1285.699593716429, 1577.8765650153719, 1389.0039881352939, 1364.6288564915537, 1468.5671832997737, 1584.8982712897903, 1236.3854980169472, 1554.230945148034], "(3.0, 0.0, 0.0)": [3226.1348079090685, 2721.1739571140865, 3274.214302093198, 2603.648158406511, 2838.3472881268563, 2820.6240969887667, 3225.9224561005453, 3305.9039581620646, 3198.1338790503046], "(4.0, 1.0, 0.0)": [268.3401011201282, 341.7674329777591, 476.496119004654, 290.5299844244486, 468.8890994898784, 316.9346255760375, 281.92015622002134, 471.01011116315766, 264.42370682099516], "(2.0, 1.0, 0.0)": [1513.0297730791121, 926.5742420741141, 1211.2688674835472, 1369.82390615571, 1044.5879006289726, 1063.4586208356834, 1135.1286239690057, 976.6289972420559, 1260.8689082377887], "(2.0, 0.0, 0.0)": [2474.4741092189774, 2730.1039505582403, 2483.8326402112016, 1916.3948122480829, 2670.0546648168897, 2091.925621734689, 2698.799842183135, 2079.2626264992887, 1982.8963765321116], "(1.0, 1.0, 1.0)": [1144.0279540735526, 1124.6818430109363, 693.3246420890058, 889.9749093406311, 918.1173567098875, 946.230682627837, 853.5359702172657, 1223.586613654316, 888.9252363197536], "(1.0, 0.0, 1.0)": [2377.908030100921, 1832.5153266806558, 1777.486632802704, 1504.8999530743192, 1682.8967850056533, 1254.0688253564795, 1558.6928028037978, 1728.1336132334327, 1921.8872812603038], "(0.0, 1.0, 1.0)": [631.6588855401086, 696.8006523124033, 765.0449387745591, 661.9369299993365, 1121.241559258513, 828.4950957100114, 787.734736895698, 831.0734087328519, 862.9957338320936], "(4.0, 0.0, 0.0)": [913.9912832796647, 734.1455370101903, 1016.048273286031, 1023.2366291585407, 693.7817376253856, 667.7593389941051, 842.4299133968486, 549.1592634595997, 917.4777057115932], "(0.0, 0.0, 1.0)": [1421.9603472812532, 1602.732413577684, 1439.5651430760174, 1213.1940328751143, 1111.2269908964486, 1464.41286152894, 1280.502699464118, 1208.2393868438178, 1028.6233483456467], "(5.0, 1.0, 0.0)": [2.0408909150288927, 1.7352923839977468, 0.1111111111111111, 5.154289913748126, 0.0, 0.0, 0.0, 6.481059874788989, 0.1111111111111111], "(5.0, 0.0, 0.0)": [16.748599407223406, 0.3333333333333333, 0.2222222222222222, 32.35634835365825, 0.3333333333333333, 0.4444444444444444, 1.0050803988242651, 0.3333333333333333, 0.3333333333333333]}, "state_action_visits": {"(3.0, 1.0, 0.0)": 22607, "(3.0, 0.0, 0.0)": 46717, "(4.0, 1.0, 0.0)": 5562, "(2.0, 1.0, 0.0)": 18404, "(2.0, 0.0, 0.0)": 35899, "(1.0, 1.0, 1.0)": 15157, "(1.0, 0.0, 1.0)": 26429, "(0.0, 1.0, 1.0)": 12346, "(4.0, 0.0, 0.0)": 12544, "(0.0, 0.0, 1.0)": 19764, "(5.0, 1.0, 0.0)": 24, "(5.0, 0.0, 0.0)": 87}}, "meta": {"recent_avg_return": -191.03649999999544, "epsilon": 0.1400273187383411, "q_summary": {"(3.0, 1.0, 0.0)": [34.5524149334286, 34.84193482003547, 34.118256501084794, 33.60937291021429, 36.27508874193352, 33.39808237319065, -29.131729584457723, 34.65875665909401, 34.65169339341999], "(3.0, 0.0, 0.0)": [53.880229505540214, 53.86566645622872, 57.289100377655735, 31.073228051163756, 58.52246354209662, 53.879023555163144, 53.87902236485747, 55.73534155831872, 53.866803649397205], "(4.0, 1.0, 0.0)": [53.39020811196381, 65.5214200774411, 65.01603648730836, 65.01605502014985, 63.68061070384001, 70.64242925345182, 66.29117486643818, 65.74685874884881, 65.12184593407878], "(2.0, 1.0, 0.0)": [27.971421588073785, 26.798773365020057, 26.167142394011186, 25.962371877767815, 25.771439986720104, 25.642498166966586, 25.758720291743163, 25.758720291691695, 26.105093943052335], "(2.0, 0.0, 0.0)": [22.41724004292537, 22.341141262956693, 27.88910229873968, 24.255554283565733, 22.35768465570868, 23.45789937305013, 22.61955729892289, 22.628151475816228, 22.344476305850034], "(1.0, 1.0, 1.0)": [18.718418723936214, 18.789374112292606, 6.836731901916583, 18.699839407556848, 31.828249886771314, 19.09438144250312, 18.704735482912774, 6.837436516700974, 19.073980569755452], "(1.0, 0.0, 1.0)": [21.6591243827338, 20.156074236408404, 21.31083962723274, 21.651909192098067, 22.028242501692283, 21.67940688422778, 21.52234126631135, 21.7635324102746, 21.593243339609295], "(0.0, 1.0, 1.0)": [2.7939828777054903, 2.6444084454638768, 2.7840806114006513, 2.7840808310488834, 2.642617956271108, 2.626208584735955, 2.5980794271074594, -36.832383912573775, 2.672414059908255], "(4.0, 0.0, 0.0)": [74.72778043559069, 68.88501820919862, 68.77455800074344, 68.86705440602864, 68.7803716961808, 70.2628650972236, 63.635946898470024, 68.867577127741, 64.85942573234465], "(0.0, 0.0, 1.0)": [1.670723150064944, 3.0761717739644197, 1.6597127222504566, 2.9352477491474636, 1.6708158691014634, 1.6116796114500391, 1.659736350296329, 1.670709359418201, 1.6596800723298395], "(5.0, 1.0, 0.0)": [55.0750630025141, 83.25115325241079, 46.07651111545151, 83.10809080008147, 72.41011991068501, 74.36797042440321, 57.21998093615388, 74.76351314378299, 0.0], "(5.0, 0.0, 0.0)": [56.58032775698848, 10.64300996375535, 63.87800783471086, 70.01999615926925, 5.037503550264587, 64.44406266034318, 53.53840879485571, 4.228181056255587, 64.44303409706129]}}}