{"timestamp": 1764016370, "iso": "2025-11-24T20:32:50Z", "episode": 24, "games_in_episode": 1, "stats": {"total_messages": 2861, "total_updates": 2849, "total_reward": -231.77499999998753, "action_counts": [381, 262, 376, 267, 283, 339, 292, 349, 312], "state_visits": {"(3.0, 0.0, 0.0)": 451, "(3.0, 1.0, 0.0)": 395, "(4.0, 0.0, 0.0)": 238, "(4.0, 1.0, 0.0)": 229, "(5.0, 0.0, 0.0)": 5, "(0.0, 0.0, 1.0)": 229, "(2.0, 0.0, 0.0)": 468, "(2.0, 1.0, 0.0)": 196, "(1.0, 0.0, 1.0)": 426, "(0.0, 1.0, 1.0)": 197, "(1.0, 1.0, 1.0)": 15}, "state_action_prob_sums": {"(3.0, 1.0, 0.0)": [374.56124439740785, 422.47960217232367, 531.4526679494807, 505.9360944651334, 411.89126581469736, 453.2413039285013, 432.16193117547704, 339.3145709457163, 346.8908439722377], "(3.0, 0.0, 0.0)": [892.8129237667193, 804.7993702848051, 773.5969376437023, 843.8536705974789, 835.8462738319784, 690.8850906517184, 827.6729441458428, 808.591965041523, 920.6946732797477], "(4.0, 1.0, 0.0)": [87.27110840623371, 102.39733238778975, 108.95216538725282, 92.63757337831852, 107.27479760264102, 77.2350579201774, 90.12340922622622, 125.38932004728359, 81.66207528917393], "(2.0, 1.0, 0.0)": [447.89773218163094, 412.338864201224, 292.44767463376, 271.39382642122877, 310.0095875045096, 326.1030998069793, 359.04302808668, 351.6200047417816, 365.72420103432023], "(2.0, 0.0, 0.0)": [636.0097159943722, 765.6978152010846, 563.7162159130243, 701.3661518701152, 534.408551038648, 749.6101254159739, 575.7454427986722, 484.51792189972406, 503.6693584857751], "(1.0, 1.0, 1.0)": [367.53995291640877, 225.9248853887113, 235.11452796427383, 272.30395405414305, 251.98211712489817, 296.7596210158625, 292.00664158364384, 272.47946523126365, 314.32677946714966], "(1.0, 0.0, 1.0)": [522.0535334343444, 354.6790024455491, 399.26213918091105, 402.3032119801951, 485.09436015091643, 376.74136954565256, 432.6431032391365, 453.84882534428357, 608.1557756733595], "(0.0, 1.0, 1.0)": [164.91240534423176, 216.79121333916498, 177.7549059007913, 144.4030942476417, 345.76599749683174, 264.8487254286395, 249.62919387308094, 201.57187866664427, 331.6614997855236], "(4.0, 0.0, 0.0)": [188.7035107085607, 232.44407798233337, 255.4784792433052, 213.7843183007223, 154.74097280665663, 143.797137963056, 195.98579775966516, 170.00173885611005, 195.70620573009037], "(0.0, 0.0, 1.0)": [314.0867952031853, 246.22615483349568, 367.60490891986956, 284.97988385989873, 300.9151003203147, 378.2500395578977, 298.6498623643069, 376.06508168095985, 243.9639109369707], "(5.0, 1.0, 0.0)": [2.0408909150288927, 0.0, 0.0, 0.0, 0.0, 0.0, 0.0, 2.59817195979525, 0.0], "(5.0, 0.0, 0.0)": [0.795377777777778, 0.1111111111111111, 0.0, 7.955002048368566, 0.2222222222222222, 0.2222222222222222, 0.6717470654909317, 0.1111111111111111, 0.1111111111111111]}, "state_action_visits": {"(3.0, 1.0, 0.0)": 8723, "(3.0, 0.0, 0.0)": 17026, "(4.0, 1.0, 0.0)": 2015, "(2.0, 1.0, 0.0)": 7160, "(2.0, 0.0, 0.0)": 12583, "(1.0, 1.0, 1.0)": 5926, "(1.0, 0.0, 1.0)": 8967, "(0.0, 1.0, 1.0)": 4692, "(4.0, 0.0, 0.0)": 4020, "(0.0, 0.0, 1.0)": 6296, "(5.0, 1.0, 0.0)": 8, "(5.0, 0.0, 0.0)": 23}}, "meta": {"recent_avg_return": -240.25108695652105, "epsilon": 0.3141736410760603, "q_summary": {"(3.0, 1.0, 0.0)": [-32.023921375213206, 21.926297512209665, 12.836438906765267, 21.85451474385574, 21.824719427572127, 21.854090829397144, 23.700330286171052, 21.97143193704902, 23.440818904941352], "(3.0, 0.0, 0.0)": [23.06606094661245, 23.05022041745712, 22.496931571485444, 22.615414433633884, 22.96019884948905, 21.997383188014883, 22.61330803266302, 17.942548117873997, 24.38720304854552], "(4.0, 1.0, 0.0)": [19.89174473025404, 20.01541885884434, 6.808009947277981, 19.910778411045204, 20.633701871813415, 20.33706160523258, 20.336790842920813, 21.614976506814447, 22.55392372469696], "(2.0, 1.0, 0.0)": [8.255104861473967, 8.583166186101316, 26.017553504603345, 8.582301350631672, 8.588043790031497, 8.421738520692788, 8.582301701243585, 8.607395334748082, 8.58230135038292], "(2.0, 0.0, 0.0)": [16.688171070756074, 14.32829428082637, 13.818140945884316, 14.499521129638577, 14.84842986834509, 13.691317267374664, 14.509507900653418, 14.677484447640815, 14.620387500411212], "(1.0, 1.0, 1.0)": [12.194008107370692, 13.202102277209029, 12.709059677367302, 12.23865938963407, 12.71909608359302, 12.851009303908093, 12.232554494478787, 12.854227813426283, 12.58527349624794], "(1.0, 0.0, 1.0)": [15.774568632866815, 15.453979741910798, 12.035750991916341, 15.749039519830944, 15.451786159976631, 15.451000587328172, 16.767391307049014, 16.4062653198087, 15.362881022471452], "(0.0, 1.0, 1.0)": [11.747665628811031, 11.532673016834451, 11.541131561347681, 11.537662741953433, 11.53416523611244, 11.543953016140783, 11.532673004980026, 11.61176269564799, 12.508340220603756], "(4.0, 0.0, 0.0)": [47.947008135290744, 45.89006112190059, 46.6238669616385, 45.83201537825204, 45.922104992625165, 49.78548983257078, 48.50593582044449, 46.933507973285906, 31.372187702500156], "(0.0, 0.0, 1.0)": [9.58303332795136, 9.1839395502329, 9.589411791683464, 9.18062215472074, 9.589447906970518, 7.951523836850589, 11.046857690112159, 9.791083750609136, 9.635776697564927], "(5.0, 1.0, 0.0)": [55.0750630025141, 0.0, 0.0, 42.84237601550592, 49.625091220798545, 0.0, 37.73437499987857, 61.74220833235766, 0.0], "(5.0, 0.0, 0.0)": [53.15154276209251, 4.651323306415701, 55.85760672093123, 60.70824723246419, 3.5123178047537564, 51.0175198222972, 53.79489421209727, 4.420039427736981, 41.90744059040029]}}}