{"timestamp": 1764017216, "iso": "2025-11-24T20:46:56Z", "episode": 48, "games_in_episode": 1, "stats": {"total_messages": 3858, "total_updates": 3846, "total_reward": -213.8499999999828, "action_counts": [487, 531, 392, 486, 413, 273, 468, 378, 430], "state_visits": {"(3.0, 1.0, 0.0)": 212, "(3.0, 0.0, 0.0)": 850, "(4.0, 0.0, 0.0)": 300, "(2.0, 0.0, 0.0)": 912, "(2.0, 1.0, 0.0)": 151, "(1.0, 1.0, 1.0)": 397, "(1.0, 0.0, 1.0)": 511, "(0.0, 1.0, 1.0)": 329, "(0.0, 0.0, 1.0)": 184}, "state_action_prob_sums": {"(3.0, 1.0, 0.0)": [1120.1360787437773, 926.30407139189, 1125.1390886240013, 858.7687646233475, 1000.5205456651634, 1041.3108328611356, 1276.5514507988592, 1018.1267974780596, 953.7944962874625], "(3.0, 0.0, 0.0)": [2079.215136016904, 2170.537151000721, 1963.063995027115, 1795.9576935261532, 2027.9720181261905, 1664.3866528406832, 1842.1964463252689, 2104.9468942147355, 2291.7335378895746], "(4.0, 1.0, 0.0)": [180.4329780236603, 310.3742426632547, 327.98683439678524, 217.00754121880033, 269.911740257032, 283.90497509102306, 198.37516955956042, 312.2273306718922, 229.78445299274858], "(2.0, 1.0, 0.0)": [1122.9690860918827, 735.2941668029778, 924.0071300115573, 832.5729062589793, 780.2422343504184, 791.6132043443268, 749.2923187845124, 694.7793232061254, 815.7779100002577], "(2.0, 0.0, 0.0)": [1543.1763102983898, 1855.6742349761064, 1468.468062526677, 1365.0738750302978, 1608.214142236871, 1555.959124377159, 1636.428146994203, 1206.0697587153543, 1555.5546606442088], "(1.0, 1.0, 1.0)": [796.1118071502409, 688.6803338127895, 527.7406626032241, 811.6365409314003, 705.9414627266157, 492.96627124969524, 614.5156772617273, 780.0921803078678, 625.585458047429], "(1.0, 0.0, 1.0)": [1214.0408195750647, 1290.715215633786, 1114.0755605766728, 960.8445813963313, 1148.799896975975, 1027.517880168675, 1169.434869649227, 1212.2848525803029, 1320.0885605991082], "(0.0, 1.0, 1.0)": [464.7271742148818, 563.1170955973465, 456.5670820847378, 547.7311154662259, 639.8389987455653, 630.1617125548306, 573.8535926089064, 423.0065621094962, 639.6706437696789], "(4.0, 0.0, 0.0)": [444.57861213634516, 584.9903042159495, 785.2892534027653, 669.9609380409364, 468.4812303170835, 522.9621388371976, 502.04107381517946, 436.73563573638694, 548.4834044893854], "(0.0, 0.0, 1.0)": [883.7220867880336, 1037.2723645694157, 798.8698847690146, 1001.8679574272832, 739.046665526796, 939.0195581904965, 695.8743754296794, 878.6103455933309, 702.6768398095455], "(5.0, 1.0, 0.0)": [2.0408909150288927, 0.0, 0.1111111111111111, 0.9284000615540022, 0.0, 0.0, 0.0, 6.481059874788989, 0.1111111111111111], "(5.0, 0.0, 0.0)": [16.748599407223406, 0.2222222222222222, 0.2222222222222222, 13.46684269470405, 0.3333333333333333, 0.3333333333333333, 1.0050803988242651, 0.2222222222222222, 0.2222222222222222]}, "state_action_visits": {"(3.0, 1.0, 0.0)": 17730, "(3.0, 0.0, 0.0)": 34095, "(4.0, 1.0, 0.0)": 4353, "(2.0, 1.0, 0.0)": 14196, "(2.0, 0.0, 0.0)": 25936, "(1.0, 1.0, 1.0)": 11563, "(1.0, 0.0, 1.0)": 19320, "(0.0, 1.0, 1.0)": 9270, "(4.0, 0.0, 0.0)": 9266, "(0.0, 0.0, 1.0)": 14158, "(5.0, 1.0, 0.0)": 17, "(5.0, 0.0, 0.0)": 61}}, "meta": {"recent_avg_return": -220.04680851063546, "epsilon": 0.19346195042409878, "q_summary": {"(3.0, 1.0, 0.0)": [28.225220927539198, 28.171741341608154, 28.128761658471895, 28.225220927532362, 30.60929692920545, 28.187378487574687, 28.223540730854793, 28.187378452117184, -30.425286870200864], "(3.0, 0.0, 0.0)": [18.063368771324313, 25.913030255065475, 20.120411972753104, 25.96004826593955, 27.887452172548542, 26.26741810414747, 28.008127907540345, 19.609188994540787, 26.599644375328232], "(4.0, 1.0, 0.0)": [56.031732481957796, 52.839262813792715, 55.97984801144487, 56.045900429075516, 53.44989235668699, 53.54548894988329, 46.688172428694315, 57.16576261561845, 56.543574634372725], "(2.0, 1.0, 0.0)": [15.732695837758971, 16.083282513481755, 14.688862740889629, 16.728559627335017, 15.219027217945081, 15.381237629669759, 15.246889112479085, 13.019516872446676, 19.266229397288658], "(2.0, 0.0, 0.0)": [15.808826512393814, 13.135733752220506, 13.135680546221256, 13.931175157886472, 13.740237350908565, 18.28326538605338, 13.414442960261509, 14.267933583145723, 14.569120391402034], "(1.0, 1.0, 1.0)": [16.031357951528697, 15.982215076552624, 16.006279173896537, 16.36157481926673, 16.526096894970067, 16.949779071249615, 15.993931207834823, 13.967121772101528, 17.34395110791521], "(1.0, 0.0, 1.0)": [15.902689303746675, 15.958585162691655, 16.579144275337118, 15.951033277933087, 17.25757457206484, 17.001743538069178, 15.902943838972002, 16.597792135586662, 15.984330584706452], "(0.0, 1.0, 1.0)": [12.177590246398111, 12.176746133334087, 12.176748601352836, 13.208419710145584, 12.220558679688562, 12.176746171778282, 12.27154747928713, 12.327154346208637, 12.183357949342376], "(4.0, 0.0, 0.0)": [43.16001943947678, 43.027483980247844, 42.93929200082974, 46.64578148374055, 44.352713628249504, 42.9391191719868, 36.35773993723713, 42.950151092198944, 34.71239675174896], "(0.0, 0.0, 1.0)": [15.14360009979397, 17.693317828819772, 15.18133828986489, 17.47714624144157, 17.192051673789976, 17.45016584716626, 17.48393595242801, 17.48383080715307, 17.524233541677596], "(5.0, 1.0, 0.0)": [55.0750630025141, 0.0, 46.07651111545151, 83.10809080008147, 66.42895683760132, 42.62087374932679, 52.26081187612583, 74.76351314378299, 0.0], "(5.0, 0.0, 0.0)": [68.57948314535301, 10.64300996375535, 62.18184193926028, 70.01999615926925, 2.9119699831795103, 67.1721263346753, 53.530992160210836, 4.813331859320014, 58.506335128580616]}}}