{"timestamp": 1764019213, "iso": "2025-11-24T21:20:13Z", "episode": 104, "games_in_episode": 1, "stats": {"total_messages": 4358, "total_updates": 4346, "total_reward": 34.64999999999972, "action_counts": [406, 408, 627, 464, 312, 579, 554, 486, 522], "state_visits": {"(3.0, 1.0, 0.0)": 127, "(3.0, 0.0, 0.0)": 879, "(4.0, 1.0, 0.0)": 141, "(4.0, 0.0, 0.0)": 334, "(5.0, 1.0, 0.0)": 1, "(0.0, 0.0, 1.0)": 459, "(2.0, 0.0, 0.0)": 851, "(2.0, 1.0, 0.0)": 133, "(5.0, 0.0, 0.0)": 2, "(1.0, 0.0, 1.0)": 781, "(1.0, 1.0, 1.0)": 219, "(0.0, 1.0, 1.0)": 419}, "state_action_prob_sums": {"(3.0, 1.0, 0.0)": [2414.20712070617, 2288.9400056553436, 2613.1403424119057, 2479.5215770437094, 3022.032039798243, 3104.685407395108, 3170.4656016822414, 2606.261878584419, 2520.0583716303095], "(3.0, 0.0, 0.0)": [5633.41647476868, 4864.5700098143925, 5589.420721197947, 5762.331299768574, 6559.4109137705045, 5125.684349449755, 5466.455870340594, 6330.739683958342, 6391.24701420331], "(4.0, 1.0, 0.0)": [776.451208078745, 961.5143141038129, 855.3299282734055, 498.5282644268065, 748.2736444006858, 497.04136860050863, 515.0182571007762, 616.0016715179128, 737.8048461121411], "(2.0, 1.0, 0.0)": [2151.802471264613, 2190.9130096522663, 2436.2628205592428, 2271.342873293633, 1968.9014792949974, 2008.4957180835975, 1637.2798836333768, 2399.005017994271, 2139.022253452363], "(2.0, 0.0, 0.0)": [4179.343200597789, 5901.236012012291, 4960.460687627608, 3727.2422336357836, 5272.254578838326, 4353.976611024277, 4860.100576464427, 4607.867600498083, 3829.0550793473435], "(1.0, 1.0, 1.0)": [2300.7882628510333, 1591.6293009161561, 1528.4679743636573, 1442.0636043755455, 1641.9453685905776, 1780.9889859242862, 1645.4741570142162, 2019.240609549498, 1608.5803046372735], "(1.0, 0.0, 1.0)": [4687.588529982828, 3059.832595797091, 3537.9488883214417, 3224.6319273741324, 3240.2407285177555, 2743.969844419123, 3325.7041912651835, 3887.5604771134235, 3674.729320121992], "(0.0, 1.0, 1.0)": [1105.751805481368, 1229.282009882009, 1264.7401865472, 1072.456135487462, 1752.381933217026, 1601.3049211092336, 1289.3739631045678, 1742.5145310730943, 1349.882614188169], "(4.0, 0.0, 0.0)": [1976.2167552136314, 1295.4472843675246, 1782.1045905793464, 1614.086034447503, 1388.679099811838, 1414.4548638207136, 1427.6569529868304, 1457.689717520038, 1726.9113261584737], "(0.0, 0.0, 1.0)": [2413.912901501418, 3220.9825425435333, 2798.829955120843, 2345.0397946956755, 2425.7774953907337, 3304.8980668574322, 2669.620254254549, 2138.2670203894413, 2975.320808288533], "(5.0, 1.0, 0.0)": [2.0408909150288927, 15.279044534172334, 1.0389730784348816, 5.154289913748126, 0.0, 0.0, 0.1111111111111111, 11.107721169062264, 0.2222222222222222], "(5.0, 0.0, 0.0)": [16.859710518334516, 0.3333333333333333, 0.3333333333333333, 48.56317907391379, 0.4444444444444444, 4.960979095084174, 9.380955169672015, 0.3333333333333333, 2.1531529704471284], "(6.0, 1.0, 0.0)": [0.9373751319155789, 0.0, 0.0, 0.0, 0.0, 2.8121253957467367, 0.1111111111111111, 0.0, 0.9373751319155789]}, "state_action_visits": {"(3.0, 1.0, 0.0)": 36156, "(3.0, 0.0, 0.0)": 75999, "(4.0, 1.0, 0.0)": 9171, "(2.0, 1.0, 0.0)": 28809, "(2.0, 0.0, 0.0)": 60434, "(1.0, 1.0, 1.0)": 23441, "(1.0, 0.0, 1.0)": 45121, "(0.0, 1.0, 1.0)": 18599, "(4.0, 0.0, 0.0)": 20636, "(0.0, 0.0, 1.0)": 34623, "(5.0, 1.0, 0.0)": 48, "(5.0, 0.0, 0.0)": 125, "(6.0, 1.0, 0.0)": 6}}, "meta": {"recent_avg_return": -197.46449999999692, "epsilon": 0.06241023252584718, "q_summary": {"(3.0, 1.0, 0.0)": [52.56746943184123, 52.55383840499448, -22.37491538502261, 53.0618052402564, 52.56259369074081, 26.789869653086363, 52.554052560149564, 52.773658879760696, 52.55383841995821], "(3.0, 0.0, 0.0)": [47.64893595188344, 47.64666561041737, 47.64666561049539, 51.762680011408065, 47.65023717433974, 47.83854467815097, 29.06940572752504, 46.05396430006493, 47.646665610792105], "(4.0, 1.0, 0.0)": [63.406729088750836, 52.92867291269083, 58.35919076165077, 58.35919076165077, 58.668400705574996, 58.35919076125326, 58.35919076165077, 58.35919076165077, 58.35919076165077], "(2.0, 1.0, 0.0)": [17.907128169515914, 17.910172990712603, 18.309806954858733, 18.29049232499502, 19.437063977400882, 19.437063954280895, 19.037401195572226, 19.437063954280905, 17.932594403724806], "(2.0, 0.0, 0.0)": [22.876985766534915, 21.153535291122626, 22.963968031305022, 21.151955882695752, 19.412533320539684, 21.164856313692155, 22.866296430173826, 21.583134388982174, 21.158589399355417], "(1.0, 1.0, 1.0)": [17.982984859325214, 17.928063048154677, 16.158139674633578, 17.997435968551265, 17.90766686766308, 16.538841537734356, 17.907685751446675, 17.926935013358676, 17.907666867663064], "(1.0, 0.0, 1.0)": [17.65981106521086, 17.783774267791518, 21.076152715553633, 17.785123567904282, 17.71384415038392, 17.716828550825575, 19.22700451128687, 16.230336338434675, 21.076152715553633], "(0.0, 1.0, 1.0)": [15.58163228566278, 15.577840199141939, 14.65695790469212, 14.968946697412102, 14.656967458216217, 14.656960245295117, 14.656958041612967, 15.904302060384136, 14.65699614620465], "(4.0, 0.0, 0.0)": [69.27270613550975, 46.00342799599692, 52.62516302972322, 59.3492557324313, 63.67855660591219, 58.851916704294595, 46.0489974055674, 59.320880255517295, 44.825571174431715], "(0.0, 0.0, 1.0)": [10.816754813085087, 11.509804962459144, 10.774118350649974, 11.683824294184108, 11.282001935321961, 10.774118559674914, 10.784552154970624, 10.958921320281611, 11.442245531816184], "(5.0, 1.0, 0.0)": [59.147611767776205, 88.46692954562315, 99.17824344921738, 67.13854541855017, 121.51020120949335, 76.61551214198165, 57.21998093615388, 131.81473302178267, 25.47563929505108], "(5.0, 0.0, 0.0)": [58.35803170245861, 15.485290884622612, 60.454195520691435, 73.42619163627566, 49.64165181587333, 68.990053898417, 69.91135383465388, 14.861231967356693, 64.44330587416111], "(6.0, 1.0, 0.0)": [0.0, 0.0, 0.0, 0.0, 62.27312885909423, 0.07320435862500002, 0.0, 0.0, 0.045301875000000005]}}}