{"timestamp": 1764018820, "iso": "2025-11-24T21:13:40Z", "episode": 93, "games_in_episode": 1, "stats": {"total_messages": 3565, "total_updates": 3553, "total_reward": -231.17499999998734, "action_counts": [356, 501, 295, 234, 515, 427, 363, 532, 342], "state_visits": {"(3.0, 0.0, 0.0)": 822, "(3.0, 1.0, 0.0)": 204, "(4.0, 0.0, 0.0)": 113, "(4.0, 1.0, 0.0)": 164, "(2.0, 0.0, 0.0)": 727, "(2.0, 1.0, 0.0)": 288, "(1.0, 0.0, 1.0)": 405, "(1.0, 1.0, 1.0)": 327, "(0.0, 0.0, 1.0)": 162, "(0.0, 1.0, 1.0)": 341}, "state_action_prob_sums": {"(3.0, 1.0, 0.0)": [2164.41658991639, 2113.289301056408, 2367.1933201380775, 2268.528236966977, 2492.0954992878565, 2516.693634845136, 2774.4909765304646, 2265.745666039505, 2360.5187965992645], "(3.0, 0.0, 0.0)": [5385.057212233777, 4211.751755887809, 4732.905181184534, 4907.870464725345, 4968.41311409805, 4552.016524167519, 5056.690887622146, 5646.916904388506, 5343.133130288347], "(4.0, 1.0, 0.0)": [460.7321127175118, 928.4186895091914, 737.8663411319502, 433.1925276729004, 639.2778275671, 443.8558745885804, 460.61807277974833, 562.9472464717766, 617.2693004199234], "(2.0, 1.0, 0.0)": [1911.57984329051, 1739.4589537929241, 2017.7347483551703, 1890.4484994495701, 1779.775281921538, 1909.2542861231384, 1443.2726920065209, 2066.301857002856, 2022.7023564032113], "(2.0, 0.0, 0.0)": [3678.194809240178, 4742.922978111379, 4602.948293769541, 3092.968748776073, 4396.31768622338, 3932.501544296103, 4370.222788676585, 3674.9465200073223, 3283.6522806503253], "(1.0, 1.0, 1.0)": [2241.11491830243, 1422.4384788146876, 1152.0797415681193, 1367.1521985490037, 1438.357470845988, 1303.7369071620642, 1405.3381886324999, 1722.5291639843508, 1382.729284475366], "(1.0, 0.0, 1.0)": [3936.7404364360655, 2593.3083640891255, 3101.9552605610434, 2569.1882831557873, 2801.764941137537, 2345.399387593583, 2788.3905440612543, 3021.2553342225965, 3105.674953283541], "(0.0, 1.0, 1.0)": [1032.6124394440728, 1161.488692255811, 1013.5550696141303, 999.6229427036845, 1675.5609332360762, 1554.9468523896735, 1101.252971124458, 1317.3208322288394, 1108.0797664706558], "(4.0, 0.0, 0.0)": [1816.251352366069, 1212.162312103954, 1700.0178393744604, 1336.801209611689, 1355.5435381941866, 1037.2452784405723, 1238.597790995605, 1235.2273011402435, 1570.3281095396808], "(0.0, 0.0, 1.0)": [2104.0386279084546, 2723.2735091421714, 2134.197785274143, 1966.5708311139972, 2137.197131201488, 2910.4150285823694, 2062.8452456440555, 2001.6542373214616, 1970.1582863886856], "(5.0, 1.0, 0.0)": [2.0408909150288927, 14.34294746078909, 1.0389730784348816, 5.154289913748126, 0.0, 0.0, 0.1111111111111111, 8.287194170114617, 0.2222222222222222], "(5.0, 0.0, 0.0)": [16.859710518334516, 0.3333333333333333, 0.3333333333333333, 46.674130598404176, 0.4444444444444444, 4.960979095084174, 3.7686013842117294, 0.3333333333333333, 2.1531529704471284]}, "state_action_visits": {"(3.0, 1.0, 0.0)": 32865, "(3.0, 0.0, 0.0)": 68135, "(4.0, 1.0, 0.0)": 8117, "(2.0, 1.0, 0.0)": 26070, "(2.0, 0.0, 0.0)": 53698, "(1.0, 1.0, 1.0)": 21029, "(1.0, 0.0, 1.0)": 39303, "(0.0, 1.0, 1.0)": 16959, "(4.0, 0.0, 0.0)": 18837, "(0.0, 0.0, 1.0)": 29760, "(5.0, 1.0, 0.0)": 44, "(5.0, 0.0, 0.0)": 117}}, "meta": {"recent_avg_return": -193.1219999999964, "epsilon": 0.07794153740503221, "q_summary": {"(3.0, 1.0, 0.0)": [-25.569971879264415, 47.75419306175647, 45.025436571625264, 44.961679952760484, 48.66132180716513, 47.54882746549267, 44.94210729425708, 47.54936114824418, 47.51955995050954], "(3.0, 0.0, 0.0)": [31.295731285552087, 32.07596232599317, 31.708738055337758, 33.609458029781464, 32.16732315474733, 30.945708333089062, 32.07596232819981, 31.057366339640478, 32.34495967991226], "(4.0, 1.0, 0.0)": [54.58434227566864, 59.302448159699324, 59.00745746712096, 54.859673577580004, 54.58331981493669, 54.58757494920734, 51.61139415063012, 54.77431556920885, 54.583177521033534], "(2.0, 1.0, 0.0)": [42.050323374864085, 41.17177368363676, 44.767150557289895, 41.2111583742214, 38.69165838138685, 23.86159837851245, 41.21077999654076, 41.32312314590855, 41.210832768437065], "(2.0, 0.0, 0.0)": [25.487789010301515, 32.31317908254067, 29.84569685889165, 29.845583800350205, 29.762873348952766, 30.377034708919705, 29.7531247767619, 32.24876456786715, 29.880551775288403], "(1.0, 1.0, 1.0)": [23.131914336102625, 21.90467902221482, 23.005784428949678, 22.651963506199383, 24.235747577451278, 22.66866938295954, -31.814035817794768, 24.54684529431093, 22.646482074853303], "(1.0, 0.0, 1.0)": [29.850021662268194, 29.45516035245018, 25.559026987050306, 29.87211875997368, 29.885991237434066, 30.51904435889881, 29.87633488201477, 32.44710313148203, 29.876296053593215], "(0.0, 1.0, 1.0)": [11.49511925955525, 10.60050971879083, 10.600681147583128, 10.600509719125345, 10.589418011689, 10.60050971879083, 10.600509804486464, 10.60050971879083, 10.600509718954317], "(4.0, 0.0, 0.0)": [47.89287760559438, 51.303556713853084, 48.245327118055386, 48.24275825044333, 42.012297474600054, 47.232331052435654, 49.963873796540454, 47.22427217681418, 47.22429919533885], "(0.0, 0.0, 1.0)": [16.004712521003267, 15.306850826912353, 15.054146269064427, 15.222028170710312, 15.930586821370174, 15.308478009117914, 15.041968824786224, 15.920779147639095, 14.867508683170513], "(5.0, 1.0, 0.0)": [59.147611767776205, 129.94715639055605, 99.17824344921738, 67.13854541855017, 77.28090262026907, 76.61551214198165, 57.21998093615388, 78.99342069968618, 71.82755718020432], "(5.0, 0.0, 0.0)": [58.35803170245861, 10.328939441148057, 60.454195520691435, 73.42619163627566, 49.64165181587333, 67.08062258146542, 81.79713193069679, 17.536893388331304, 64.44330587416111]}}}