{"timestamp": 1764020676, "iso": "2025-11-24T21:44:36Z", "episode": 148, "games_in_episode": 1, "stats": {"total_messages": 4014, "total_updates": 4001, "total_reward": -109.9749999999949, "action_counts": [655, 445, 294, 630, 506, 386, 238, 201, 659], "state_visits": {"(3.0, 1.0, 0.0)": 360, "(3.0, 0.0, 0.0)": 654, "(4.0, 1.0, 0.0)": 158, "(4.0, 0.0, 0.0)": 286, "(5.0, 0.0, 0.0)": 2, "(1.0, 0.0, 1.0)": 683, "(0.0, 0.0, 1.0)": 389, "(1.0, 1.0, 1.0)": 311, "(2.0, 0.0, 0.0)": 702, "(2.0, 1.0, 0.0)": 132, "(0.0, 1.0, 1.0)": 324}, "state_action_prob_sums": {"(3.0, 1.0, 0.0)": [4744.836193971945, 4092.0347966634686, 4211.480264624, 4942.080324050113, 3938.683449734328, 5571.895987637658, 4679.218181827817, 3956.1265930948975, 4164.14014209504], "(3.0, 0.0, 0.0)": [8995.46979686823, 7790.421634516856, 8276.03647242771, 8669.013958070349, 10145.519912324005, 9274.51790064847, 8076.258333237073, 9712.045958709683, 9895.082109070583], "(4.0, 1.0, 0.0)": [1101.7994840376155, 1514.2617632623383, 1565.6643067842317, 980.8767795592103, 939.9764270897846, 783.76989617836, 980.2005806783199, 1383.9384469979052, 1182.4378456949296], "(2.0, 1.0, 0.0)": [3909.994257525862, 3257.268925442779, 2711.032966365169, 3685.2862456042676, 3723.172423558216, 3323.093148201516, 2863.1173051224446, 3012.6299089233894, 3384.56374920655], "(2.0, 0.0, 0.0)": [8101.898333227612, 9629.50368739315, 6908.830972203635, 5986.123085792448, 7528.779065008319, 5909.529559533345, 7203.839946658542, 7122.33315564333, 6753.458237088339], "(1.0, 1.0, 1.0)": [3537.1232796712234, 2422.704638903825, 2554.282871465539, 2930.442935270956, 3448.2459467898702, 2573.8198666837197, 2884.402473186485, 2649.40228780504, 2106.367435686244], "(1.0, 0.0, 1.0)": [6208.929039655295, 4938.997236770125, 8427.036688833688, 5499.363498866242, 4233.533557702997, 3287.719073213834, 4923.947776363888, 5670.028385249246, 5421.732396487639], "(0.0, 1.0, 1.0)": [1881.6624714379627, 2065.813410512897, 2125.5129300092053, 1244.6725781347125, 3500.6585418200953, 2672.197251748721, 1815.1599906431472, 2452.6975508985447, 2215.581837966791], "(4.0, 0.0, 0.0)": [2491.550727072515, 1899.6788201516308, 2451.297644249396, 2519.745742867428, 2192.98770753262, 1863.9578005591245, 2557.656130644211, 2794.298371581011, 2468.2815915519586], "(0.0, 0.0, 1.0)": [3934.4507524379833, 4482.426160696713, 3357.506348740978, 4086.707730481208, 3254.0066522338248, 5430.904785024163, 4680.390957477317, 3656.4734582210685, 5229.554589524159], "(5.0, 1.0, 0.0)": [2.0408909150288927, 15.279044534172334, 10.856023325420203, 5.154289913748126, 0.0, 0.0, 0.1111111111111111, 22.624403943629595, 0.2222222222222222], "(5.0, 0.0, 0.0)": [16.970821629445627, 0.3333333333333333, 0.4444444444444444, 95.25089182082391, 0.4444444444444444, 14.549087988305887, 9.380955169672015, 0.4444444444444444, 2.2642640815582395], "(6.0, 1.0, 0.0)": [0.9373751319155789, 0.0, 0.0, 0.0, 0.0, 2.8121253957467367, 0.1111111111111111, 0.0, 0.9373751319155789], "(6.0, 0.0, 0.0)": [0.9581911388367294, 0.0, 1.9163822776734587, 0.0, 0.0, 0.0, 0.0, 0.0, 0.0]}, "state_action_visits": {"(3.0, 1.0, 0.0)": 53437, "(3.0, 0.0, 0.0)": 107364, "(4.0, 1.0, 0.0)": 13701, "(2.0, 1.0, 0.0)": 40300, "(2.0, 0.0, 0.0)": 85758, "(1.0, 1.0, 1.0)": 33747, "(1.0, 0.0, 1.0)": 63687, "(0.0, 1.0, 1.0)": 26731, "(4.0, 0.0, 0.0)": 28321, "(0.0, 0.0, 1.0)": 49489, "(5.0, 1.0, 0.0)": 71, "(5.0, 0.0, 0.0)": 188, "(6.0, 1.0, 0.0)": 6, "(6.0, 0.0, 0.0)": 3}}, "meta": {"recent_avg_return": -204.41899999999532, "epsilon": 0.02565683794777671, "q_summary": {"(3.0, 1.0, 0.0)": [46.461768654446274, 46.65413442196091, 45.50753022032471, 45.48254680822723, 45.484810579196626, 49.40487380257948, -25.865807708472815, 49.4084060924658, 46.461768654446274], "(3.0, 0.0, 0.0)": [54.3536941796342, 50.03039864518488, 50.030398645263496, 51.11116989376216, 34.777353938235976, 54.28872098511838, 34.77737365167651, 50.030398645263574, 50.030399676017446], "(4.0, 1.0, 0.0)": [65.1272519578974, 65.10517374857838, -21.20466221469958, 66.51701404199984, 63.05137732364614, 70.73931665796817, 66.50248967779386, 65.12552599690534, 65.12736931695667], "(2.0, 1.0, 0.0)": [35.76144072318134, 35.031385538691424, 35.03138555244881, 36.93206616746182, 31.212257530836954, 38.0504190784852, 35.03251548713365, 34.56931697199988, 35.031388164735276], "(2.0, 0.0, 0.0)": [27.28584264734687, 27.271658074219545, 27.34313685024694, 27.93075939043476, 27.343136850212744, 27.342583126434494, 27.930603453969624, 27.930603644817545, 29.69302275783192], "(1.0, 1.0, 1.0)": [26.787706747053775, 26.788267980091593, 29.089898625062354, 32.1669659945712, 26.823626417247983, 26.78770673805649, 29.087802416588243, 26.78901027145158, 28.18582156868676], "(1.0, 0.0, 1.0)": [25.317172443094975, 25.80461180315968, 25.439032283111196, 28.530656779244573, 27.26692988335382, 25.317172443094975, 25.317172444911083, 25.319163219238607, 27.491491785972798], "(0.0, 1.0, 1.0)": [33.960045624783135, 33.96128194017053, 33.965200931181535, 33.95980548469136, 33.961281940172356, 33.960045624783135, 33.96006847864999, 33.96005334945658, 36.885919157372975], "(4.0, 0.0, 0.0)": [59.640025012674855, 59.38998008479062, 58.44891361874582, 55.92332510375708, 55.483792330354156, 59.599399386320954, 59.295859818863185, 59.599977398129745, 54.87174603228909], "(0.0, 0.0, 1.0)": [32.14871546155193, 29.010569666446557, 29.442040454273883, 29.601818224627774, 27.419447177907834, 27.048481645239413, 26.726978649557054, 29.601818224627774, 29.434240785642565], "(5.0, 1.0, 0.0)": [72.90571886078625, 76.4093977042894, 120.94898702174596, 89.2011991017917, 80.99685261636292, 111.16258932595152, 94.2163046534143, 96.0060533766054, 25.47563929505108], "(5.0, 0.0, 0.0)": [83.07975903732095, 29.198055269767696, 78.47091735134074, 80.50386370782125, 22.45073030665006, 78.47091737598262, 74.09693579988652, 35.26847023793283, 63.49811001115595], "(6.0, 1.0, 0.0)": [0.0, 0.0, 0.0, 0.0, 62.27312885909423, 0.07320435862500002, 0.0, 0.0, 0.045301875000000005], "(6.0, 0.0, 0.0)": [0.0, 0.0, 0.036375000000000005, 0.0, 31.716036898225518, 0.0, 0.0, 0.0, 0.0]}}}