{"timestamp": 1764019499, "iso": "2025-11-24T21:24:59Z", "episode": 113, "games_in_episode": 1, "stats": {"total_messages": 3647, "total_updates": 3635, "total_reward": -279.12500000000387, "action_counts": [134, 274, 467, 410, 677, 245, 656, 403, 381], "state_visits": {"(3.0, 0.0, 0.0)": 889, "(3.0, 1.0, 0.0)": 307, "(4.0, 0.0, 0.0)": 200, "(2.0, 0.0, 0.0)": 465, "(2.0, 1.0, 0.0)": 583, "(1.0, 1.0, 1.0)": 344, "(1.0, 0.0, 1.0)": 428, "(0.0, 0.0, 1.0)": 229, "(0.0, 1.0, 1.0)": 190}, "state_action_prob_sums": {"(3.0, 1.0, 0.0)": [2747.6383978119575, 2560.6485969586656, 3147.26066502605, 2748.805547070544, 3216.657254879827, 3355.0916318068344, 3415.059579118596, 2876.9470910585014, 3163.5523204615415], "(3.0, 0.0, 0.0)": [6042.076834593018, 5665.630940884886, 5925.379457184482, 6439.173696340104, 7625.328728378535, 6125.118906121307, 5923.339316218701, 7204.483326876723, 7158.450447951678], "(4.0, 1.0, 0.0)": [873.5179109303151, 1032.408430182839, 923.3437829517526, 536.5390769171029, 768.3936242412749, 535.3757217360213, 541.9206315388848, 757.762393687091, 741.3210138725735], "(2.0, 1.0, 0.0)": [2545.194491327985, 2606.550181392775, 2467.834703157467, 2548.773953213023, 2265.31597914358, 2446.726377410033, 2161.626763172222, 2499.566690342646, 2440.0525221793087], "(2.0, 0.0, 0.0)": [4480.101391961898, 6824.771588991895, 5886.039104159847, 3740.0395157737007, 5960.724015865845, 4675.283647751425, 5312.564477929616, 5253.013248761828, 4398.169157207608], "(1.0, 1.0, 1.0)": [2454.449764107295, 1904.6798970928367, 1968.6949895680127, 1900.7028196400393, 1981.9806127950242, 1822.4322566807064, 1839.332229934567, 2373.1686196444293, 1809.0889816762217], "(1.0, 0.0, 1.0)": [4922.309967839255, 3512.4527830714683, 4318.254901203614, 3336.0353341420414, 3593.4907988237683, 2798.7673867380486, 3841.6921465554174, 4051.074097760945, 4123.65365741692], "(0.0, 1.0, 1.0)": [1215.3675003144187, 1471.3953280631115, 1295.010461783897, 1184.595926784932, 1911.6088830397807, 1660.9731383855815, 1290.3739631045676, 1952.3696056236797, 1750.2382141080718], "(4.0, 0.0, 0.0)": [2050.225277099634, 1315.7275581014108, 1853.0492186034585, 1983.897671190645, 1423.6351151840186, 1609.4826581509888, 1600.542343193765, 1510.3630223051657, 1837.4968489151383], "(0.0, 0.0, 1.0)": [2772.14715048769, 3351.1171579480188, 2867.9369639939696, 2734.9233222972584, 2555.612412843029, 3701.9660287376, 3114.3549705424575, 2408.785360499327, 3272.9604031795593], "(5.0, 1.0, 0.0)": [2.0408909150288927, 15.279044534172334, 1.0389730784348816, 5.154289913748126, 0.0, 0.0, 0.1111111111111111, 12.059561243380884, 0.2222222222222222], "(5.0, 0.0, 0.0)": [16.859710518334516, 0.3333333333333333, 0.3333333333333333, 52.35208754108235, 0.4444444444444444, 4.960979095084174, 9.380955169672015, 0.3333333333333333, 2.1531529704471284], "(6.0, 1.0, 0.0)": [0.9373751319155789, 0.0, 0.0, 0.0, 0.0, 2.8121253957467367, 0.1111111111111111, 0.0, 0.9373751319155789]}, "state_action_visits": {"(3.0, 1.0, 0.0)": 39481, "(3.0, 0.0, 0.0)": 83086, "(4.0, 1.0, 0.0)": 9735, "(2.0, 1.0, 0.0)": 31891, "(2.0, 0.0, 0.0)": 65822, "(1.0, 1.0, 1.0)": 26215, "(1.0, 0.0, 1.0)": 48566, "(0.0, 1.0, 1.0)": 20062, "(4.0, 0.0, 0.0)": 21861, "(0.0, 0.0, 1.0)": 37391, "(5.0, 1.0, 0.0)": 49, "(5.0, 0.0, 0.0)": 129, "(6.0, 1.0, 0.0)": 6}}, "meta": {"recent_avg_return": -204.78249999999596, "epsilon": 0.05203439170244737, "q_summary": {"(3.0, 1.0, 0.0)": [43.30723854774612, 43.31024149269235, 46.79002439741002, 46.7898339922361, 30.782830094564, 47.04547516680009, 30.970243230985847, 46.789833989551354, 44.17758733765618], "(3.0, 0.0, 0.0)": [45.49801753926732, 27.412974070000473, 30.40651797940922, 45.498346252343524, 45.49801741550185, 49.42719284293679, 45.58225820888287, 41.7431730768639, 45.49802255715293], "(4.0, 1.0, 0.0)": [60.19878953532786, 65.39608254699765, 65.40629198516112, 60.20198966881947, 65.39608206642947, 57.66822162285658, 61.14848712024606, 60.198788643642224, 60.19879226313813], "(2.0, 1.0, 0.0)": [24.635987875193255, 23.503144681550467, 25.447159800212333, 25.03042251514737, 24.635191574006456, 23.453076432534125, 13.626922864107739, 23.436452209227923, 25.030422915396322], "(2.0, 0.0, 0.0)": [21.754902465662294, 21.38459886602748, 22.847631129414516, 21.754902469293423, 21.384598768552454, 21.69652759491583, 21.12978912058083, 23.951539817046136, 21.720855974977674], "(1.0, 1.0, 1.0)": [13.022193601694225, 12.971960051329674, 12.179892307491858, 12.832045066760436, 12.972680430362919, 12.70562218029845, 12.519950065238175, -34.30542127767716, 12.724290009871215], "(1.0, 0.0, 1.0)": [12.810794254838402, 14.242755376980243, 13.822936079600371, 13.874829909555212, 13.6324081652734, 13.758367794815719, 14.116641211765597, 13.822936079600371, 13.822697709574742], "(0.0, 1.0, 1.0)": [15.681541377741747, 14.75927552010252, 14.684858024720874, 14.70348278760593, 14.934028862976092, 15.93462828774008, 15.681215150276849, 15.073105825271266, 14.684858025826427], "(4.0, 0.0, 0.0)": [74.6061262541044, 74.34588853538307, 74.3458885352915, 51.36311093222491, 74.34588853540023, 74.41972454636785, 51.35235271380695, 68.66402366656453, 74.34485165415825], "(0.0, 0.0, 1.0)": [14.487256066144681, 14.469077911516637, 14.468998783434952, 15.699767595205763, 14.484389456490723, 14.469447033721885, 14.468840942083578, 14.468786187589304, 14.686484334357772], "(5.0, 1.0, 0.0)": [59.147611767776205, 88.46692954562315, 99.17824344921738, 67.07288678683742, 121.51020120949335, 76.61551214198165, 57.21998093615388, 131.81473302178267, 25.47563929505108], "(5.0, 0.0, 0.0)": [66.44948493914265, 15.485290884622612, 60.454195520691435, 71.14980031181673, 49.64165181587333, 68.990053898417, 63.058427221650504, 14.861231967356693, 66.79364869757049], "(6.0, 1.0, 0.0)": [0.0, 0.0, 0.0, 0.0, 62.27312885909423, 0.07320435862500002, 0.0, 0.0, 0.045301875000000005]}}}