{"timestamp": 1764016931, "iso": "2025-11-24T20:42:11Z", "episode": 40, "games_in_episode": 1, "stats": {"total_messages": 3930, "total_updates": 3917, "total_reward": -1.0749999999890631, "action_counts": [381, 512, 374, 446, 395, 501, 389, 395, 537], "state_visits": {"(3.0, 0.0, 0.0)": 786, "(3.0, 1.0, 0.0)": 286, "(4.0, 0.0, 0.0)": 354, "(4.0, 1.0, 0.0)": 96, "(5.0, 0.0, 0.0)": 7, "(0.0, 0.0, 1.0)": 737, "(0.0, 1.0, 1.0)": 42, "(2.0, 0.0, 0.0)": 734, "(1.0, 0.0, 1.0)": 611, "(2.0, 1.0, 0.0)": 137, "(1.0, 1.0, 1.0)": 127}, "state_action_prob_sums": {"(3.0, 1.0, 0.0)": [843.3594987482252, 858.613970268654, 829.6286874645754, 743.1319576211008, 832.2395850474841, 896.1964104663955, 1021.8896500449009, 898.9880823968816, 879.0908203364535], "(3.0, 0.0, 0.0)": [1551.302345238793, 1627.0925524536933, 1567.3103822296368, 1578.3050918216047, 1557.6578900226841, 1277.0927812509547, 1511.8028473174127, 1580.3220718985103, 1651.7565091337813], "(4.0, 1.0, 0.0)": [145.14253628205012, 208.20312596256633, 242.34530317640187, 152.67383231473673, 214.2981814208809, 219.18411235613493, 149.81862564577224, 279.85605114097166, 155.78591632698456], "(2.0, 1.0, 0.0)": [961.9870851962277, 589.2204554805273, 803.9518331821499, 630.4746976454112, 632.1613980988277, 698.7664564028618, 645.975682488521, 571.089807004768, 590.1643617507281], "(2.0, 0.0, 0.0)": [1261.8116659388963, 1323.2086839386975, 1034.0764910127052, 1095.913464374897, 1240.995059949416, 1308.5674666365585, 1184.3841871534523, 1010.9933686786532, 1059.3162529406488], "(1.0, 1.0, 1.0)": [548.2589349826073, 530.9603202028596, 371.5580009679733, 527.1389762542091, 592.6732921975645, 470.9039194643495, 567.4501083166047, 652.6572567102049, 574.9407229198368], "(1.0, 0.0, 1.0)": [863.3718660278514, 1085.3591600192783, 862.3547728152512, 761.3304380001703, 813.8428682622404, 760.6219878413312, 819.3399605051333, 855.3154896011735, 1086.9593730093723], "(0.0, 1.0, 1.0)": [344.74640940548164, 356.96785942511474, 339.9422717235306, 417.56958963529854, 491.3417605864363, 532.3398821902999, 374.09144101687224, 401.1372962998303, 564.2368022489868], "(4.0, 0.0, 0.0)": [319.87280720626245, 412.5272098230505, 650.5031425681336, 519.9645303451271, 356.43837147672696, 331.75685178382207, 422.5629684752159, 384.0963621644166, 439.35470757925145], "(0.0, 0.0, 1.0)": [713.0387319578324, 649.4440206321755, 602.4894437949729, 678.0075405068768, 648.2500478102506, 851.1827931358299, 524.8215898593415, 673.5102647699715, 461.95306901899653], "(5.0, 1.0, 0.0)": [2.0408909150288927, 0.0, 0.1111111111111111, 0.1111111111111111, 0.0, 0.0, 0.0, 5.679148943211634, 0.1111111111111111], "(5.0, 0.0, 0.0)": [11.814137362542805, 0.1111111111111111, 0.1111111111111111, 10.187397057742183, 0.3333333333333333, 0.2222222222222222, 0.893969287713154, 0.1111111111111111, 0.2222222222222222]}, "state_action_visits": {"(3.0, 1.0, 0.0)": 15427, "(3.0, 0.0, 0.0)": 28051, "(4.0, 1.0, 0.0)": 3516, "(2.0, 1.0, 0.0)": 12223, "(2.0, 0.0, 0.0)": 21081, "(1.0, 1.0, 1.0)": 9765, "(1.0, 0.0, 1.0)": 15524, "(0.0, 1.0, 1.0)": 7604, "(4.0, 0.0, 0.0)": 7596, "(0.0, 0.0, 1.0)": 11351, "(5.0, 1.0, 0.0)": 15, "(5.0, 0.0, 0.0)": 45}}, "meta": {"recent_avg_return": -238.14166666666475, "epsilon": 0.22739816528109733, "q_summary": {"(3.0, 1.0, 0.0)": [35.7625124502614, 33.04708001302828, 33.988484554415706, 14.431523860100057, 33.408798875937045, 33.40878926389938, 33.408826220477394, 33.056684034884704, 33.049426103696504], "(3.0, 0.0, 0.0)": [33.1795029331016, 25.50348438297863, 21.080452621040443, 25.520491170462634, 25.944201530774535, 25.503484382949953, 24.297716514525256, 25.52343062379276, 23.89995376368381], "(4.0, 1.0, 0.0)": [40.475047388644285, 43.536993907984176, 43.69650303257967, 40.22578285961431, 40.79867741465327, 40.57029598822599, -27.404163466015802, 40.766724069078975, 40.25872258983594], "(2.0, 1.0, 0.0)": [7.879596817182085, 8.254380737514044, 7.628730231450097, 7.773487371126376, 30.01666822156587, 7.773618676485335, 7.775998417363717, 7.773486697555093, 8.236861626671786], "(2.0, 0.0, 0.0)": [15.991791865530619, 15.991791756620449, 15.992056141943683, 15.99179102301108, 15.991801812614067, 11.491437711062815, 11.521550486294524, 16.332644991155902, 15.991790899905038], "(1.0, 1.0, 1.0)": [28.36642727731781, 35.252343440594224, 7.864532169226437, 7.744133879911838, 35.25232479291317, 34.9264554586218, 7.714682956581047, -28.47827336882179, 33.530632095246304], "(1.0, 0.0, 1.0)": [8.735619027581937, 8.776495986892757, 8.745637228252406, 8.734199790825521, 19.709985038932242, 8.73419995294735, 8.73685183088346, 19.664259706355065, 8.734199787762247], "(0.0, 1.0, 1.0)": [36.43138843555645, 49.11307210309368, 8.240045335917257, 49.82639764983135, 38.5333733507118, 45.86520979346848, 46.69658202280899, -25.285001665678507, 47.45570538203461], "(4.0, 0.0, 0.0)": [38.27577020039599, 37.39489448936872, 38.33051121866443, 37.4683355768628, 38.16783887929613, 37.527414224157944, 38.1823561038061, 38.192401639590244, 27.95038711062203], "(0.0, 0.0, 1.0)": [17.73289833563908, 17.77894395733864, 17.770605918022135, 17.7322508619854, 17.73222966950209, 17.944394808899293, 19.108721738871818, 19.24684166137131, 17.7329966802029], "(5.0, 1.0, 0.0)": [55.0750630025141, 0.0, 46.07651111545151, 55.06089530428582, 66.42895683760132, 42.62087374932679, 52.26081187612583, 66.7503784281906, 0.0], "(5.0, 0.0, 0.0)": [62.733971814615074, 10.64300996375535, 55.39717835745796, 58.49132246075931, 2.9119699831795103, 55.23889263904601, 53.530992160210836, 4.813331859320014, 55.030652108337094]}}}