{"timestamp": 1764020841, "iso": "2025-11-24T21:47:21Z", "episode": 153, "games_in_episode": 1, "stats": {"total_messages": 3060, "total_updates": 3047, "total_reward": -132.82499999999044, "action_counts": [417, 543, 193, 292, 611, 340, 201, 257, 206], "state_visits": {"(3.0, 0.0, 0.0)": 637, "(3.0, 1.0, 0.0)": 142, "(4.0, 1.0, 0.0)": 37, "(4.0, 0.0, 0.0)": 175, "(5.0, 0.0, 0.0)": 3, "(0.0, 0.0, 1.0)": 499, "(5.0, 1.0, 0.0)": 3, "(0.0, 1.0, 1.0)": 277, "(2.0, 0.0, 0.0)": 503, "(2.0, 1.0, 0.0)": 140, "(1.0, 1.0, 1.0)": 249, "(1.0, 0.0, 1.0)": 382}, "state_action_prob_sums": {"(3.0, 1.0, 0.0)": [4840.342693160986, 4529.1585746857745, 4225.965226844718, 5342.962919703346, 4157.659177519846, 5638.038053880298, 5037.989195636771, 4013.957022336798, 4446.4178686556015], "(3.0, 0.0, 0.0)": [9306.648164920423, 7838.048469563012, 8692.043297770455, 9000.511391069997, 10525.103508762857, 9782.21592798616, 8632.39235466583, 10296.679729432617, 10313.18718392499], "(4.0, 1.0, 0.0)": [1125.2984160369501, 1667.8644393335287, 1565.6643067842317, 980.8767795592103, 940.0875382008957, 824.9948833616944, 999.788282911188, 1383.9384469979052, 1244.2904861488971], "(2.0, 1.0, 0.0)": [3912.285519658468, 3258.581223175749, 3011.6335160224303, 3701.382746996969, 3774.0785723392864, 3417.355804006221, 2996.2263700613926, 3304.4218521274074, 3384.8970825398837], "(2.0, 0.0, 0.0)": [8103.231666560948, 10003.968631248334, 7326.447301778227, 6434.165134322617, 8296.642487823763, 6094.526117833637, 7965.9785099473675, 7490.826927188528, 6778.705321039606], "(1.0, 1.0, 1.0)": [3562.6763034257397, 2841.1434922264384, 2591.7856446512287, 3088.2389409712587, 3450.537208922476, 2808.662123211565, 2980.8948227145006, 2660.9533018108955, 2156.2967407996384], "(1.0, 0.0, 1.0)": [6261.23627378621, 5259.9076893120355, 8897.88883228743, 5524.609235565697, 4322.622323155682, 3619.100343118721, 5138.087617485817, 5913.335976458645, 6114.2296685482], "(0.0, 1.0, 1.0)": [2038.3205460573618, 2194.3300106411325, 2159.844421351383, 1507.457877787654, 3720.3187157529824, 2894.585638050005, 1815.4933239764805, 2625.0374524514696, 2227.873137111745], "(4.0, 0.0, 0.0)": [2750.143298139719, 1900.9906885866337, 2451.5198664716186, 2572.8985067925864, 2459.5613331396235, 1884.5173150875066, 2558.100575088656, 2899.5445057514844, 2662.228199770044], "(0.0, 0.0, 1.0)": [4835.642415026124, 4639.538346228123, 3531.1140006865458, 4329.007737545795, 3368.6912693222657, 5825.723825816599, 4703.694592822902, 3863.692546431154, 5328.90178461236], "(5.0, 1.0, 0.0)": [2.0408909150288927, 15.279044534172334, 44.1394985568015, 5.154289913748126, 0.1111111111111111, 10.769870532019699, 0.1111111111111111, 22.624403943629595, 0.2222222222222222], "(5.0, 0.0, 0.0)": [35.55663508357323, 0.3333333333333333, 0.4444444444444444, 96.22942692249347, 0.4444444444444444, 14.549087988305887, 9.380955169672015, 0.4444444444444444, 2.2642640815582395], "(6.0, 1.0, 0.0)": [0.9373751319155789, 0.0, 0.0, 0.0, 0.0, 2.8121253957467367, 0.1111111111111111, 0.0, 0.9373751319155789], "(6.0, 0.0, 0.0)": [0.9581911388367294, 0.0, 1.9163822776734587, 0.0, 0.0, 0.0, 0.0, 0.0, 0.0]}, "state_action_visits": {"(3.0, 1.0, 0.0)": 55463, "(3.0, 0.0, 0.0)": 111078, "(4.0, 1.0, 0.0)": 14011, "(2.0, 1.0, 0.0)": 41227, "(2.0, 0.0, 0.0)": 89262, "(1.0, 1.0, 1.0)": 34842, "(1.0, 0.0, 1.0)": 66233, "(0.0, 1.0, 1.0)": 27991, "(4.0, 0.0, 0.0)": 29264, "(0.0, 0.0, 1.0)": 51911, "(5.0, 1.0, 0.0)": 117, "(5.0, 0.0, 0.0)": 208, "(6.0, 1.0, 0.0)": 6, "(6.0, 0.0, 0.0)": 3}}, "meta": {"recent_avg_return": -197.54349999999505, "epsilon": 0.0231917494011228, "q_summary": {"(3.0, 1.0, 0.0)": [49.54348613635105, 49.541388940207256, 53.7613693976961, 49.50475246981457, 50.60367190124588, 49.54375390410036, 53.78003778582573, 29.47218368669256, 49.57208394330387], "(3.0, 0.0, 0.0)": [21.92740241512067, 52.98938876933067, 53.06096616533515, 49.84112119715535, 54.13453809939968, 52.989388352603946, 52.98938944479468, 49.82896795997439, 52.982246182853586], "(4.0, 1.0, 0.0)": [84.92867862130704, 82.95883944965375, 84.5833814460465, 80.2928475473339, 83.4521775700892, 81.91167651496411, 106.85110461204118, 78.75810887831558, 82.96001375169354], "(2.0, 1.0, 0.0)": [23.563518550063574, 22.734945659731096, 22.57559647033955, 22.706253549490278, 22.70781179197486, 22.706516701389376, 22.706253549558134, 22.706253549488977, 22.70625354948906], "(2.0, 0.0, 0.0)": [20.0673109060322, 20.067464357705074, 20.094353653503305, 20.247675069671406, 20.4967633170329, 20.0673109060322, 20.067310906042074, 19.482943766205242, 20.07786037336466], "(1.0, 1.0, 1.0)": [21.52587399831166, 22.918035988049358, 23.951651088271063, 22.458715798434916, 23.95165108826623, 22.772699305722607, 21.441461616064007, 22.437067137266876, -31.871531891520483], "(1.0, 0.0, 1.0)": [19.28459685227317, 20.934127318319558, 19.284397133903223, 19.287490639146533, 16.867088937916098, 19.341025037732273, 19.284397132853993, 19.28377271008806, 19.28439714606942], "(0.0, 1.0, 1.0)": [24.89900374801984, 24.931840485197547, 24.931840485208383, 27.03696059567374, 24.89900374801984, 24.89900425771413, 24.89900374801979, 25.03035106689558, 24.901056044080843], "(4.0, 0.0, 0.0)": [68.8694994646146, 68.86986301513082, 74.82577112119309, 52.98270902084856, 74.55214055947636, 68.86949946470253, 70.35860197963231, 74.82588154026182, 53.987542086138944], "(0.0, 0.0, 1.0)": [17.430440871848745, 16.06131957721655, 16.061319539603467, 16.697927826808304, 16.061319539603467, 17.43078210826464, 22.689582695915746, 16.061349748235866, 16.186759868828858], "(5.0, 1.0, 0.0)": [84.46986574219352, 79.24537187594748, 102.42031823955084, 83.68311664259242, 80.99685261636292, 104.63893397640594, 79.3814437914298, 96.0060533766054, 97.61024865769613], "(5.0, 0.0, 0.0)": [77.9548369083999, 19.816156516704403, 76.58416200414814, 76.99898222735504, 22.45073030665006, 74.12754162580208, 74.09693579988652, 35.26847023793283, 72.92216968550474], "(6.0, 1.0, 0.0)": [0.0, 0.0, 0.0, 0.0, 62.27312885909423, 0.07320435862500002, 0.0, 0.0, 0.045301875000000005], "(6.0, 0.0, 0.0)": [0.0, 0.0, 0.036375000000000005, 0.0, 31.716036898225518, 0.0, 0.0, 0.0, 0.0]}}}