{"timestamp": 1764018633, "iso": "2025-11-24T21:10:33Z", "episode": 87, "games_in_episode": 1, "stats": {"total_messages": 3476, "total_updates": 3464, "total_reward": -183.3999999999815, "action_counts": [528, 303, 308, 448, 517, 571, 224, 253, 324], "state_visits": {"(3.0, 0.0, 0.0)": 892, "(3.0, 1.0, 0.0)": 343, "(4.0, 0.0, 0.0)": 376, "(2.0, 0.0, 0.0)": 677, "(2.0, 1.0, 0.0)": 158, "(1.0, 0.0, 1.0)": 527, "(1.0, 1.0, 1.0)": 90, "(0.0, 0.0, 1.0)": 390, "(0.0, 1.0, 1.0)": 11}, "state_action_prob_sums": {"(3.0, 1.0, 0.0)": [2102.858917993449, 1814.5942324159714, 2352.757774663366, 2138.189036146423, 2141.323379367134, 2403.4703850626106, 2626.465496361513, 1998.1691645846802, 2067.281839755926], "(3.0, 0.0, 0.0)": [5011.608656119059, 3899.1170363773776, 4391.252999641465, 4580.408871452005, 4461.139643890774, 4213.296404318725, 4807.177235650176, 4803.642945059267, 5116.353802408225], "(4.0, 1.0, 0.0)": [354.6485218826111, 710.9516767890474, 686.8729060075767, 402.0982059779997, 638.5000497893224, 443.0780968108028, 403.70135369189745, 476.1101376333764, 485.1560486399033], "(2.0, 1.0, 0.0)": [1909.9131766238438, 1683.5188637311528, 1880.3557540420386, 1752.770001527402, 1742.8913269159657, 1770.7279519081185, 1330.7938373881254, 1895.6839979108815, 1553.2567843498346], "(2.0, 0.0, 0.0)": [3589.410253078833, 4376.5836253625375, 4111.444506437783, 2749.9838981345956, 3862.5088851471037, 3605.9506403465616, 3986.946895168978, 3526.02393942503, 3128.955248024577], "(1.0, 1.0, 1.0)": [1887.0941011066197, 1316.7090854439155, 1001.9465406473078, 1167.9418942842433, 1437.8019152904326, 1290.363028204115, 1386.9185865643158, 1618.2612258790837, 1265.8862142438925], "(1.0, 0.0, 1.0)": [3642.7118094528473, 2463.990298361229, 2823.1498104222783, 2335.641320843569, 2746.024438701292, 2169.9576413070663, 2511.3044268320773, 2660.768859534366, 2872.7579394785344], "(0.0, 1.0, 1.0)": [844.6491052382138, 1145.819416343351, 933.0793074525274, 998.6229427036848, 1469.8839042906643, 1344.5720059210046, 1100.2529711244583, 1311.8894612839736, 1106.5242109151006], "(4.0, 0.0, 0.0)": [1621.60690218828, 1184.5048050681755, 1655.5021248935154, 1334.2788190103752, 1354.6546493052979, 949.1833020596705, 1158.8171603030135, 1042.6138876795312, 1569.5503317619032], "(0.0, 0.0, 1.0)": [2087.1471297737685, 2536.5291589149742, 2001.0897274504748, 1801.0625664677373, 1796.0304625500803, 2369.539103061163, 1994.9722390280876, 1915.4136080648107, 1957.8193870155594], "(5.0, 1.0, 0.0)": [2.0408909150288927, 13.416557698213813, 0.1111111111111111, 5.154289913748126, 0.0, 0.0, 0.1111111111111111, 8.287194170114617, 0.2222222222222222], "(5.0, 0.0, 0.0)": [16.859710518334516, 0.3333333333333333, 0.3333333333333333, 46.674130598404176, 0.4444444444444444, 4.960979095084174, 2.8422116216364537, 0.3333333333333333, 2.1531529704471284]}, "state_action_visits": {"(3.0, 1.0, 0.0)": 30923, "(3.0, 0.0, 0.0)": 64024, "(4.0, 1.0, 0.0)": 7314, "(2.0, 1.0, 0.0)": 24593, "(2.0, 0.0, 0.0)": 50369, "(1.0, 1.0, 1.0)": 19780, "(1.0, 0.0, 1.0)": 36919, "(0.0, 1.0, 1.0)": 16131, "(4.0, 0.0, 0.0)": 18108, "(0.0, 0.0, 1.0)": 27959, "(5.0, 1.0, 0.0)": 42, "(5.0, 0.0, 0.0)": 116}}, "meta": {"recent_avg_return": -185.29149999999638, "epsilon": 0.08798578515628536, "q_summary": {"(3.0, 1.0, 0.0)": [38.57234589014113, 38.578913662123384, 40.19499974491117, 40.02815969924493, 41.8992881488515, 38.57235778823224, 38.40700221607394, 40.027882648050124, 38.57234509308988], "(3.0, 0.0, 0.0)": [32.69879497461092, 44.70861261107107, 44.39125449430115, 44.53301971300182, 48.2567977263822, 44.424516219332546, 46.83392685760895, 44.44869726751291, 45.41059862267578], "(4.0, 1.0, 0.0)": [70.04234197737352, 76.10426130446125, 71.49659279334549, 70.40620590511995, 75.51599186838229, 59.50516631634607, 70.08519508643235, 70.04092040008422, 71.40445271251902], "(2.0, 1.0, 0.0)": [36.82420982527374, -28.255960563475895, 36.96022450778476, 31.136195082283443, 31.267726643223337, 36.815143614778286, 30.02448459032884, 38.261092018898076, 39.98928497802231], "(2.0, 0.0, 0.0)": [31.150925312889527, 24.94708231064004, 46.52468524816908, 48.428401344856894, 42.570453982949665, 44.58006555707201, 46.938373231936495, 48.06227963473715, 43.965719056769764], "(1.0, 1.0, 1.0)": [37.34120306898196, 17.31632750915876, 16.04204374712897, 16.10149671680174, 15.463285536479637, 31.967186997970185, 17.24304837058509, 29.43481203980933, 28.59643600451566], "(1.0, 0.0, 1.0)": [26.124628209751904, 23.246039467726355, 23.24600534051102, 25.20667709375821, 23.24599400538395, 23.245993952874514, 25.240210818335576, 23.544744264045747, 25.10809631184566], "(0.0, 1.0, 1.0)": [14.869189096659223, 14.869186831589651, 14.869201146525583, 14.87876842392751, 15.020043964732745, 16.134985605844548, 16.080895410456897, 14.869186757948096, 14.869196254567937], "(4.0, 0.0, 0.0)": [45.91772788309747, 45.917833529170984, 47.702963681753104, 44.003417283632324, 46.90807689642178, 49.879369215243706, 49.77905942996716, 45.91401967802783, 49.8791909832843], "(0.0, 0.0, 1.0)": [17.92292949891729, 27.084157778523245, 27.084154279507363, 23.412625767061044, 27.084157778522467, 29.412128020133963, 23.505205234286514, 26.161949762863152, 27.084101482219957], "(5.0, 1.0, 0.0)": [59.147611767776205, 127.0150227106587, 99.17824344921738, 67.13854541855017, 77.28090262026907, 76.61551214198165, 57.21998093615388, 78.99342069968618, 71.82755718020432], "(5.0, 0.0, 0.0)": [58.35803170245861, 10.328939441148057, 60.454195520691435, 73.42619163627566, 49.64165181587333, 67.08062258146542, 81.79713193069679, 4.228181056255587, 64.44330587416111]}}}