{"timestamp": 1764017721, "iso": "2025-11-24T20:55:21Z", "episode": 62, "games_in_episode": 1, "stats": {"total_messages": 3949, "total_updates": 3936, "total_reward": -131.59999999999314, "action_counts": [898, 315, 319, 316, 495, 294, 387, 565, 360], "state_visits": {"(3.0, 0.0, 0.0)": 1130, "(3.0, 1.0, 0.0)": 90, "(4.0, 1.0, 0.0)": 44, "(4.0, 0.0, 0.0)": 208, "(5.0, 0.0, 0.0)": 7, "(0.0, 0.0, 1.0)": 385, "(0.0, 1.0, 1.0)": 211, "(2.0, 0.0, 0.0)": 635, "(2.0, 1.0, 0.0)": 437, "(1.0, 0.0, 1.0)": 352, "(1.0, 1.0, 1.0)": 437}, "state_action_prob_sums": {"(3.0, 1.0, 0.0)": [1338.472066241977, 1245.7127653209436, 1551.8398128789015, 1366.2414017832286, 1285.5205702603448, 1365.153542777686, 1530.751845303656, 1186.4929163902764, 1491.6104227584194], "(3.0, 0.0, 0.0)": [3223.150705703839, 2672.747938082705, 3004.321484215109, 2463.6006007950205, 2675.6514521786085, 2648.5716695565206, 3137.479783262345, 3295.6908433786357, 2979.6739572857246], "(4.0, 1.0, 0.0)": [268.22899000901714, 341.7674329777591, 440.59237303483343, 290.30776220222646, 455.46089974482214, 294.99873711205476, 281.80904510891025, 470.8990000520466, 264.3125957098841], "(2.0, 1.0, 0.0)": [1479.0224498063787, 911.7174956793866, 1210.1577563724363, 1311.5398272774585, 994.9803889513994, 1052.0633566800036, 1039.2195619878119, 975.8512194642783, 1223.3188170262422], "(2.0, 0.0, 0.0)": [2428.9197678295745, 2680.0183153946336, 2358.6227342954808, 1815.647751666508, 2640.896727582995, 2006.352086360345, 2611.1031515331656, 1870.8195690769587, 1876.677102999103], "(1.0, 1.0, 1.0)": [1035.6614369358729, 1056.6837509863096, 652.9289317427234, 874.4242110460106, 895.3960699337728, 899.945600118906, 828.3410703114305, 1114.906427882178, 874.4018232583594], "(1.0, 0.0, 1.0)": [2293.656440621465, 1703.4884003155344, 1737.4540812011005, 1504.2332864076527, 1650.009420104366, 1237.354985662411, 1557.692802803798, 1640.390059377496, 1840.349878379509], "(0.0, 1.0, 1.0)": [619.3880901121962, 696.0228745346257, 764.4893832190037, 661.381374443781, 1031.5113630192343, 763.039114898133, 772.0729274899663, 738.044871653975, 836.8275491595708], "(4.0, 0.0, 0.0)": [788.9871317914481, 722.3191860267223, 1015.0482732860312, 1022.0144069363188, 685.6924348436585, 654.0708143550607, 683.514308678305, 539.0915955549499, 916.4777057115934], "(0.0, 0.0, 1.0)": [1385.723267978097, 1577.3997740535774, 1413.248401346685, 1190.4168621804108, 1105.3223776650925, 1381.011401540519, 1244.376731272073, 1207.350497954929, 990.3088369729787], "(5.0, 1.0, 0.0)": [2.0408909150288927, 0.8623012898828635, 0.1111111111111111, 5.154289913748126, 0.0, 0.0, 0.0, 6.481059874788989, 0.1111111111111111], "(5.0, 0.0, 0.0)": [16.748599407223406, 0.3333333333333333, 0.2222222222222222, 31.480817081425663, 0.3333333333333333, 0.4444444444444444, 1.0050803988242651, 0.3333333333333333, 0.3333333333333333]}, "state_action_visits": {"(3.0, 1.0, 0.0)": 21955, "(3.0, 0.0, 0.0)": 45270, "(4.0, 1.0, 0.0)": 5470, "(2.0, 1.0, 0.0)": 18000, "(2.0, 0.0, 0.0)": 34800, "(1.0, 1.0, 1.0)": 14579, "(1.0, 0.0, 1.0)": 25823, "(0.0, 1.0, 1.0)": 11953, "(4.0, 0.0, 0.0)": 12118, "(0.0, 0.0, 1.0)": 19400, "(5.0, 1.0, 0.0)": 23, "(5.0, 0.0, 0.0)": 86}}, "meta": {"recent_avg_return": -199.3544999999961, "epsilon": 0.145801039919139, "q_summary": {"(3.0, 1.0, 0.0)": [39.62342499952054, 61.64731387180753, 42.06978206945757, 61.57024017161527, 62.1471904273484, 66.89583998607213, 61.57440271252941, 61.56961144371995, -22.088457836245567], "(3.0, 0.0, 0.0)": [31.57135502414647, 43.70820635379531, 57.10393112537768, 44.65159105603656, 50.34751401151199, 43.944052368147354, 43.70820613995162, 43.70843645853465, 44.6515908769469], "(4.0, 1.0, 0.0)": [70.60044763518177, 70.63384195807542, 75.40771576445407, 72.12707456868051, 71.43884775575691, 70.64242925345182, 70.59913131980441, -19.842997341499498, 69.58982518461136], "(2.0, 1.0, 0.0)": [29.90809895681431, 28.423960491989813, 27.540586531084145, 25.03555665163325, 28.46395453623533, 25.035545486175316, 28.092368966931893, 27.540882800067482, 25.042474422505407], "(2.0, 0.0, 0.0)": [22.485867353290278, 26.006712043839567, 25.926602248796048, 25.737445656648934, 26.077448351209426, 25.77764831790165, 25.824207484655425, 25.746878718012045, 26.087063332702183], "(1.0, 1.0, 1.0)": [8.036044433990273, 22.664113669351497, 22.640236811755695, 20.991838003957042, 20.841532868043192, 20.886342057641993, 20.881921859092778, 22.670567238143818, 22.640231035880184], "(1.0, 0.0, 1.0)": [21.108992469987438, 7.648159999207495, 20.66678995749908, 20.666498740909397, 22.146801831206062, 20.666513148506784, 20.668009043235482, 20.666581287432514, 20.666518128432223], "(0.0, 1.0, 1.0)": [3.750892520430292, 3.7511822157648984, 3.7553102438867416, 1.23317467834352, 4.049883174380752, 3.7509697626628715, 3.747097157970993, 3.755767801416781, 3.7519969510262623], "(4.0, 0.0, 0.0)": [50.3334361228019, 43.78715614176345, 42.905287565668296, 40.47196330128661, 40.35268622054578, 40.692227878398526, 40.96790279409918, 41.12261972942852, 41.11992437510069], "(0.0, 0.0, 1.0)": [3.6578212449818546, 3.5365507675365784, 3.3590923690202965, 3.2910139931953815, 3.278626706133652, 3.635216723303244, 3.3467062156126515, 3.2822475195547813, 3.3281713177731365], "(5.0, 1.0, 0.0)": [55.0750630025141, 142.83402637349323, 46.07651111545151, 83.10809080008147, 72.41011991068501, 74.36797042440321, 57.21998093615388, 74.76351314378299, 0.0], "(5.0, 0.0, 0.0)": [56.58032775698848, 10.64300996375535, 63.87800783471086, 70.01999615926925, 5.037503550264587, 64.44406266034318, 53.53840879485571, 11.285698033302044, 64.44303409706129]}}}