{"timestamp": 1764016900, "iso": "2025-11-24T20:41:40Z", "episode": 39, "games_in_episode": 1, "stats": {"total_messages": 2498, "total_updates": 2485, "total_reward": -397.875000000005, "action_counts": [252, 204, 217, 197, 450, 347, 246, 259, 326], "state_visits": {"(3.0, 1.0, 0.0)": 628, "(3.0, 0.0, 0.0)": 417, "(4.0, 1.0, 0.0)": 109, "(4.0, 0.0, 0.0)": 2, "(5.0, 1.0, 0.0)": 1, "(0.0, 1.0, 1.0)": 277, "(2.0, 1.0, 0.0)": 435, "(2.0, 0.0, 0.0)": 222, "(1.0, 1.0, 1.0)": 348, "(1.0, 0.0, 1.0)": 46}, "state_action_prob_sums": {"(3.0, 1.0, 0.0)": [834.7141491062798, 841.9899376514298, 827.1440619806309, 715.2266577273751, 811.979634795704, 895.1964104663957, 969.472655150033, 894.1098520203535, 829.754187520586], "(3.0, 0.0, 0.0)": [1481.6147415797845, 1594.3090221834395, 1518.922909861909, 1465.0881556516463, 1537.1958080684321, 1265.276048938648, 1403.130808190649, 1543.1047556961728, 1591.178790080913], "(4.0, 1.0, 0.0)": [145.031425170939, 208.09201485145522, 224.68108951967668, 152.5627212036256, 214.18707030976978, 201.63100981052085, 147.20279853096628, 261.17174696449575, 142.90891245542684], "(2.0, 1.0, 0.0)": [961.5426407517833, 573.9498467163864, 803.5073887377056, 629.5858087565225, 601.731291681657, 698.2109008473063, 645.6423491551877, 570.7564736714347, 551.5333501360564], "(2.0, 0.0, 0.0)": [1217.8579795032522, 1261.924117179662, 998.1215780720902, 1076.0270284959508, 1238.7728377271942, 1187.1295347493487, 1125.624426917862, 958.8588675652583, 985.3769045322783], "(1.0, 1.0, 1.0)": [548.2589349826073, 530.5158757584153, 367.45754836922254, 526.6945318097647, 559.627358665588, 470.6816972421273, 567.1167749832714, 607.3099653819769, 574.7185006976147], "(1.0, 0.0, 1.0)": [826.9524181230418, 1027.9528236367712, 821.9258929030518, 700.7527189473019, 756.3254207686222, 747.32063004508, 817.0066271718005, 820.2494655494471, 1002.6678272528894], "(0.0, 1.0, 1.0)": [344.4130760721484, 356.96785942511474, 339.9422717235306, 392.0378041144044, 491.00842725310304, 532.2287710791888, 372.49570442181636, 400.2283168911913, 564.2368022489868], "(4.0, 0.0, 0.0)": [312.13643697295555, 348.3845032072323, 606.8827894658227, 516.5709254525436, 291.94224100782515, 298.37758491850997, 415.1800220949926, 375.45101252247065, 438.3547075792517], "(0.0, 0.0, 1.0)": [647.2092681556021, 541.1963354301059, 567.9080452271915, 663.3929398970428, 632.0196200856105, 712.636203147451, 516.8830879235633, 631.6168498935778, 416.86818095248816], "(5.0, 1.0, 0.0)": [2.0408909150288927, 0.0, 0.1111111111111111, 0.1111111111111111, 0.0, 0.0, 0.0, 5.679148943211634, 0.1111111111111111], "(5.0, 0.0, 0.0)": [6.229059279847413, 0.1111111111111111, 0.1111111111111111, 10.187397057742183, 0.3333333333333333, 0.2222222222222222, 0.893969287713154, 0.1111111111111111, 0.2222222222222222]}, "state_action_visits": {"(3.0, 1.0, 0.0)": 15141, "(3.0, 0.0, 0.0)": 27265, "(4.0, 1.0, 0.0)": 3419, "(2.0, 1.0, 0.0)": 12086, "(2.0, 0.0, 0.0)": 20347, "(1.0, 1.0, 1.0)": 9638, "(1.0, 0.0, 1.0)": 14912, "(0.0, 1.0, 1.0)": 7561, "(4.0, 0.0, 0.0)": 7241, "(0.0, 0.0, 1.0)": 10605, "(5.0, 1.0, 0.0)": 15, "(5.0, 0.0, 0.0)": 38}}, "meta": {"recent_avg_return": -233.93815789473473, "epsilon": 0.23203894416438503, "q_summary": {"(3.0, 1.0, 0.0)": [10.74282738221139, 14.580584590440699, 15.800563843664364, 15.557295825182264, 15.735759509464344, 14.871281017017674, 15.233171398085105, 14.95413216426823, 15.374808916558242], "(3.0, 0.0, 0.0)": [23.40307320412586, 22.570376626656223, 22.948057970109943, 23.40444404941839, 24.504365540084393, 22.754808609774795, 23.067320369422777, 22.757617551237303, 12.669805302064907], "(4.0, 1.0, 0.0)": [-30.51461954668035, 25.813517071114212, 25.796837211180772, 26.313380819884273, 25.79585930343705, 27.86594536704932, 25.798051847751157, 25.76555353545134, 59.99196942418695], "(2.0, 1.0, 0.0)": [9.285087773650012, 9.331799482436232, 8.90791854356306, 9.480144029598922, 9.381115066099799, 8.776586649398453, 9.196156742166648, -35.157399465087146, 9.510006412534732], "(2.0, 0.0, 0.0)": [9.509679124430798, 9.518967355408604, 10.319502370896908, 9.518993547171702, 9.712049025059756, 14.591329073506124, 9.571051573300519, 9.519757059070871, 9.906748024246548], "(1.0, 1.0, 1.0)": [7.708675057986773, 8.777376770106002, 7.850804614576359, 7.708574588102304, 9.044623241106713, 8.130329093593339, 7.781590884097403, 8.351709217711571, 7.764938532780453], "(1.0, 0.0, 1.0)": [15.296685339157197, 14.980336044124703, 10.256956681324594, 13.991420215467182, 11.062451877127582, 14.977799543075875, 11.953504040540917, 13.848439446166395, 16.25304351640328], "(0.0, 1.0, 1.0)": [8.129696228691271, 7.817231323024609, 8.240045335917257, 7.812150145275088, 7.814762005470039, 7.9281818885580435, 7.812140420547734, 8.46428306649828, -35.52821489470539], "(4.0, 0.0, 0.0)": [32.65061959479877, 38.82010885830955, 35.93354890002142, 34.967240330187536, 35.73950349405613, 35.78801233425801, 29.091565948480316, 35.76546364137841, 35.9335503562503], "(0.0, 0.0, 1.0)": [13.640288938981879, 14.062297157788148, 13.908212064045149, 14.139597972775606, 13.641040330036844, 14.799172662538297, 14.709206807326344, 14.709206807327012, 14.062972651357994], "(5.0, 1.0, 0.0)": [55.0750630025141, 0.0, 46.07651111545151, 55.06089530428582, 66.42895683760132, 42.62087374932679, 52.26081187612583, 66.7503784281906, 0.0], "(5.0, 0.0, 0.0)": [60.01517070985462, 4.651323306415701, 55.39717835745796, 58.49132246075931, 2.9119699831795103, 55.172997096335486, 53.530992160210836, 4.813331859320014, 55.030652108337094]}}}