{"timestamp": 1764019695, "iso": "2025-11-24T21:28:15Z", "episode": 119, "games_in_episode": 1, "stats": {"total_messages": 2804, "total_updates": 2792, "total_reward": -370.19999999999413, "action_counts": [442, 365, 204, 320, 203, 459, 375, 199, 237], "state_visits": {"(3.0, 0.0, 0.0)": 619, "(3.0, 1.0, 0.0)": 608, "(4.0, 0.0, 0.0)": 165, "(4.0, 1.0, 0.0)": 63, "(2.0, 1.0, 0.0)": 184, "(2.0, 0.0, 0.0)": 389, "(1.0, 1.0, 1.0)": 213, "(1.0, 0.0, 1.0)": 209, "(0.0, 1.0, 1.0)": 281, "(0.0, 0.0, 1.0)": 61}, "state_action_prob_sums": {"(3.0, 1.0, 0.0)": [3090.1313630179807, 2985.4449892897424, 3231.396894533387, 2849.2310517225624, 3241.839191174778, 3680.730994866234, 3541.476302415508, 2976.775286265724, 3436.9682120883044], "(3.0, 0.0, 0.0)": [6734.825569073547, 5970.191682632558, 6250.007661858419, 6787.303066285776, 8327.40881280765, 6582.744293363103, 6314.129328198876, 7576.650428374798, 7628.140194238793], "(4.0, 1.0, 0.0)": [894.9100123590921, 1205.5530115712575, 1051.848605328261, 635.2567617121607, 781.8083001849886, 553.6762528858037, 559.4860470141172, 836.4012459093701, 753.1424019671729], "(2.0, 1.0, 0.0)": [2598.32198507343, 2724.528985443408, 2497.985098873094, 2711.4787553652973, 2404.448173620614, 2473.175541067008, 2320.139045597541, 2518.167132328401, 2682.039331038611], "(2.0, 0.0, 0.0)": [5135.992862559608, 7119.931279670841, 6176.463412022365, 4364.919844624101, 6025.223070801858, 4911.95808611652, 5316.256861841421, 5749.987500760295, 4794.817678607634], "(1.0, 1.0, 1.0)": [2700.2374586681453, 1956.8988659738193, 2154.302451024172, 1943.7145759868986, 2139.2980721629706, 1996.8266465599486, 2108.672992996109, 2388.9118110024197, 1809.7556483428882], "(1.0, 0.0, 1.0)": [5101.5653484460045, 3608.5029210090233, 4804.033655130702, 3768.3402026662548, 3792.631052649515, 2882.274335816837, 4060.5704818511817, 4413.458256659857, 4150.7762070159215], "(0.0, 1.0, 1.0)": [1491.1521890980623, 1471.8397725075558, 1350.662529264953, 1185.1514823404875, 2140.3450446024854, 1827.2162609478205, 1373.7235305790032, 2051.427871867499, 1751.0159918858494], "(4.0, 0.0, 0.0)": [2232.3767329830657, 1463.4090970335678, 1930.3899818699037, 2003.7281606340478, 1496.6498620373789, 1675.1781498282755, 1714.6600186451283, 1771.7391737992875, 1936.032682620459], "(0.0, 0.0, 1.0)": [3166.2362817087974, 3787.435653381445, 2935.5394936053744, 2993.9563506195786, 2638.781415142574, 3869.9239096438155, 3300.729643421493, 2593.4078775835087, 3434.3988373029615], "(5.0, 1.0, 0.0)": [2.0408909150288927, 15.279044534172334, 1.0389730784348816, 5.154289913748126, 0.0, 0.0, 0.1111111111111111, 16.84790461669133, 0.2222222222222222], "(5.0, 0.0, 0.0)": [16.859710518334516, 0.3333333333333333, 0.3333333333333333, 54.26143206753853, 0.4444444444444444, 8.78679511145222, 9.380955169672015, 0.3333333333333333, 2.1531529704471284], "(6.0, 1.0, 0.0)": [0.9373751319155789, 0.0, 0.0, 0.0, 0.0, 2.8121253957467367, 0.1111111111111111, 0.0, 0.9373751319155789], "(6.0, 0.0, 0.0)": [0.9581911388367294, 0.0, 1.9163822776734587, 0.0, 0.0, 0.0, 0.0, 0.0, 0.0]}, "state_action_visits": {"(3.0, 1.0, 0.0)": 41440, "(3.0, 0.0, 0.0)": 87514, "(4.0, 1.0, 0.0)": 10336, "(2.0, 1.0, 0.0)": 32918, "(2.0, 0.0, 0.0)": 69175, "(1.0, 1.0, 1.0)": 27466, "(1.0, 0.0, 1.0)": 50837, "(0.0, 1.0, 1.0)": 21045, "(4.0, 0.0, 0.0)": 22992, "(0.0, 0.0, 1.0)": 39519, "(5.0, 1.0, 0.0)": 54, "(5.0, 0.0, 0.0)": 135, "(6.0, 1.0, 0.0)": 6, "(6.0, 0.0, 0.0)": 3}}, "meta": {"recent_avg_return": -196.11399999999645, "epsilon": 0.04609426943250595, "q_summary": {"(3.0, 1.0, 0.0)": [53.54814353177056, 49.50948865514464, 49.28950995394436, 49.28929204922912, 49.289290747249694, 50.35394982195426, -25.12825338141485, 53.54792339260361, 49.289292049241716], "(3.0, 0.0, 0.0)": [41.6725364045232, 43.48471837898655, 45.65217245934804, 36.77622787681023, 47.23882432498538, 38.987588811785244, 36.21674865885687, 43.48632195935744, 41.81388150184097], "(4.0, 1.0, 0.0)": [91.0310923757659, 95.55517900250459, 103.83715074750943, 68.26827018376328, 95.55511022376294, 64.0497371243483, 78.83116834993612, 91.45036629085604, 77.74136638491305], "(2.0, 1.0, 0.0)": [41.93378513835932, 41.934823160852986, 43.0046058876544, 53.87360668016523, 42.839650516513515, 41.93482316083982, 45.554155604514925, 42.839658919217236, 41.93660961756447], "(2.0, 0.0, 0.0)": [37.488545622687994, 34.51454716451316, 34.52610038235325, 32.51736094565271, 34.514462027555666, 37.48854561260974, 35.29540609181111, 37.48854562271814, 34.51446198607373], "(1.0, 1.0, 1.0)": [43.61165452153869, 43.612039624255495, 43.612038886826895, 43.612039624255495, 45.929231539926, 43.612039624255495, 47.37721698288641, 43.51345332875341, 45.92923153992609], "(1.0, 0.0, 1.0)": [32.53729452955157, 31.894634331317373, 38.367933561740784, 29.959311489404065, 29.95979916460371, 30.603833630636295, 29.95931096921033, 32.5372945293938, 29.95931859525411], "(0.0, 1.0, 1.0)": [47.71008816787027, 44.13494497662673, 43.918281124809425, 43.91828111446466, 44.09224034760996, 44.86614203828659, 43.918281114440646, 46.22176278413431, 43.91828115591576], "(4.0, 0.0, 0.0)": [43.315003215830856, 83.01927886279944, 45.5081900472113, 46.347503252480074, 49.33323846529491, 45.411582958399286, 46.34745224902474, 45.411579803641544, 46.34752047652117], "(0.0, 0.0, 1.0)": [37.46586037055349, 29.5836806551545, 41.66326689622389, 34.842253376672005, 36.59143717708128, 37.41327646375231, 34.493915452383916, 36.48045541643027, 34.92113855252336], "(5.0, 1.0, 0.0)": [59.147611767776205, 88.46692954562315, 120.94898702174596, 64.63510910413757, 84.83085865282253, 76.61551214198165, 57.21998093615388, 131.81473302178267, 25.47563929505108], "(5.0, 0.0, 0.0)": [66.44948493914265, 15.485290884622612, 22.63229888017286, 66.13903971864616, 14.568535290412573, 68.990053898417, 63.058427221650504, 10.49729469833094, 65.81052438954617], "(6.0, 1.0, 0.0)": [0.0, 0.0, 0.0, 0.0, 62.27312885909423, 0.07320435862500002, 0.0, 0.0, 0.045301875000000005], "(6.0, 0.0, 0.0)": [0.0, 0.0, 0.036375000000000005, 0.0, 31.716036898225518, 0.0, 0.0, 0.0, 0.0]}}}