{"timestamp": 1764019107, "iso": "2025-11-24T21:18:27Z", "episode": 101, "games_in_episode": 1, "stats": {"total_messages": 3010, "total_updates": 2998, "total_reward": -315.05000000000473, "action_counts": [214, 187, 344, 325, 340, 582, 212, 309, 497], "state_visits": {"(3.0, 0.0, 0.0)": 602, "(3.0, 1.0, 0.0)": 489, "(4.0, 1.0, 0.0)": 100, "(2.0, 0.0, 0.0)": 404, "(2.0, 1.0, 0.0)": 416, "(1.0, 0.0, 1.0)": 404, "(1.0, 1.0, 1.0)": 149, "(0.0, 0.0, 1.0)": 400, "(0.0, 1.0, 1.0)": 34}, "state_action_prob_sums": {"(3.0, 1.0, 0.0)": [2375.2305252941223, 2229.1752818508553, 2537.09473049286, 2402.7349918976565, 2963.9827095324436, 3011.623662092094, 3121.331766829202, 2601.2059240623116, 2519.7250382969755], "(3.0, 0.0, 0.0)": [5612.306032108178, 4798.5089485204, 5392.142276422647, 5442.859269943985, 5946.547257775695, 5049.469558566078, 5428.428649123488, 6085.653087667427, 5904.784762293297], "(4.0, 1.0, 0.0)": [530.5787745701858, 961.0698696593686, 855.1077060511833, 494.5324738872177, 747.8291999562415, 496.93025748939755, 503.47532992645415, 596.079326740628, 737.582623889919], "(2.0, 1.0, 0.0)": [2047.911094046631, 1924.3809888399567, 2435.8183761147975, 2156.01889228283, 1953.4557581575862, 2000.170803671086, 1525.09353213705, 2326.39502000451, 2134.7997120568994], "(2.0, 0.0, 0.0)": [4093.6422984079272, 5561.122704464224, 4930.069325146087, 3469.0574152239446, 5003.759778471692, 4179.421807822424, 4760.425611293449, 4411.917849196731, 3552.3760461291467], "(1.0, 1.0, 1.0)": [2300.5660406288107, 1453.1948374852032, 1310.6692144238727, 1439.7346862997917, 1641.5009241461332, 1717.6618233429654, 1587.401813895773, 2005.8270719081097, 1501.5519889127343], "(1.0, 0.0, 1.0)": [4536.298065068653, 3046.5537807062788, 3440.1629716260204, 3129.7550683212726, 2915.7003135338323, 2613.5269620673503, 3025.269471609155, 3620.9893578773535, 3583.804513325534], "(0.0, 1.0, 1.0)": [1102.3626772125479, 1222.1307966168706, 1175.6088229041038, 1000.17849825924, 1733.9238781640308, 1600.9715877759004, 1144.2906788794612, 1578.5791566069468, 1238.595500593071], "(4.0, 0.0, 0.0)": [1942.8250735588774, 1286.5227085821878, 1750.5160079320929, 1578.9720507772165, 1388.4568775896157, 1163.5634442280061, 1402.7143513353633, 1441.3198741015824, 1622.877481822615], "(0.0, 0.0, 1.0)": [2413.3573459458617, 3087.1449845069524, 2595.5425143409257, 2153.169865664231, 2291.5326230845935, 3299.7310012242137, 2443.897075965781, 2132.877732534, 2837.5087627747416], "(5.0, 1.0, 0.0)": [2.0408909150288927, 15.279044534172334, 1.0389730784348816, 5.154289913748126, 0.0, 0.0, 0.1111111111111111, 10.163196931307462, 0.2222222222222222], "(5.0, 0.0, 0.0)": [16.859710518334516, 0.3333333333333333, 0.3333333333333333, 46.674130598404176, 0.4444444444444444, 4.960979095084174, 9.380955169672015, 0.3333333333333333, 2.1531529704471284], "(6.0, 1.0, 0.0)": [0.9373751319155789, 0.0, 0.0, 0.0, 0.0, 2.8121253957467367, 0.1111111111111111, 0.0, 0.9373751319155789]}, "state_action_visits": {"(3.0, 1.0, 0.0)": 35643, "(3.0, 0.0, 0.0)": 73668, "(4.0, 1.0, 0.0)": 8852, "(2.0, 1.0, 0.0)": 28028, "(2.0, 0.0, 0.0)": 58494, "(1.0, 1.0, 1.0)": 22764, "(1.0, 0.0, 1.0)": 43473, "(0.0, 1.0, 1.0)": 17910, "(4.0, 0.0, 0.0)": 20066, "(0.0, 0.0, 1.0)": 33463, "(5.0, 1.0, 0.0)": 47, "(5.0, 0.0, 0.0)": 123, "(6.0, 1.0, 0.0)": 6}}, "meta": {"recent_avg_return": -186.33899999999645, "epsilon": 0.0663097779473765, "q_summary": {"(3.0, 1.0, 0.0)": [60.50098286500875, 55.906808783829476, 56.56952238831819, 30.159869873185926, 55.68677847764931, 55.68590760654381, 55.74113060305609, 55.68590423580805, 55.685977708077175], "(3.0, 0.0, 0.0)": [36.98285641110268, 41.41242625093413, 41.21100277386155, 40.949125592944725, 52.4555839418051, 21.46577898521266, 27.410347141817844, 38.26712838543611, 44.76739431941473], "(4.0, 1.0, 0.0)": [63.406729088750836, 63.31068342243492, 63.30119516936327, 68.77847298729895, 63.322614012808536, 58.252483490535134, 63.4762310862334, 67.46891042167725, 63.306712086037194], "(2.0, 1.0, 0.0)": [21.651122669542687, 21.651638567658978, -32.495123129388226, 21.651304587333065, 19.944507482345607, 21.651304368683455, 20.371224066903594, 21.651385585738783, 21.638189200647197], "(2.0, 0.0, 0.0)": [21.032539761706932, 19.8758193520336, 19.44623698661472, 19.672008828160703, 19.746276893154967, 19.798084308250683, 19.480742489978695, 19.672008828154546, 19.374936580770378], "(1.0, 1.0, 1.0)": [21.533259260942145, 24.761209507519478, 24.383328156694645, 24.383328156694624, 24.38332815669462, 24.469172396288457, 26.47644364858111, 24.38332889397518, 24.486645837106142], "(1.0, 0.0, 1.0)": [18.214350277766602, 18.602667823378848, 12.551001180731191, 13.780963664691368, 18.214350277766602, 19.001151825891565, 13.685133642423978, 19.771032910615872, 19.603086148954997], "(0.0, 1.0, 1.0)": [21.745085173133354, 22.76138827122483, 21.745086152388577, 21.745454447405145, 22.11960312118775, -32.25410963449565, 21.998007721910323, 23.60878823166632, 8.297569203167512], "(4.0, 0.0, 0.0)": [57.99546330711742, 63.01069939888706, 57.99486230327875, 63.010698498240416, 57.34841738643425, 62.73394802689698, 63.01069939888738, 63.00635597060214, 57.71591093483673], "(0.0, 0.0, 1.0)": [11.639702068420368, 11.510252573774455, 11.461787899846707, 11.63973324484075, 12.173444690588187, 11.461787899806435, 11.461787899806435, 12.404319483730673, 12.431291195441776], "(5.0, 1.0, 0.0)": [59.147611767776205, 129.94715639055605, 99.17824344921738, 67.13854541855017, 121.51020120949335, 76.61551214198165, 57.21998093615388, 131.81473302178267, 25.47563929505108], "(5.0, 0.0, 0.0)": [58.35803170245861, 15.485290884622612, 60.454195520691435, 73.42619163627566, 49.64165181587333, 73.22892667754715, 69.91135383465388, 25.700601193943935, 64.44330587416111], "(6.0, 1.0, 0.0)": [0.0, 0.0, 0.0, 0.0, 62.27312885909423, 0.07320435862500002, 0.0, 0.0, 0.045301875000000005]}}}