{"timestamp": 1764016849, "iso": "2025-11-24T20:40:49Z", "episode": 37, "games_in_episode": 1, "stats": {"total_messages": 3772, "total_updates": 3759, "total_reward": -126.0249999999852, "action_counts": [309, 372, 519, 462, 486, 423, 395, 421, 385], "state_visits": {"(3.0, 1.0, 0.0)": 655, "(3.0, 0.0, 0.0)": 564, "(4.0, 0.0, 0.0)": 210, "(5.0, 0.0, 0.0)": 5, "(0.0, 0.0, 1.0)": 533, "(0.0, 1.0, 1.0)": 254, "(2.0, 1.0, 0.0)": 259, "(2.0, 0.0, 0.0)": 493, "(1.0, 0.0, 1.0)": 464, "(1.0, 1.0, 1.0)": 322}, "state_action_prob_sums": {"(3.0, 1.0, 0.0)": [744.7004665787638, 801.7235617123787, 782.819777653041, 663.8242903050307, 642.6665321023762, 808.8533785884032, 886.4603408752689, 776.8613487523952, 744.3319752974126], "(3.0, 0.0, 0.0)": [1412.5388367754867, 1591.054869195288, 1462.6133728914642, 1394.313653414752, 1339.0217927208312, 1209.599504048865, 1400.1308081906498, 1510.054498609098, 1468.0004019420016], "(4.0, 1.0, 0.0)": [144.9203140598279, 195.05879094623765, 170.65858332680966, 152.00716564807004, 190.95725568915026, 195.51925212976593, 140.19039590160762, 260.7273025200514, 138.27352998504634], "(2.0, 1.0, 0.0)": [748.0181837755107, 566.3355108622575, 766.0271341094677, 491.0831068384799, 544.9916069431205, 567.2996692336079, 565.7410708780699, 547.3346237744526, 532.3958401730853], "(2.0, 0.0, 0.0)": [1182.504801369095, 1198.7865910062917, 971.9945310295452, 1066.756263555191, 1233.0187974092385, 1174.0558863182373, 1055.4728294085285, 913.5456176142753, 973.0422780596573], "(1.0, 1.0, 1.0)": [541.1631426848178, 398.89087812572615, 365.90199281366733, 430.45130566395324, 462.72914679935974, 467.66994118241297, 523.6199084024245, 528.052638448668, 553.0019981731216], "(1.0, 0.0, 1.0)": [823.3330010356262, 926.5936304869549, 820.7036706808299, 699.9749411695243, 755.3254207686224, 706.3877376662895, 769.3130196486246, 819.8050211050028, 989.3096886608386], "(0.0, 1.0, 1.0)": [343.6352982943708, 347.91931670657596, 339.2756050568641, 376.9288875041481, 468.8021247519134, 413.4214499559226, 371.60681553292767, 354.4294011732967, 563.125691137876], "(4.0, 0.0, 0.0)": [312.13643697295555, 336.42196588723147, 606.8827894658227, 516.5709254525436, 291.94224100782515, 298.2664738073989, 406.4951498825737, 375.33990141135956, 438.2435964681406], "(0.0, 0.0, 1.0)": [609.3351560753861, 540.3074465412172, 566.6858230049695, 618.1790449974559, 631.6862867522773, 610.3418936664578, 515.9941990346746, 630.616849893578, 415.9792920635995], "(5.0, 1.0, 0.0)": [2.0408909150288927, 0.0, 0.1111111111111111, 0.1111111111111111, 0.0, 0.0, 0.0, 4.885405782468865, 0.1111111111111111], "(5.0, 0.0, 0.0)": [6.229059279847413, 0.1111111111111111, 0.1111111111111111, 10.187397057742183, 0.3333333333333333, 0.2222222222222222, 0.893969287713154, 0.1111111111111111, 0.2222222222222222]}, "state_action_visits": {"(3.0, 1.0, 0.0)": 13932, "(3.0, 0.0, 0.0)": 26314, "(4.0, 1.0, 0.0)": 3252, "(2.0, 1.0, 0.0)": 10985, "(2.0, 0.0, 0.0)": 19905, "(1.0, 1.0, 1.0)": 8880, "(1.0, 0.0, 1.0)": 14589, "(0.0, 1.0, 1.0)": 7227, "(4.0, 0.0, 0.0)": 7211, "(0.0, 0.0, 1.0)": 10300, "(5.0, 1.0, 0.0)": 14, "(5.0, 0.0, 0.0)": 38}}, "meta": {"recent_avg_return": -233.64999999999802, "epsilon": 0.24160656410285822, "q_summary": {"(3.0, 1.0, 0.0)": [13.868969236350406, 14.432552040235008, 14.443737974250201, 14.125885269579541, 12.246891824324958, 11.366563681986742, 14.14307332427133, 13.52277199452124, 14.160615693908184], "(3.0, 0.0, 0.0)": [15.689231932880505, 15.388717566052321, 15.09255099383389, 16.35103242176234, 18.16924401017161, 15.08799781142493, 15.642135342256331, 15.716461422521071, 18.943001370008844], "(4.0, 1.0, 0.0)": [30.60312510642246, 23.238089242554683, 34.51393364067028, 26.79648392242595, 32.82823618385065, 30.472183504472344, 31.050056169682485, 26.59792360911545, 28.85882268971313], "(2.0, 1.0, 0.0)": [16.31773041357217, 16.67941105793771, 10.146100719363957, 16.673087343526944, 15.672817814039421, 16.679405047381287, 16.679389637062187, 15.597056918124931, 15.555026802859384], "(2.0, 0.0, 0.0)": [14.543053596799313, 15.646017327510123, 13.319879976303534, 14.959843246839558, 14.47819752555734, 15.707208502172788, 14.476058045848262, 15.707605384320567, 12.6729686707971], "(1.0, 1.0, 1.0)": [6.560450400672762, 6.915125907385132, 7.087428554026332, 11.437085972169022, 6.546210469792327, 6.545434269704226, 6.630886969609412, 6.5464767476817025, 6.55738665049668], "(1.0, 0.0, 1.0)": [10.001208158789215, 9.790768347920523, 10.056215251786027, 8.50749188908194, 10.313431089958094, 14.856913849417309, 10.579806394907616, 9.803126651324481, 14.001099537215637], "(0.0, 1.0, 1.0)": [6.3921504937810845, 9.033709146111722, 9.018790255650291, 9.901099836235929, 10.734455111654366, 9.900700941382109, 6.363351646435099, 9.900698702722018, 9.0205983682583], "(4.0, 0.0, 0.0)": [23.383977930260702, 38.82010885830955, 38.819152733927226, 23.383343038328732, 38.819203444574185, 38.81915254314753, 38.82192968597214, 36.129788595639084, 38.81917603358931], "(0.0, 0.0, 1.0)": [19.625434966714582, 12.34778247754017, 17.496523994652506, 18.08046939064115, 12.342531588226336, 18.0579896031634, 12.34253172574707, 17.99981173090203, 16.645933024402886], "(5.0, 1.0, 0.0)": [55.0750630025141, 0.0, 46.07651111545151, 42.84237601550592, 66.42895683760132, 42.62087374932679, 52.26081187612583, 66.7503784281906, 0.0], "(5.0, 0.0, 0.0)": [60.01517070985462, 4.651323306415701, 55.39717835745796, 58.49132246075931, 2.9119699831795103, 55.172997096335486, 53.530992160210836, 4.813331859320014, 55.030652108337094]}}}