{"timestamp": 1764017292, "iso": "2025-11-24T20:48:12Z", "episode": 50, "games_in_episode": 1, "stats": {"total_messages": 3296, "total_updates": 3284, "total_reward": -307.8999999999944, "action_counts": [548, 371, 353, 286, 274, 262, 448, 280, 474], "state_visits": {"(3.0, 1.0, 0.0)": 266, "(3.0, 0.0, 0.0)": 749, "(4.0, 0.0, 0.0)": 212, "(5.0, 0.0, 0.0)": 1, "(0.0, 0.0, 1.0)": 211, "(1.0, 0.0, 1.0)": 427, "(2.0, 1.0, 0.0)": 323, "(2.0, 0.0, 0.0)": 527, "(0.0, 1.0, 1.0)": 273, "(1.0, 1.0, 1.0)": 295}, "state_action_prob_sums": {"(3.0, 1.0, 0.0)": [1144.451265411967, 996.9160648372887, 1186.8940439822932, 984.1297886432918, 1058.7442389050584, 1073.418784185854, 1326.2213376769894, 1101.2141420287585, 995.0321493649691], "(3.0, 0.0, 0.0)": [2278.244636322407, 2202.5886194853256, 2029.7343371193479, 1905.110571774407, 2127.429877293592, 1694.5695722718567, 2093.2656596856277, 2188.8658285237725, 2422.807949643823], "(4.0, 1.0, 0.0)": [180.4329780236603, 310.3742426632547, 327.98683439678524, 217.00754121880033, 269.911740257032, 283.90497509102306, 198.37516955956042, 319.71058898056714, 229.78445299274858], "(2.0, 1.0, 0.0)": [1200.788070417346, 762.4135124810834, 969.1326224616815, 877.4228309580054, 807.07868813865, 838.1761669388712, 787.6818792569927, 800.7472883660075, 970.9408661470796], "(2.0, 0.0, 0.0)": [1648.4779586303603, 1871.5872894516638, 1611.2667786793097, 1371.8036489983535, 1692.7017644110633, 1635.5826175512964, 1730.9744564164155, 1288.9316271196594, 1609.9242198824038], "(1.0, 1.0, 1.0)": [805.2617321255826, 765.6511089203029, 593.4911979081501, 845.2492565294569, 710.7252819010604, 537.2636610914999, 651.4612597414385, 833.7006978408268, 665.6646958816227], "(1.0, 0.0, 1.0)": [1381.83452137216, 1301.3429405857319, 1197.0989815355424, 1021.3236191647704, 1175.3403265647203, 1066.270875582477, 1186.1857885056186, 1296.9103169365028, 1358.5994604068921], "(0.0, 1.0, 1.0)": [491.50284172253964, 565.005984486235, 476.54626456001887, 585.9251847873807, 772.5085962100025, 635.6692643006644, 641.2506879708624, 424.33989544282923, 720.2464829728563], "(4.0, 0.0, 0.0)": [526.6759516853976, 591.99936631095, 786.178142291654, 777.7195800623678, 495.7620119368385, 561.0856601052598, 506.8248929896242, 452.5338587249836, 625.5314687241749], "(0.0, 0.0, 1.0)": [888.674082978312, 1109.0690378773488, 814.3955607048501, 1002.5346240939497, 740.0466655267958, 1048.2390308901556, 729.8909724141589, 915.397512829726, 709.1303463489905], "(5.0, 1.0, 0.0)": [2.0408909150288927, 0.0, 0.1111111111111111, 0.9284000615540022, 0.0, 0.0, 0.0, 6.481059874788989, 0.1111111111111111], "(5.0, 0.0, 0.0)": [16.748599407223406, 0.2222222222222222, 0.2222222222222222, 14.301686377204224, 0.3333333333333333, 0.4444444444444444, 1.0050803988242651, 0.2222222222222222, 0.2222222222222222]}, "state_action_visits": {"(3.0, 1.0, 0.0)": 18511, "(3.0, 0.0, 0.0)": 35541, "(4.0, 1.0, 0.0)": 4362, "(2.0, 1.0, 0.0)": 15013, "(2.0, 0.0, 0.0)": 26892, "(1.0, 1.0, 1.0)": 12087, "(1.0, 0.0, 1.0)": 20059, "(0.0, 1.0, 1.0)": 9812, "(4.0, 0.0, 0.0)": 9785, "(0.0, 0.0, 1.0)": 14563, "(5.0, 1.0, 0.0)": 17, "(5.0, 0.0, 0.0)": 63}}, "meta": {"recent_avg_return": -221.4336734693846, "epsilon": 0.18580085718730444, "q_summary": {"(3.0, 1.0, 0.0)": [14.188512127007243, 23.69099445287052, 23.18691874757965, 23.69254597287511, 22.288217217410082, 23.432624876080762, 23.192629134046662, 21.84563917065709, 23.201472422278748], "(3.0, 0.0, 0.0)": [19.39391782824503, 23.56379513315657, 21.707832962142316, 23.438186303865606, 22.13819005198952, 21.70440794671394, 24.418124924648723, 21.79290020310238, 21.730966397690338], "(4.0, 1.0, 0.0)": [52.62083581620842, 45.36217964423922, 55.97984801144487, 53.47460131204561, 53.44989235668699, 53.54548894988329, 46.688172428694315, 57.16576261561845, 56.543574634372725], "(2.0, 1.0, 0.0)": [10.349779287231646, 10.34955524245864, 10.35036530951074, 11.310199666298985, 10.349555172198187, 10.404832550255247, 10.362271089879602, 10.34955502123512, 11.222342397515117], "(2.0, 0.0, 0.0)": [20.415042501895158, 22.2304943285065, 24.50214601954431, 20.495153850175534, 20.51022390311325, 21.36417264659837, 20.702032564042952, 21.24504820661795, 20.596280619171846], "(1.0, 1.0, 1.0)": [11.24253202395058, 11.434974237446562, 10.555381760262833, 10.708581114929519, 11.198325849421941, 10.555422101431176, -34.84491426039494, 10.547727663892212, 11.200233687513336], "(1.0, 0.0, 1.0)": [24.024186155253048, 23.003913372659515, 23.76735191428004, 25.805956458933103, 18.77631500501379, 23.650665667582636, 23.766480700246195, 23.766698395630083, 23.788294748410433], "(0.0, 1.0, 1.0)": [7.240223046272103, 7.683805103685455, 7.235022290059536, 6.536567386846133, 7.203049337671991, 7.27668720861411, 7.392157813117029, 7.684264602822252, 7.802099931517882], "(4.0, 0.0, 0.0)": [40.561700307900814, 43.88365817003805, 31.294683088109842, 43.89564311750755, 43.89338437222502, 41.30903764105717, 44.05844520314155, 43.885357681270634, 30.488616472738514], "(0.0, 0.0, 1.0)": [15.951281878954388, 15.26501872619783, 15.218347759481484, 15.891826495805862, 15.923626114788398, 14.773979958964649, 14.707682891796793, 15.880989396270333, 14.820236339178942], "(5.0, 1.0, 0.0)": [55.0750630025141, 0.0, 46.07651111545151, 83.10809080008147, 66.42895683760132, 42.62087374932679, 52.26081187612583, 74.76351314378299, 0.0], "(5.0, 0.0, 0.0)": [68.57948314535301, 10.64300996375535, 62.18184193926028, 70.01999615926925, 12.205131797680522, 67.1721263346753, 53.530992160210836, 11.285698033302044, 58.506335128580616]}}}