{"timestamp": 1764020613, "iso": "2025-11-24T21:43:33Z", "episode": 146, "games_in_episode": 1, "stats": {"total_messages": 3183, "total_updates": 3170, "total_reward": -137.74999999998758, "action_counts": [451, 227, 456, 480, 307, 453, 275, 171, 363], "state_visits": {"(3.0, 0.0, 0.0)": 593, "(3.0, 1.0, 0.0)": 221, "(4.0, 1.0, 0.0)": 164, "(4.0, 0.0, 0.0)": 133, "(5.0, 0.0, 0.0)": 32, "(0.0, 0.0, 1.0)": 224, "(2.0, 0.0, 0.0)": 568, "(2.0, 1.0, 0.0)": 173, "(1.0, 0.0, 1.0)": 405, "(1.0, 1.0, 1.0)": 289, "(0.0, 1.0, 1.0)": 368}, "state_action_prob_sums": {"(3.0, 1.0, 0.0)": [4739.730329291438, 3772.561733321837, 4087.944758722396, 4920.0297602255905, 3893.630261392477, 5564.836665973837, 4538.539026068324, 3877.869290338358, 4098.5882220429085], "(3.0, 0.0, 0.0)": [8834.658627004965, 7693.6144027317005, 8203.532618381469, 8636.32583764703, 9796.106126677125, 9206.75818670925, 8075.924999903739, 9624.89303900924, 9695.48732026587], "(4.0, 1.0, 0.0)": [1098.6470763404216, 1497.5383554802156, 1468.824029457199, 965.1305656989118, 853.9127432826594, 750.5453028363369, 971.2989131422926, 1370.2642481147038, 1169.7343247112149], "(2.0, 1.0, 0.0)": [3720.0505227948724, 3234.693059023546, 2703.9736447013443, 3685.2862456042676, 3496.2264444061866, 3174.485329956314, 2862.895082900222, 3012.4076867011668, 3384.4526380954385], "(2.0, 0.0, 0.0)": [7911.123296249624, 9444.81403616833, 6838.92769374043, 5718.1985991579095, 7521.938707555548, 5852.407867623082, 7157.47436934086, 7121.9998223099965, 6716.102645836788], "(1.0, 1.0, 1.0)": [3495.103941032792, 2383.283548697532, 2469.0498977764614, 2671.568461696907, 3429.5681511641033, 2573.597644461497, 2884.291362075374, 2649.1800655828174, 2071.077343389469], "(1.0, 0.0, 1.0)": [5957.354261743886, 4936.820626704253, 8353.413811363522, 5235.410028862532, 4233.311335480775, 3250.3634819623, 4902.005065639305, 5669.695051915912, 5168.194726290664], "(0.0, 1.0, 1.0)": [1881.5513603268516, 2065.813410512897, 2125.2907077869827, 1244.5614670236014, 3500.547430708984, 2642.7703229828903, 1799.5272150447947, 2394.9319983998184, 1999.5108701325687], "(4.0, 0.0, 0.0)": [2485.6875635415713, 1875.0383856379776, 2449.344187266081, 2490.207702990486, 2131.3133793465977, 1783.833018701376, 2556.6794021525534, 2644.806784178769, 2468.059369329736], "(0.0, 0.0, 1.0)": [3728.1517238220117, 4469.500417490773, 3357.506348740978, 4084.6422315264485, 3253.784430011602, 5384.2179755575, 4587.446423792884, 3613.2751823659173, 4966.6760537774335], "(5.0, 1.0, 0.0)": [2.0408909150288927, 15.279044534172334, 10.856023325420203, 5.154289913748126, 0.0, 0.0, 0.1111111111111111, 22.624403943629595, 0.2222222222222222], "(5.0, 0.0, 0.0)": [16.970821629445627, 0.3333333333333333, 0.4444444444444444, 94.27369789899971, 0.4444444444444444, 14.549087988305887, 9.380955169672015, 0.4444444444444444, 2.1531529704471284], "(6.0, 1.0, 0.0)": [0.9373751319155789, 0.0, 0.0, 0.0, 0.0, 2.8121253957467367, 0.1111111111111111, 0.0, 0.9373751319155789], "(6.0, 0.0, 0.0)": [0.9581911388367294, 0.0, 1.9163822776734587, 0.0, 0.0, 0.0, 0.0, 0.0, 0.0]}, "state_action_visits": {"(3.0, 1.0, 0.0)": 52597, "(3.0, 0.0, 0.0)": 106247, "(4.0, 1.0, 0.0)": 13401, "(2.0, 1.0, 0.0)": 39676, "(2.0, 0.0, 0.0)": 84857, "(1.0, 1.0, 1.0)": 33245, "(1.0, 0.0, 1.0)": 62738, "(0.0, 1.0, 1.0)": 26397, "(4.0, 0.0, 0.0)": 27952, "(0.0, 0.0, 1.0)": 48791, "(5.0, 1.0, 0.0)": 71, "(5.0, 0.0, 0.0)": 186, "(6.0, 1.0, 0.0)": 6, "(6.0, 0.0, 0.0)": 3}}, "meta": {"recent_avg_return": -201.80049999999505, "epsilon": 0.02671474171988412, "q_summary": {"(3.0, 1.0, 0.0)": [68.35550729231721, 64.79008837253235, -21.271817120929242, 61.99471169291491, 68.33484919027244, 64.79008839118036, 64.55786917536282, 70.39683517000891, 64.79008834453224], "(3.0, 0.0, 0.0)": [56.32398629164971, 57.45780443740253, 38.65423543722079, 60.3806010628802, 57.333934580556054, 57.330954617669434, 57.002646725059165, 55.602587378723335, 57.3309546376925], "(4.0, 1.0, 0.0)": [88.91756393026563, 86.94818722418644, 86.94818722424182, 87.50681791774983, 86.432917426267, 85.34361862390301, 88.82969544119275, 87.41856427843803, 69.04985764077259], "(2.0, 1.0, 0.0)": [36.42308556178664, 44.2999115493987, 44.244408402505, 44.09709547997695, 40.78112088601925, 42.16292471202826, 44.13601945344567, 36.423088815291024, -26.42015165159451], "(2.0, 0.0, 0.0)": [40.09655020889396, 33.01335661193283, 41.32439669482143, 27.03137889492488, 38.04313442039634, 27.57517562668139, 29.315346410452083, 37.729072167686624, 35.85691092036267], "(1.0, 1.0, 1.0)": [31.313647797999895, 31.21733248126375, 31.648501556855287, 37.26289787366234, 31.21733248133572, 33.90470921876389, 30.880724315891566, 31.60397131474165, 31.602642615873336], "(1.0, 0.0, 1.0)": [30.58714944981492, 29.622775319524763, 29.622775319527193, 27.56514476877602, 27.655441437411948, 29.890528092685972, 28.05727167383496, 29.622775319524763, 28.048908213835283], "(0.0, 1.0, 1.0)": [36.871175781546484, 37.06986118921425, 36.87117274980151, 36.87117274980151, 36.87117274980151, 37.27286894140495, 40.050187771523376, 38.2619919363882, 37.814942834375216], "(4.0, 0.0, 0.0)": [54.15945965076809, 63.4136108513251, 63.49046719482074, 61.100039956195786, 63.00687281691606, 63.41362623271153, 63.413621224819224, 63.41361077802911, 62.791051383113], "(0.0, 0.0, 1.0)": [31.11631766674455, 31.741316547892524, 31.741340163654364, 31.117035989440645, 31.1168984429295, 33.79487833007599, 31.44335393904625, 31.74926596824224, 31.40331642549072], "(5.0, 1.0, 0.0)": [72.90571886078625, 76.4093977042894, 120.94898702174596, 89.2011991017917, 80.99685261636292, 111.16258932595152, 94.2163046534143, 96.0060533766054, 25.47563929505108], "(5.0, 0.0, 0.0)": [83.07975903732095, 29.198055269767696, 78.47091735134074, 85.26730149693064, 22.45073030665006, 78.47091737598262, 74.09693579988652, 28.316135267280266, 63.49811001115595], "(6.0, 1.0, 0.0)": [0.0, 0.0, 0.0, 0.0, 62.27312885909423, 0.07320435862500002, 0.0, 0.0, 0.045301875000000005], "(6.0, 0.0, 0.0)": [0.0, 0.0, 0.036375000000000005, 0.0, 31.716036898225518, 0.0, 0.0, 0.0, 0.0]}}}