{"timestamp": 1764018211, "iso": "2025-11-24T21:03:31Z", "episode": 76, "games_in_episode": 1, "stats": {"total_messages": 3308, "total_updates": 3295, "total_reward": -207.62499999998576, "action_counts": [496, 387, 333, 124, 255, 288, 349, 546, 530], "state_visits": {"(3.0, 1.0, 0.0)": 473, "(3.0, 0.0, 0.0)": 666, "(4.0, 0.0, 0.0)": 318, "(4.0, 1.0, 0.0)": 122, "(5.0, 0.0, 0.0)": 1, "(0.0, 0.0, 1.0)": 205, "(2.0, 0.0, 0.0)": 522, "(2.0, 1.0, 0.0)": 199, "(1.0, 1.0, 1.0)": 368, "(1.0, 0.0, 1.0)": 219, "(0.0, 1.0, 1.0)": 202}, "state_action_prob_sums": {"(3.0, 1.0, 0.0)": [1766.852353688351, 1536.2876490871827, 1800.5962015781488, 1793.8978920984525, 1642.062248828647, 1888.724455629148, 2038.5697179831548, 1570.6204948079087, 1811.606473667422], "(3.0, 0.0, 0.0)": [4240.030482247811, 3396.375187647049, 3686.189738535217, 3521.939830733777, 4018.0669790664097, 3626.3610094376018, 4024.1778376671045, 3844.241710163788, 4257.815010631462], "(4.0, 1.0, 0.0)": [350.9243081523351, 572.3348313594199, 651.0328654240781, 347.22311077883523, 528.6956776694084, 339.2148398578027, 317.6530383585442, 474.9990265222655, 389.79253656695647], "(2.0, 1.0, 0.0)": [1828.9998393880762, 1098.9322212643824, 1740.3996573551333, 1496.5638061386496, 1344.2281370335108, 1455.600105429824, 1267.4844932321387, 1538.2998419228443, 1391.0318605321147], "(2.0, 0.0, 0.0)": [2880.7809175636016, 3947.738971882203, 3248.642605922093, 2243.8322366104267, 3358.2696099944305, 2719.783289613098, 3258.5368304623057, 2895.869300592279, 2571.497292121338], "(1.0, 1.0, 1.0)": [1601.7577905213284, 1268.6515255616523, 844.4530197929982, 1061.5120929056557, 1191.7610146255308, 1194.6578452822655, 1137.358189431586, 1473.3958505965668, 1200.5875932267522], "(1.0, 0.0, 1.0)": [2921.072541427512, 2166.7844955566384, 2333.6084011383614, 1966.5969019146376, 2010.4319143330606, 1707.5636874639251, 2047.2824256792271, 2039.4486270414036, 2335.746084975234], "(0.0, 1.0, 1.0)": [732.806988350577, 839.7327764222877, 856.4068417668104, 843.2627269386109, 1322.0553342730145, 1239.6412703001024, 1062.3425420986146, 1121.3961980054435, 995.0377908964326], "(4.0, 0.0, 0.0)": [1218.1665235369687, 956.2902457767544, 1422.6351945256934, 1239.8892381976168, 775.317403043924, 813.9883125372447, 1108.3446326301284, 731.6014700542476, 1307.2415872261413], "(0.0, 0.0, 1.0)": [1935.9548562792909, 1991.4094180822638, 1622.9564523044612, 1696.3940305029146, 1387.0548122106143, 1722.2544534777971, 1528.679875812741, 1715.8508920870872, 1327.9002545994283], "(5.0, 1.0, 0.0)": [2.0408909150288927, 11.587942390919794, 0.1111111111111111, 5.154289913748126, 0.0, 0.0, 0.1111111111111111, 7.37728435155772, 0.1111111111111111], "(5.0, 0.0, 0.0)": [16.859710518334516, 0.3333333333333333, 0.3333333333333333, 43.03268952054772, 0.3333333333333333, 2.238717271517733, 1.0050803988242651, 0.3333333333333333, 0.3333333333333333]}, "state_action_visits": {"(3.0, 1.0, 0.0)": 26368, "(3.0, 0.0, 0.0)": 56043, "(4.0, 1.0, 0.0)": 6551, "(2.0, 1.0, 0.0)": 21760, "(2.0, 0.0, 0.0)": 43430, "(1.0, 1.0, 1.0)": 18079, "(1.0, 0.0, 1.0)": 31285, "(0.0, 1.0, 1.0)": 14642, "(4.0, 0.0, 0.0)": 15348, "(0.0, 0.0, 1.0)": 23727, "(5.0, 1.0, 0.0)": 38, "(5.0, 0.0, 0.0)": 104}}, "meta": {"recent_avg_return": -193.8324999999952, "epsilon": 0.10988177879371958, "q_summary": {"(3.0, 1.0, 0.0)": [53.706334850507154, 49.46668035914994, 51.61034552336759, 51.417680197719804, 51.47279570521859, 49.44967483364516, 41.35536170815293, 49.6723357189804, 49.435077565498005], "(3.0, 0.0, 0.0)": [27.649563764682632, 41.07391913880069, 40.85632890865917, 41.82755108030298, 41.07391889808575, 40.823675601803785, 41.81260282874172, 40.85632901449971, 44.3653805852851], "(4.0, 1.0, 0.0)": [58.15755976336745, 63.18629648603833, 63.115845360968876, 58.698632865267605, 59.22244926721354, 58.68692586538754, -22.932529197032807, 63.10707329761447, 63.11585409271521], "(2.0, 1.0, 0.0)": [34.340025016877846, 35.34850535062331, 35.47955775292182, 35.47951097178233, 35.374705939223226, 38.38562154567498, 37.57638324164573, 35.34850535056776, 15.865992330780973], "(2.0, 0.0, 0.0)": [20.92299381786517, 23.25221979882125, 21.53188453723072, 21.553246656398784, 21.417294856274694, 21.41760490511592, 23.445635379043473, 23.252219200983433, 21.41704221491555], "(1.0, 1.0, 1.0)": [7.416424270997572, 8.023064010094627, 7.696297678376028, 7.439470861007164, 7.951507663642292, 7.41642427297857, 7.415192237950237, 7.417096275345409, 7.406251383640024], "(1.0, 0.0, 1.0)": [18.30656713759545, 11.795821221122434, 19.56372839681831, 17.813168030575785, 10.935360783839288, 17.788943791149517, 18.023699125174623, 10.834558967549029, 18.023906125479964], "(0.0, 1.0, 1.0)": [7.419826064900844, 7.103175036247638, 7.276560836774236, 7.427068664162188, 7.220507931662931, 7.220698807372609, 7.821200170730466, 7.5743331532678315, -35.67612412053439], "(4.0, 0.0, 0.0)": [48.33843009268484, 50.235109369230166, 49.98901554438061, 49.76948156066847, 48.60544230466037, 46.24130236886725, 46.241307065945165, 46.24131101477719, 44.89301331532756], "(0.0, 0.0, 1.0)": [8.396100499847105, 9.098257764429093, 8.395397143274765, 8.95060809749099, 8.395572982253409, 8.534197909982963, 8.395542011764839, 8.395397143277872, 8.395397143274765], "(5.0, 1.0, 0.0)": [59.147611767776205, 83.25115325241079, 46.07651111545151, 67.13854541855017, 64.95747389977915, 76.61551214198165, 57.21998093615388, 86.79718567709529, 71.82755718020432], "(5.0, 0.0, 0.0)": [58.35803170245861, 10.64300996375535, 63.87800783471086, 60.71644842402822, 8.92541183516355, 64.44339646668655, 53.53840879485571, 4.228181056255587, 64.44330587416111]}}}