{"timestamp": 1764020019, "iso": "2025-11-24T21:33:39Z", "episode": 129, "games_in_episode": 1, "stats": {"total_messages": 4103, "total_updates": 4089, "total_reward": 13.22500000001964, "action_counts": [480, 361, 288, 446, 717, 121, 1013, 359, 318], "state_visits": {"(3.0, 0.0, 0.0)": 971, "(3.0, 1.0, 0.0)": 211, "(4.0, 0.0, 0.0)": 213, "(4.0, 1.0, 0.0)": 68, "(5.0, 1.0, 0.0)": 1, "(0.0, 0.0, 1.0)": 593, "(5.0, 0.0, 0.0)": 2, "(2.0, 0.0, 0.0)": 739, "(2.0, 1.0, 0.0)": 280, "(1.0, 0.0, 1.0)": 618, "(1.0, 1.0, 1.0)": 310, "(0.0, 1.0, 1.0)": 83}, "state_action_prob_sums": {"(3.0, 1.0, 0.0)": [3411.4873869671665, 3470.2833387766436, 3553.8433562673304, 3985.8442951265692, 3267.721432315871, 4233.347971583621, 3824.0236791749253, 3231.067079938329, 3604.945138918697], "(3.0, 0.0, 0.0)": [7623.00681971834, 6304.8115117824445, 6893.209967810909, 7370.2115342065645, 8865.824928249864, 7938.619603844072, 6796.025278380852, 8180.724839921416, 8375.387849773078], "(4.0, 1.0, 0.0)": [909.7537644788284, 1326.8293512478167, 1091.300280797653, 713.5786663198855, 828.6191144099926, 554.2318084413591, 799.2648232162868, 1115.6558575688791, 825.9222631301311], "(2.0, 1.0, 0.0)": [2875.613427663258, 2903.91914776875, 2531.8468582334344, 3155.376240075821, 2741.6455797148114, 2839.0281948993447, 2527.697344866098, 2575.778180922028, 3045.776175141306], "(2.0, 0.0, 0.0)": [5870.379251520759, 7570.298470930287, 6497.786774966874, 4779.718691954307, 6238.509554229435, 5158.965774915117, 6523.251243044751, 6448.562633412589, 5576.644467973775], "(1.0, 1.0, 1.0)": [3211.1828068296463, 2054.179555324781, 2322.3795330416287, 2120.245968888185, 2641.6067568649446, 2110.348544515791, 2352.9653150261724, 2445.7406125054945, 1875.4926180362563], "(1.0, 0.0, 1.0)": [5438.635565647518, 3899.737462933627, 6738.1846473850155, 4088.9815969226297, 4086.384530844636, 2923.213347372895, 4354.129047515551, 4579.408883142112, 4278.2043822403175], "(0.0, 1.0, 1.0)": [1678.8011821387215, 1611.686080341661, 1496.4520361417676, 1186.2625934515984, 3124.374824282539, 2052.394126149569, 1376.989908580591, 2325.5372990743476, 1752.4604363302935], "(4.0, 0.0, 0.0)": [2324.572018404803, 1541.897863011785, 2081.4052930221524, 2203.5512844782515, 1867.9658593081558, 1680.9853340165612, 2286.7460657865045, 1992.3011360364176, 1976.4262613970568], "(0.0, 0.0, 1.0)": [3174.95153421875, 4070.9158127359933, 3139.176630914135, 3484.024647482608, 3070.01599116295, 4243.748413932212, 3651.4093020917135, 2950.520299216521, 3951.1897987135476], "(5.0, 1.0, 0.0)": [2.0408909150288927, 15.279044534172334, 1.0389730784348816, 5.154289913748126, 0.0, 0.0, 0.1111111111111111, 22.624403943629595, 0.2222222222222222], "(5.0, 0.0, 0.0)": [16.859710518334516, 0.3333333333333333, 0.4444444444444444, 63.911866973845264, 0.4444444444444444, 14.549087988305887, 9.380955169672015, 0.3333333333333333, 2.1531529704471284], "(6.0, 1.0, 0.0)": [0.9373751319155789, 0.0, 0.0, 0.0, 0.0, 2.8121253957467367, 0.1111111111111111, 0.0, 0.9373751319155789], "(6.0, 0.0, 0.0)": [0.9581911388367294, 0.0, 1.9163822776734587, 0.0, 0.0, 0.0, 0.0, 0.0, 0.0]}, "state_action_visits": {"(3.0, 1.0, 0.0)": 45294, "(3.0, 0.0, 0.0)": 94172, "(4.0, 1.0, 0.0)": 11301, "(2.0, 1.0, 0.0)": 35363, "(2.0, 0.0, 0.0)": 74646, "(1.0, 1.0, 1.0)": 29551, "(1.0, 0.0, 1.0)": 54973, "(0.0, 1.0, 1.0)": 23165, "(4.0, 0.0, 0.0)": 24858, "(0.0, 0.0, 1.0)": 42756, "(5.0, 1.0, 0.0)": 60, "(5.0, 0.0, 0.0)": 152, "(6.0, 1.0, 0.0)": 6, "(6.0, 0.0, 0.0)": 3}}, "meta": {"recent_avg_return": -200.4379999999957, "epsilon": 0.037662374106648494, "q_summary": {"(3.0, 1.0, 0.0)": [62.60565519190297, 58.96958406099472, 57.66184229924793, 57.63181621368889, 57.659433520499825, 57.669901974759, 57.63972515200298, 62.59384368475375, 44.331532872714845], "(3.0, 0.0, 0.0)": [40.536110120641496, 35.348283334334646, 37.35596437883785, 36.745329518714755, 27.660618998358977, 38.90647738181189, 37.31822356363311, 37.909574080329236, 37.92273783896327], "(4.0, 1.0, 0.0)": [90.66489486923803, 91.11729701362947, 91.34083688741441, 90.64540798910426, 98.52868572986922, 84.0198033094055, 72.59175543690085, 90.67139087144551, 88.77035969412066], "(2.0, 1.0, 0.0)": [30.583513169794234, 37.65080752156671, 37.65081457075942, 37.659386858083586, 37.6512524762383, 37.66125227532131, 40.89761687126816, 37.6579630299552, 37.65091875989573], "(2.0, 0.0, 0.0)": [21.26758252197056, 19.862212842574447, 20.24795348719367, 20.17968568303578, 21.560618091397476, 21.072323264233816, 21.562187872049062, 19.8738103411942, 19.88875042453935], "(1.0, 1.0, 1.0)": [26.317035695953788, 23.617512243243098, 28.227768619052718, 26.016383144735833, 26.015946302419902, 27.224235692426166, 32.48676807760863, 26.03508575505691, 28.251028589586852], "(1.0, 0.0, 1.0)": [21.67709791969014, 21.73555175995559, 20.350707837857303, 20.2336697973093, 21.95562567379873, 21.677101934829313, 20.34705447219995, 19.78334593641736, 21.69171148923842], "(0.0, 1.0, 1.0)": [33.38136956771791, 32.812629795187, 36.25697599972476, 29.380153476532406, 33.38141807970012, 30.344598126740124, 33.38154051626612, 33.3804634973409, 30.740533918035357], "(4.0, 0.0, 0.0)": [60.960308780834694, 56.779418087690914, 65.78227035322777, 60.50119981765333, 58.85402796439655, 58.911803883696976, 60.54494114655737, 48.15538969658658, 60.49735101032583], "(0.0, 0.0, 1.0)": [19.706123027355073, 19.159434478628913, 20.08922928026337, 19.62899877288305, 18.76002861239483, 20.36199985137072, 18.75814581132599, 18.75804331519594, 20.36200358792324], "(5.0, 1.0, 0.0)": [59.147611767776205, 88.46692954562315, 120.94898702174596, 89.2011991017917, 97.01939267017232, 76.61551214198165, 75.95577475954596, 96.0060533766054, 25.47563929505108], "(5.0, 0.0, 0.0)": [80.33440115905587, 23.100010976558348, 71.5357654856998, 81.27282238340752, 22.45073030665006, 73.34451091915544, 74.09693579988652, 28.316135267280266, 63.49811001115595], "(6.0, 1.0, 0.0)": [0.0, 0.0, 0.0, 0.0, 62.27312885909423, 0.07320435862500002, 0.0, 0.0, 0.045301875000000005], "(6.0, 0.0, 0.0)": [0.0, 0.0, 0.036375000000000005, 0.0, 31.716036898225518, 0.0, 0.0, 0.0, 0.0]}}}