{"timestamp": 1764016409, "iso": "2025-11-24T20:33:29Z", "episode": 25, "games_in_episode": 1, "stats": {"total_messages": 2941, "total_updates": 2929, "total_reward": -326.77500000000657, "action_counts": [364, 337, 295, 292, 267, 316, 291, 437, 342], "state_visits": {"(3.0, 1.0, 0.0)": 419, "(3.0, 0.0, 0.0)": 715, "(4.0, 1.0, 0.0)": 102, "(4.0, 0.0, 0.0)": 379, "(2.0, 1.0, 0.0)": 337, "(2.0, 0.0, 0.0)": 390, "(1.0, 0.0, 1.0)": 147, "(1.0, 1.0, 1.0)": 232, "(0.0, 0.0, 1.0)": 100, "(0.0, 1.0, 1.0)": 108}, "state_action_prob_sums": {"(3.0, 1.0, 0.0)": [419.1322401673952, 444.3721135402102, 533.230445727258, 508.83317861045833, 458.7605275035537, 463.29047546711917, 436.9046415387899, 379.25396746350185, 396.04198106708964], "(3.0, 0.0, 0.0)": [910.2282096644157, 892.0524729358914, 842.2475995893341, 879.093619422852, 870.1891385120261, 710.6501003956209, 892.2475623948283, 840.0295503198092, 946.93690849384], "(4.0, 1.0, 0.0)": [96.09805772262968, 108.76344674686855, 108.95216538725282, 93.63757337831855, 107.71924204708547, 100.3065288393855, 98.55737202551512, 127.06418197038663, 85.62700787470929], "(2.0, 1.0, 0.0)": [449.7866210705194, 444.79283999238334, 349.98951185700025, 296.1401592635397, 316.2049375687033, 349.22602865352445, 359.9319169755687, 386.25294008426215, 374.2692749447201], "(2.0, 0.0, 0.0)": [707.6849637093134, 775.9692089619247, 570.2448993105512, 725.3265116782119, 554.5665472996577, 769.161108194091, 585.401627820183, 536.3603114305522, 505.1138029302192], "(1.0, 1.0, 1.0)": [368.6510640275196, 239.16121173508708, 235.78119463094052, 283.86541847741563, 262.7576085139568, 311.33747595200776, 299.43240912649617, 320.5276864714414, 333.59588683927063], "(1.0, 0.0, 1.0)": [543.1682670244534, 355.12344688999343, 405.0130448006604, 409.0623128563809, 485.76102681758294, 393.66894832800403, 434.2583119784656, 469.15300013086926, 619.606128985521], "(0.0, 1.0, 1.0)": [165.46796089978733, 225.72927376667207, 178.42157256745799, 144.5142053587528, 345.9882197190539, 270.82185327061103, 249.96252720641428, 202.01632311108872, 372.16464711530125], "(4.0, 0.0, 0.0)": [190.1479551530052, 233.88852242677785, 270.7230008461171, 266.2419165708799, 164.90125545638597, 183.79618766461564, 234.857345837241, 197.5422399890717, 219.33323220485406], "(0.0, 0.0, 1.0)": [337.8845859728337, 246.55948816682903, 367.82713114209173, 286.0395370436724, 301.0262114314258, 384.2828205836431, 310.7154244157977, 391.5400207624305, 244.18613315919293], "(5.0, 1.0, 0.0)": [2.0408909150288927, 0.0, 0.0, 0.0, 0.0, 0.0, 0.0, 2.59817195979525, 0.0], "(5.0, 0.0, 0.0)": [0.795377777777778, 0.1111111111111111, 0.0, 7.955002048368566, 0.2222222222222222, 0.2222222222222222, 0.6717470654909317, 0.1111111111111111, 0.1111111111111111]}, "state_action_visits": {"(3.0, 1.0, 0.0)": 9142, "(3.0, 0.0, 0.0)": 17744, "(4.0, 1.0, 0.0)": 2117, "(2.0, 1.0, 0.0)": 7497, "(2.0, 0.0, 0.0)": 12974, "(1.0, 1.0, 1.0)": 6158, "(1.0, 0.0, 1.0)": 9117, "(0.0, 1.0, 1.0)": 4802, "(4.0, 0.0, 0.0)": 4400, "(0.0, 0.0, 1.0)": 6398, "(5.0, 1.0, 0.0)": 8, "(5.0, 0.0, 0.0)": 23}}, "meta": {"recent_avg_return": -239.8979166666655, "epsilon": 0.3078901682545391, "q_summary": {"(3.0, 1.0, 0.0)": [21.488578343342837, -32.29120946190349, 21.78519682446983, 22.07806436398814, 21.78476880093149, 21.718767368238286, 20.427344302446976, 21.70949569574537, 21.784816669814532], "(3.0, 0.0, 0.0)": [26.351968075495584, 25.056204233243363, 25.096047731992645, 23.25099298617746, 24.07671063852395, 23.626422435313195, 23.35443448344108, 26.832482250563746, 23.666071376853733], "(4.0, 1.0, 0.0)": [22.968331228792806, 17.783972140947014, 18.09384908507521, 17.86303524206836, 17.802433518023978, 18.16689359539979, 17.01944465806922, 18.081351840531553, 17.792057113699084], "(2.0, 1.0, 0.0)": [13.872178740430568, 14.84868256493312, 13.943268002862997, 13.950245734297049, 15.041226406033244, 13.894587326694301, 14.29098030117038, 11.835238859099249, 15.045752434384543], "(2.0, 0.0, 0.0)": [20.66700256929287, 20.766598619058986, 21.05853748246004, 20.629762754253278, 20.627923148366047, 22.383283521011485, 20.667653056719985, 15.203890137153545, 20.840033539829314], "(1.0, 1.0, 1.0)": [8.85426451107037, 8.902811596567435, 6.495731194953535, 8.867571731069209, 10.335277468548393, 9.542654529223071, 9.208412974861954, 9.039790256743991, 14.649769564441616], "(1.0, 0.0, 1.0)": [12.865291217212597, 12.871839154040961, 12.866403138624289, 12.863728060133802, 13.04856432679687, 13.954560841154954, 13.005633007342816, 10.492039174605136, 13.692632974025088], "(0.0, 1.0, 1.0)": [14.939907770961279, 15.149615460915197, 10.691817464156495, 14.925431184914295, 10.691817484909489, 17.7502858105926, 15.023388513765003, 14.938493737752633, 16.350119861246345], "(4.0, 0.0, 0.0)": [30.736140165886034, 30.745768395296622, 31.899732749329207, 30.745387582178147, 31.352476341338644, 29.899060757327636, 31.357740368232676, 30.773933605829228, 33.38167393348555], "(0.0, 0.0, 1.0)": [8.419777894607648, 8.928736502558412, 8.863691678913657, 8.869388489353927, 9.032797083739382, 9.124748326233616, 8.85241574500296, 8.852438302738701, 9.032799417019417], "(5.0, 1.0, 0.0)": [55.0750630025141, 0.0, 0.0, 42.84237601550592, 49.625091220798545, 0.0, 37.73437499987857, 61.74220833235766, 0.0], "(5.0, 0.0, 0.0)": [53.15154276209251, 4.651323306415701, 55.85760672093123, 60.70824723246419, 3.5123178047537564, 51.0175198222972, 53.79489421209727, 4.420039427736981, 41.90744059040029]}}}