{"timestamp": 1764019386, "iso": "2025-11-24T21:23:06Z", "episode": 109, "games_in_episode": 1, "stats": {"total_messages": 3922, "total_updates": 3909, "total_reward": -142.27499999998852, "action_counts": [338, 412, 328, 302, 573, 607, 677, 325, 360], "state_visits": {"(3.0, 0.0, 0.0)": 844, "(3.0, 1.0, 0.0)": 281, "(4.0, 0.0, 0.0)": 201, "(4.0, 1.0, 0.0)": 100, "(5.0, 0.0, 0.0)": 1, "(0.0, 0.0, 1.0)": 496, "(2.0, 1.0, 0.0)": 320, "(2.0, 0.0, 0.0)": 742, "(1.0, 1.0, 1.0)": 271, "(1.0, 0.0, 1.0)": 468, "(0.0, 1.0, 1.0)": 185}, "state_action_prob_sums": {"(3.0, 1.0, 0.0)": [2644.1041407842804, 2443.2952022513123, 2861.6339429509035, 2636.8562000065504, 3088.5000410251605, 3232.907489949149, 3333.14652869748, 2695.4809190719743, 2623.026700039843], "(3.0, 0.0, 0.0)": [5800.26523488921, 5373.601113990452, 5737.696102921697, 6438.06258522899, 7191.594362044898, 5876.4943144752215, 5596.991098894671, 6720.7661223505365, 6842.9179709385235], "(4.0, 1.0, 0.0)": [864.0093387433903, 1029.1055759198982, 881.0871056137988, 502.8749666078856, 748.3847555117969, 497.04136860050863, 541.8095204277737, 704.3680527835598, 739.0859661018553], "(2.0, 1.0, 0.0)": [2281.4773435478273, 2254.1165463850266, 2451.352525617231, 2436.5043644526368, 2165.510575375197, 2245.9205745798613, 1709.6330474703784, 2455.1690300902455, 2319.962396565966], "(2.0, 0.0, 0.0)": [4391.338158941309, 6684.692725498074, 5767.009478745484, 3739.372849107033, 5720.4889428492725, 4489.051658671531, 5124.470539316173, 5077.7893830826015, 4208.505615997141], "(1.0, 1.0, 1.0)": [2451.653380803653, 1616.2584071355413, 1673.2584670993695, 1719.034050954733, 1852.9342793458366, 1819.4136511548445, 1646.3630459031049, 2257.1016458539575, 1806.6917339589454], "(1.0, 0.0, 1.0)": [4921.421078950364, 3479.7244274213904, 4113.984394846898, 3265.0135963517923, 3592.6019099348778, 2797.878497849158, 3617.2454731161797, 3945.7429467378456, 4123.65365741692], "(0.0, 1.0, 1.0)": [1186.395373597951, 1232.6777286713834, 1294.6771284505637, 1184.1514823404877, 1836.4135564828348, 1605.3224670244692, 1289.9295186601232, 1897.4676234452327, 1645.02572567245], "(4.0, 0.0, 0.0)": [2026.7797885670657, 1315.7275581014108, 1852.7158852701252, 1680.3722026266746, 1416.5346702087277, 1538.379825984744, 1597.0231048710214, 1478.8588801428127, 1770.8257324955619], "(0.0, 0.0, 1.0)": [2676.7280952851197, 3351.0060468369074, 2866.8721056754825, 2592.5927661760525, 2496.3746962737937, 3701.7438065153774, 3113.067890001748, 2403.905513351337, 3248.8330336995123], "(5.0, 1.0, 0.0)": [2.0408909150288927, 15.279044534172334, 1.0389730784348816, 5.154289913748126, 0.0, 0.0, 0.1111111111111111, 11.107721169062264, 0.2222222222222222], "(5.0, 0.0, 0.0)": [16.859710518334516, 0.3333333333333333, 0.3333333333333333, 52.35208754108235, 0.4444444444444444, 4.960979095084174, 9.380955169672015, 0.3333333333333333, 2.1531529704471284], "(6.0, 1.0, 0.0)": [0.9373751319155789, 0.0, 0.0, 0.0, 0.0, 2.8121253957467367, 0.1111111111111111, 0.0, 0.9373751319155789]}, "state_action_visits": {"(3.0, 1.0, 0.0)": 37633, "(3.0, 0.0, 0.0)": 80300, "(4.0, 1.0, 0.0)": 9507, "(2.0, 1.0, 0.0)": 30053, "(2.0, 0.0, 0.0)": 64350, "(1.0, 1.0, 1.0)": 24871, "(1.0, 0.0, 1.0)": 47855, "(0.0, 1.0, 1.0)": 19446, "(4.0, 0.0, 0.0)": 21302, "(0.0, 0.0, 1.0)": 37031, "(5.0, 1.0, 0.0)": 48, "(5.0, 0.0, 0.0)": 129, "(6.0, 1.0, 0.0)": 6}}, "meta": {"recent_avg_return": -192.3504999999953, "epsilon": 0.05641390711323706, "q_summary": {"(3.0, 1.0, 0.0)": [34.37933533616925, 33.8727279784754, 33.011550354157905, 33.874601364529454, 36.79100817599731, -29.025985094288487, 33.872756756402175, 34.020674992409084, 36.04120784303319], "(3.0, 0.0, 0.0)": [20.874143642763492, 31.737678340768266, 31.707145960827972, 20.8520478140886, 29.266578093776385, 31.73767834075065, 29.262368700732228, 31.73767834790327, 31.779090612440818], "(4.0, 1.0, 0.0)": [50.97445773271433, 46.92150111410504, 46.92150544907332, 47.363036476274054, 47.84601283903158, 37.194291772059394, 46.92151634716126, 48.04419172756904, 48.20454543721051], "(2.0, 1.0, 0.0)": [14.143405944941852, 16.845275301348714, 14.218275330629524, 13.735373355147193, 13.216344129165334, 14.143401981973232, 14.253839207110019, 14.143406544684797, 13.449780305037681], "(2.0, 0.0, 0.0)": [17.229550342489887, 17.341294234559722, 18.122565013810664, 16.944608774521445, 16.940365319442012, 18.386266651567404, 17.425237070516797, 17.227993885986763, 16.940365319442012], "(1.0, 1.0, 1.0)": [15.681076560169878, 19.597736911140498, 15.5759158780423, 17.336939207801358, 19.597736911140494, 15.875291190986804, 17.46164424757861, 18.053904829884, -32.967520519460074], "(1.0, 0.0, 1.0)": [17.181482223708144, 17.696404314140995, 17.721762742339592, 16.99513964318318, 16.995951176755913, 16.994809140572006, 18.445443362884582, 16.994807893853814, 17.286533849182476], "(0.0, 1.0, 1.0)": [19.667842942028773, 19.629193755178527, 18.119415507231793, 18.119415507430276, 19.66784294257134, 17.919920149234486, 17.19438689844429, 18.119484892840422, 18.190453733889754], "(4.0, 0.0, 0.0)": [50.88520095927444, 37.4324013237486, 37.43240132676702, 50.88493942176255, 51.15395044543881, 47.19899039742458, 51.15397229140154, 50.897582869980994, 50.886729968649675], "(0.0, 0.0, 1.0)": [17.83521836609417, 17.049596558943364, 16.72276281497099, 16.433418558056527, 17.793528114555862, 16.433400896806702, 17.07950765877471, 16.433400901118468, 16.98462871095457], "(5.0, 1.0, 0.0)": [59.147611767776205, 88.46692954562315, 99.17824344921738, 67.13854541855017, 121.51020120949335, 76.61551214198165, 57.21998093615388, 131.81473302178267, 25.47563929505108], "(5.0, 0.0, 0.0)": [66.44948493914265, 15.485290884622612, 60.454195520691435, 71.14980031181673, 49.64165181587333, 68.990053898417, 63.058427221650504, 14.861231967356693, 66.79364869757049], "(6.0, 1.0, 0.0)": [0.0, 0.0, 0.0, 0.0, 62.27312885909423, 0.07320435862500002, 0.0, 0.0, 0.045301875000000005]}}}