{"timestamp": 1764019948, "iso": "2025-11-24T21:32:28Z", "episode": 127, "games_in_episode": 1, "stats": {"total_messages": 2745, "total_updates": 2732, "total_reward": -296.6999999999883, "action_counts": [431, 95, 574, 378, 455, 267, 313, 187, 45], "state_visits": {"(3.0, 1.0, 0.0)": 259, "(3.0, 0.0, 0.0)": 581, "(4.0, 1.0, 0.0)": 1, "(4.0, 0.0, 0.0)": 423, "(5.0, 1.0, 0.0)": 1, "(0.0, 1.0, 1.0)": 343, "(5.0, 0.0, 0.0)": 1, "(0.0, 0.0, 1.0)": 132, "(2.0, 1.0, 0.0)": 135, "(2.0, 0.0, 0.0)": 408, "(1.0, 0.0, 1.0)": 300, "(1.0, 1.0, 1.0)": 148}, "state_action_prob_sums": {"(3.0, 1.0, 0.0)": [3369.8253805359614, 3460.5138365009657, 3464.5940675002826, 3948.5772880982663, 3254.0885735743664, 4095.6432614912183, 3813.169711277299, 3210.438827241328, 3565.7286899980363], "(3.0, 0.0, 0.0)": [7396.221752102853, 6259.382912425436, 6867.8342522828925, 7033.715630238675, 8490.763957870196, 7910.054713911272, 6387.263964490305, 8060.37243947705, 8243.762316040556], "(4.0, 1.0, 0.0)": [909.7537644788284, 1247.6271276100167, 1067.9980994088505, 713.3564440976634, 786.092131708388, 554.2318084413591, 799.2648232162868, 1115.6558575688791, 825.7000409079089], "(2.0, 1.0, 0.0)": [2851.2452275296187, 2807.159902550904, 2498.8739877619846, 3155.1540178535984, 2741.6455797148114, 2798.2154507321175, 2451.1198582477946, 2544.627244007722, 2905.507281032867], "(2.0, 0.0, 0.0)": [5342.293802479515, 7365.498648594376, 6481.433528731949, 4761.766417602133, 6200.286273132068, 5119.976330740391, 6488.019509966104, 6231.622905234204, 5387.105227638779], "(1.0, 1.0, 1.0)": [3205.905750714563, 2009.632329462284, 2322.046199708295, 2047.756793828615, 2517.013510842035, 2109.6818778491233, 2216.4634436919578, 2445.2961680610492, 1813.5240775409932], "(1.0, 0.0, 1.0)": [5435.18044308958, 3898.2153850439427, 6313.381634517305, 3971.032394493188, 4034.381069358094, 2922.546680706227, 4078.8589268456535, 4488.522306068286, 4277.648826684761], "(0.0, 1.0, 1.0)": [1678.6900710276104, 1567.9874335254747, 1441.3602630965072, 1186.1514823404873, 3085.630148513161, 2052.2830150384575, 1374.834641690114, 2325.5372990743476, 1752.4604363302935], "(4.0, 0.0, 0.0)": [2316.4008610287046, 1509.4696166131596, 2044.3577753453885, 2016.6083393897652, 1864.8461197365637, 1680.5408895721168, 1920.1169885637446, 1974.13825416242, 1936.3660159537922], "(0.0, 0.0, 1.0)": [3174.3959786631935, 4031.811158144115, 3138.7321864696896, 3445.03042078417, 2644.358426769047, 4179.31518583162, 3388.034395748833, 2660.893769592473, 3930.6706074746453], "(5.0, 1.0, 0.0)": [2.0408909150288927, 15.279044534172334, 1.0389730784348816, 5.154289913748126, 0.0, 0.0, 0.1111111111111111, 21.657881609502173, 0.2222222222222222], "(5.0, 0.0, 0.0)": [16.859710518334516, 0.3333333333333333, 0.4444444444444444, 58.115465839764184, 0.4444444444444444, 14.549087988305887, 9.380955169672015, 0.3333333333333333, 2.1531529704471284], "(6.0, 1.0, 0.0)": [0.9373751319155789, 0.0, 0.0, 0.0, 0.0, 2.8121253957467367, 0.1111111111111111, 0.0, 0.9373751319155789], "(6.0, 0.0, 0.0)": [0.9581911388367294, 0.0, 1.9163822776734587, 0.0, 0.0, 0.0, 0.0, 0.0, 0.0]}, "state_action_visits": {"(3.0, 1.0, 0.0)": 44857, "(3.0, 0.0, 0.0)": 92346, "(4.0, 1.0, 0.0)": 11146, "(2.0, 1.0, 0.0)": 34892, "(2.0, 0.0, 0.0)": 73268, "(1.0, 1.0, 1.0)": 29070, "(1.0, 0.0, 1.0)": 53919, "(0.0, 1.0, 1.0)": 23013, "(4.0, 0.0, 0.0)": 24107, "(0.0, 0.0, 1.0)": 41537, "(5.0, 1.0, 0.0)": 59, "(5.0, 0.0, 0.0)": 146, "(6.0, 1.0, 0.0)": 6, "(6.0, 0.0, 0.0)": 3}}, "meta": {"recent_avg_return": -205.8434999999967, "epsilon": 0.03921529998609797, "q_summary": {"(3.0, 1.0, 0.0)": [61.97774359820343, 61.64611185459534, 57.268247185826525, 44.6988427109208, 61.773430396034605, 58.01667186757433, 61.63875505408728, 57.04452419130026, 56.406864905942605], "(3.0, 0.0, 0.0)": [32.244590820972476, 53.57335575235935, 60.31988382322307, 55.51929146716304, 55.51929311736523, 55.59075323683217, 55.51975291639194, 55.51929311736523, 56.66264712997857], "(4.0, 1.0, 0.0)": [78.79767523928564, 74.797378893452, 117.16997030301681, 76.0700133993866, 74.7048330369953, 64.92812083571289, 73.38207797609635, 81.27306323977145, 74.86727346631145], "(2.0, 1.0, 0.0)": [38.67555645799389, 40.58259341215866, 39.726740105093484, 39.72679242563744, 34.52203835644424, 43.15406533162335, 39.72673907784278, 39.72757689360766, 39.726949292438306], "(2.0, 0.0, 0.0)": [23.529912825775803, 24.30747868284098, 22.855181059045584, 22.395339600391047, 22.387880388658306, 24.256982287751104, 22.387880617235968, 35.399484430456376, 24.23898029096992], "(1.0, 1.0, 1.0)": [31.696784970718312, 33.81130995990568, 32.10067988206406, 32.10611905287251, 34.8648694370813, 34.3445772933175, -29.45608004246038, 34.33697421307249, 32.406689426947814], "(1.0, 0.0, 1.0)": [26.868468999955212, 25.275374719060387, 32.03619433909847, 28.515601099806545, 28.84192457088893, 27.292233388188233, 31.28664428369902, 25.1343816650505, 25.1339913535156], "(0.0, 1.0, 1.0)": [30.862622007475778, 32.812629795187, 32.32427840446516, 32.32427933233102, 35.10791230894705, 32.29347937897141, 32.324279324231284, 16.764024546097545, 32.200625607514446], "(4.0, 0.0, 0.0)": [53.89047984755113, 50.900853351146395, 53.23808699794436, 49.0040406716182, 49.00415224850531, 52.4678448389387, 49.51952899224946, 49.94732287362218, 52.467845698179865], "(0.0, 0.0, 1.0)": [28.318618245033363, 30.338031186173875, 28.31861809276978, 27.612081201373684, 28.33214339652767, 30.753932709532368, 28.31861809297714, 28.318604593864187, 28.318633390339905], "(5.0, 1.0, 0.0)": [59.147611767776205, 88.46692954562315, 120.94898702174596, 89.2011991017917, 97.01939267017232, 76.61551214198165, 75.95577475954596, 131.81473302178267, 25.47563929505108], "(5.0, 0.0, 0.0)": [80.33440115905587, 15.485290884622612, 61.75507216459441, 81.27282238340752, 14.568535290412573, 73.34451091915544, 63.058427221650504, 28.316135267280266, 63.49811001115595], "(6.0, 1.0, 0.0)": [0.0, 0.0, 0.0, 0.0, 62.27312885909423, 0.07320435862500002, 0.0, 0.0, 0.045301875000000005], "(6.0, 0.0, 0.0)": [0.0, 0.0, 0.036375000000000005, 0.0, 31.716036898225518, 0.0, 0.0, 0.0, 0.0]}}}