{"timestamp": 1764020506, "iso": "2025-11-24T21:41:46Z", "episode": 143, "games_in_episode": 1, "stats": {"total_messages": 2684, "total_updates": 2672, "total_reward": -403.20000000000516, "action_counts": [648, 227, 203, 134, 69, 456, 416, 287, 244], "state_visits": {"(3.0, 1.0, 0.0)": 805, "(3.0, 0.0, 0.0)": 486, "(4.0, 0.0, 0.0)": 19, "(4.0, 1.0, 0.0)": 13, "(2.0, 1.0, 0.0)": 341, "(2.0, 0.0, 0.0)": 337, "(1.0, 1.0, 1.0)": 232, "(1.0, 0.0, 1.0)": 220, "(0.0, 0.0, 1.0)": 140, "(0.0, 1.0, 1.0)": 79}, "state_action_prob_sums": {"(3.0, 1.0, 0.0)": [4713.055774145419, 3761.7118330186536, 4054.317870183284, 4831.810617048945, 3795.7259680207944, 5212.5599019935635, 4419.287828294268, 3658.697945157404, 3954.863338343158], "(3.0, 0.0, 0.0)": [8342.949929550225, 7669.306198790965, 7868.01097963458, 8328.276031061916, 9683.235902156452, 8991.64225647478, 7995.336037035663, 9386.241114413531, 9662.857830596802], "(4.0, 1.0, 0.0)": [1088.8845407112651, 1497.2050221468824, 1291.0652670667894, 965.0194545878007, 853.5794099493262, 750.4341917252258, 971.0766909200704, 1324.3152387767768, 955.7464956920176], "(2.0, 1.0, 0.0)": [3676.8784746371766, 3175.6841712622986, 2703.862533590233, 3573.8827383212574, 3134.048934461363, 3174.1519966229803, 2841.428166181708, 2987.8902365171643, 3383.3662525539694], "(2.0, 0.0, 0.0)": [7456.1458477109845, 9067.634505632928, 6759.842916584421, 5492.6912911504105, 7390.2318412359, 5817.383384648882, 7041.078967753323, 7096.296031650426, 6504.734599512831], "(1.0, 1.0, 1.0)": [3494.992829921681, 2340.217280818132, 2457.2276208796825, 2547.473148095509, 3254.685800486392, 2530.5313765820974, 2786.7634245282024, 2640.171561294354, 2070.8551211672466], "(1.0, 0.0, 1.0)": [5874.948578979613, 4656.314988099966, 8139.52651651041, 4967.249885956853, 4232.978002147441, 3180.511864313066, 4901.56062119486, 5265.264771081121, 5123.862932480119], "(0.0, 1.0, 1.0)": [1881.3291381046295, 2065.480077179563, 2125.1795966758714, 1244.3392448013792, 3500.3252084867613, 2286.3414331166246, 1586.6398255808504, 2394.5986650664845, 1999.5108701325687], "(4.0, 0.0, 0.0)": [2485.6875635415713, 1871.022260275204, 2423.850483519163, 2488.787984115683, 2131.2022682354864, 1783.833018701376, 2519.3942790197707, 2644.806784178769, 2123.5744005640304], "(0.0, 0.0, 1.0)": [3723.913376237015, 4468.944861935216, 3357.173015407644, 4083.666462584698, 3253.673318900491, 4897.057336865745, 4533.089727696064, 3424.911627881807, 4711.749060488277], "(5.0, 1.0, 0.0)": [2.0408909150288927, 15.279044534172334, 10.856023325420203, 5.154289913748126, 0.0, 0.0, 0.1111111111111111, 22.624403943629595, 0.2222222222222222], "(5.0, 0.0, 0.0)": [16.859710518334516, 0.3333333333333333, 0.4444444444444444, 65.8512334633345, 0.4444444444444444, 14.549087988305887, 9.380955169672015, 0.3333333333333333, 2.1531529704471284], "(6.0, 1.0, 0.0)": [0.9373751319155789, 0.0, 0.0, 0.0, 0.0, 2.8121253957467367, 0.1111111111111111, 0.0, 0.9373751319155789], "(6.0, 0.0, 0.0)": [0.9581911388367294, 0.0, 1.9163822776734587, 0.0, 0.0, 0.0, 0.0, 0.0, 0.0]}, "state_action_visits": {"(3.0, 1.0, 0.0)": 51455, "(3.0, 0.0, 0.0)": 104314, "(4.0, 1.0, 0.0)": 12928, "(2.0, 1.0, 0.0)": 39023, "(2.0, 0.0, 0.0)": 83111, "(1.0, 1.0, 1.0)": 32719, "(1.0, 0.0, 1.0)": 61306, "(0.0, 1.0, 1.0)": 25798, "(4.0, 0.0, 0.0)": 27521, "(0.0, 0.0, 1.0)": 47754, "(5.0, 1.0, 0.0)": 71, "(5.0, 0.0, 0.0)": 154, "(6.0, 1.0, 0.0)": 6, "(6.0, 0.0, 0.0)": 3}}, "meta": {"recent_avg_return": -200.59599999999483, "epsilon": 0.028383944742288635, "q_summary": {"(3.0, 1.0, 0.0)": [49.96711511069116, 52.28368492695581, 50.98956253545071, 51.00979660765576, 51.30950541653772, 52.26433598375798, 52.26433598375798, 55.396263604841366, 50.989562516594], "(3.0, 0.0, 0.0)": [43.0667907470546, 40.17781855161563, 40.177794036796065, 39.88005692737564, 40.1881777115188, 39.64644748729024, 39.646447518960954, 42.703189353560425, 41.044430851907606], "(4.0, 1.0, 0.0)": [71.91957872889142, 94.60767306098477, 102.668183905172, 94.78938937323865, 62.83249601207964, 94.47973983838406, 94.47972919372188, 102.668183905172, 94.5116660075204], "(2.0, 1.0, 0.0)": [-25.074714351311002, 53.28301911844545, 50.48785954097231, 53.073362531546124, 53.914455770402384, 50.48786034311379, 53.91415131381232, 49.639761338065895, 49.62631245513628], "(2.0, 0.0, 0.0)": [47.496839417853025, 43.72765490883791, 43.722092264424695, 43.71933985822682, 37.08699744419875, 43.72209226442478, 43.72209226442478, 43.722084354775376, 50.735803136625805], "(1.0, 1.0, 1.0)": [-28.594361194575107, 36.20420974705523, 35.55027002460699, 35.9160025399715, 31.585278864235597, 35.59420903608156, 38.61147306706472, 35.73418108510176, 35.54755522169961], "(1.0, 0.0, 1.0)": [38.164328083663925, 37.88075996056175, 34.875299163716804, 34.875299163714544, 34.88000862579145, 34.88601740713249, 34.87529916370479, 34.875299165523344, 38.164328083663925], "(0.0, 1.0, 1.0)": [40.19049446958195, 40.367102919165774, 41.06585627798917, 40.20340216341175, 40.290235094440625, 43.50563888209062, 43.65814616258908, 40.530785278676966, 40.190494469375004], "(4.0, 0.0, 0.0)": [56.32516685609947, 55.21160877052763, 55.195963868870166, 59.90046060712798, 55.133423754397484, 43.93521821603044, 58.84166028089352, 57.21900257848755, 56.316951650561876], "(0.0, 0.0, 1.0)": [36.92378079356085, 36.64230224337486, 38.24697273409424, 36.62563877343427, 38.30261661559586, 39.0080358116175, 35.32922925431183, 40.107370427783536, 36.923816451676444], "(5.0, 1.0, 0.0)": [72.90571886078625, 76.4093977042894, 120.94898702174596, 89.2011991017917, 80.99685261636292, 111.16258932595152, 94.2163046534143, 96.0060533766054, 25.47563929505108], "(5.0, 0.0, 0.0)": [80.33440115905587, 17.80758608884283, 71.5357654856998, 85.26730149693064, 22.45073030665006, 73.34451091915544, 74.09693579988652, 28.316135267280266, 63.49811001115595], "(6.0, 1.0, 0.0)": [0.0, 0.0, 0.0, 0.0, 62.27312885909423, 0.07320435862500002, 0.0, 0.0, 0.045301875000000005], "(6.0, 0.0, 0.0)": [0.0, 0.0, 0.036375000000000005, 0.0, 31.716036898225518, 0.0, 0.0, 0.0, 0.0]}}}