{"timestamp": 1764020752, "iso": "2025-11-24T21:45:52Z", "episode": 150, "games_in_episode": 1, "stats": {"total_messages": 3731, "total_updates": 3719, "total_reward": -197.0249999999888, "action_counts": [408, 293, 551, 359, 417, 165, 396, 436, 706], "state_visits": {"(3.0, 1.0, 0.0)": 455, "(3.0, 0.0, 0.0)": 757, "(4.0, 1.0, 0.0)": 141, "(4.0, 0.0, 0.0)": 297, "(2.0, 0.0, 0.0)": 664, "(2.0, 1.0, 0.0)": 167, "(1.0, 0.0, 1.0)": 490, "(1.0, 1.0, 1.0)": 199, "(0.0, 0.0, 1.0)": 390, "(0.0, 1.0, 1.0)": 159}, "state_action_prob_sums": {"(3.0, 1.0, 0.0)": [4745.058416194168, 4276.361485101665, 4212.035820179556, 5179.7603957045485, 3938.7945608454393, 5572.00709874877, 4766.589635969736, 4004.4758896653407, 4401.796714468193], "(3.0, 0.0, 0.0)": [9080.636461754033, 7818.995707997336, 8639.285634781489, 8745.101632129103, 10323.792705539943, 9560.991713317551, 8458.848108217402, 9718.58120763147, 10091.25707313013], "(4.0, 1.0, 0.0)": [1101.7994840376155, 1594.465720748974, 1565.6643067842317, 980.8767795592103, 940.0875382008957, 785.8363073762465, 980.2005806783199, 1383.9384469979052, 1236.455405255749], "(2.0, 1.0, 0.0)": [3910.1053686369733, 3257.602258776113, 2711.032966365169, 3693.329668173592, 3723.172423558216, 3361.3326110047483, 2996.1152589502813, 3089.0325893510567, 3384.56374920655], "(2.0, 0.0, 0.0)": [8102.676111005391, 9759.757835377204, 7321.105931775563, 6223.001880387847, 7720.058626864816, 5919.106187701617, 7482.914653468615, 7489.514629455558, 6776.190995260762], "(1.0, 1.0, 1.0)": [3537.1232796712234, 2430.5294152439847, 2587.538170911217, 3063.442230096189, 3448.2459467898702, 2639.4634796436676, 2884.735806519819, 2649.40228780504, 2106.367435686244], "(1.0, 0.0, 1.0)": [6209.262372988629, 4939.552792325681, 8846.67167366731, 5504.473971305405, 4233.978002147443, 3359.5646017622353, 5069.086215226309, 5830.769633555851, 5890.466486397268], "(0.0, 1.0, 1.0)": [1978.5801578071435, 2193.9966773077986, 2157.775381441, 1246.738989332599, 3599.734529535588, 2803.4308377727484, 1815.2711017542583, 2620.0315193421784, 2224.7140216906146], "(4.0, 0.0, 0.0)": [2659.7065345352016, 1899.789931262742, 2451.4087553605073, 2567.7836090620167, 2440.7465146877153, 1863.9578005591245, 2557.767241755322, 2861.141409807437, 2473.169841768897], "(0.0, 0.0, 1.0)": [4348.4900798136605, 4621.696911302278, 3431.9188631495554, 4214.246680566111, 3319.8541604515735, 5431.0158961352745, 4680.724290810651, 3764.348296327051, 5229.665700635271], "(5.0, 1.0, 0.0)": [2.0408909150288927, 15.279044534172334, 11.833673368807919, 5.154289913748126, 0.0, 0.0, 0.1111111111111111, 22.624403943629595, 0.2222222222222222], "(5.0, 0.0, 0.0)": [28.70262215009821, 0.3333333333333333, 0.4444444444444444, 95.25089182082391, 0.4444444444444444, 14.549087988305887, 9.380955169672015, 0.4444444444444444, 2.2642640815582395], "(6.0, 1.0, 0.0)": [0.9373751319155789, 0.0, 0.0, 0.0, 0.0, 2.8121253957467367, 0.1111111111111111, 0.0, 0.9373751319155789], "(6.0, 0.0, 0.0)": [0.9581911388367294, 0.0, 1.9163822776734587, 0.0, 0.0, 0.0, 0.0, 0.0, 0.0]}, "state_action_visits": {"(3.0, 1.0, 0.0)": 54270, "(3.0, 0.0, 0.0)": 109038, "(4.0, 1.0, 0.0)": 13844, "(2.0, 1.0, 0.0)": 40569, "(2.0, 0.0, 0.0)": 87488, "(1.0, 1.0, 1.0)": 33996, "(1.0, 0.0, 1.0)": 65015, "(0.0, 1.0, 1.0)": 27424, "(4.0, 0.0, 0.0)": 28878, "(0.0, 0.0, 1.0)": 50460, "(5.0, 1.0, 0.0)": 72, "(5.0, 0.0, 0.0)": 200, "(6.0, 1.0, 0.0)": 6, "(6.0, 0.0, 0.0)": 3}}, "meta": {"recent_avg_return": -205.61199999999565, "epsilon": 0.02464082716504475, "q_summary": {"(3.0, 1.0, 0.0)": [78.92857969981199, 73.03237301666682, 42.449278774161755, 78.9286825307517, 73.0381303660352, 78.9285967027822, 79.35583951358018, 78.92857821891218, 73.12450056352918], "(3.0, 0.0, 0.0)": [44.09352955100999, 28.210027264704493, 44.0935185641038, 44.093518491886286, 28.2100272647153, 44.09351925100704, 47.90056365663457, 44.0935185641038, 44.09351856410425], "(4.0, 1.0, 0.0)": [80.29284841742785, 87.24766133864337, 80.29560691100514, 65.45813200449801, 80.29283198880373, 80.28351881067925, 80.32001565014978, 80.29284820554119, 79.01384510720216], "(2.0, 1.0, 0.0)": [32.25492482870564, 29.7168703216427, 28.881242521208605, 32.194687260188864, 29.74255634206452, 32.25491424816298, 29.71687031928012, 32.273772086172784, 30.35132248602593], "(2.0, 0.0, 0.0)": [22.76393135174826, 24.56682277887134, 21.393148411029323, 22.91553016497835, 21.402959470560162, 22.024035839240984, 22.915530164904677, 23.22624516482268, 22.536248047760285], "(1.0, 1.0, 1.0)": [26.787706747053775, -30.33057501953481, 27.619470991137696, 27.619455988398048, -30.57638505935861, 26.539050338064904, 27.619455991622786, 25.773437551747907, 26.990673703141113], "(1.0, 0.0, 1.0)": [24.016159364363833, 23.989516972733288, 24.002250847133585, 23.98951697955634, 23.052263494892912, 24.69004963946646, 23.989516972732826, 23.18094293448426, 26.28447464816316], "(0.0, 1.0, 1.0)": [27.672815679727186, 27.09068130358286, 26.781079626628127, 26.781079608174718, 34.585604155281885, 25.483990431013837, 26.78107960817443, 25.484005182038644, 26.436734448130956], "(4.0, 0.0, 0.0)": [46.75908743180343, 48.024633607290276, 46.78969475320737, 50.79792111640098, 46.76808260863582, 47.07547397213924, 48.024633607290276, 44.13516807758795, 47.075474637398116], "(0.0, 0.0, 1.0)": [28.04966130492716, 25.83071325475153, 26.237893559516433, 25.830787815848915, 25.830688400533354, 25.830688400532985, 27.45950893673722, 25.831086541773352, 26.23789353458358], "(5.0, 1.0, 0.0)": [72.90571886078625, 76.4093977042894, 120.94898702174596, 89.2011991017917, 80.99685261636292, 111.16258932595152, 86.52411038194093, 96.0060533766054, 25.47563929505108], "(5.0, 0.0, 0.0)": [80.47130342780108, 29.198055269767696, 76.58416200414814, 80.50386370782125, 22.45073030665006, 78.47091737598262, 74.09693579988652, 35.26847023793283, 76.45832887483523], "(6.0, 1.0, 0.0)": [0.0, 0.0, 0.0, 0.0, 62.27312885909423, 0.07320435862500002, 0.0, 0.0, 0.045301875000000005], "(6.0, 0.0, 0.0)": [0.0, 0.0, 0.036375000000000005, 0.0, 31.716036898225518, 0.0, 0.0, 0.0, 0.0]}}}