{"timestamp": 1764016730, "iso": "2025-11-24T20:38:50Z", "episode": 34, "games_in_episode": 1, "stats": {"total_messages": 2455, "total_updates": 2442, "total_reward": -266.9500000000045, "action_counts": [300, 353, 284, 238, 248, 236, 274, 289, 233], "state_visits": {"(3.0, 1.0, 0.0)": 535, "(3.0, 0.0, 0.0)": 415, "(4.0, 1.0, 0.0)": 220, "(4.0, 0.0, 0.0)": 232, "(5.0, 0.0, 0.0)": 2, "(0.0, 0.0, 1.0)": 85, "(2.0, 1.0, 0.0)": 367, "(2.0, 0.0, 0.0)": 184, "(1.0, 1.0, 1.0)": 56, "(1.0, 0.0, 1.0)": 184, "(0.0, 1.0, 1.0)": 162}, "state_action_prob_sums": {"(3.0, 1.0, 0.0)": [666.5492795408712, 736.8045267311638, 663.9740042630312, 617.5616577184999, 564.9356070640757, 749.745955505684, 687.3750757756093, 675.2693416555198, 684.851665084805], "(3.0, 0.0, 0.0)": [1283.9338806908327, 1365.0563488998305, 1342.3026325605404, 1272.960494540025, 1254.3597526140643, 1110.8743317352041, 1280.738655488818, 1306.0596358668006, 1388.6294971879038], "(4.0, 1.0, 0.0)": [144.80920294871677, 175.73656121053347, 137.2548137559754, 136.14477008877017, 182.52675510238424, 195.07480768532147, 123.72911585092176, 254.95789105688053, 112.31954471538491], "(2.0, 1.0, 0.0)": [712.1288218496951, 538.3025258263921, 672.7741371543005, 480.7788154652637, 477.8761740753074, 550.3726748176599, 549.7104261829193, 526.4613108153525, 468.85334125386754], "(2.0, 0.0, 0.0)": [1062.0962247907753, 1064.170460198176, 884.1902633960954, 1000.0839934822944, 1015.5067210677279, 1088.9181272931003, 859.6723783463917, 845.4836419879019, 881.206696737089], "(1.0, 1.0, 1.0)": [473.3094172240689, 361.6722263457841, 310.4560166411171, 425.9919395556923, 404.1430212078539, 421.21091561861726, 356.40799793171107, 480.5109984924178, 472.99424679039635], "(1.0, 0.0, 1.0)": [792.4309291248774, 725.0259171357529, 693.9468317413531, 568.8010603096127, 744.2936047055086, 630.4446635705888, 672.3651386643277, 766.1099201055542, 850.1456346583548], "(0.0, 1.0, 1.0)": [322.7895716618986, 346.5859833732429, 281.1651040277554, 276.59582598465664, 425.05640677107664, 363.4542179620138, 345.8722637139526, 318.548949605944, 518.6634111890644], "(4.0, 0.0, 0.0)": [267.98205075028716, 325.3881084769206, 518.649620268915, 500.7159196587715, 245.2638898202465, 250.89372749376344, 385.9272996646534, 328.6207282486252, 369.51775887223306], "(0.0, 0.0, 1.0)": [563.6260560774762, 510.69699152221403, 524.277484291338, 484.78723289953473, 547.347343846323, 499.49203392978455, 469.40701235677403, 553.0360506284189, 355.17709277865833], "(5.0, 1.0, 0.0)": [2.0408909150288927, 0.0, 0.0, 0.1111111111111111, 0.0, 0.0, 0.0, 4.885405782468865, 0.1111111111111111], "(5.0, 0.0, 0.0)": [3.873343450788368, 0.1111111111111111, 0.1111111111111111, 10.187397057742183, 0.3333333333333333, 0.2222222222222222, 0.7828581766020428, 0.1111111111111111, 0.1111111111111111]}, "state_action_visits": {"(3.0, 1.0, 0.0)": 12599, "(3.0, 0.0, 0.0)": 24417, "(4.0, 1.0, 0.0)": 3043, "(2.0, 1.0, 0.0)": 10426, "(2.0, 0.0, 0.0)": 18180, "(1.0, 1.0, 1.0)": 7976, "(1.0, 0.0, 1.0)": 13185, "(0.0, 1.0, 1.0)": 6620, "(4.0, 0.0, 0.0)": 6569, "(0.0, 0.0, 1.0)": 9291, "(5.0, 1.0, 0.0)": 13, "(5.0, 0.0, 0.0)": 33}}, "meta": {"recent_avg_return": -230.24015151514956, "epsilon": 0.25670273876409727, "q_summary": {"(3.0, 1.0, 0.0)": [21.652118785190652, 21.997894282282193, 21.69870848888746, 19.60561607209987, 22.954116047645094, 23.480099788152106, 23.102817799720555, 22.973989980979418, -32.37215965601422], "(3.0, 0.0, 0.0)": [21.180690024126235, 39.01096326945259, 38.87912011266833, 38.892883118941924, 42.198942882282935, 38.848028195026224, 39.85804125506705, 38.85799092536485, 39.56579556401472], "(4.0, 1.0, 0.0)": [35.904068304615365, 38.998597494007974, 31.602612604957024, 37.79427711518675, 37.09377075883999, 33.08296659474539, 38.62461979250813, 35.903754018942955, 37.03043875413577], "(2.0, 1.0, 0.0)": [8.889117984672351, 8.439685844573194, 26.67596650135281, 8.5735256862744, 8.716924325115103, 8.689407528780816, 9.109977012568358, 8.432181757112321, 8.560056332587088], "(2.0, 0.0, 0.0)": [13.549054872844483, 14.094664185880212, 14.097838640389293, 14.09485931668932, 13.532770646392462, 14.108871724703818, 7.200228241766816, 14.376964362837057, 13.474705437010847], "(1.0, 1.0, 1.0)": [16.208056830695, 12.610686812960786, 5.543614967465023, 5.479838404989003, 5.207833338429318, 5.600149395828019, 17.64294704115937, 14.927177148116126, 11.922442395907597], "(1.0, 0.0, 1.0)": [4.704777993365989, 4.528463881788335, 4.4542647465576355, 4.530973747535985, 4.439170858258441, 4.504607160548747, 4.45724591159243, 4.710687723202901, 5.34929997403239], "(0.0, 1.0, 1.0)": [10.084175029039178, 6.174438918334518, 6.151890377606172, 12.454541451383982, 6.167964155110893, 6.169664792869935, 11.540048749366552, 11.099604593776265, 6.061806435977356], "(4.0, 0.0, 0.0)": [45.36225587194097, 45.26461184189288, 49.16326562853351, 45.308191390238264, 60.244478379708525, 45.49875294219376, 45.28318222180903, 46.25507474310572, 44.98022045573551], "(0.0, 0.0, 1.0)": [5.76890613466, 5.760128637834369, 5.093153323283506, 5.034635775579401, 5.2168437980755265, 2.4472415954072737, 5.332412648979113, 5.287255190342248, 6.22505338143875], "(5.0, 1.0, 0.0)": [55.0750630025141, 0.0, 46.07651111545151, 42.84237601550592, 49.625091220798545, 42.62087374932679, 52.26081187612583, 66.7503784281906, 0.0], "(5.0, 0.0, 0.0)": [60.01517070985462, 4.651323306415701, 55.39717835745796, 58.318148873026274, 2.9119699831795103, 54.97511722614318, 53.530992160210836, 4.813331859320014, 41.90744059040029]}}}