{"timestamp": 1764017064, "iso": "2025-11-24T20:44:24Z", "episode": 44, "games_in_episode": 1, "stats": {"total_messages": 4196, "total_updates": 4184, "total_reward": -145.39999999999293, "action_counts": [395, 638, 617, 359, 371, 445, 491, 332, 548], "state_visits": {"(3.0, 0.0, 0.0)": 1012, "(3.0, 1.0, 0.0)": 255, "(4.0, 0.0, 0.0)": 269, "(4.0, 1.0, 0.0)": 172, "(2.0, 1.0, 0.0)": 459, "(2.0, 0.0, 0.0)": 708, "(1.0, 1.0, 1.0)": 320, "(1.0, 0.0, 1.0)": 516, "(0.0, 0.0, 1.0)": 317, "(0.0, 1.0, 1.0)": 156}, "state_action_prob_sums": {"(3.0, 1.0, 0.0)": [989.3684439525111, 877.2307902127878, 1026.834306078936, 825.8904343448835, 878.171064609629, 976.7340564952015, 1147.0077249246328, 1001.2256499629694, 913.7162083648099], "(3.0, 0.0, 0.0)": [1776.5715550180519, 1811.472446683969, 1813.034828741136, 1740.8427285113978, 1654.147665039568, 1496.2768697880795, 1692.2893342173863, 1736.9544061216757, 1927.780192123242], "(4.0, 1.0, 0.0)": [179.6552002458825, 266.10089722315865, 295.7660218036921, 169.65822489150457, 268.91174025703225, 283.23830842435655, 197.70850289289373, 296.3858931277956, 181.82613831150476], "(2.0, 1.0, 0.0)": [1028.9403278691616, 708.9972021597741, 837.9735547911599, 728.1028552259656, 752.2773343418121, 760.1962486529688, 698.6244321766874, 613.9047615021742, 710.8144570520627], "(2.0, 0.0, 0.0)": [1440.653708730585, 1556.0563185289388, 1224.9050262902156, 1164.8183767761664, 1403.6793104914582, 1406.725736928763, 1300.1783921848935, 1107.1163642787021, 1309.9122834143557], "(1.0, 1.0, 1.0)": [682.4560247657878, 674.8574962067452, 441.2134091617426, 595.8538834897175, 646.6960179081846, 490.1884934719181, 590.1587640719067, 727.8464387199004, 610.4623870417902], "(1.0, 0.0, 1.0)": [997.7423680196259, 1167.124521459559, 938.1798048874577, 789.9271119119828, 993.200155558876, 892.0281205176691, 1001.6512106091653, 1101.3590813649337, 1180.9134650499982], "(0.0, 1.0, 1.0)": [364.10171345459315, 444.576177712976, 351.6742438034186, 516.4774534353537, 569.7833692898803, 580.0453618594709, 426.30599272032225, 407.9075461097977, 593.8351072559501], "(4.0, 0.0, 0.0)": [435.2690044754083, 503.98715248424804, 742.7886188876396, 611.994859878967, 429.5921164360423, 429.7399694118238, 463.6954898588438, 397.39783440310816, 487.20477180908506], "(0.0, 0.0, 1.0)": [775.0228991526453, 834.844402302571, 664.8275853460261, 826.1085150068878, 686.0630636362937, 904.8777223567739, 587.3290337418119, 796.8479789324516, 547.6473798645671], "(5.0, 1.0, 0.0)": [2.0408909150288927, 0.0, 0.1111111111111111, 0.1111111111111111, 0.0, 0.0, 0.0, 6.481059874788989, 0.1111111111111111], "(5.0, 0.0, 0.0)": [16.748599407223406, 0.2222222222222222, 0.1111111111111111, 10.993269770687991, 0.3333333333333333, 0.2222222222222222, 1.0050803988242651, 0.2222222222222222, 0.2222222222222222]}, "state_action_visits": {"(3.0, 1.0, 0.0)": 16710, "(3.0, 0.0, 0.0)": 30738, "(4.0, 1.0, 0.0)": 4068, "(2.0, 1.0, 0.0)": 13322, "(2.0, 0.0, 0.0)": 23164, "(1.0, 1.0, 1.0)": 10701, "(1.0, 0.0, 1.0)": 17270, "(0.0, 1.0, 1.0)": 8280, "(4.0, 0.0, 0.0)": 8594, "(0.0, 0.0, 1.0)": 12628, "(5.0, 1.0, 0.0)": 16, "(5.0, 0.0, 0.0)": 56}}, "meta": {"recent_avg_return": -228.62383720930026, "epsilon": 0.20974482729770158, "q_summary": {"(3.0, 1.0, 0.0)": [25.972370161403642, 24.399189736488303, 25.605844340626447, 11.503487888433714, 25.606211485233636, 27.805260258169376, 25.605858436819986, 25.605864998197333, 24.02211171133373], "(3.0, 0.0, 0.0)": [15.26941362451953, 18.409019867327242, 18.409019867335562, 15.269227811075474, 16.569269299513987, 15.350233315139697, 15.459808212237403, 16.085110023472616, 15.551117600792626], "(4.0, 1.0, 0.0)": [31.822738512895903, 29.37321328354775, 30.065603411905133, 29.42168162905546, 29.375655040821915, 27.94190318442882, 29.37414055843024, -30.137524637425013, 31.90023183369695], "(2.0, 1.0, 0.0)": [22.474360692443987, 25.25515551620883, 22.159600753834635, 22.989238141888084, 20.481028922935618, 14.250141458078451, 23.307438577447762, 21.93766275569586, 24.05787075241733], "(2.0, 0.0, 0.0)": [14.910104737721804, 15.649504402750434, 20.001166151373482, 14.729574137375094, 15.46127396358708, 15.921129320424726, 14.672597848371156, 15.875921145575, 14.850306613981344], "(1.0, 1.0, 1.0)": [26.598893225815058, 23.26669001939524, 23.025181217119947, 24.732897406627984, 22.28549830104784, 24.728971010982256, 22.779265644353515, 24.1688801302421, 24.67449486302951], "(1.0, 0.0, 1.0)": [16.35092825643229, 17.184031785983358, 15.938629104490309, 16.203689239030272, 17.79515876375835, 22.28248570205063, 16.12952206702871, 16.083081769785263, 17.230318893677854], "(0.0, 1.0, 1.0)": [27.875996063661557, 30.272821808379838, 27.82418351757658, 27.824054870014272, 27.872749739103504, 27.832288314194713, 27.87599609282453, 27.799966395796954, 27.875996063709263], "(4.0, 0.0, 0.0)": [31.481911312351773, 29.88781010656829, 29.880282938409344, 29.960167682474133, 32.44866728781365, 21.69186208838415, 29.902838780084725, 30.33915045180278, 29.87672824145501], "(0.0, 0.0, 1.0)": [18.911700169123574, 18.96073382976963, 15.170628792446127, 17.99625362583575, 18.915191931769364, 17.852640125393997, 18.9273438122585, 20.546025535730976, 14.943811791852776], "(5.0, 1.0, 0.0)": [55.0750630025141, 0.0, 46.07651111545151, 83.10809080008147, 66.42895683760132, 42.62087374932679, 52.26081187612583, 66.7503784281906, 0.0], "(5.0, 0.0, 0.0)": [64.82597406013963, 10.64300996375535, 55.39717835745796, 75.57007398460098, 2.9119699831795103, 60.04010114120244, 53.530992160210836, 4.813331859320014, 58.506335128580616]}}}