{"timestamp": 1764017816, "iso": "2025-11-24T20:56:56Z", "episode": 65, "games_in_episode": 1, "stats": {"total_messages": 2968, "total_updates": 2955, "total_reward": -189.12499999999028, "action_counts": [259, 202, 473, 324, 318, 341, 619, 281, 151], "state_visits": {"(3.0, 0.0, 0.0)": 636, "(3.0, 1.0, 0.0)": 264, "(4.0, 0.0, 0.0)": 268, "(4.0, 1.0, 0.0)": 92, "(5.0, 0.0, 0.0)": 8, "(0.0, 0.0, 1.0)": 38, "(5.0, 1.0, 0.0)": 1, "(0.0, 1.0, 1.0)": 362, "(2.0, 0.0, 0.0)": 479, "(2.0, 1.0, 0.0)": 257, "(1.0, 0.0, 1.0)": 274, "(1.0, 1.0, 1.0)": 276}, "state_action_prob_sums": {"(3.0, 1.0, 0.0)": [1406.6066711588915, 1288.6669889901261, 1578.098787237594, 1518.6285787686772, 1384.611977387555, 1468.900516633107, 1591.3777491506391, 1237.0521646836137, 1599.3433314675524], "(3.0, 0.0, 0.0)": [3240.7386938132286, 2725.1413523877854, 3313.5138772185255, 2604.42593618429, 2929.2387274325392, 2936.100114404506, 3390.8900948276278, 3340.4909649622223, 3230.7426223346642], "(4.0, 1.0, 0.0)": [268.4512122312393, 406.8520719511781, 476.7183412268762, 290.7522066466708, 469.0002106009895, 320.78004149652253, 282.0312673311324, 471.01011116315766, 264.7570401543284], "(2.0, 1.0, 0.0)": [1542.1155655342254, 929.7638595700333, 1288.9791288453307, 1401.7659827734092, 1045.032345073417, 1064.12528750235, 1154.011501995997, 1014.061419962705, 1261.202241571122], "(2.0, 0.0, 0.0)": [2475.5852203300906, 2731.3261727804647, 2562.08758888642, 1928.2535251007705, 2727.359097322417, 2167.012689398193, 2725.7068853844257, 2180.3569802330903, 1991.6874512420918], "(1.0, 1.0, 1.0)": [1146.450662033795, 1127.4270160624112, 693.6579754223391, 890.4193537850755, 968.2865129300122, 946.5640159611703, 981.0820544658407, 1248.5045250977116, 889.3696807641979], "(1.0, 0.0, 1.0)": [2378.241363434255, 1833.0708822362112, 1923.7936157250583, 1529.817864517715, 1693.766366100442, 1254.0688253564795, 1572.3075569500613, 1736.5913546100796, 1933.6348830018803], "(0.0, 1.0, 1.0)": [687.7519640655267, 737.3115814178606, 771.6355277465191, 683.6760921889137, 1121.9082259251795, 893.6908457945415, 879.059752403745, 831.5178531772963, 863.6624004987601], "(4.0, 0.0, 0.0)": [1006.4056734146211, 746.2264720851001, 1057.103889704943, 1028.6158641503794, 695.5486471610623, 668.2037834385494, 893.0326458193169, 549.9370412373773, 917.8110390449265], "(0.0, 0.0, 1.0)": [1422.0714583923643, 1604.821788204593, 1439.5651430760174, 1237.7786109851768, 1111.4492131186707, 1467.9249441160919, 1280.502699464118, 1208.2393868438178, 1028.6233483456467], "(5.0, 1.0, 0.0)": [2.0408909150288927, 1.7352923839977468, 0.1111111111111111, 5.154289913748126, 0.0, 0.0, 0.1111111111111111, 6.481059874788989, 0.1111111111111111], "(5.0, 0.0, 0.0)": [16.859710518334516, 0.3333333333333333, 0.2222222222222222, 37.73558334549695, 0.3333333333333333, 0.4444444444444444, 1.0050803988242651, 0.3333333333333333, 0.3333333333333333]}, "state_action_visits": {"(3.0, 1.0, 0.0)": 22871, "(3.0, 0.0, 0.0)": 47354, "(4.0, 1.0, 0.0)": 5654, "(2.0, 1.0, 0.0)": 18662, "(2.0, 0.0, 0.0)": 36379, "(1.0, 1.0, 1.0)": 15433, "(1.0, 0.0, 1.0)": 26703, "(0.0, 1.0, 1.0)": 12714, "(4.0, 0.0, 0.0)": 12814, "(0.0, 0.0, 1.0)": 19804, "(5.0, 1.0, 0.0)": 25, "(5.0, 0.0, 0.0)": 95}}, "meta": {"recent_avg_return": -190.84699999999532, "epsilon": 0.13722677236357428, "q_summary": {"(3.0, 1.0, 0.0)": [45.01481023251481, 45.015752758209764, 43.89384786234535, 45.04550225261117, 43.00318630255623, 45.03003243964396, 41.18217707859022, 41.289377617809144, 45.9865929569602], "(3.0, 0.0, 0.0)": [43.22112435057838, 43.32360850433977, 43.22082288161161, 43.24640362678368, 43.22067634734066, 46.951822116637025, 30.886265717186994, 45.835678086851146, 43.22759735207718], "(4.0, 1.0, 0.0)": [60.30428444375807, 65.5214200774411, 65.01603648730836, 60.59916575555232, 80.03822236197797, 60.30470647926011, 60.304706502813254, 60.304706471253034, 60.304706543026796], "(2.0, 1.0, 0.0)": [35.879133054324654, 21.083324172845234, 36.08334596350348, 38.965969135351386, 35.81481087260143, 35.694351016012355, -28.447306811477723, 35.66191322822732, 20.686419816949382], "(2.0, 0.0, 0.0)": [26.608949603388687, 27.028511782097944, 28.88847922699061, 27.028935356754165, 26.602939567938655, 20.504498304563967, 27.03042803402957, 26.602400888818714, 26.60281023077244], "(1.0, 1.0, 1.0)": [23.285653501749213, 24.12011174727283, 23.297764042186593, 23.893477624658342, 23.552905048054136, 23.28345637213057, -31.659836636934422, 25.28331896962635, 22.580131825045875], "(1.0, 0.0, 1.0)": [17.36787682414634, 15.600056312819383, 19.944971299757178, 16.066123534695997, 16.318917878274583, 17.290875707219715, 16.335171777344495, 17.404550726653206, 16.40553324186264], "(0.0, 1.0, 1.0)": [12.815422908275833, 12.75020915463659, 12.918009783353968, 12.863998827808185, 12.82736144685647, 13.902633571496592, 12.815422885776865, 10.177404525316508, 12.774799476107475], "(4.0, 0.0, 0.0)": [57.73390817127947, 52.62793435367966, 62.472237342275236, 57.79050900613823, 52.62420199553897, 61.39817036495601, 62.72634889119112, 62.121856080469954, 61.198490215682384], "(0.0, 0.0, 1.0)": [1.7245731670414364, 1.7258526592335481, 2.350417370659659, 2.629959911146699, 2.3668462005662345, 2.6611506117505783, 1.659736350296329, 2.5957706191927277, 2.474037202331335], "(5.0, 1.0, 0.0)": [53.21536393624531, 83.25115325241079, 46.07651111545151, 83.10809080008147, 72.41011991068501, 74.36797042440321, 57.21998093615388, 74.76351314378299, 0.0], "(5.0, 0.0, 0.0)": [56.58032775698848, 10.64300996375535, 63.87800783471086, 70.01999615926925, 2.6506844116015964, 64.4433966291727, 53.53840879485571, 4.228181056255587, 64.44330587416111]}}}