{"timestamp": 1764017620, "iso": "2025-11-24T20:53:40Z", "episode": 59, "games_in_episode": 1, "stats": {"total_messages": 4031, "total_updates": 4017, "total_reward": -79.57499999998748, "action_counts": [544, 447, 515, 447, 463, 269, 457, 501, 388], "state_visits": {"(3.0, 1.0, 0.0)": 384, "(3.0, 0.0, 0.0)": 748, "(4.0, 1.0, 0.0)": 285, "(4.0, 0.0, 0.0)": 331, "(5.0, 0.0, 0.0)": 1, "(0.0, 0.0, 1.0)": 238, "(5.0, 1.0, 0.0)": 1, "(0.0, 1.0, 1.0)": 364, "(2.0, 0.0, 0.0)": 602, "(2.0, 1.0, 0.0)": 368, "(1.0, 0.0, 1.0)": 431, "(1.0, 1.0, 1.0)": 264}, "state_action_prob_sums": {"(3.0, 1.0, 0.0)": [1315.4215065102976, 1201.1028351585435, 1472.7608308496096, 1331.9248573035475, 1260.0817420055125, 1304.6226641058408, 1491.7697526263478, 1147.8862844084158, 1419.0015841802704], "(3.0, 0.0, 0.0)": [2713.131800457139, 2594.6060082908143, 2694.707466320826, 2363.111266994702, 2575.6218044245657, 2442.9079082315347, 2995.4887941868465, 2835.235192482461, 2787.396095745589], "(4.0, 1.0, 0.0)": [268.11787889790605, 341.4340996444258, 405.6546946268232, 277.0295538455932, 455.34978863371106, 293.7950047030941, 281.69793399779917, 455.66041623876026, 263.9792623765508], "(2.0, 1.0, 0.0)": [1408.2794126450801, 895.5212305352838, 1107.0960989669493, 1187.8240047210008, 916.2926489983334, 970.4028065189644, 1032.6958970699677, 918.2932589562025, 1161.279770621217], "(2.0, 0.0, 0.0)": [2198.8508556869497, 2482.419235413918, 1994.1734317785276, 1749.424978815703, 2389.529698018395, 1900.4068052951122, 2355.3439773348573, 1796.2035125277148, 1793.7903068782707], "(1.0, 1.0, 1.0)": [922.9170219222264, 934.7751241600569, 651.2622650760571, 865.8155111089167, 835.4338245346587, 835.7213111181736, 711.2177638615152, 1049.3762064828334, 817.7944729769395], "(1.0, 0.0, 1.0)": [2045.5453551564137, 1700.377289204424, 1506.2464061987212, 1418.161738261046, 1474.414027207428, 1169.576073036979, 1464.6633272813149, 1587.4813854141998, 1778.526120421717], "(0.0, 1.0, 1.0)": [525.1065322940498, 671.5831730957206, 721.6333972095817, 627.2573643444211, 855.8658246584266, 672.489763208274, 709.8565978442166, 691.1185619859574, 783.3178551869197], "(4.0, 0.0, 0.0)": [760.6215563081521, 708.0594674833496, 1014.826051063809, 916.6757984926136, 647.0744476683549, 619.1437402188512, 681.4401771937169, 495.4461233335555, 851.451760868151], "(0.0, 0.0, 1.0)": [1152.5718577772807, 1383.6106133023325, 1237.5850891918844, 1164.9492589390002, 1055.4379643808716, 1351.0700041867763, 1135.7650383629148, 1205.3504979549296, 981.6106170825199], "(5.0, 1.0, 0.0)": [2.0408909150288927, 0.8623012898828635, 0.1111111111111111, 5.154289913748126, 0.0, 0.0, 0.0, 6.481059874788989, 0.1111111111111111], "(5.0, 0.0, 0.0)": [16.748599407223406, 0.3333333333333333, 0.2222222222222222, 24.52296828794843, 0.3333333333333333, 0.4444444444444444, 1.0050803988242651, 0.3333333333333333, 0.3333333333333333]}, "state_action_visits": {"(3.0, 1.0, 0.0)": 21391, "(3.0, 0.0, 0.0)": 42500, "(4.0, 1.0, 0.0)": 5377, "(2.0, 1.0, 0.0)": 17215, "(2.0, 0.0, 0.0)": 32661, "(1.0, 1.0, 1.0)": 13772, "(1.0, 0.0, 1.0)": 24447, "(0.0, 1.0, 1.0)": 11124, "(4.0, 0.0, 0.0)": 11702, "(0.0, 0.0, 1.0)": 18315, "(5.0, 1.0, 0.0)": 23, "(5.0, 0.0, 0.0)": 78}}, "meta": {"recent_avg_return": -204.7164999999968, "epsilon": 0.15491104888177865, "q_summary": {"(3.0, 1.0, 0.0)": [66.32069206606548, -21.891145766567895, 60.327175594381345, 67.75565279014758, 63.34989063454839, 63.35032350222839, 54.05946838434768, 63.351574057851394, 38.1632771107254], "(3.0, 0.0, 0.0)": [22.38128065858443, 30.77460046198565, 30.94128862241994, 31.422426833182307, 31.933302589999858, 22.659437663687484, 32.11325252506701, 33.42328805235587, 22.380795755659566], "(4.0, 1.0, 0.0)": [78.50127102099378, 66.2048956317117, 85.30029511595072, 49.85666473912252, 78.50127150666395, 71.0445650085599, 78.31425982113578, 81.93619592949454, 46.12750023704928], "(2.0, 1.0, 0.0)": [46.942071661477094, 49.51835410397832, 47.35522643295294, 47.903643434079456, 50.7888799266654, 50.79463745935553, 50.996650818496214, 50.78881747727562, 50.15966944135092], "(2.0, 0.0, 0.0)": [33.99247482250569, 22.346931088410244, 16.385286895936314, 15.185175746029476, 15.336637652179217, 17.808201180034246, 16.158443044885313, 15.821313781129106, 34.510109739631076], "(1.0, 1.0, 1.0)": [15.766859403117266, 42.61767876316626, 42.603285634580146, 42.70513188339133, 15.77067966041394, 43.522636206324115, 42.83580620606383, 41.83109810878822, 44.232276921430895], "(1.0, 0.0, 1.0)": [28.560069189217128, 26.742535039263352, 26.31638616573199, 26.300267130049875, 7.896274353795004, 26.721855267471877, 7.861503373491924, 27.916968112548837, 26.59737694976015], "(0.0, 1.0, 1.0)": [6.855165026123015, 7.414443499735231, 6.995250685795778, 6.881796046310903, 6.8468428326543265, 7.061978906988654, 6.994978186902914, 7.133446646005129, 7.0697461866158235], "(4.0, 0.0, 0.0)": [48.330752438883984, 45.43439922469404, 39.267715863383856, 49.34532946095481, 45.64046565455304, 39.267728860672264, 46.14255253839333, 48.91908506303206, 46.180335390721076], "(0.0, 0.0, 1.0)": [4.080354688450135, 4.039821532278871, 3.489167997759652, 6.332601484251389, 4.080354689561997, 1.738160691744918, 4.407994225974303, 4.1482402165386025, 3.513885099563584], "(5.0, 1.0, 0.0)": [55.0750630025141, 142.83402637349323, 46.07651111545151, 83.10809080008147, 72.41011991068501, 74.36797042440321, 57.21998093615388, 74.76351314378299, 0.0], "(5.0, 0.0, 0.0)": [56.58032775698848, 10.64300996375535, 63.87800783471086, 70.01999615926925, 5.597034104524514, 64.44606124178958, 52.38248834336003, 11.285698033302044, 64.07233013290602]}}}