{"timestamp": 1764018658, "iso": "2025-11-24T21:10:58Z", "episode": 88, "games_in_episode": 1, "stats": {"total_messages": 2556, "total_updates": 2544, "total_reward": -356.40000000000634, "action_counts": [379, 192, 234, 272, 229, 305, 213, 432, 300], "state_visits": {"(3.0, 1.0, 0.0)": 382, "(3.0, 0.0, 0.0)": 582, "(4.0, 0.0, 0.0)": 41, "(4.0, 1.0, 0.0)": 76, "(2.0, 0.0, 0.0)": 371, "(2.0, 1.0, 0.0)": 350, "(1.0, 1.0, 1.0)": 139, "(1.0, 0.0, 1.0)": 303, "(0.0, 0.0, 1.0)": 292, "(0.0, 1.0, 1.0)": 8}, "state_action_prob_sums": {"(3.0, 1.0, 0.0)": [2103.1922513267828, 1873.0989058599348, 2353.0911079967, 2145.575872985866, 2174.0852349841434, 2420.3129901735806, 2691.3225409288643, 2135.971222941546, 2085.8600429656453], "(3.0, 0.0, 0.0)": [5078.277944180263, 3943.8825018584826, 4453.339980394056, 4582.477802884089, 4504.280622384262, 4213.851959874281, 4847.659261439982, 5045.194052501779, 5119.457199556352], "(4.0, 1.0, 0.0)": [354.6485218826111, 762.9928679984899, 686.9840171186878, 414.2129269532076, 638.5000497893224, 443.18920792191386, 403.81246480300854, 476.1101376333764, 485.1560486399033], "(2.0, 1.0, 0.0)": [1910.4687321793992, 1683.5188637311528, 1913.0064985479441, 1753.3255570829574, 1743.224660249299, 1798.6508122782598, 1331.2382818325698, 1896.350664577548, 1789.8577854342998], "(2.0, 0.0, 0.0)": [3589.8546975232784, 4377.361403140317, 4214.270200918443, 2960.9531925031743, 3862.8422184804376, 3606.2839736798956, 3987.058006280089, 3526.4683838694755, 3129.3996924690223], "(1.0, 1.0, 1.0)": [2006.317956253783, 1316.9313076661376, 1002.1687628695299, 1169.8997146052156, 1437.8019152904326, 1290.585250426337, 1387.0296976754269, 1618.2612258790837, 1265.8862142438925], "(1.0, 0.0, 1.0)": [3782.360577019562, 2464.5458539167857, 2823.372032644501, 2336.085765288014, 2785.9509089355224, 2170.2909746404002, 2587.2417266585935, 2660.9910817565888, 2873.5357172563135], "(0.0, 1.0, 1.0)": [844.6491052382138, 1145.819416343351, 933.0793074525274, 998.7340538147959, 1469.8839042906643, 1350.1121335505884, 1100.2529711244583, 1311.8894612839736, 1106.7464331373228], "(4.0, 0.0, 0.0)": [1621.718013299391, 1184.5048050681755, 1655.5021248935154, 1334.2788190103752, 1354.765760416409, 984.3818881581415, 1158.8171603030135, 1042.6138876795312, 1569.5503317619032], "(0.0, 0.0, 1.0)": [2087.369351995991, 2536.6402700260855, 2001.6452830060302, 1801.1736775788484, 1873.0022280926564, 2543.796435454748, 1994.9722390280876, 1915.746941398144, 1958.0416092377816], "(5.0, 1.0, 0.0)": [2.0408909150288927, 13.416557698213813, 0.1111111111111111, 5.154289913748126, 0.0, 0.0, 0.1111111111111111, 8.287194170114617, 0.2222222222222222], "(5.0, 0.0, 0.0)": [16.859710518334516, 0.3333333333333333, 0.3333333333333333, 46.674130598404176, 0.4444444444444444, 4.960979095084174, 2.8422116216364537, 0.3333333333333333, 2.1531529704471284]}, "state_action_visits": {"(3.0, 1.0, 0.0)": 31306, "(3.0, 0.0, 0.0)": 64609, "(4.0, 1.0, 0.0)": 7390, "(2.0, 1.0, 0.0)": 24944, "(2.0, 0.0, 0.0)": 50741, "(1.0, 1.0, 1.0)": 19920, "(1.0, 0.0, 1.0)": 37224, "(0.0, 1.0, 1.0)": 16140, "(4.0, 0.0, 0.0)": 18149, "(0.0, 0.0, 1.0)": 28253, "(5.0, 1.0, 0.0)": 42, "(5.0, 0.0, 0.0)": 116}}, "meta": {"recent_avg_return": -186.4389999999963, "epsilon": 0.08622606945315965, "q_summary": {"(3.0, 1.0, 0.0)": [33.7508033026067, 32.73229532806624, 32.56104571165212, 33.60708978083063, 32.593565088092205, 32.55572557839943, 32.557031497711264, 65.03183473699843, 35.359449369237176], "(3.0, 0.0, 0.0)": [35.952963002067605, 38.84221957008963, 35.759842004482465, 37.029683179842486, 35.808350917605466, 42.374309248729595, 35.76169139918667, 44.54467889651527, 36.531823442563606], "(4.0, 1.0, 0.0)": [65.1264364667518, -21.126360713327927, 65.8572205542277, 70.40620590511995, 65.85721525883639, 65.85721508144519, 65.8572313045615, 64.79870802323704, 67.24402456020333], "(2.0, 1.0, 0.0)": [34.08370069169217, 32.76642850625048, -29.244708031673106, 32.38372150972783, 32.94424679596761, 35.17252328169075, 34.63124032438849, 32.978258203658584, 32.383721424816265], "(2.0, 0.0, 0.0)": [41.48527678079404, 41.48527678079404, 45.06551823999352, 25.148759449771767, 42.570453982949665, 42.25871768196747, 41.49736214195214, 41.49736214195214, 28.416668236654857], "(1.0, 1.0, 1.0)": [35.11948088484304, 34.559211501776765, 33.2328528811925, -29.397020435775417, 15.463285536479637, 34.22817433437008, 30.094942210243826, 34.301655342468806, 32.3668596704526], "(1.0, 0.0, 1.0)": [21.94811632634912, 21.506788747424714, 26.71202087364655, 21.176218363944802, 22.940181848363785, 22.07074481630021, 22.338625279081317, 22.65508005477699, 25.595610159016115], "(0.0, 1.0, 1.0)": [14.869186757519763, 14.869186831589651, 14.869201146525583, 14.871582174014616, 15.020043964732745, 16.134985605844548, 16.080895410456897, 14.869186757948096, 14.869196254567937], "(4.0, 0.0, 0.0)": [64.0094269824014, 45.91402060914021, 46.02582867825727, 45.79460702837472, 45.91401967802422, 49.879369215243706, 49.77905942996716, 45.91401967802783, 45.917891915627], "(0.0, 0.0, 1.0)": [24.94241795129978, 25.8794331784897, 24.975889728464495, 24.943620469952762, 27.084157778523196, 26.02493131859037, 24.942425156241338, 25.648881174574676, 25.47785831181185], "(5.0, 1.0, 0.0)": [59.147611767776205, 127.0150227106587, 99.17824344921738, 67.13854541855017, 77.28090262026907, 76.61551214198165, 57.21998093615388, 78.99342069968618, 71.82755718020432], "(5.0, 0.0, 0.0)": [58.35803170245861, 10.328939441148057, 60.454195520691435, 73.42619163627566, 49.64165181587333, 67.08062258146542, 81.79713193069679, 4.228181056255587, 64.44330587416111]}}}