{"timestamp": 1764015945, "iso": "2025-11-24T20:25:45Z", "episode": 12, "games_in_episode": 1, "stats": {"total_messages": 2325, "total_updates": 2312, "total_reward": -392.2000000000019, "action_counts": [275, 292, 260, 291, 256, 230, 252, 234, 235], "state_visits": {"(3.0, 0.0, 0.0)": 579, "(3.0, 1.0, 0.0)": 412, "(4.0, 1.0, 0.0)": 55, "(4.0, 0.0, 0.0)": 7, "(5.0, 0.0, 0.0)": 1, "(0.0, 0.0, 1.0)": 127, "(2.0, 0.0, 0.0)": 208, "(2.0, 1.0, 0.0)": 445, "(1.0, 1.0, 1.0)": 242, "(1.0, 0.0, 1.0)": 136, "(0.0, 1.0, 1.0)": 100}, "state_action_prob_sums": {"(3.0, 1.0, 0.0)": [183.0558046209103, 166.48324086705153, 185.53952174688652, 250.78779857743547, 182.4352538230444, 175.07682435495428, 168.87175857153136, 162.95356737689332, 143.4845475802977], "(3.0, 0.0, 0.0)": [431.38975886141515, 326.2612035736643, 333.6273895725534, 353.1476522581062, 336.34121035710575, 311.5812243462062, 396.66983470228035, 304.33805424761874, 373.9706138740123], "(4.0, 1.0, 0.0)": [60.02795712300819, 63.53681982878168, 44.50973941404108, 44.61498640143533, 63.121853616002134, 28.18154617173729, 31.034129869824547, 46.95356502108088, 33.037203315107725], "(2.0, 1.0, 0.0)": [149.2712699310927, 222.97507510297302, 124.57869548335474, 139.25410387763125, 113.2546732234346, 146.00238194621, 146.89254208051997, 154.38175250385433, 163.79717751383717], "(2.0, 0.0, 0.0)": [235.94247585317584, 289.38313012603703, 276.5357999369455, 230.88040600041654, 165.70286141902568, 265.21925539113533, 218.32145300738839, 275.488541244305, 179.78457410640448], "(1.0, 1.0, 1.0)": [169.83410751456995, 123.17406563692236, 121.12405991315823, 76.95536137480515, 116.90345823483008, 161.24391408113812, 94.24796221534838, 151.42943383340477, 128.35038297900863], "(1.0, 0.0, 1.0)": [132.71581767951008, 130.07131452971373, 129.2333815232658, 193.63078716320075, 149.74297007996552, 155.8976301040576, 144.93142529431012, 139.87408835787755, 239.47193201571056], "(0.0, 1.0, 1.0)": [54.54947991413053, 101.16413978160148, 67.65503798801663, 80.68342155631444, 143.35859657241983, 111.10382952366675, 97.53155357275358, 60.387286946436134, 63.27979872979396], "(4.0, 0.0, 0.0)": [45.21611299709993, 96.24308348217795, 101.44355060474444, 80.54823598319027, 46.02960973637388, 60.45994911205673, 124.5999655451372, 98.96246859988594, 86.637250611041], "(0.0, 0.0, 1.0)": [105.44017927321158, 84.2531786708895, 132.53713858788518, 115.37370591745196, 133.91195821017357, 145.7556342870427, 65.81539974451796, 133.87095197360668, 117.46602630614649], "(5.0, 1.0, 0.0)": [0.5731555555555556, 0.0, 0.0, 0.0, 0.0, 0.0, 0.0, 1.2351139539166462, 0.0], "(5.0, 0.0, 0.0)": [0.5731555555555556, 0.0, 0.0, 3.0427336018162814, 0.0, 0.0, 0.0, 0.1111111111111111, 0.1111111111111111]}, "state_action_visits": {"(3.0, 1.0, 0.0)": 4198, "(3.0, 0.0, 0.0)": 8329, "(4.0, 1.0, 0.0)": 1084, "(2.0, 1.0, 0.0)": 3585, "(2.0, 0.0, 0.0)": 5588, "(1.0, 1.0, 1.0)": 3004, "(1.0, 0.0, 1.0)": 3637, "(0.0, 1.0, 1.0)": 1988, "(4.0, 0.0, 0.0)": 1954, "(0.0, 0.0, 1.0)": 2710, "(5.0, 1.0, 0.0)": 3, "(5.0, 0.0, 0.0)": 8}}, "meta": {"recent_avg_return": -252.39545454545544, "epsilon": 0.40036567537489787, "q_summary": {"(3.0, 1.0, 0.0)": [28.036215808370404, 17.331284439983822, 24.686914675127024, 17.154759539573956, 17.533415395966635, 17.191410647052432, -33.18946933286444, 27.406087224632962, 17.168772795292632], "(3.0, 0.0, 0.0)": [10.841822701061306, 10.629066260631326, 8.175373866290425, 11.526109834567372, 10.652312590957035, 10.845931216658256, 10.629046579648358, 10.74472510958077, 10.844182927569982], "(4.0, 1.0, 0.0)": [24.63290192191452, 24.334898003547014, 24.5011903001671, 24.334887278217245, 26.42379027002161, 24.211007865251645, 24.381949688713696, 26.637338688440913, 24.408303856805908], "(2.0, 1.0, 0.0)": [12.648386406850662, 13.378941259093839, 11.928835304224773, 12.646783375839105, 12.418422733127505, 12.642922928350337, 12.468497778155296, 0.21121607386896812, 13.38336203738834], "(2.0, 0.0, 0.0)": [12.956060832564885, 12.15845073615999, 13.094179690773455, 13.230909999351098, 8.013588460340081, 12.855307854935658, 13.023996410567435, 13.02720210595434, 12.392116400524207], "(1.0, 1.0, 1.0)": [8.751238347290244, 8.73686784585135, 4.675843877216873, 8.734073763649125, -35.11693416734422, 8.725717812145437, 8.881371039818363, 8.881395555014524, 8.725514448207738], "(1.0, 0.0, 1.0)": [5.378780055656109, 5.215866457055599, 5.189130075241212, 5.406964035510454, 5.507500265925745, 5.295031448082934, 5.61318389258232, 5.2963310124142975, 7.4508760394412725], "(0.0, 1.0, 1.0)": [3.0600727769400993, 2.9174617694395284, 2.965623622275534, 2.9661194428820403, 3.143979740218958, 2.974988312767283, 2.917786665261949, 2.929875190117773, 2.9201931227592937], "(4.0, 0.0, 0.0)": [25.02681241486733, 14.080202597310157, 25.052919651935948, 25.04995456171553, 27.167779727829135, 26.039595474207676, 25.242293003775767, 25.51887566075434, 50.195158315292105], "(0.0, 0.0, 1.0)": [3.1706232264871557, 3.312511343216432, 3.177692695991233, 3.370342943986013, 12.490982513602308, 3.128521491606258, 3.3122282818207553, 3.175271792050202, 3.1290243555320147], "(5.0, 1.0, 0.0)": [40.499433354635734, 0.0, 0.0, 0.0, 0.0, 0.0, 37.73437499987857, 45.23421628578342, 0.0], "(5.0, 0.0, 0.0)": [40.379929559296855, 0.0, 36.44031692758766, 52.78487960519951, 3.5123178047537564, 36.44031692758766, 37.534222917009096, 8.956155284611373, 0.0]}}}