{"timestamp": 1764015911, "iso": "2025-11-24T20:25:11Z", "episode": 11, "games_in_episode": 1, "stats": {"total_messages": 3580, "total_updates": 3567, "total_reward": -140.82499999998473, "action_counts": [580, 399, 404, 412, 372, 313, 328, 412, 360], "state_visits": {"(3.0, 1.0, 0.0)": 236, "(3.0, 0.0, 0.0)": 820, "(4.0, 1.0, 0.0)": 1, "(4.0, 0.0, 0.0)": 100, "(5.0, 1.0, 0.0)": 1, "(0.0, 1.0, 1.0)": 88, "(2.0, 0.0, 0.0)": 793, "(2.0, 1.0, 0.0)": 170, "(1.0, 0.0, 1.0)": 567, "(1.0, 1.0, 1.0)": 291, "(0.0, 0.0, 1.0)": 500}, "state_action_prob_sums": {"(3.0, 1.0, 0.0)": [170.19433867068668, 147.4253504093826, 155.73127645010513, 223.55603087932107, 142.43220924270614, 158.03985594039676, 161.80736721830849, 151.73622082633648, 129.69072343107385], "(3.0, 0.0, 0.0)": [391.1193975248557, 308.44645738132976, 319.6548125112196, 318.8080238966583, 321.43627509677145, 286.88083971275984, 355.0226707222761, 268.3994010205039, 353.69050119412185], "(4.0, 1.0, 0.0)": [51.742968771451544, 62.98126427322611, 44.28751719181885, 44.170541956990874, 52.06071271055616, 28.070435060626178, 30.589685425380104, 46.620231687747534, 32.92609220399661], "(2.0, 1.0, 0.0)": [123.10551881008948, 190.5243356304134, 113.7606988432423, 103.67133125084852, 109.43342613554536, 143.44682639065437, 103.64635323484751, 118.35453543262749, 154.71186411750287], "(2.0, 0.0, 0.0)": [235.16469807539804, 286.00632748259267, 248.06088797349756, 213.99964323097, 164.81397253013677, 244.7845622900219, 217.6547863407217, 257.8750952310806, 174.36430215284838], "(1.0, 1.0, 1.0)": [147.02261177001162, 104.56061962369749, 120.1240599131582, 76.06647248591624, 95.91320957816046, 157.55632537135997, 93.02573999312612, 149.45198110040465, 94.92219077344821], "(1.0, 0.0, 1.0)": [130.4501261471765, 121.78632617815705, 111.28660217670762, 191.25398451975605, 144.14557043818706, 139.01686733461108, 140.0667088963096, 137.91918289187737, 238.47193201571054], "(0.0, 1.0, 1.0)": [53.99392435857496, 68.0918281763743, 67.09948243246106, 80.3500882229811, 131.85301122252952, 108.727026880222, 97.42044246164247, 59.94284250199168, 63.168687618682846], "(4.0, 0.0, 0.0)": [45.21611299709993, 96.24308348217795, 101.44355060474444, 80.43712487207915, 42.16489333837334, 60.45994911205673, 124.5999655451372, 98.96246859988594, 86.637250611041], "(0.0, 0.0, 1.0)": [104.66240149543378, 77.90054851833305, 123.83025305888401, 94.20632957255995, 133.356402654618, 145.08896762037602, 62.99415265662876, 133.42650752916222, 102.09572455825536], "(5.0, 1.0, 0.0)": [0.5731555555555556, 0.0, 0.0, 0.0, 0.0, 0.0, 0.0, 1.2351139539166462, 0.0], "(5.0, 0.0, 0.0)": [0.5731555555555556, 0.0, 0.0, 2.398614202149524, 0.0, 0.0, 0.0, 0.1111111111111111, 0.1111111111111111]}, "state_action_visits": {"(3.0, 1.0, 0.0)": 3785, "(3.0, 0.0, 0.0)": 7746, "(4.0, 1.0, 0.0)": 1029, "(2.0, 1.0, 0.0)": 3140, "(2.0, 0.0, 0.0)": 5380, "(1.0, 1.0, 1.0)": 2758, "(1.0, 0.0, 1.0)": 3499, "(0.0, 1.0, 1.0)": 1887, "(4.0, 0.0, 0.0)": 1947, "(0.0, 0.0, 1.0)": 2582, "(5.0, 1.0, 0.0)": 3, "(5.0, 0.0, 0.0)": 7}}, "meta": {"recent_avg_return": -263.5525000000025, "epsilon": 0.40853640344377334, "q_summary": {"(3.0, 1.0, 0.0)": [14.78224365656017, 11.538835553188154, 15.096345998062699, 14.233205671706397, 13.928709754450553, 14.181741483054159, 14.88256445632151, 12.98416240655312, 13.924111530943048], "(3.0, 0.0, 0.0)": [8.686062214208832, 12.309038108609059, 11.703370513038347, 8.056217099631663, 8.65733533773584, 8.056228622571012, 8.01853664880164, 8.059264022721809, 8.657556044882162], "(4.0, 1.0, 0.0)": [44.31716888064064, 24.256791885366894, 22.730461781636343, 22.341716145239072, -31.869947821378666, 22.352820117728125, 22.350843703605886, 22.341593634306392, 22.341248537651524], "(2.0, 1.0, 0.0)": [8.791191435101707, 8.252799282681128, 8.665716558322474, 8.602530952361214, 8.091190778844231, 8.782737704281645, 10.346170152480028, 8.136717610436719, 8.26405733917789], "(2.0, 0.0, 0.0)": [9.259890904738183, 9.30271326062909, 9.122576351491505, 9.090910438433433, 8.240543289475214, 9.118147274938256, 8.217290090320454, 9.457474949651235, 9.134181703558225], "(1.0, 1.0, 1.0)": [12.78805990891253, 11.790015159877683, 11.7906020443737, 12.679911098139875, 11.804503762815612, 11.8473104052615, 11.799256308064587, 11.846865276033407, 11.79001791387966], "(1.0, 0.0, 1.0)": [6.343543182121391, 6.343485652805324, 6.368513855110469, 6.343481676474273, 6.704188066068388, 6.867886161513377, 6.350885922161574, 5.291575507111055, 6.336020300034136], "(0.0, 1.0, 1.0)": [-36.540359687222285, 3.5745375087006126, 3.487477196090332, 3.4929229819352132, 3.491782213445714, 3.487970263562233, 3.491209345799195, 3.5048621083535396, -6.52204115257485], "(4.0, 0.0, 0.0)": [25.13863839383524, 14.080202597310157, 25.052919651935948, 25.14174619805371, 27.167779727829135, 26.039595474207676, 25.242293003775767, 25.51887566075434, 25.019882227361457], "(0.0, 0.0, 1.0)": [3.903496329980205, 3.956971779103054, 4.146637042459213, 3.854314414259147, 3.840326069791707, 3.921594491834656, 3.923265276282841, 3.9160313606866177, 3.9261623682548485], "(5.0, 1.0, 0.0)": [40.499433354635734, 0.0, 0.0, 0.0, 0.0, 0.0, 37.73437499987857, 45.23421628578342, 0.0], "(5.0, 0.0, 0.0)": [0.0, 0.0, 36.44031692758766, 52.78487960519951, 3.5123178047537564, 36.44031692758766, 37.534222917009096, 8.956155284611373, 0.0]}}}