{"timestamp": 1764018788, "iso": "2025-11-24T21:13:08Z", "episode": 92, "games_in_episode": 1, "stats": {"total_messages": 3300, "total_updates": 3288, "total_reward": -257.7999999999911, "action_counts": [504, 317, 687, 102, 545, 349, 187, 188, 421], "state_visits": {"(3.0, 0.0, 0.0)": 891, "(3.0, 1.0, 0.0)": 311, "(4.0, 0.0, 0.0)": 172, "(4.0, 1.0, 0.0)": 130, "(2.0, 0.0, 0.0)": 549, "(2.0, 1.0, 0.0)": 226, "(1.0, 1.0, 1.0)": 333, "(1.0, 0.0, 1.0)": 319, "(0.0, 1.0, 1.0)": 157, "(0.0, 0.0, 1.0)": 200}, "state_action_prob_sums": {"(3.0, 1.0, 0.0)": [2161.624434016137, 2088.04878684302, 2362.3175047487666, 2268.417125855866, 2459.1870137849046, 2516.2491904006906, 2774.3798654193533, 2259.11952449447, 2256.0560874342646], "(3.0, 0.0, 0.0)": [5367.790551021222, 4093.3700969660154, 4725.8345951950505, 4885.575047267838, 4891.094186157763, 4511.106734041649, 4900.371986952431, 5398.790192343732, 5323.629868731095], "(4.0, 1.0, 0.0)": [460.7321127175118, 864.7964891034499, 737.8663411319502, 433.0814165617893, 638.9444942337667, 443.7447634774693, 460.39585055752616, 562.8361353606655, 539.7974316240264], "(2.0, 1.0, 0.0)": [1911.357621068288, 1738.7922871262576, 1991.3412932861427, 1890.0040550051258, 1770.1347622540281, 1812.8347113255645, 1443.1615808954098, 2004.6522049750686, 1971.4017204541292], "(2.0, 0.0, 0.0)": [3674.5137644510346, 4709.9033814973, 4602.281627102873, 3061.699478317734, 4094.6955676293296, 3897.1760659707593, 4237.171853842323, 3585.153086754782, 3280.415680305627], "(1.0, 1.0, 1.0)": [2185.8691855974544, 1346.7169361745243, 1151.635297123675, 1284.5822921415836, 1438.1352486237658, 1303.2924627176199, 1388.1408087865377, 1711.0272070500057, 1347.028643072162], "(1.0, 0.0, 1.0)": [3936.184880880509, 2593.197252978014, 2898.2808206982154, 2516.137321050981, 2801.2093855819803, 2307.6150867013203, 2787.946099616809, 2969.6213649401802, 3105.230508839096], "(0.0, 1.0, 1.0)": [845.3157719048803, 1146.4860830100174, 1012.9995140585748, 999.4007204814624, 1657.5439458678075, 1485.6292290723227, 1100.6974155689027, 1312.2227946173068, 1107.5242109151004], "(4.0, 0.0, 0.0)": [1794.733712686352, 1184.9492495126199, 1699.7956171522383, 1336.690098500578, 1355.4324270830755, 992.2374507031877, 1238.597790995605, 1235.1161900291324, 1570.1058873174586], "(0.0, 0.0, 1.0)": [2089.147129773772, 2642.189876923724, 2133.864451940809, 1964.3760605138286, 2130.570989656453, 2875.645105812582, 2062.5119123107215, 2001.6542373214616, 1970.1582863886856], "(5.0, 1.0, 0.0)": [2.0408909150288927, 14.34294746078909, 1.0389730784348816, 5.154289913748126, 0.0, 0.0, 0.1111111111111111, 8.287194170114617, 0.2222222222222222], "(5.0, 0.0, 0.0)": [16.859710518334516, 0.3333333333333333, 0.3333333333333333, 46.674130598404176, 0.4444444444444444, 4.960979095084174, 3.7686013842117294, 0.3333333333333333, 2.1531529704471284]}, "state_action_visits": {"(3.0, 1.0, 0.0)": 32661, "(3.0, 0.0, 0.0)": 67310, "(4.0, 1.0, 0.0)": 7953, "(2.0, 1.0, 0.0)": 25781, "(2.0, 0.0, 0.0)": 52970, "(1.0, 1.0, 1.0)": 20701, "(1.0, 0.0, 1.0)": 38898, "(0.0, 1.0, 1.0)": 16613, "(4.0, 0.0, 0.0)": 18724, "(0.0, 0.0, 1.0)": 29597, "(5.0, 1.0, 0.0)": 44, "(5.0, 0.0, 0.0)": 117}}, "meta": {"recent_avg_return": -188.3029999999966, "epsilon": 0.07953218102554308, "q_summary": {"(3.0, 1.0, 0.0)": [56.12100367315999, 56.12089503448503, 52.77270453528457, 53.17803900820186, 57.334239304386, 48.53358487687616, 47.62219143602112, 55.35835343887858, 56.12101080854801], "(3.0, 0.0, 0.0)": [39.4420742005262, 32.112027886297824, 39.30877807294628, 39.3087814089853, 42.69975871998618, 32.11049072056985, 39.308998215861564, 39.3087780223873, 39.30877781599975], "(4.0, 1.0, 0.0)": [61.58709397272996, 63.72730854837481, 64.11130766455261, 57.50747186300041, 59.51430650126002, 61.240328966726814, 51.61139415063012, 58.19770530774805, 64.111366812088], "(2.0, 1.0, 0.0)": [35.10509782841007, 45.008254250493835, 42.0934597986302, 43.029519297478274, 44.802799274658895, 45.65630482058637, 44.796489079049266, 45.105980145788024, 42.749969097387776], "(2.0, 0.0, 0.0)": [27.673941378506374, 37.52784375739864, 29.98666547573641, 28.178163295788487, 27.645146333791484, 47.58895447937424, 30.018050129501205, 27.771246662762564, 44.34519853546594], "(1.0, 1.0, 1.0)": [29.983174173942707, 28.202933723441134, -29.824202792543616, 30.114734312834557, 28.337729975637465, 28.648455041871443, 28.314198757228343, 28.71019303366685, 28.20271005457701], "(1.0, 0.0, 1.0)": [24.773907968527517, 23.187822852302634, 25.122259782031783, 23.221788648254293, 23.13747899946924, 23.837934185618465, 19.745186154914073, 23.193793394631363, 20.943160327893885], "(0.0, 1.0, 1.0)": [12.072430368476557, 11.959777064518795, 11.861119472648998, 12.841561811493744, 12.864854279956106, 12.258350242661027, 11.188721647772782, 12.310020206949527, 11.860665937560379], "(4.0, 0.0, 0.0)": [49.898693892142994, 45.93185891004389, 39.77241830961701, 47.58788301456358, 45.93179988205085, 46.04566791661824, 45.968163619908175, 45.93195708138596, 45.93180533083609], "(0.0, 0.0, 1.0)": [17.277121128176, 17.27703124040856, 16.314337848020124, 17.705790917100625, 17.6458253974584, 17.28395542000669, 16.314337848158367, 16.833014223819617, 17.277031240065668], "(5.0, 1.0, 0.0)": [59.147611767776205, 129.94715639055605, 99.17824344921738, 67.13854541855017, 77.28090262026907, 76.61551214198165, 57.21998093615388, 78.99342069968618, 71.82755718020432], "(5.0, 0.0, 0.0)": [58.35803170245861, 10.328939441148057, 60.454195520691435, 73.42619163627566, 49.64165181587333, 67.08062258146542, 81.79713193069679, 17.536893388331304, 64.44330587416111]}}}