{"timestamp": 1764018536, "iso": "2025-11-24T21:08:56Z", "episode": 85, "games_in_episode": 1, "stats": {"total_messages": 3162, "total_updates": 3150, "total_reward": -220.2499999999908, "action_counts": [575, 493, 210, 195, 496, 273, 352, 243, 325], "state_visits": {"(3.0, 1.0, 0.0)": 607, "(3.0, 0.0, 0.0)": 517, "(4.0, 0.0, 0.0)": 102, "(4.0, 1.0, 0.0)": 7, "(5.0, 0.0, 0.0)": 2, "(0.0, 0.0, 1.0)": 315, "(1.0, 0.0, 1.0)": 468, "(2.0, 0.0, 0.0)": 480, "(2.0, 1.0, 0.0)": 408, "(1.0, 1.0, 1.0)": 57, "(0.0, 1.0, 1.0)": 187}, "state_action_prob_sums": {"(3.0, 1.0, 0.0)": [2046.9805933760958, 1665.8031630238238, 2265.5928438739575, 2069.2913424052067, 2091.002314297202, 2114.6871359122315, 2580.9973343059655, 1997.3913868069026, 2065.8373953114788], "(3.0, 0.0, 0.0)": [4768.993245093017, 3813.3793551521676, 4212.441982995804, 4342.725552271115, 4395.273001063753, 4101.4047022627055, 4676.431797954026, 4612.023863210039, 5010.56214654303], "(4.0, 1.0, 0.0)": [354.6485218826111, 674.1439048219282, 686.7617948964656, 402.0982059779997, 638.5000497893224, 442.9669856996917, 388.7560226828276, 475.7768043000431, 485.1560486399033], "(2.0, 1.0, 0.0)": [1876.6553005040878, 1651.67670200355, 1867.9280342260663, 1676.9807356614838, 1654.7944121592354, 1770.5057296858963, 1330.23828183257, 1831.9683690453867, 1528.0494748864003], "(2.0, 0.0, 0.0)": [3322.0296561719174, 4345.026296677738, 3932.2700847886176, 2597.8760734193474, 3766.75858162803, 3352.670305386222, 3770.5384312324463, 3515.1553297665796, 2922.1711883020084], "(1.0, 1.0, 1.0)": [1828.4976718001453, 1316.4868632216933, 1001.3909850917523, 1119.64734628255, 1388.2538396562281, 1257.8781415200867, 1386.5852532309825, 1534.9992945086315, 1233.0095548779675], "(1.0, 0.0, 1.0)": [3456.5037615315314, 2381.093005734377, 2796.38437004529, 2271.6236640550114, 2565.508703148734, 2156.21733763997, 2462.926880901532, 2488.057526705662, 2734.760100012108], "(0.0, 1.0, 1.0)": [837.0653286225678, 1145.5971941211287, 890.6392585792292, 957.9121713176315, 1469.550570957331, 1293.8310549869118, 1099.5863044577918, 1292.3431587790162, 1106.3019886928785], "(4.0, 0.0, 0.0)": [1561.1413542311511, 1061.2863007531273, 1654.6132360046267, 1329.598041813664, 1182.6387131955407, 931.7021857332816, 1157.5949380807915, 843.705076567574, 1568.9947762063478], "(0.0, 0.0, 1.0)": [2086.258240884878, 2522.146747161504, 1982.9393690994289, 1800.9514553566262, 1732.7931588973017, 2204.965506289647, 1993.6076002844654, 1866.785726729784, 1744.583411270672], "(5.0, 1.0, 0.0)": [2.0408909150288927, 13.416557698213813, 0.1111111111111111, 5.154289913748126, 0.0, 0.0, 0.1111111111111111, 8.287194170114617, 0.2222222222222222], "(5.0, 0.0, 0.0)": [16.859710518334516, 0.3333333333333333, 0.3333333333333333, 46.674130598404176, 0.4444444444444444, 4.960979095084174, 2.8422116216364537, 0.3333333333333333, 2.1531529704471284]}, "state_action_visits": {"(3.0, 1.0, 0.0)": 30047, "(3.0, 0.0, 0.0)": 62408, "(4.0, 1.0, 0.0)": 7251, "(2.0, 1.0, 0.0)": 24200, "(2.0, 0.0, 0.0)": 48697, "(1.0, 1.0, 1.0)": 19414, "(1.0, 0.0, 1.0)": 35843, "(0.0, 1.0, 1.0)": 15936, "(4.0, 0.0, 0.0)": 17420, "(0.0, 0.0, 1.0)": 27350, "(5.0, 1.0, 0.0)": 42, "(5.0, 0.0, 0.0)": 116}}, "meta": {"recent_avg_return": -188.4499999999966, "epsilon": 0.09161368716814386, "q_summary": {"(3.0, 1.0, 0.0)": [49.458344914799795, 29.290089995954638, 50.25323354919661, 50.09724947740015, 47.19757216150245, 48.12735781699489, 47.584477589754975, 50.09711005349407, 45.93626157496704], "(3.0, 0.0, 0.0)": [26.991975520695195, 31.069474256226698, 27.254538996896276, 27.49648227728992, 26.976803554757726, 36.61487945066376, 29.29543860892106, 43.05371974185519, 27.013038728622913], "(4.0, 1.0, 0.0)": [76.82661876621476, 76.10426130446125, 75.86225992409459, 75.88548848035373, 53.61038106743677, 74.59691336309228, 82.43336953949326, 75.95058208766892, 52.27007907580102], "(2.0, 1.0, 0.0)": [24.393320662756533, 24.81237213324063, 24.77756524949655, 24.812181494000097, 26.487279574887648, 20.472501602774123, 24.393297208896634, 24.777565251538793, 25.931321493915018], "(2.0, 0.0, 0.0)": [25.895212840498516, 26.056490336781593, 25.773642069615192, 22.184002245194453, 28.119773436861927, 25.8951790991099, 26.855603287791336, 25.918266497172294, 25.89553414582479], "(1.0, 1.0, 1.0)": [22.06801350376881, -32.414512041631156, -32.3687763406039, 21.895591495936195, 21.071584296135622, -32.36541058637225, 20.34044190351504, 19.555312762566306, 7.0390152240866115], "(1.0, 0.0, 1.0)": [25.565103171505555, 25.543946675778106, 25.664694114173834, 25.034292768200903, 18.492256513393826, 25.02822448296017, 23.641954938472818, 25.047467837307956, 25.565522841285027], "(0.0, 1.0, 1.0)": [18.9296099638483, 17.44024117301691, 17.854027840550618, 17.48833398218, 17.440241166740435, 17.440241166898307, 17.440241166838504, 17.44024117814287, 17.776467211425462], "(4.0, 0.0, 0.0)": [62.13405358815999, 65.81627650650861, 62.13489286638629, 66.09070470955247, 62.138780423982915, 63.00369842934124, 59.290704948493314, 67.50984085668327, 37.71902230058521], "(0.0, 0.0, 1.0)": [15.388743792675116, 15.684506375675284, 15.967312620808443, 15.654806234506337, 15.387632146610526, 15.5409510881985, 15.78789894368175, 16.45608666582494, 16.698513184437054], "(5.0, 1.0, 0.0)": [59.147611767776205, 127.0150227106587, 99.17824344921738, 67.13854541855017, 77.28090262026907, 76.61551214198165, 57.21998093615388, 78.99342069968618, 71.82755718020432], "(5.0, 0.0, 0.0)": [58.35803170245861, 10.328939441148057, 60.454195520691435, 73.42619163627566, 49.64165181587333, 67.08062258146542, 81.79713193069679, 4.228181056255587, 64.44330587416111]}}}