{"timestamp": 1764019916, "iso": "2025-11-24T21:31:56Z", "episode": 126, "games_in_episode": 1, "stats": {"total_messages": 3045, "total_updates": 3033, "total_reward": -264.17499999999256, "action_counts": [204, 46, 755, 290, 164, 530, 388, 499, 169], "state_visits": {"(3.0, 1.0, 0.0)": 342, "(3.0, 0.0, 0.0)": 664, "(4.0, 1.0, 0.0)": 50, "(2.0, 0.0, 0.0)": 616, "(2.0, 1.0, 0.0)": 158, "(1.0, 0.0, 1.0)": 542, "(1.0, 1.0, 1.0)": 100, "(0.0, 1.0, 1.0)": 278, "(0.0, 0.0, 1.0)": 283}, "state_action_prob_sums": {"(3.0, 1.0, 0.0)": [3350.522541424601, 3460.1805031676317, 3461.587530522467, 3731.420348095463, 3253.8663513521437, 4095.4210392689956, 3813.169711277299, 3209.140351952426, 3565.7286899980363], "(3.0, 0.0, 0.0)": [7118.89267752163, 6259.160690203214, 6609.919127924131, 7033.493408016452, 8489.986180092417, 7910.054713911272, 6387.263964490305, 8052.540192721398, 8243.428982707223], "(4.0, 1.0, 0.0)": [909.7537644788284, 1247.6271276100167, 1067.9980994088505, 713.3564440976634, 786.092131708388, 554.2318084413591, 799.2648232162868, 1114.690715613311, 825.7000409079089], "(2.0, 1.0, 0.0)": [2851.2452275296187, 2807.0487914397927, 2498.7628766508733, 3155.042906742487, 2726.203308425723, 2710.387532775428, 2451.1198582477946, 2544.627244007722, 2882.2327629881233], "(2.0, 0.0, 0.0)": [5308.923420434661, 7288.17618103786, 6481.433528731949, 4761.210862046576, 6196.2034830875755, 5119.976330740391, 6229.139243651775, 6231.4006830119815, 5386.5496720832225], "(1.0, 1.0, 1.0)": [3205.7946396034517, 2009.2989961289506, 2322.046199708295, 1948.2360612939983, 2486.1289682638585, 2105.8213100268513, 2213.4569067141424, 2445.2961680610492, 1813.412966429882], "(1.0, 0.0, 1.0)": [5434.847109756246, 3898.2153850439427, 6103.834719048034, 3951.3962220484937, 4034.381069358094, 2883.4965580390613, 4078.636704623431, 4488.300083846063, 4272.489783573589], "(0.0, 1.0, 1.0)": [1614.546257515677, 1566.8000693476845, 1433.416905229741, 1186.0403712293762, 2911.682374288696, 2052.060792816235, 1374.5013083567808, 2257.755139962364, 1752.1271029969603], "(4.0, 0.0, 0.0)": [2316.178638806482, 1509.2473943909374, 1978.6170112556524, 2003.95038285627, 1668.25563608959, 1680.3186673498947, 1888.156192918889, 1881.4846264278906, 1936.3660159537922], "(0.0, 0.0, 1.0)": [3168.6051269297855, 4031.811158144115, 3138.3988531363557, 3443.9541677174907, 2644.247315657936, 4062.4218980968176, 3388.034395748833, 2660.893769592473, 3930.6706074746453], "(5.0, 1.0, 0.0)": [2.0408909150288927, 15.279044534172334, 1.0389730784348816, 5.154289913748126, 0.0, 0.0, 0.1111111111111111, 20.69273965393426, 0.2222222222222222], "(5.0, 0.0, 0.0)": [16.859710518334516, 0.3333333333333333, 0.4444444444444444, 57.15032388419627, 0.4444444444444444, 14.549087988305887, 9.380955169672015, 0.3333333333333333, 2.1531529704471284], "(6.0, 1.0, 0.0)": [0.9373751319155789, 0.0, 0.0, 0.0, 0.0, 2.8121253957467367, 0.1111111111111111, 0.0, 0.9373751319155789], "(6.0, 0.0, 0.0)": [0.9581911388367294, 0.0, 1.9163822776734587, 0.0, 0.0, 0.0, 0.0, 0.0, 0.0]}, "state_action_visits": {"(3.0, 1.0, 0.0)": 44597, "(3.0, 0.0, 0.0)": 91764, "(4.0, 1.0, 0.0)": 11145, "(2.0, 1.0, 0.0)": 34757, "(2.0, 0.0, 0.0)": 72860, "(1.0, 1.0, 1.0)": 28921, "(1.0, 0.0, 1.0)": 53619, "(0.0, 1.0, 1.0)": 22667, "(4.0, 0.0, 0.0)": 23679, "(0.0, 0.0, 1.0)": 41403, "(5.0, 1.0, 0.0)": 58, "(5.0, 0.0, 0.0)": 145, "(6.0, 1.0, 0.0)": 6, "(6.0, 0.0, 0.0)": 3}}, "meta": {"recent_avg_return": -204.71249999999657, "epsilon": 0.04001561223071221, "q_summary": {"(3.0, 1.0, 0.0)": [61.97774359820343, 61.64611185459534, 62.17720970980607, 66.97147288487747, 62.177456421876585, -22.071561236478182, 40.7660694105602, 63.526040185995214, 47.77563694652665], "(3.0, 0.0, 0.0)": [50.441889648698236, 47.73554365734171, 49.84775839098154, 49.84775420598291, 49.493419765406856, 26.719678263061287, 49.84775839098154, 51.26516947070708, 26.960493296273338], "(4.0, 1.0, 0.0)": [78.79767523928564, 74.797378893452, 74.79621807194705, 76.0700133993866, 74.7048330369953, 64.92812083571289, 73.38207797609635, 81.27306323977145, 74.86727346631145], "(2.0, 1.0, 0.0)": [35.89861375872495, 43.150153163732206, 43.085855631978426, 40.74422734311039, 44.0854037748618, 43.15406533162335, 39.45745232700399, 41.226194953822954, 43.154065393080586], "(2.0, 0.0, 0.0)": [28.544336781218583, 23.650136019813825, 23.6517485604559, 23.650136484167568, 24.423968833372157, 23.65013601981382, 27.84252121246338, 27.33518129898917, 24.0636050470389], "(1.0, 1.0, 1.0)": [34.336974212950096, 33.81130995990568, 35.010127391744845, 34.62799939957445, 34.334921103604295, 34.3445772933175, 37.29562414464401, 34.33697421307249, 33.97847936496578], "(1.0, 0.0, 1.0)": [28.563529725380953, 28.563529725380953, 29.17768254549793, 30.931454967578215, 29.96629545741824, 28.563529727178647, 28.563529938251406, 26.868467941858096, 27.313582276114722], "(0.0, 1.0, 1.0)": [34.64740107871804, 32.812629795187, 32.20103936734332, 34.64740104890801, 34.6474010389858, 34.83400377216166, 32.20103936737892, 34.973955834068825, 34.485634043604556], "(4.0, 0.0, 0.0)": [60.24073376564183, 50.900853351146395, 60.24073354491516, 60.62948470905255, 61.856017578414395, 60.2416414299191, 65.45188428795126, 61.51229995136951, 60.240751669702355], "(0.0, 0.0, 1.0)": [30.785646663147215, 30.71426650997938, 28.541325180910583, 30.9959468246898, 29.184237533274697, 30.753932709532368, 28.54127127922482, 28.72633710202129, 29.321159648485132], "(5.0, 1.0, 0.0)": [59.147611767776205, 88.46692954562315, 120.94898702174596, 89.2011991017917, 97.01939267017232, 76.61551214198165, 57.21998093615388, 131.81473302178267, 25.47563929505108], "(5.0, 0.0, 0.0)": [80.33440115905587, 15.485290884622612, 61.75507216459441, 81.27282238340752, 14.568535290412573, 73.34451091915544, 63.058427221650504, 30.64072783297722, 63.49811001115595], "(6.0, 1.0, 0.0)": [0.0, 0.0, 0.0, 0.0, 62.27312885909423, 0.07320435862500002, 0.0, 0.0, 0.045301875000000005], "(6.0, 0.0, 0.0)": [0.0, 0.0, 0.036375000000000005, 0.0, 31.716036898225518, 0.0, 0.0, 0.0, 0.0]}}}