{"timestamp": 1764020240, "iso": "2025-11-24T21:37:20Z", "episode": 136, "games_in_episode": 1, "stats": {"total_messages": 3536, "total_updates": 3524, "total_reward": -191.89999999998574, "action_counts": [235, 260, 364, 856, 313, 219, 537, 288, 464], "state_visits": {"(3.0, 1.0, 0.0)": 306, "(3.0, 0.0, 0.0)": 719, "(4.0, 1.0, 0.0)": 100, "(4.0, 0.0, 0.0)": 89, "(2.0, 0.0, 0.0)": 754, "(2.0, 1.0, 0.0)": 54, "(1.0, 0.0, 1.0)": 642, "(1.0, 1.0, 1.0)": 161, "(0.0, 0.0, 1.0)": 580, "(0.0, 1.0, 1.0)": 119}, "state_action_prob_sums": {"(3.0, 1.0, 0.0)": [4054.621654625677, 3582.1287715831827, 3799.114699262029, 4246.234590346468, 3464.5375928137955, 4660.3784077025875, 4202.010087731974, 3354.7557411572557, 3791.5825046742234], "(3.0, 0.0, 0.0)": [7990.549815790478, 6892.4580801139555, 7288.599387155573, 8061.987362593521, 9082.49465162011, 8346.103062251983, 7033.044425946717, 8915.797795377623, 9224.326374359538], "(4.0, 1.0, 0.0)": [1040.0584845703763, 1482.2903677485879, 1194.3373135407637, 961.8826770461988, 837.8983100164287, 662.4419765882759, 811.099253548107, 1155.7042574994784, 889.411231518086], "(2.0, 1.0, 0.0)": [3025.5870533438, 3105.8698099216363, 2532.6246360112136, 3438.7688919488673, 2838.031627343403, 2885.502467268744, 2805.341251975629, 2833.040973033666, 3067.334467547999], "(2.0, 0.0, 0.0)": [6326.498661525699, 8427.2802474812, 6614.094464676512, 5097.058464110944, 7007.55244008616, 5698.384724772919, 6779.2588907530735, 6564.042869104711, 5927.433572111401], "(1.0, 1.0, 1.0)": [3413.7151750207922, 2216.7178548820543, 2323.3795330416306, 2365.7029714157525, 3085.5837857877614, 2120.942060289668, 2595.476097507939, 2489.8287145234244, 2069.6581291181283], "(1.0, 0.0, 1.0)": [5742.21512414052, 4050.576554273373, 7686.264675799122, 4579.635188291602, 4170.909696960115, 3057.174655599568, 4471.15554677722, 4853.216521685852, 4809.703518778857], "(0.0, 1.0, 1.0)": [1880.1331863666892, 2017.8671832415016, 2010.74004223553, 1186.7070378960427, 3147.5816266608563, 2193.491625780707, 1437.6861417917798, 2358.9567649360547, 1790.8807261243485], "(4.0, 0.0, 0.0)": [2419.7965671594147, 1583.5723058908136, 2337.3845083581705, 2359.811102730221, 1911.4143416413788, 1739.8924666884566, 2479.7998770176655, 2063.061408260329, 1996.0553649144326], "(0.0, 0.0, 1.0)": [3311.7777977166165, 4143.658873151498, 3224.423421712081, 3996.9952839389125, 3190.4531817934353, 4576.047366845064, 4258.891265126304, 3102.8713663307476, 4259.506465124494], "(5.0, 1.0, 0.0)": [2.0408909150288927, 15.279044534172334, 7.938117667707222, 5.154289913748126, 0.0, 0.0, 0.1111111111111111, 22.624403943629595, 0.2222222222222222], "(5.0, 0.0, 0.0)": [16.859710518334516, 0.3333333333333333, 0.4444444444444444, 64.87971502354124, 0.4444444444444444, 14.549087988305887, 9.380955169672015, 0.3333333333333333, 2.1531529704471284], "(6.0, 1.0, 0.0)": [0.9373751319155789, 0.0, 0.0, 0.0, 0.0, 2.8121253957467367, 0.1111111111111111, 0.0, 0.9373751319155789], "(6.0, 0.0, 0.0)": [0.9581911388367294, 0.0, 1.9163822776734587, 0.0, 0.0, 0.0, 0.0, 0.0, 0.0]}, "state_action_visits": {"(3.0, 1.0, 0.0)": 48022, "(3.0, 0.0, 0.0)": 98948, "(4.0, 1.0, 0.0)": 12227, "(2.0, 1.0, 0.0)": 36779, "(2.0, 0.0, 0.0)": 78699, "(1.0, 1.0, 1.0)": 31200, "(1.0, 0.0, 1.0)": 58197, "(0.0, 1.0, 1.0)": 24673, "(4.0, 0.0, 0.0)": 25853, "(0.0, 0.0, 1.0)": 45229, "(5.0, 1.0, 0.0)": 68, "(5.0, 0.0, 0.0)": 153, "(6.0, 1.0, 0.0)": 6, "(6.0, 0.0, 0.0)": 3}}, "meta": {"recent_avg_return": -207.0119999999948, "epsilon": 0.03269566860467167, "q_summary": {"(3.0, 1.0, 0.0)": [59.868437556570996, -22.670304209570915, 59.86843756196493, 65.04721473474082, 59.830821738715926, 59.64033426117306, 59.868437555961556, 59.86843755598126, 59.868437555961556], "(3.0, 0.0, 0.0)": [41.38603776549645, 41.32405326937773, 41.37440431167944, 38.10015474429207, 38.921625378911536, 26.04671974102848, 41.38603776549645, 41.38603776553486, 41.38603776549645], "(4.0, 1.0, 0.0)": [75.1501389395617, 63.67027781235794, 75.37698716458625, 79.84792267047268, 75.1116395123338, 81.57695497994249, 75.07579858599148, 76.26651726044173, 75.07581678047937], "(2.0, 1.0, 0.0)": [46.542095544545475, 37.54446179015104, 29.52939067121661, 30.777350710195062, 23.306327289892707, 42.844624953483226, 23.379220926289925, 46.444966540837, 46.44498542129792], "(2.0, 0.0, 0.0)": [22.933601552779358, 23.044513714979416, 23.917217732760246, 22.028840314139426, 18.971556337771815, 22.02883830482284, 22.15292022653558, 22.028840315167, 23.202498957149174], "(1.0, 1.0, 1.0)": [21.61671972140612, 21.669627100593534, 21.616719721537315, 21.163052993970645, 21.21914431273476, 22.49051271609309, 17.828456765744548, 20.82926671629648, 21.279806957214383], "(1.0, 0.0, 1.0)": [17.71198491693338, 17.711981932847507, 16.169999932030436, 17.71198193284242, 17.71198193284242, 17.71208191978731, 17.71198193284242, 17.71200437520401, 19.22498036178524], "(0.0, 1.0, 1.0)": [21.08675045526504, 19.445743616388118, 19.426122280357355, 19.85599532609841, 19.412107981587674, 21.086754527398185, 21.08675045526504, 19.856256055663216, 19.42481426936414], "(4.0, 0.0, 0.0)": [61.90364962923146, 59.64638283868925, 45.95112391560724, 60.93625306361359, 60.936232825688755, 64.8058503971005, 59.64638236540755, 61.12076484982407, 59.646697277873955], "(0.0, 0.0, 1.0)": [16.89585011864032, 16.63537865080827, 18.49830919522209, 16.6353796457405, 15.656005931759776, 16.909679236472474, 16.99022383886932, 16.895850329657826, 15.659914756810055], "(5.0, 1.0, 0.0)": [72.90571886078625, 82.59180197315193, 120.94898702174596, 89.2011991017917, 97.01939267017232, 111.16258932595152, 76.12765836479059, 96.0060533766054, 25.47563929505108], "(5.0, 0.0, 0.0)": [80.33440115905587, 23.100010976558348, 71.5357654856998, 85.26730149693064, 22.45073030665006, 73.34451091915544, 74.09693579988652, 28.316135267280266, 63.49811001115595], "(6.0, 1.0, 0.0)": [0.0, 0.0, 0.0, 0.0, 62.27312885909423, 0.07320435862500002, 0.0, 0.0, 0.045301875000000005], "(6.0, 0.0, 0.0)": [0.0, 0.0, 0.036375000000000005, 0.0, 31.716036898225518, 0.0, 0.0, 0.0, 0.0]}}}