{"timestamp": 1764016963, "iso": "2025-11-24T20:42:43Z", "episode": 41, "games_in_episode": 1, "stats": {"total_messages": 3534, "total_updates": 3518, "total_reward": -42.04999999998534, "action_counts": [538, 496, 302, 303, 351, 369, 443, 349, 383], "state_visits": {"(3.0, 0.0, 0.0)": 781, "(3.0, 1.0, 0.0)": 160, "(4.0, 1.0, 0.0)": 189, "(4.0, 0.0, 0.0)": 198, "(5.0, 0.0, 0.0)": 7, "(5.0, 1.0, 0.0)": 1, "(0.0, 0.0, 1.0)": 303, "(1.0, 1.0, 1.0)": 261, "(2.0, 0.0, 0.0)": 575, "(0.0, 1.0, 1.0)": 316, "(1.0, 0.0, 1.0)": 527, "(2.0, 1.0, 0.0)": 200}, "state_action_prob_sums": {"(3.0, 1.0, 0.0)": [852.6249634400206, 859.5028591575427, 862.8403689925807, 754.8031551076283, 840.4567834316802, 901.5634316114151, 1022.5563167115674, 908.3646581997881, 893.6121950621574], "(3.0, 0.0, 0.0)": [1631.087705601797, 1693.2212938260825, 1647.095742592641, 1582.4886023941142, 1581.1742409103617, 1327.5407704789295, 1579.2020772196233, 1655.7404111164947, 1700.3543211225794], "(4.0, 1.0, 0.0)": [167.2385758790835, 243.01862935372648, 244.17134726177883, 156.07956510946886, 220.46711349747804, 238.73917489352553, 178.5521749176468, 281.21351762810446, 156.34147188254013], "(2.0, 1.0, 0.0)": [969.6487280248683, 589.5537888138606, 805.5315218915049, 630.8080309787445, 679.6963652841146, 737.3451590758867, 671.0330104358418, 571.5342514492123, 599.3187153314124], "(2.0, 0.0, 0.0)": [1387.3059494018105, 1356.7295656462363, 1035.4098243460382, 1099.5414193918512, 1281.62202893004, 1318.6107091061315, 1225.8130670656537, 1035.804341249952, 1159.6179641913313], "(1.0, 1.0, 1.0)": [555.3408891018928, 590.6350624729181, 393.4318183427844, 544.1771948857562, 594.1418697958084, 488.4107156941407, 567.894552761049, 682.3038280247678, 597.0367625168701], "(1.0, 0.0, 1.0)": [957.2824229797147, 1097.5859130613612, 870.1033936012032, 785.4264775972031, 879.7976537200069, 823.2338853078775, 860.1891517079795, 893.092281342621, 1090.1187504280822], "(0.0, 1.0, 1.0)": [359.6252506183186, 401.1599386191813, 340.8311606124193, 472.87731076033714, 492.1195383642139, 544.2091687452498, 421.60227504835933, 402.1372962998301, 592.5017739226171], "(4.0, 0.0, 0.0)": [329.71796060741303, 412.86054315638376, 684.9611794721607, 558.0987885737077, 379.55854422755976, 340.55373887737335, 435.8379878248981, 385.8112951386824, 440.13248535702905], "(0.0, 0.0, 1.0)": [720.1206860771179, 735.5576904904873, 606.0062877008158, 698.2534028647334, 652.926269134804, 851.8494598024964, 548.2750959435076, 712.8908783745738, 472.5760001979247], "(5.0, 1.0, 0.0)": [2.0408909150288927, 0.0, 0.1111111111111111, 0.1111111111111111, 0.0, 0.0, 0.0, 6.481059874788989, 0.1111111111111111], "(5.0, 0.0, 0.0)": [14.330981268385981, 0.2222222222222222, 0.1111111111111111, 10.187397057742183, 0.3333333333333333, 0.2222222222222222, 1.0050803988242651, 0.2222222222222222, 0.2222222222222222]}, "state_action_visits": {"(3.0, 1.0, 0.0)": 15588, "(3.0, 0.0, 0.0)": 28834, "(4.0, 1.0, 0.0)": 3706, "(2.0, 1.0, 0.0)": 12423, "(2.0, 0.0, 0.0)": 21658, "(1.0, 1.0, 1.0)": 10026, "(1.0, 0.0, 1.0)": 16054, "(0.0, 1.0, 1.0)": 7923, "(4.0, 0.0, 0.0)": 7794, "(0.0, 0.0, 1.0)": 11658, "(5.0, 1.0, 0.0)": 16, "(5.0, 0.0, 0.0)": 52}}, "meta": {"recent_avg_return": -232.21499999999787, "epsilon": 0.22285020197547536, "q_summary": {"(3.0, 1.0, 0.0)": [35.520579284554174, 33.41634647652023, 37.63431354792925, -28.177239907287913, 35.47980070090696, 33.65007014202524, 35.388594773046336, 34.95133550928753, 37.764169558241285], "(3.0, 0.0, 0.0)": [23.028269578532743, 24.145117855633725, 23.64315581809657, 17.672906320971016, 24.13834130948561, 24.138343375447043, 23.638073134392815, 23.783792018334335, 33.16885677634739], "(4.0, 1.0, 0.0)": [44.218605413451044, 41.915641235145614, 44.24986097429763, 41.74906683044614, 43.25562127912458, 42.242830652676346, 41.092504858632424, 44.45669886699246, 44.22144653186449], "(2.0, 1.0, 0.0)": [27.295479216554085, -30.72966919622865, -30.570803867648504, 28.97132403098174, 27.01069038461304, 27.13231175242698, 29.327520498545255, 28.834792272407615, 27.147426170147348], "(2.0, 0.0, 0.0)": [21.088877331793952, 21.427156906659697, 14.151684713422384, 23.899164942604365, 19.822011781021384, 20.981758719516527, 21.30987284582074, 23.210973980785155, 22.895519241040216], "(1.0, 1.0, 1.0)": [32.5375700221645, 32.52984568748136, 32.49223351313479, 35.21280178438201, 32.46358993704716, 32.420893006521894, 32.44442864615787, 32.422552513203215, 33.529086542174106], "(1.0, 0.0, 1.0)": [21.00198470019928, 21.013277502329913, 22.796971729050007, 21.3584497225017, 26.29921135019862, 23.41570073739876, 21.11448376543939, 26.874698571546826, 21.122005169403003], "(0.0, 1.0, 1.0)": [30.3185141281574, 31.941928150968025, 31.270766768890823, 33.96262075374856, 31.270612088379274, 31.270613525968024, 31.27061109344868, 31.270620823152406, 31.270685847454523], "(4.0, 0.0, 0.0)": [39.579318196198386, 34.10545057932482, 42.18182808717094, 55.998003791836766, 48.55055166956397, 53.76899146337584, 55.44371481603474, 41.31696932100087, 42.157836280030885], "(0.0, 0.0, 1.0)": [28.02798990685995, 28.630502729887898, 26.36508828789485, 27.869306106082696, 26.46899688948292, 26.371558329971, 26.365068855069616, 26.469004960967037, 26.78023925990008], "(5.0, 1.0, 0.0)": [55.0750630025141, 0.0, 46.07651111545151, 83.10809080008147, 66.42895683760132, 42.62087374932679, 52.26081187612583, 66.7503784281906, 0.0], "(5.0, 0.0, 0.0)": [64.82597406013963, 10.64300996375535, 55.39717835745796, 63.64524608116267, 2.9119699831795103, 61.16571615882438, 53.530992160210836, 4.813331859320014, 55.030652108337094]}}}