{"timestamp": 1764016013, "iso": "2025-11-24T20:26:53Z", "episode": 14, "games_in_episode": 1, "stats": {"total_messages": 3051, "total_updates": 3038, "total_reward": -304.0499999999921, "action_counts": [424, 362, 339, 304, 291, 305, 304, 351, 371], "state_visits": {"(3.0, 1.0, 0.0)": 558, "(3.0, 0.0, 0.0)": 501, "(4.0, 0.0, 0.0)": 14, "(4.0, 1.0, 0.0)": 78, "(5.0, 1.0, 0.0)": 1, "(0.0, 1.0, 1.0)": 201, "(2.0, 0.0, 0.0)": 633, "(2.0, 1.0, 0.0)": 202, "(1.0, 0.0, 1.0)": 266, "(1.0, 1.0, 1.0)": 484, "(0.0, 0.0, 1.0)": 100}, "state_action_prob_sums": {"(3.0, 1.0, 0.0)": [244.65959473898033, 255.9462072577489, 233.79517182884152, 285.7486454756384, 230.83590522463632, 229.47113879717122, 222.96662988894076, 191.2735312116462, 177.38113800514384], "(3.0, 0.0, 0.0)": [475.93082892102245, 336.7581440354043, 370.58633691776157, 427.2903796517502, 403.9795289840892, 362.04972879246594, 452.6775515864141, 356.6013178897284, 410.4517196114035], "(4.0, 1.0, 0.0)": [69.67490198353912, 74.58487843969765, 58.77910678449159, 63.948755500482804, 67.48914978548036, 42.658199154570056, 51.793462442249485, 79.45059345862056, 45.470946021415614], "(2.0, 1.0, 0.0)": [217.32521850077057, 243.52761510816921, 132.80402123173548, 159.3930587483695, 115.03245100121242, 164.18811882708138, 154.65799372946304, 176.7738615344204, 211.46296141417628], "(2.0, 0.0, 0.0)": [279.71823951908004, 342.6129966047742, 364.4098136087101, 283.70669350300346, 215.93815139445348, 286.62376317815335, 250.49648815012338, 325.147842930028, 207.3261944906072], "(1.0, 1.0, 1.0)": [215.5421633910426, 137.50219335642558, 138.45127416997366, 132.00345068208043, 157.731993080328, 166.88521756212478, 134.22741492232365, 172.31474149916195, 207.13547257156947], "(1.0, 0.0, 1.0)": [149.50290603576332, 170.34175596627037, 171.68926933021746, 208.22298866352548, 158.92200686336656, 170.84211853640167, 158.3512174810851, 185.8776429979305, 287.35296287850366], "(0.0, 1.0, 1.0)": [58.85745006178378, 125.76557923278207, 72.06862312247466, 92.03691246149762, 182.9848488846885, 137.69287021839358, 104.02792836172218, 94.06468604759881, 102.55179192942886], "(4.0, 0.0, 0.0)": [49.583409166578186, 115.47771980903363, 104.60405420699368, 85.01121360878633, 52.12839471865018, 77.33828151804694, 134.51049114133622, 101.27889314276587, 96.3101243300244], "(0.0, 0.0, 1.0)": [132.98243795780522, 87.9886844725337, 133.20380525455187, 115.81815036189641, 142.1712467946992, 159.8003142095042, 66.25984418896242, 134.98206308471782, 117.79935963947983], "(5.0, 1.0, 0.0)": [0.6842666666666668, 0.0, 0.0, 0.0, 0.0, 0.0, 0.0, 1.2351139539166462, 0.0], "(5.0, 0.0, 0.0)": [0.5731555555555556, 0.0, 0.0, 3.0427336018162814, 0.0, 0.0, 0.0, 0.1111111111111111, 0.1111111111111111]}, "state_action_visits": {"(3.0, 1.0, 0.0)": 5249, "(3.0, 0.0, 0.0)": 9288, "(4.0, 1.0, 0.0)": 1402, "(2.0, 1.0, 0.0)": 4076, "(2.0, 0.0, 0.0)": 6558, "(1.0, 1.0, 1.0)": 3734, "(1.0, 0.0, 1.0)": 4218, "(0.0, 1.0, 1.0)": 2425, "(4.0, 0.0, 0.0)": 2128, "(0.0, 0.0, 1.0)": 2831, "(5.0, 1.0, 0.0)": 4, "(5.0, 0.0, 0.0)": 8}}, "meta": {"recent_avg_return": -271.4846153846173, "epsilon": 0.3845111946300519, "q_summary": {"(3.0, 1.0, 0.0)": [11.03596443762289, 9.581289313942666, 10.80084575272307, 12.231510444906029, 10.655486219167063, 11.975010899923307, 9.812285024585167, 10.292757157322834, 9.626855088717198], "(3.0, 0.0, 0.0)": [10.642683958132762, 10.676560252998929, 10.664797074078848, 10.722642022783726, 10.720641729722566, 11.580744126361948, 10.896138784391612, 10.681879227108396, 9.983948705745577], "(4.0, 1.0, 0.0)": [23.55891445689643, 24.93424247786626, 25.024846227694894, 23.066152659485645, 23.093357484070495, 24.89582946553611, 44.500613967216985, 23.178919136704277, 23.275502743840633], "(2.0, 1.0, 0.0)": [10.867347147875954, 10.683987177180024, 5.452530584340838, 10.611983815642958, 10.684561278163153, 10.647684716123546, 10.138266298933912, 10.427800290854318, 10.646379262071001], "(2.0, 0.0, 0.0)": [9.876515163673544, 9.877087651790378, 9.298778915882195, 15.978110483215236, 9.448359307762917, 9.696779200920716, 8.827499817898339, 8.680624431343318, 9.451395895100402], "(1.0, 1.0, 1.0)": [12.083695713931824, 11.14200005682437, 11.091872184631953, 11.142001988551664, 10.95777514273617, 11.138997770209741, 11.138987419603973, 11.0732582492824, 11.141998840692494], "(1.0, 0.0, 1.0)": [15.539569947245546, 15.554268701472484, 15.15881161558119, 15.324254679362554, 12.641198888863899, 14.559553421761906, 15.193463582565098, 14.550183665424207, 15.296479305854335], "(0.0, 1.0, 1.0)": [13.25174766929163, 19.46554763395782, 13.13392037200055, 12.328432920229723, 13.1065090745633, 13.136612998143143, -34.079775211319166, 13.357888591349738, 12.528058172665228], "(4.0, 0.0, 0.0)": [29.063343990029896, 29.264724558983335, 28.522144918503752, 29.26491333402174, 27.490326276675106, 29.317312680439407, 27.870270462462, 30.9668527949365, 28.70237701650438], "(0.0, 0.0, 1.0)": [11.926958674625501, 11.927333383436753, 12.15571323812266, 11.95088987826259, 11.944637335432422, 12.936904659869409, 12.152235144596634, 11.932429209739437, 11.926952808473356], "(5.0, 1.0, 0.0)": [55.122139353313685, 0.0, 0.0, 0.0, 0.0, 0.0, 37.73437499987857, 45.23421628578342, 0.0], "(5.0, 0.0, 0.0)": [40.379929559296855, 0.0, 36.44031692758766, 52.78487960519951, 3.5123178047537564, 36.44031692758766, 37.534222917009096, 8.956155284611373, 0.0]}}}