{"timestamp": 1764017172, "iso": "2025-11-24T20:46:12Z", "episode": 47, "games_in_episode": 1, "stats": {"total_messages": 3977, "total_updates": 3963, "total_reward": -10.924999999985403, "action_counts": [406, 482, 429, 343, 585, 309, 580, 383, 460], "state_visits": {"(3.0, 0.0, 0.0)": 943, "(3.0, 1.0, 0.0)": 279, "(4.0, 0.0, 0.0)": 133, "(5.0, 0.0, 0.0)": 3, "(0.0, 0.0, 1.0)": 505, "(0.0, 1.0, 1.0)": 332, "(4.0, 1.0, 0.0)": 109, "(2.0, 0.0, 0.0)": 706, "(2.0, 1.0, 0.0)": 240, "(1.0, 0.0, 1.0)": 534, "(1.0, 1.0, 1.0)": 179}, "state_action_prob_sums": {"(3.0, 1.0, 0.0)": [1119.5805231882218, 925.7485158363346, 1061.430740385978, 839.7742427649749, 988.2614054926637, 1040.9774995278024, 1233.1603587295683, 1017.9045752558375, 948.1596266897246], "(3.0, 0.0, 0.0)": [1995.128676543113, 2059.0144642949404, 1960.8417728048933, 1791.8571814380186, 2003.5039938252557, 1601.4957394015296, 1815.9612432695324, 1938.218419711591, 2199.094261931054], "(4.0, 1.0, 0.0)": [180.4329780236603, 310.3742426632547, 327.98683439678524, 217.00754121880033, 269.911740257032, 283.90497509102306, 198.37516955956042, 312.2273306718922, 229.78445299274858], "(2.0, 1.0, 0.0)": [1082.173206599239, 720.6620362760535, 887.2403085170341, 829.8665825712214, 774.3348864863907, 786.8063685684342, 748.736763228957, 694.6682120950143, 815.6667988891467], "(2.0, 0.0, 0.0)": [1460.2512179797693, 1769.7597416804622, 1426.389105744768, 1233.0619659776046, 1489.84496273408, 1545.567675047595, 1526.2890496657974, 1184.1969469910666, 1540.1950083835727], "(1.0, 1.0, 1.0)": [752.5487489028014, 685.4184545694762, 478.82581204731235, 732.3066611894375, 647.5849067970732, 491.7440490274733, 590.9365418496843, 779.7588469745345, 616.9611874726677], "(1.0, 0.0, 1.0)": [1190.3505730519075, 1247.869080097075, 1092.4249710746074, 932.7919435417289, 1084.7582154046183, 976.8358508579612, 1106.6048112771168, 1181.1423016605377, 1302.0834397177573], "(0.0, 1.0, 1.0)": [438.28034795990226, 501.17592611413335, 430.39273409604806, 517.5885645464646, 639.3945543011209, 629.383934777053, 538.5708725799192, 421.0674171765401, 595.7239961448386], "(4.0, 0.0, 0.0)": [443.68972324745647, 554.7366421850771, 775.7866929620911, 634.0221503682585, 467.92567476152806, 493.2031772948371, 481.61270653533865, 407.6935969047606, 494.32787273611257], "(0.0, 0.0, 1.0)": [842.9262072953954, 1012.320238802946, 798.4254403245702, 1000.2621458276603, 738.8244433045738, 938.35289152383, 695.318819874124, 876.5098335051961, 646.7541293014712], "(5.0, 1.0, 0.0)": [2.0408909150288927, 0.0, 0.1111111111111111, 0.9284000615540022, 0.0, 0.0, 0.0, 6.481059874788989, 0.1111111111111111], "(5.0, 0.0, 0.0)": [16.748599407223406, 0.2222222222222222, 0.2222222222222222, 13.46684269470405, 0.3333333333333333, 0.3333333333333333, 1.0050803988242651, 0.2222222222222222, 0.2222222222222222]}, "state_action_visits": {"(3.0, 1.0, 0.0)": 17516, "(3.0, 0.0, 0.0)": 33244, "(4.0, 1.0, 0.0)": 4353, "(2.0, 1.0, 0.0)": 14045, "(2.0, 0.0, 0.0)": 25023, "(1.0, 1.0, 1.0)": 11165, "(1.0, 0.0, 1.0)": 18808, "(0.0, 1.0, 1.0)": 8936, "(4.0, 0.0, 0.0)": 8965, "(0.0, 0.0, 1.0)": 13974, "(5.0, 1.0, 0.0)": 17, "(5.0, 0.0, 0.0)": 61}}, "meta": {"recent_avg_return": -224.59293478260608, "epsilon": 0.19741015349397834, "q_summary": {"(3.0, 1.0, 0.0)": [34.53046925901686, 34.93673314116291, 33.24380095490669, 35.4514671987137, 35.68663290947316, 19.753629115804856, 21.75333683929793, 35.54834459482896, 35.6357792853874], "(3.0, 0.0, 0.0)": [33.9089108088037, 34.34016697426199, 33.915266998232404, 34.52253473750595, 36.612849925780296, 35.78934243272367, 19.85394782891467, 35.06618725364472, 34.040537822458155], "(4.0, 1.0, 0.0)": [56.031732481957796, 52.839262813792715, 55.97984801144487, 56.045900429075516, 53.44989235668699, 53.54548894988329, 46.688172428694315, 57.16576261561845, 56.543574634372725], "(2.0, 1.0, 0.0)": [14.789768464475037, 14.75650237471513, 13.796739957397996, 13.865206411945104, 14.612076974022033, 14.978691380393974, 13.807934693965741, -34.029898211914315, 13.96781379062137], "(2.0, 0.0, 0.0)": [8.775500531104234, 9.51139365520101, 8.775495206951298, 8.819893174500583, 9.368293110688892, 9.009610683037158, 8.775483056877455, 8.775486770557524, 13.145097447474022], "(1.0, 1.0, 1.0)": [17.312080331922765, 18.60055211243061, 17.401661984102937, 17.27566026067037, 18.571866818834003, 17.41189241429988, 17.401659745378765, 17.4016557194004, 17.154232033185973], "(1.0, 0.0, 1.0)": [13.108041873746775, 12.781226433021928, 12.672546930060602, 13.107344779694078, 12.675124358201655, 12.781226433008293, 13.175430146484459, 13.107038306460819, 13.747304730866109], "(0.0, 1.0, 1.0)": [13.982899265136805, 15.147722338198742, 13.960904551204536, 15.147721454051073, 13.962587521044568, 13.960904552451055, 13.960780433822741, 14.971741767843369, 14.025009081264873], "(4.0, 0.0, 0.0)": [57.005705065317315, 59.49792314954632, 55.323743309925085, 56.97771193329737, 42.545444896213034, 58.23816604470484, 42.54328860948204, 55.34322619498165, 56.98580342098466], "(0.0, 0.0, 1.0)": [12.610202135388576, 12.466897004345004, 12.388665153018746, 12.355141038436209, 12.505383178853855, 12.37180022717488, 12.348548898465415, 12.34854889846556, 12.480785147070264], "(5.0, 1.0, 0.0)": [55.0750630025141, 0.0, 46.07651111545151, 83.10809080008147, 66.42895683760132, 42.62087374932679, 52.26081187612583, 74.76351314378299, 0.0], "(5.0, 0.0, 0.0)": [68.57948314535301, 10.64300996375535, 62.18184193926028, 70.01999615926925, 2.9119699831795103, 67.1721263346753, 53.530992160210836, 4.813331859320014, 58.506335128580616]}}}