{"timestamp": 1764018246, "iso": "2025-11-24T21:04:06Z", "episode": 77, "games_in_episode": 1, "stats": {"total_messages": 2625, "total_updates": 2613, "total_reward": -294.67500000001223, "action_counts": [328, 194, 324, 314, 418, 412, 144, 220, 271], "state_visits": {"(3.0, 0.0, 0.0)": 687, "(3.0, 1.0, 0.0)": 318, "(4.0, 0.0, 0.0)": 118, "(4.0, 1.0, 0.0)": 53, "(5.0, 0.0, 0.0)": 2, "(0.0, 0.0, 1.0)": 296, "(2.0, 1.0, 0.0)": 460, "(2.0, 0.0, 0.0)": 319, "(1.0, 1.0, 1.0)": 139, "(1.0, 0.0, 1.0)": 221}, "state_action_prob_sums": {"(3.0, 1.0, 0.0)": [1797.138063265075, 1536.620982420516, 1802.0560378952885, 1831.3067366567393, 1753.955449170174, 1897.3074269278504, 2038.903051316488, 1641.26550532259, 1812.0509181118664], "(3.0, 0.0, 0.0)": [4339.485974149383, 3497.528129960678, 3697.359049134868, 3575.736840111692, 4047.8928523259956, 3638.6568230210596, 4079.4346833621603, 3894.295093511561, 4402.928985056691], "(4.0, 1.0, 0.0)": [351.03541926344616, 597.6546926837752, 651.1439765351892, 347.22311077883523, 540.6735497922241, 339.2148398578027, 317.6530383585442, 474.9990265222655, 397.0267826596294], "(2.0, 1.0, 0.0)": [1829.2220616102984, 1099.598887931049, 1757.914325158567, 1622.9254986655244, 1365.9154834388369, 1597.2234597925196, 1267.817826565472, 1551.62643925169, 1451.2699463522295], "(2.0, 0.0, 0.0)": [2881.0031397858243, 3953.386878673931, 3382.8094919698933, 2243.943347721538, 3442.8121652662094, 2720.6721785019886, 3289.9490430228375, 2900.7240377335343, 2572.163958788006], "(1.0, 1.0, 1.0)": [1639.1666350796152, 1276.1079938765483, 877.1182383211376, 1061.845426238989, 1223.7441746143122, 1194.7689563933766, 1137.8026338760303, 1473.7291839299, 1200.6987043378633], "(1.0, 0.0, 1.0)": [3008.439050095155, 2167.1178288899723, 2369.5420175068143, 1983.318400067598, 2036.9893897523366, 1707.7859096861473, 2047.8379812347825, 2040.004182596959, 2339.585430243794], "(0.0, 1.0, 1.0)": [732.806988350577, 839.7327764222877, 856.4068417668104, 843.2627269386109, 1322.0553342730145, 1239.6412703001024, 1062.3425420986146, 1121.3961980054435, 995.0377908964326], "(4.0, 0.0, 0.0)": [1231.7307349607322, 965.5552756148178, 1457.9021442274784, 1240.000349308728, 775.317403043924, 814.0994236483558, 1121.1156744034188, 760.0786181077996, 1307.3526983372524], "(0.0, 0.0, 1.0)": [1936.9548562792907, 1992.8692543994034, 1623.0675634155723, 1724.87117855647, 1415.5319602641698, 1900.7310968432241, 1529.2354313682965, 1716.4064476426427, 1328.2335879327616], "(5.0, 1.0, 0.0)": [2.0408909150288927, 11.587942390919794, 0.1111111111111111, 5.154289913748126, 0.0, 0.0, 0.1111111111111111, 7.37728435155772, 0.1111111111111111], "(5.0, 0.0, 0.0)": [16.859710518334516, 0.3333333333333333, 0.3333333333333333, 43.03268952054772, 0.4444444444444444, 3.1429980331018705, 1.0050803988242651, 0.3333333333333333, 0.3333333333333333]}, "state_action_visits": {"(3.0, 1.0, 0.0)": 26686, "(3.0, 0.0, 0.0)": 56733, "(4.0, 1.0, 0.0)": 6604, "(2.0, 1.0, 0.0)": 22221, "(2.0, 0.0, 0.0)": 43751, "(1.0, 1.0, 1.0)": 18220, "(1.0, 0.0, 1.0)": 31506, "(0.0, 1.0, 1.0)": 14642, "(4.0, 0.0, 0.0)": 15467, "(0.0, 0.0, 1.0)": 24026, "(5.0, 1.0, 0.0)": 38, "(5.0, 0.0, 0.0)": 106}}, "meta": {"recent_avg_return": -193.82449999999514, "epsilon": 0.10768414321784518, "q_summary": {"(3.0, 1.0, 0.0)": [47.335484467246175, 35.29660538510577, 43.57959495675476, 37.39973457671628, 43.410605238733694, 43.59228620701759, 43.838360469957514, 44.52017580770933, 43.57326705590715], "(3.0, 0.0, 0.0)": [41.493642450296036, 38.31476258288728, 38.199151682008754, 38.20061444766916, 37.664939989872096, 38.19915105427476, 38.87071059083644, 42.23582437471299, 35.65762759283378], "(4.0, 1.0, 0.0)": [54.73764747818215, -23.843841518018976, 54.51054364308739, 58.698632865267605, 59.22244926721354, 58.68692586538754, 55.42102885647727, 54.73765008230882, 55.85123261263254], "(2.0, 1.0, 0.0)": [36.322230418782915, 36.759360259629986, 37.10293456425188, 39.45351132476404, 37.82320570838215, 37.042089062679096, 35.92912389696724, 34.755446606740236, 36.320677669464565], "(2.0, 0.0, 0.0)": [29.121903466835516, 28.966787146475674, 18.317237913374363, 28.966216865960916, 31.45780309484236, 28.966178847254973, 28.966149916541102, 28.966787146550182, 28.9661792424097], "(1.0, 1.0, 1.0)": [39.14985756154381, 22.49680670051854, 34.51140717109656, 36.04275955983474, 36.0428689566203, 28.867249485225386, 33.43565031447886, 36.04285603795515, 22.496656135297986], "(1.0, 0.0, 1.0)": [16.02455536458061, 14.834928668601714, 14.767589567983041, 15.357037615062122, 15.570604904144744, 14.775065581718058, 15.935728550923317, 15.690837227085849, 9.195787773150686], "(0.0, 1.0, 1.0)": [7.419826064900844, 7.103175036247638, 7.276560836774236, 7.427068664162188, 7.220507931662931, 7.220698807372609, 7.821200170730466, 7.5743331532678315, -35.67612412053439], "(4.0, 0.0, 0.0)": [48.9079386458562, 48.4944375804584, 48.35084697091034, 47.88440302730659, 48.303685636882776, 42.55769887518073, 45.229547614790356, 47.8743525807525, 36.25282480693781], "(0.0, 0.0, 1.0)": [6.706615496416362, 7.114750114030309, 6.808648858898942, 6.808648858898945, 7.1147501140303255, 7.262625116509225, 7.114750116434712, 7.11472827301118, 7.114750114030306], "(5.0, 1.0, 0.0)": [59.147611767776205, 83.25115325241079, 46.07651111545151, 67.13854541855017, 64.95747389977915, 76.61551214198165, 57.21998093615388, 86.79718567709529, 71.82755718020432], "(5.0, 0.0, 0.0)": [58.35803170245861, 8.207300348394911, 60.454195520691435, 60.71644842402822, 8.92541183516355, 64.44339646668655, 53.53840879485571, 4.228181056255587, 64.44330587416111]}}}