{"timestamp": 1764019354, "iso": "2025-11-24T21:22:34Z", "episode": 108, "games_in_episode": 1, "stats": {"total_messages": 3963, "total_updates": 3951, "total_reward": -161.2249999999858, "action_counts": [251, 722, 342, 249, 811, 168, 367, 473, 580], "state_visits": {"(3.0, 1.0, 0.0)": 214, "(3.0, 0.0, 0.0)": 968, "(4.0, 0.0, 0.0)": 175, "(2.0, 0.0, 0.0)": 933, "(2.0, 1.0, 0.0)": 201, "(1.0, 0.0, 1.0)": 593, "(1.0, 1.0, 1.0)": 304, "(0.0, 0.0, 1.0)": 367, "(0.0, 1.0, 1.0)": 196}, "state_action_prob_sums": {"(3.0, 1.0, 0.0)": [2614.325324002504, 2350.098369270932, 2861.3006096175695, 2628.0852890412316, 3056.8215156338074, 3185.081441376392, 3304.650899553826, 2695.4809190719743, 2610.4563718553704], "(3.0, 0.0, 0.0)": [5796.021373225611, 5229.395336189616, 5737.029436255029, 6313.8037478287115, 7031.352172173769, 5654.006184932499, 5543.971334353527, 6683.388471130453, 6825.376149007886], "(4.0, 1.0, 0.0)": [826.8539097455382, 1016.535247735429, 855.4410393845166, 502.6527443856634, 748.3847555117969, 497.04136860050863, 527.5617058559502, 704.3680527835598, 738.9748549907442], "(2.0, 1.0, 0.0)": [2268.179383280789, 2253.56099082947, 2451.352525617231, 2320.399917046222, 2159.811449546466, 2245.9205745798613, 1706.3390401115694, 2454.946807868023, 2165.9748880791244], "(2.0, 0.0, 0.0)": [4277.749941115926, 6618.5972229121135, 5766.342812078816, 3738.8172935514763, 5487.552415953877, 4360.487994191755, 5064.0741625589435, 5076.900494193711, 4143.1377454937465], "(1.0, 1.0, 1.0)": [2450.592415387753, 1598.211175344565, 1673.2584670993695, 1714.0625572085696, 1846.901820183774, 1811.4814833832054, 1646.2519347919938, 2049.7000740767394, 1806.5806228478343], "(1.0, 0.0, 1.0)": [4921.198856728141, 3479.613316310279, 3929.712659717937, 3264.4580407962358, 3592.046354379321, 2745.5253999746815, 3501.7575466812195, 3945.6318356267343, 4052.081251224452], "(0.0, 1.0, 1.0)": [1121.583058650129, 1232.4555064491612, 1294.5660173394526, 1183.9292601182656, 1752.8263776614704, 1605.3224670244692, 1289.707296437901, 1879.3092805431452, 1644.914614561339], "(4.0, 0.0, 0.0)": [2026.7797885670657, 1295.7806177008579, 1792.8750640684666, 1680.0388692933413, 1410.8355443799983, 1466.1908988208384, 1593.9513197344345, 1458.3563841867044, 1770.7146213844508], "(0.0, 0.0, 1.0)": [2639.128221842813, 3337.2636421254238, 2845.3086443034686, 2592.037210620496, 2496.152474051571, 3666.5991972382044, 2771.8479723604682, 2403.3499577957805, 3248.4997003661783], "(5.0, 1.0, 0.0)": [2.0408909150288927, 15.279044534172334, 1.0389730784348816, 5.154289913748126, 0.0, 0.0, 0.1111111111111111, 11.107721169062264, 0.2222222222222222], "(5.0, 0.0, 0.0)": [16.859710518334516, 0.3333333333333333, 0.3333333333333333, 51.402233236294116, 0.4444444444444444, 4.960979095084174, 9.380955169672015, 0.3333333333333333, 2.1531529704471284], "(6.0, 1.0, 0.0)": [0.9373751319155789, 0.0, 0.0, 0.0, 0.0, 2.8121253957467367, 0.1111111111111111, 0.0, 0.9373751319155789]}, "state_action_visits": {"(3.0, 1.0, 0.0)": 37352, "(3.0, 0.0, 0.0)": 79455, "(4.0, 1.0, 0.0)": 9407, "(2.0, 1.0, 0.0)": 29732, "(2.0, 0.0, 0.0)": 63605, "(1.0, 1.0, 1.0)": 24600, "(1.0, 0.0, 1.0)": 47387, "(0.0, 1.0, 1.0)": 19260, "(4.0, 0.0, 0.0)": 21101, "(0.0, 0.0, 1.0)": 36528, "(5.0, 1.0, 0.0)": 48, "(5.0, 0.0, 0.0)": 128, "(6.0, 1.0, 0.0)": 6}}, "meta": {"recent_avg_return": -192.98299999999534, "epsilon": 0.057565211340037815, "q_summary": {"(3.0, 1.0, 0.0)": [41.18515880557486, 43.36206643971614, 41.321215531881506, 43.36182549174115, 22.448066267571985, -27.002453450328403, 41.188198617341484, 43.362066433672155, 40.00579577499613], "(3.0, 0.0, 0.0)": [42.223830314682985, 42.223830996143256, 32.57215194743, 24.266290401038468, 42.2236554356373, 42.22365543564007, 42.2236554356373, 28.645777346859568, 42.22365529202658], "(4.0, 1.0, 0.0)": [55.01126000175522, 52.194081767693945, 54.99391152294727, 51.40277222574168, 54.9971550731555, 50.721235648302155, 55.08732345809232, 52.620416939792165, 54.77524737959347], "(2.0, 1.0, 0.0)": [15.976628970526273, -33.64590733110334, 15.421404667897843, 16.6482289952029, 15.641412400191331, 15.976629020268284, 15.704509983983634, 13.414988075440089, 15.36024441660187], "(2.0, 0.0, 0.0)": [22.787573893487938, 19.444301651324558, 20.895802012494023, 21.212144109863146, 21.553035555534095, 21.09989112850473, 22.90501125697932, 21.107707852666085, 21.10141451286406], "(1.0, 1.0, 1.0)": [13.044099819466233, 16.457934759579093, 12.672195928892712, 17.00786743570761, 16.45793477811518, 16.457935110199664, 15.728856667568666, 16.747807667090843, -33.01577859362182], "(1.0, 0.0, 1.0)": [18.36998281827922, 18.715144119790164, 19.94019871552089, 18.391556122779352, 18.36998281827922, 18.967323050288314, 19.063672283936356, 19.575482610768468, 20.126314385096492], "(0.0, 1.0, 1.0)": [20.9032903638604, 18.429742396786505, 20.037546113923117, 20.86464788420644, 20.9032903644376, 11.90738717102548, 11.009466187929387, 22.693793874388696, 20.9032903644376], "(4.0, 0.0, 0.0)": [55.26950700792835, 56.442383888442706, 59.96101452628252, 59.96101452628092, 45.72014025189924, 55.56276621553208, 55.21150363054633, 59.96101452628092, 55.19029837423018], "(0.0, 0.0, 1.0)": [20.39100316714557, 20.82749243787603, 22.1360682225529, 20.39100325591314, 20.39100323707016, 20.41816518122083, 22.136960003982352, 14.304318135169389, 20.391003237070166], "(5.0, 1.0, 0.0)": [59.147611767776205, 88.46692954562315, 99.17824344921738, 67.13854541855017, 121.51020120949335, 76.61551214198165, 57.21998093615388, 131.81473302178267, 25.47563929505108], "(5.0, 0.0, 0.0)": [66.44948493914265, 15.485290884622612, 60.454195520691435, 73.42619163627566, 49.64165181587333, 68.990053898417, 63.058427221650504, 14.861231967356693, 66.79364869757049], "(6.0, 1.0, 0.0)": [0.0, 0.0, 0.0, 0.0, 62.27312885909423, 0.07320435862500002, 0.0, 0.0, 0.045301875000000005]}}}