{"timestamp": 1764018946, "iso": "2025-11-24T21:15:46Z", "episode": 97, "games_in_episode": 1, "stats": {"total_messages": 3924, "total_updates": 3912, "total_reward": -31.199999999989952, "action_counts": [335, 433, 471, 375, 256, 583, 398, 617, 456], "state_visits": {"(3.0, 1.0, 0.0)": 191, "(3.0, 0.0, 0.0)": 829, "(4.0, 1.0, 0.0)": 1, "(4.0, 0.0, 0.0)": 199, "(5.0, 1.0, 0.0)": 1, "(0.0, 0.0, 1.0)": 790, "(5.0, 0.0, 0.0)": 1, "(2.0, 1.0, 0.0)": 155, "(2.0, 0.0, 0.0)": 773, "(1.0, 0.0, 1.0)": 699, "(1.0, 1.0, 1.0)": 179, "(0.0, 1.0, 1.0)": 94}, "state_action_prob_sums": {"(3.0, 1.0, 0.0)": [2256.5914195915216, 2204.5849780862522, 2435.76227908837, 2383.64229133516, 2885.3562615868577, 2572.7218378382595, 2825.693630825199, 2454.5371572277777, 2515.197759991535], "(3.0, 0.0, 0.0)": [5449.286549054161, 4585.270264986542, 5127.2236135650455, 5125.453410152544, 5593.378781115307, 4882.168093568598, 5302.471013774588, 5721.221077016907, 5433.762766910999], "(4.0, 1.0, 0.0)": [508.73988558405364, 936.2088569285197, 766.0570685192025, 443.2913480581718, 677.2663060615822, 462.99617767349866, 465.6253707732001, 580.8194232913379, 706.0180381405029], "(2.0, 1.0, 0.0)": [1965.3658274028733, 1893.822689190458, 2143.7760207014153, 2008.003406859997, 1918.0787318179268, 1956.5494882798844, 1512.385556141278, 2207.9240280047943, 2028.265209952219], "(2.0, 0.0, 0.0)": [3890.5747653961525, 5280.802161938019, 4744.219716447193, 3446.653791946744, 4407.160492943184, 4139.654480429113, 4457.788521280884, 4030.040710512449, 3329.8348443080004], "(1.0, 1.0, 1.0)": [2299.566040628809, 1452.0837263740923, 1190.8506962255399, 1401.2491885463053, 1607.8282186841486, 1447.566961897835, 1448.9441153737528, 2005.049294130332, 1399.0492396863433], "(1.0, 0.0, 1.0)": [4028.7480117417, 2812.1063597812067, 3273.497333671813, 2657.46708074545, 2874.219446882272, 2347.0660542602527, 2975.2834416152486, 3481.888280556464, 3456.1450727469523], "(0.0, 1.0, 1.0)": [1090.9880345501088, 1221.7974632835374, 1107.4896130036448, 1000.17849825924, 1702.613378169717, 1591.2519781497938, 1124.468387553526, 1442.0793204343743, 1234.3965456315173], "(4.0, 0.0, 0.0)": [1860.4229288528109, 1242.6942009371048, 1739.857770676709, 1398.0098029204, 1355.7657604164087, 1157.272526769846, 1297.8501982395983, 1429.994970179532, 1600.50022154473], "(0.0, 0.0, 1.0)": [2269.3086753549455, 2773.605612372438, 2407.519977575662, 2012.2529765312108, 2228.653128550159, 3161.4090252541687, 2234.4265337313414, 2003.432015099239, 2318.7753745933674], "(5.0, 1.0, 0.0)": [2.0408909150288927, 15.279044534172334, 1.0389730784348816, 5.154289913748126, 0.0, 0.0, 0.1111111111111111, 8.287194170114617, 0.2222222222222222], "(5.0, 0.0, 0.0)": [16.859710518334516, 0.3333333333333333, 0.3333333333333333, 46.674130598404176, 0.4444444444444444, 4.960979095084174, 7.50369991111748, 0.3333333333333333, 2.1531529704471284]}, "state_action_visits": {"(3.0, 1.0, 0.0)": 34257, "(3.0, 0.0, 0.0)": 70915, "(4.0, 1.0, 0.0)": 8425, "(2.0, 1.0, 0.0)": 27054, "(2.0, 0.0, 0.0)": 55946, "(1.0, 1.0, 1.0)": 21950, "(1.0, 0.0, 1.0)": 41195, "(0.0, 1.0, 1.0)": 17590, "(4.0, 0.0, 0.0)": 19494, "(0.0, 0.0, 1.0)": 31373, "(5.0, 1.0, 0.0)": 45, "(5.0, 0.0, 0.0)": 121}}, "meta": {"recent_avg_return": -195.71499999999634, "epsilon": 0.07189079244385073, "q_summary": {"(3.0, 1.0, 0.0)": [28.753725702493277, 28.75372816407125, 28.908276622905174, 28.753695740304654, 28.7539946347347, 28.624320012300142, 29.064905828552323, 31.226843194325397, 28.76330741342166], "(3.0, 0.0, 0.0)": [31.07175905469302, 31.09175848193245, 33.03336177358035, 31.153139698382397, 31.19400524861748, 26.918238313811226, 33.16418238843542, 33.745976169803896, 33.55678751717541], "(4.0, 1.0, 0.0)": [41.34266916890234, 43.44283240401894, 107.79298019300589, 42.27654608466593, 39.554742024938285, 40.63546817305138, 41.31181205219224, 43.716539167416755, 44.14127444314986], "(2.0, 1.0, 0.0)": [28.581177639498584, 28.527541340207023, 30.98095372118644, 28.706348033808375, 28.54149263354306, 28.58953016812026, -30.349380644127116, 30.14614372041732, 28.56251081887397], "(2.0, 0.0, 0.0)": [21.829393204786225, 22.981014562839917, 23.039214425344156, 23.473785804668616, 23.88904725726124, 23.342774999991356, 22.980992490409413, 20.950650127414285, 22.970263512342633], "(1.0, 1.0, 1.0)": [29.952084311631513, 29.390449431912575, 29.39045843924942, 29.390451794456684, 29.391655780870664, 31.918966771303207, 31.87451611581097, 29.655723083747553, 30.220552741184093], "(1.0, 0.0, 1.0)": [24.967752414125812, 23.294372638997046, 25.00634617260033, 20.27622529550856, 23.10811330846504, 20.045483628250423, 20.118379719196156, 24.97513646076323, 23.04276254090646], "(0.0, 1.0, 1.0)": [29.400019193277288, 28.10413038463729, 30.5207926593855, 26.727283507046693, 28.1823144263497, 28.104129246668435, 28.79831895809683, 29.13340949931731, -30.455217688338863], "(4.0, 0.0, 0.0)": [44.52765098290149, 44.53338375742083, 44.527415949820465, 45.73417528163193, 44.78285700125746, 48.37219124141205, 35.711030933663885, 44.54261969326527, 44.52741594209908], "(0.0, 0.0, 1.0)": [18.54154366298276, 19.33600931774511, 19.361404848704066, 19.33600931774512, 18.67975906913015, 17.837492460807738, 18.092004792258297, 18.21505573555946, 17.837492460807738], "(5.0, 1.0, 0.0)": [59.147611767776205, 129.94715639055605, 99.17824344921738, 67.13854541855017, 77.28090262026907, 76.61551214198165, 57.21998093615388, 131.81473302178267, 71.82755718020432], "(5.0, 0.0, 0.0)": [58.35803170245861, 12.894236499779268, 60.454195520691435, 73.42619163627566, 49.64165181587333, 73.22892667754715, 77.72893553982028, 25.700601193943935, 64.44330587416111]}}}