{"timestamp": 1764177443, "iso": "2025-11-26T17:17:23Z", "episode": 84, "games_in_episode": 10, "stats": {"total_messages": 59351, "total_updates": 59044, "total_reward": -1199.8999999972957, "action_counts": [6077, 6661, 6807, 6760, 6493, 6652, 7140, 6225, 6536], "state_visits": {"(3, 1, 300.0)": 101, "(3, 1, 200.0)": 73, "(3, 0, 100.0)": 82, "(3, 0, 200.0)": 110, "(3, 1, 100.0)": 59, "(3, 0, 300.0)": 170, "(1, 0, 100.0)": 3544, "(1, 1, 200.0)": 4195, "(1, 0, 200.0)": 4118, "(1, 0, 300.0)": 9336, "(4, 0, 300.0)": 1, "(2, 0, 300.0)": 4, "(1, 1, 300.0)": 4917, "(0, 0, 300.0)": 8550, "(1, 1, 100.0)": 3254, "(2, 1, 200.0)": 27, "(0, 1, 200.0)": 4455, "(0, 0, 200.0)": 3984, "(2, 0, 100.0)": 1, "(0, 0, 100.0)": 2980, "(0, 1, 100.0)": 3751, "(0, 1, 300.0)": 5244, "(3, 1, 400.0)": 4, "(0, 0, 0.0)": 74, "(2, 0, 200.0)": 1, "(3, 0, 400.0)": 5, "(2, 1, 100.0)": 3, "(2, 1, 300.0)": 1}, "state_action_prob_sums": {"(3, 1, 300.0)": [38.36605036916587, 0.2222222222222222, 15.640226736725873, 0.1111111111111111, 0.1111111111111111, 20.207613685436097, 0.2222222222222222, 0.2222222222222222, 10.04825128716249], "(3, 1, 200.0)": [14.615638235872716, 0.2222222222222222, 3.9872428923015106, 13.813271957241781, 0.0, 6.505452839305422, 15.751337847836982, 0.1111111111111111, 2.0491770017063113], "(3, 0, 100.0)": [4.900720282043555, 0.2222222222222222, 3.653909558968178, 34.020885642677875, 0.1111111111111111, 1.0245885008531557, 22.836934743551122, 0.0, 0.9134773897420445], "(3, 0, 200.0)": [8.33240761878951, 0.1111111111111111, 16.553704126467917, 9.245885008531555, 0.0, 10.270473509384711, 26.713066524741524, 0.2222222222222222, 19.405247406805163], "(3, 1, 100.0)": [1.826954779484089, 0.1111111111111111, 6.394341728194311, 10.04825128716249, 0.0, 10.270473509384711, 10.1593623982736, 0.1111111111111111, 10.1593623982736], "(3, 0, 300.0)": [63.943417281943034, 0.1111111111111111, 13.122016789721958, 37.78590631275716, 0.0, 15.862448958948093, 2.7404321692261338, 0.2222222222222222, 6.2586421162300425], "(1, 0, 100.0)": [322.4210986849346, 283.746303483288, 298.25083060804997, 393.4992898643005, 344.92470009515296, 455.2332420317213, 339.1105024233673, 219.58066397912205, 292.6588551584863], "(1, 1, 200.0)": [375.6250095121969, 368.11955667289146, 455.011019809499, 279.512249867911, 437.98828273773313, 501.9317000196776, 300.1397194969389, 378.69877501475673, 411.6577265480307], "(1, 0, 200.0)": [189.16451089370614, 452.9618428077929, 357.46657282846667, 547.8277917290035, 251.86111745257372, 235.1963022149947, 493.0191483444796, 470.5401354351141, 438.81523751721704], "(1, 0, 300.0)": [1018.2568160530138, 866.7680260754925, 578.244870528963, 1029.8360343948777, 1020.454449774382, 627.794871797258, 1029.9717340068423, 873.4583555284687, 730.1289279492223], "(4, 0, 300.0)": [0.0, 0.0, 0.0, 0.9134773897420445, 0.0, 0.0, 0.0, 0.0, 0.0], "(2, 0, 300.0)": [0.0, 0.0, 0.0, 0.0, 0.0, 0.0, 3.653909558968178, 0.0, 0.0], "(1, 1, 300.0)": [359.2935276079512, 474.83612315989564, 532.2986761033885, 485.6002181154314, 416.2870476061457, 459.41811864539176, 531.829643158091, 339.1478480319189, 509.5482639700943], "(0, 0, 300.0)": [527.7194577615224, 686.9978569099759, 812.1196708037862, 813.8846914738652, 752.4103071372181, 1040.3533186273369, 930.3161759147, 579.6273808640032, 1064.3751299845567], "(1, 1, 100.0)": [239.25731060985564, 253.9594714559863, 427.0511425616817, 265.81008902178, 245.84928605941903, 356.96019427461783, 305.422950114022, 267.550521191006, 369.1933221754508], "(2, 1, 200.0)": [0.0, 0.1111111111111111, 0.1111111111111111, 0.0, 0.0, 0.0, 22.836934743551122, 0.0, 0.0], "(0, 1, 200.0)": [404.8316974830899, 405.6832407634275, 686.6763549697976, 300.4976413311253, 486.3779958932095, 511.39980725043176, 253.46585000983555, 369.31719039425957, 337.2835476438835], "(0, 0, 200.0)": [428.1376651719392, 382.1796393532089, 378.94558573783206, 282.38838164910123, 252.57696112094666, 317.5449669037442, 418.82984605400264, 538.8287174435472, 369.7862233395583], "(2, 0, 100.0)": [0.0, 0.0, 0.0, 0.9134773897420445, 0.0, 0.0, 0.0, 0.0, 0.0], "(0, 0, 100.0)": [284.46214715166104, 332.8764488079905, 257.971302849141, 431.3963072881697, 209.42130158084848, 263.3164675756291, 271.40206447134346, 305.2499048935061, 155.4150244749569], "(0, 1, 100.0)": [538.7176063324362, 325.40834157723634, 227.88848309705836, 284.4375586508077, 441.8890030197766, 315.91564584562883, 418.7806690522964, 332.6542265857683, 279.2654391448355], "(0, 1, 300.0)": [221.02510842356654, 739.6088665731314, 620.9925055186267, 403.4737756489036, 548.8523802298565, 388.05577113439944, 582.4042329272378, 483.69949783338785, 449.61667808130454], "(3, 1, 400.0)": [0.0, 0.0, 0.9134773897420445, 0.0, 0.0, 0.0, 0.0, 0.0, 1.9380658905952002], "(0, 0, 0.0)": [0.0, 0.1111111111111111, 0.0, 49.32777904607037, 1.246810723075378, 0.0, 0.1111111111111111, 0.0, 13.70216084613067], "(2, 0, 200.0)": [0.0, 0.0, 0.0, 0.0, 0.0, 0.0, 0.9134773897420445, 0.0, 0.0], "(3, 0, 400.0)": [0.0, 0.0, 0.0, 4.567386948710222, 0.0, 0.0, 0.0, 0.0, 0.0], "(2, 1, 100.0)": [0.0, 0.0, 0.0, 2.7404321692261338, 0.0, 0.0, 0.0, 0.0, 0.0], "(2, 1, 300.0)": [0.0, 0.0, 0.0, 0.0, 0.1111111111111111, 0.0, 0.0, 0.0, 0.0]}, "state_action_visits": {"(3, 1, 300.0)": 102, "(3, 1, 200.0)": 73, "(3, 0, 100.0)": 82, "(3, 0, 200.0)": 110, "(3, 1, 100.0)": 59, "(3, 0, 300.0)": 170, "(1, 0, 100.0)": 3545, "(1, 1, 200.0)": 4195, "(1, 0, 200.0)": 4119, "(1, 0, 300.0)": 9337, "(4, 0, 300.0)": 1, "(2, 0, 300.0)": 4, "(1, 1, 300.0)": 4919, "(0, 0, 300.0)": 8638, "(1, 1, 100.0)": 3255, "(2, 1, 200.0)": 27, "(0, 1, 200.0)": 4503, "(0, 0, 200.0)": 4023, "(2, 0, 100.0)": 1, "(0, 0, 100.0)": 3005, "(0, 1, 100.0)": 3795, "(0, 1, 300.0)": 5299, "(3, 1, 400.0)": 4, "(0, 0, 0.0)": 75, "(2, 0, 200.0)": 1, "(3, 0, 400.0)": 5, "(2, 1, 100.0)": 3, "(2, 1, 300.0)": 1}}, "meta": {"recent_avg_return": 0.0, "epsilon": 0.09733793654019993, "q_summary": {"(3, 0, 400.0)": [54.237782263719645, 20.288718084941486, 72.10871363322116, 85.34982489775757, 14.435628515552176, 73.86118342805543, 57.37574025244025, 16.979395904888896, 62.717648800053844], "(3, 0, 300.0)": [58.58089811770867, 7.206508101525681, 52.49726467993786, 59.99362138981251, 10.030552943495778, 50.662734140435205, 58.15906906625507, 0.774976273497838, 52.18910484194495], "(3, 0, 100.0)": [54.08160829014852, 2.5912697700553657, 53.97181155113266, 54.08031541166099, 2.210731079897385, 55.7425046720304, 56.46985680134908, 6.154052441477491, 52.4773730561344], "(3, 1, 400.0)": [63.11329526675304, 15.311893604234534, 69.13562820437411, 79.46058139358647, 32.0939464237434, 81.79121989404473, 53.934887647636685, 19.048618769322555, 73.06928959618153], "(3, 1, 100.0)": [53.52186949033958, 4.273370388430565, 55.20638827670445, 56.08751287862266, 50.655638428261184, 55.681192213948336, 54.87179254230908, 29.291413619908546, 53.3912714565094], "(3, 1, 300.0)": [71.76560543096114, 24.402296556479595, 55.74722259769422, 70.822256542563, 19.147498779760532, 63.49758520012702, 67.00773467197425, 3.8377582985355767, 62.519198718981166], "(1, 1, 300.0)": [11.29204498203995, 11.54545310446668, 11.1599344303255, 1.0231985387311506, 3.0879233483001047, 11.265668646535381, 6.102940796383444, 11.452552595914675, 6.967160096754336], "(1, 0, 300.0)": [4.33228545523275, 4.4617447039824825, 4.696451413690053, 4.446861924903963, 4.509372340831968, 4.479756295952457, 4.406951714776573, 4.763144449146775, 4.422975777866727], "(1, 0, 100.0)": [0.20156787977022445, 0.2098126913208634, 0.17920296205330927, 0.17750068963604881, 1.34892696685593, 0.9837976946012192, 1.4559131101048748, 0.1973848562402802, 0.8398049181482601], "(1, 1, 100.0)": [20.550770068201693, 20.535832548446713, 10.88345995108782, 20.558078542541296, 22.292263767331818, 21.499224439451694, 21.61590726929984, 20.544498625362806, 20.714396650503694],