{"timestamp": 1764142507, "iso": "2025-11-26T07:35:07Z", "episode": 43, "games_in_episode": 10, "stats": {"total_messages": 55087, "total_updates": 54797, "total_reward": 37.925000000230845, "action_counts": [5904, 6253, 5872, 6409, 5914, 6547, 6233, 5631, 6324], "state_visits": {"(3, 1, 200.0)": 94, "(3, 1, 100.0)": 26, "(3, 0, 300.0)": 106, "(3, 1, 300.0)": 112, "(3, 1, 0.0)": 3, "(3, 0, 100.0)": 49, "(3, 0, 200.0)": 81, "(1, 1, 200.0)": 3774, "(1, 0, 300.0)": 7562, "(1, 1, 300.0)": 5519, "(1, 1, 0.0)": 20, "(1, 0, 100.0)": 2804, "(1, 0, 200.0)": 5046, "(1, 1, 100.0)": 1296, "(2, 0, 200.0)": 16, "(0, 0, 200.0)": 4810, "(1, 0, 0.0)": 1054, "(2, 0, 0.0)": 1, "(0, 0, 0.0)": 902, "(3, 0, 0.0)": 21, "(0, 0, 100.0)": 3410, "(0, 0, 300.0)": 7926, "(0, 1, 300.0)": 4607, "(0, 1, 200.0)": 4221, "(4, 1, 200.0)": 2, "(4, 0, 200.0)": 1, "(2, 1, 200.0)": 5, "(2, 1, 300.0)": 6, "(4, 0, 100.0)": 4, "(2, 0, 100.0)": 2, "(0, 1, 100.0)": 1297, "(2, 0, 300.0)": 10, "(3, 0, 400.0)": 4, "(4, 0, 300.0)": 5, "(3, 1, 400.0)": 1}, "state_action_prob_sums": {"(3, 0, 400.0)": [13.477088864665093, 1.3333333333333337, 29.585815288000354, 12.825679091446109, 1.2222222222222225, 36.56346733876428, 3.933155555555556, 1.2222222222222225, 14.441457277000351], "(3, 0, 300.0)": [378.8569252695405, 20.5555555555555, 445.5745130793676, 416.36176414230454, 20.77777777777772, 615.6744410864547, 314.8344362437709, 25.11111111111104, 409.63715065121346], "(3, 0, 100.0)": [80.91888383645988, 6.8888888888888795, 228.5312320711344, 142.7349184833832, 5.555555555555551, 247.12507974052954, 71.3436039515361, 8.666666666666652, 101.48878027426305], "(3, 1, 400.0)": [5.411399061771984, 0.6666666666666667, 6.847914460557413, 4.742003144423971, 0.6666666666666667, 21.71203120225509, 1.3929865171070763, 0.4444444444444444, 3.800213316927179], "(3, 1, 100.0)": [143.55478197202154, 8.111111111111098, 103.57557823143493, 195.62436381026825, 6.333333333333326, 109.85436831752116, 146.57094850482758, 5.999999999999994, 110.55619179934745], "(3, 1, 300.0)": [285.3940138027532, 12.555555555555527, 272.6222993453476, 139.11550812226693, 11.333333333333309, 412.16202737184744, 163.28757958044415, 11.222222222222198, 252.06558637375187], "(1, 1, 300.0)": [9016.954703678035, 9795.107540112804, 9927.816549623847, 10372.29445769916, 10514.338289949044, 10109.077655948071, 10266.266805178517, 9688.875118762668, 9961.512765032303], "(1, 0, 300.0)": [19018.75126877811, 18824.569090704503, 18519.662149541327, 19155.784296522466, 19629.110840479556, 19609.645566953848, 21504.974198578642, 22180.635342986607, 20070.582825090838], "(1, 0, 100.0)": [6494.577504275918, 5991.842043646476, 6339.266689301154, 6513.159439474477, 6140.789821992617, 5988.858272631939, 6417.611182955662, 6908.0464174686285, 6980.760496116518], "(1, 1, 100.0)": [4567.999831101144, 4611.5218346511865, 4429.131022921311, 5560.562533613374, 4816.385042268563, 4366.262037519947, 4852.484791346279, 4927.4652348801355, 4496.073000474438], "(2, 1, 300.0)": [12.794606460639178, 1.3333333333333337, 17.46069177043969, 19.76960568127946, 0.1111111111111111, 0.6666666666666667, 12.065204878990228, 0.7777777777777779, 37.80247845179667], "(0, 1, 300.0)": [10301.077544284015, 10145.745504585813, 10387.640244207663, 10137.627753875306, 10872.358994536626, 10499.20535584515, 11129.799103479978, 11677.238371036443, 10960.481773688354], "(3, 1, 200.0)": [246.29103794000352, 10.888888888888866, 268.6467450468823, 244.35623181506497, 12.555555555555527, 179.93590006898552, 237.65645342496535, 12.555555555555527, 238.51086039704433], "(1, 1, 200.0)": [8720.510122335745, 10020.620737540674, 8919.09021316188, 9224.48862892399, 8813.058628052722, 9326.731578620298, 8930.119566380847, 9493.63753589291, 9613.063668256842], "(4, 1, 300.0)": [3.7591932384275184, 0.2222222222222222, 0.3333333333333333, 23.17635663530595, 0.3333333333333333, 0.1111111111111111, 0.2222222222222222, 0.1111111111111111, 0.4444444444444444], "(4, 0, 100.0)": [31.536705506549517, 0.4444444444444444, 0.2222222222222222, 0.3333333333333333, 0.5555555555555556, 0.4444444444444444, 5.440014930654913, 0.0, 0.4444444444444444], "(2, 0, 100.0)": [26.13867927848663, 0.6666666666666667, 1.4533333333333336, 28.64091997953497, 0.3333333333333333, 0.8888888888888891, 9.342331655606316, 0.4444444444444444, 0.5555555555555556], "(0, 0, 300.0)": [20273.360036406953, 19439.90852284496, 18440.630997425065, 19240.332543857985, 18063.19798084625, 19308.851148191752, 20844.103370211094, 20990.777718028254, 21564.81065745297], "(3, 0, 200.0)": [273.03745015280236, 14.999999999999963, 478.7087340428102, 269.036771535381, 13.888888888888856, 243.40303667133574, 277.89265742083995, 14.222222222222188, 227.19244927872822], "(0, 0, 100.0)": [6856.69316852024, 6962.6141076804715, 5736.23426847061, 6826.354953891789, 6666.2850832495915, 6091.908674980294, 6448.000506181168, 5684.897425675855, 6297.084046243392], "(1, 0, 200.0)": [13246.793613373955, 12879.048190520389, 13155.12757111197, 12143.009981537614, 13155.400317784568, 12827.435977632666, 12597.715460473673, 13081.786906379511, 12198.62658055455], "(0, 1, 200.0)": [10618.466136005862, 10290.573098545097, 9337.871997271575, 10197.194837353198, 10517.004175845537, 9981.432318270536, 9823.946133499487, 9540.1263900881, 8917.212202343808], "(0, 0, 200.0)": [12525.941695840685, 13346.063973911185, 11809.693606246477, 11844.639466344977, 11989.965527122873, 13146.805274099253, 10762.77304059777, 11011.68917173042, 11451.787231103493], "(4, 1, 100.0)": [0.8204796458666668, 0.1111111111111111, 0.2222222222222222, 0.0, 0.3333333333333333, 0.0, 19.74594134115025, 0.3333333333333333, 0.0], "(2, 1, 100.0)": [19.82092134723349, 0.2222222222222222, 0.4444444444444444, 1.846783857777778, 0.5555555555555556, 0.4444444444444444, 8.684422695330364, 0.3333333333333333, 1.0345030400000002], "(0, 1, 100.0)": [5121.590152951052, 4852.243398137922, 4962.322744883303, 4976.469456663967, 5134.895528944933, 5471.295593707178, 4880.945851363161, 4584.2513828221845, 4734.834560459951], "(3, 0, 0.0)": [55.881535679187856, 0.6666666666666667, 10.670472555349697, 2.5527667840198838, 1.7777777777777783, 0.7777777777777779, 54.77869137646186, 0.8888888888888891, 1.2222222222222225], "(1, 0, 0.0)": [1216.975079848689, 766.3807811424167, 821.8059711002629, 993.5131645092617, 823.2751946517066, 1029.036975593624, 1097.7465734755904, 841.1940691961414, 890.042531079488], "(2, 1, 200.0)": [43.70062923036817, 0.7777777777777779, 0.5555555555555556, 20.80233211830432, 1.3333333333333337, 1.4444444444444449, 27.49165131399776, 0.5555555555555556, 0.7777777777777779], "(3, 1, 0.0)": [21.84415384526956, 0.3333333333333333, 30.63428737616186, 11.141422737700774, 0.5555555555555556, 0.7777777777777779, 13.149392377357955, 0.6666666666666667, 0.7777777777777779], "(1, 1, 0.0)": [430.130878930003, 429.2378673295107, 500.78729614218383, 455.25520962900185, 573.4875696246291, 651.5693447936252, 527.060834267438, 423.3783133112712, 514.5963483892241], "(4, 1, 0.0)": [0.5555555555555556, 0.0, 0.0, 1.5527667840198838, 0.0, 0.0, 0.7623481227845335, 0.0, 0.5555555555555556], "(2, 1, 0.0)": [0.5555555555555556, 3.077585492259353, 0.0, 0.6512370116734223, 0.1111111111111111, 0.0, 0.1111111111111111, 0.0, 1.3107860663334243], "(0, 1, 0.0)": [426.23411782666034, 396.3995904534111, 650.4242539547282, 357.55598698770666, 567.9057929056133, 455.06695068705585, 470.6798609345576, 521.9648699786686, 393.8959497897865], "(0, 0, 0.0)": [888.2175677450323, 777.6686398243265, 751.0728047304837, 947.1233413794317, 1008.5237540916509, 857.5348986516825, 877.7249278144756, 862.2562315680418, 925.1872341408645], "(2, 0, 200.0)": [38.65583100409297, 0.8888888888888891, 4.338405273008059, 34.63416056060138, 1.3333333333333337, 8.154075817544882, 34.665132524164065, 0.8888888888888891, 3.984821331616232],