{"timestamp": 1764139915, "iso": "2025-11-26T06:51:55Z", "episode": 30, "games_in_episode": 10, "stats": {"total_messages": 45511, "total_updates": 45270, "total_reward": -1396.2500000000703, "action_counts": [5242, 5854, 4724, 4812, 4637, 5419, 4482, 5658, 4683], "state_visits": {"(3, 1, 0.0)": 7, "(3, 1, 100.0)": 17, "(3, 0, 200.0)": 51, "(3, 0, 300.0)": 72, "(3, 1, 300.0)": 85, "(3, 0, 100.0)": 41, "(1, 1, 0.0)": 395, "(1, 1, 100.0)": 1255, "(1, 0, 200.0)": 3947, "(2, 0, 200.0)": 4, "(1, 0, 300.0)": 6014, "(1, 0, 100.0)": 2766, "(0, 0, 200.0)": 3823, "(1, 1, 300.0)": 4721, "(3, 0, 0.0)": 6, "(1, 0, 0.0)": 330, "(0, 1, 200.0)": 3826, "(1, 1, 200.0)": 3359, "(0, 1, 0.0)": 308, "(0, 1, 100.0)": 1251, "(0, 1, 300.0)": 3924, "(0, 0, 300.0)": 5991, "(0, 0, 100.0)": 2757, "(3, 1, 200.0)": 58, "(3, 1, 400.0)": 3, "(4, 1, 300.0)": 1, "(2, 1, 300.0)": 1, "(4, 1, 200.0)": 2, "(2, 1, 200.0)": 4, "(3, 0, 400.0)": 7, "(2, 0, 300.0)": 16, "(2, 0, 100.0)": 2, "(2, 0, 0.0)": 1, "(0, 0, 0.0)": 225}, "state_action_prob_sums": {"(3, 0, 400.0)": [4.326858770711285, 1.1111111111111114, 21.058604372751894, 8.225229788197181, 1.0000000000000002, 26.238858791741464, 3.933155555555556, 0.8888888888888891, 4.790651996511032], "(3, 0, 300.0)": [192.57191297052174, 15.444444444444406, 309.40376366307925, 278.3022106287969, 16.222222222222182, 323.1549221710646, 207.1361413535534, 18.88888888888884, 258.32307956835973], "(3, 0, 100.0)": [61.63413938622938, 4.666666666666665, 140.5341007111377, 139.22651907712049, 4.111111111111112, 100.0670587495376, 38.69751324072997, 7.111111111111101, 58.97653424319291], "(3, 1, 400.0)": [5.3002879506608735, 0.6666666666666667, 5.96041995743636, 3.1759088105678797, 0.5555555555555556, 6.9760289748513085, 1.170764294884854, 0.3333333333333333, 3.689102205816068], "(3, 1, 100.0)": [127.77980002699131, 5.888888888888883, 19.762881042206573, 85.67660080025058, 4.666666666666665, 45.44875476975458, 81.13009103620996, 4.444444444444444, 63.404786993667095], "(3, 1, 300.0)": [145.1942163163122, 10.999999999999977, 149.16380727097317, 107.51748849511034, 8.44444444444443, 255.85036392856523, 118.2740686733052, 8.111111111111098, 175.47859113728137], "(1, 1, 300.0)": [5838.325600376147, 6641.130425970639, 6599.6977770738895, 7130.002055138207, 7143.4188925253675, 6138.3358866648005, 6542.589656657598, 6619.448332958428, 6384.968687775934], "(1, 0, 300.0)": [11589.634275754834, 12239.854475307691, 10638.33233234502, 11429.145879159483, 12541.87249935881, 12635.152077188606, 13655.863072669286, 14355.67545605904, 13286.790473199946], "(1, 0, 100.0)": [4136.132212182051, 3729.2961870753506, 4033.9605114403003, 4418.187925358514, 4127.504189819199, 3992.8054493847585, 4185.9484712702215, 4308.363528632906, 4193.952177098476], "(1, 1, 100.0)": [2835.6748333089154, 2467.4574235221617, 2609.208502847018, 2837.23598555356, 2695.727047115932, 2992.307119313444, 2889.914375706755, 2678.7291814525333, 2401.596629672816], "(2, 1, 300.0)": [7.721617777777775, 0.8888888888888891, 11.226626628445036, 18.84873931148146, 0.0, 0.2222222222222222, 11.620760434545785, 0.4444444444444444, 0.4444444444444444], "(0, 1, 300.0)": [6346.486725753463, 6468.351853176981, 6729.129151635948, 6723.787344050307, 6766.219202651918, 7018.228631143471, 7764.140363587756, 7624.751215864736, 7768.510888352339], "(3, 1, 200.0)": [154.85507950665516, 8.44444444444443, 188.09975412156928, 111.81879204040803, 9.99999999999998, 132.9648790952058, 163.092556823256, 9.88888888888887, 115.05262095778781], "(1, 1, 200.0)": [5458.562306995977, 6704.9362568261, 6123.5758107701, 6480.836884145096, 6052.471707738469, 6264.013759062447, 5953.773603310809, 6153.031724723598, 6395.712536383891], "(4, 1, 300.0)": [3.7591932384275184, 0.2222222222222222, 0.2222222222222222, 9.786097383006373, 0.2222222222222222, 0.1111111111111111, 0.2222222222222222, 0.1111111111111111, 0.2222222222222222], "(4, 0, 100.0)": [12.576924117524895, 0.4444444444444444, 0.1111111111111111, 0.2222222222222222, 0.4444444444444444, 0.3333333333333333, 5.440014930654913, 0.0, 0.4444444444444444], "(2, 0, 100.0)": [15.016260847548496, 0.5555555555555556, 1.4533333333333336, 18.041985109634325, 0.3333333333333333, 0.8888888888888891, 9.008998322272983, 0.4444444444444444, 0.5555555555555556], "(0, 0, 300.0)": [12221.899069433637, 12054.41166328014, 11213.551081858344, 11489.30684003481, 10717.181474035904, 11441.510817965516, 13861.178891192545, 13359.160436064738, 14332.99759042453], "(3, 0, 200.0)": [137.69406252611637, 10.111111111111091, 269.5993605458968, 188.57951793706175, 11.55555555555553, 164.87616999094726, 164.92518459734902, 10.555555555555534, 145.21932617569234], "(0, 0, 100.0)": [4549.506291614052, 4565.062315230459, 3703.0481861411986, 4272.325639479051, 4241.086676699845, 4053.2180075085757, 3721.741637366348, 3460.657131019241, 4013.659657451933], "(1, 0, 200.0)": [7714.115703119089, 8150.949639678492, 8025.765636153181, 7655.216402727997, 8326.140497994673, 7892.623917749582, 7606.315122906396, 8185.937561173419, 7703.574666037441], "(0, 1, 200.0)": [7992.416826945009, 6713.962558321435, 5823.740142296012, 6299.302318201696, 6534.165232243795, 6857.26087939718, 6307.464067026805, 6573.608080706929, 5924.2876842423175], "(0, 0, 200.0)": [8003.61456792468, 7675.178620854113, 7497.502979326432, 7858.760102506028, 7248.010091715286, 7743.214793001771, 7000.208665800383, 7058.4096985966, 6652.649885809104], "(4, 1, 100.0)": [0.5982574236444446, 0.1111111111111111, 0.0, 0.0, 0.1111111111111111, 0.0, 7.8422034858521155, 0.0, 0.0], "(2, 1, 100.0)": [19.063358822514573, 0.1111111111111111, 0.2222222222222222, 1.7356727466666668, 0.5555555555555556, 0.4444444444444444, 0.1111111111111111, 0.3333333333333333, 0.8122808177777778], "(0, 1, 100.0)": [3020.196446270711, 2956.880158034263, 2742.8661479757156, 2798.73500737159, 2897.989241918274, 3417.6272737798613, 2754.498576024232, 2571.125387776414, 2966.0557925374683], "(3, 0, 0.0)": [39.503512388510096, 0.6666666666666667, 0.6666666666666667, 0.7777777777777779, 1.2222222222222225, 0.4444444444444444, 28.587857511517498, 0.8888888888888891, 0.8888888888888891], "(1, 0, 0.0)": [556.28087306332, 433.5206961771128, 574.3991122487841, 691.5907127768475, 524.170284735141, 574.357174578264, 720.7486333993569, 401.96377694862355, 592.9792849509047], "(2, 1, 200.0)": [42.787607187679704, 0.5555555555555556, 0.5555555555555556, 1.701169706666667, 1.0000000000000002, 1.2222222222222225, 13.439828652843552, 0.4444444444444444, 0.5555555555555556], "(3, 1, 0.0)": [10.74981941408702, 0.3333333333333333, 21.067437204548, 8.77282122522291, 0.4444444444444444, 0.4444444444444444, 12.927170155135734, 0.6666666666666667, 0.6666666666666667], "(1, 1, 0.0)": [308.0840203645232, 297.8327114816371, 305.9439609978662, 364.08106063874135, 335.20469159709455, 381.89225230712043, 424.8745082850684, 303.63333738369624, 405.11172432324696], "(4, 1, 0.0)": [0.5555555555555556, 0.0, 0.0, 0.0, 0.0, 0.0, 0.6512370116734223, 0.0, 0.5555555555555556], "(2, 1, 0.0)": [0.5555555555555556, 0.0, 0.0, 0.6512370116734223, 0.1111111111111111, 0.0, 0.1111111111111111, 0.0, 1.3107860663334243], "(0, 1, 0.0)": [293.31743002294473, 196.95889262843198, 450.9166767678162, 300.4166273669613, 303.9497653326993, 229.1446132625662, 290.97508727538775, 297.55744537992103, 227.65465719869968], "(0, 0, 0.0)": [526.5192837946416, 550.4034131505663, 473.78236810805976, 507.996299442621, 558.1383220791548, 425.4763910197187, 432.2399264980506, 542.3470757215186, 494.00295522965695], "(2, 0, 200.0)": [18.843428144025978, 0.6666666666666667, 1.0000000000000002, 24.93538997037113, 1.0000000000000002, 3.07332204320131, 20.889245126084482, 0.4444444444444444, 1.1111111111111114], "(2, 0, 300.0)": [18.978564150034973, 1.4444444444444449, 0.8888888888888891, 15.169016763453824, 1.1111111111111114, 1.2222222222222225, 63.93533298695257, 1.3333333333333337, 1.2222222222222225],