{"timestamp": 1764175595, "iso": "2025-11-26T16:46:35Z", "episode": 77, "games_in_episode": 10, "stats": {"total_messages": 74563, "total_updates": 74170, "total_reward": 4398.249999994794, "action_counts": [8439, 7980, 8213, 7756, 7850, 8064, 9077, 8561, 8623], "state_visits": {"(3, 1, 300.0)": 70, "(3, 1, 200.0)": 65, "(3, 1, 100.0)": 57, "(3, 0, 300.0)": 155, "(3, 0, 200.0)": 136, "(1, 1, 100.0)": 2739, "(4, 1, 100.0)": 9, "(1, 0, 300.0)": 9834, "(1, 0, 200.0)": 8758, "(1, 1, 200.0)": 4889, "(1, 1, 300.0)": 5320, "(2, 1, 100.0)": 6, "(0, 1, 100.0)": 3172, "(3, 0, 100.0)": 48, "(1, 0, 100.0)": 3431, "(2, 1, 200.0)": 6, "(0, 1, 200.0)": 5364, "(0, 0, 200.0)": 7554, "(0, 1, 300.0)": 5926, "(0, 0, 300.0)": 9841, "(3, 0, 400.0)": 4, "(2, 0, 100.0)": 9, "(0, 0, 100.0)": 4042, "(3, 0, 0.0)": 9, "(1, 0, 0.0)": 668, "(2, 0, 300.0)": 4, "(3, 1, 0.0)": 12, "(1, 1, 0.0)": 685, "(4, 0, 200.0)": 9, "(2, 0, 200.0)": 7, "(0, 1, 0.0)": 500, "(0, 0, 0.0)": 830, "(2, 1, 300.0)": 2, "(4, 1, 200.0)": 2, "(4, 0, 300.0)": 1, "(4, 0, 0.0)": 1, "(2, 0, 0.0)": 3, "(3, 1, 400.0)": 1, "(4, 1, 300.0)": 1}, "state_action_prob_sums": {"(3, 0, 200.0)": [79.96872247916387, 0.7777777777777779, 68.2675896529654, 90.23369175441086, 0.5555555555555556, 54.4137473290497, 41.36073358850427, 1.0000000000000002, 35.62910661529197], "(3, 1, 300.0)": [51.48461007434801, 0.7777777777777779, 22.868153069791177, 130.89559684252714, 0.4444444444444444, 71.91839140478136, 38.52989333961144, 0.6666666666666667, 17.54419421753003], "(3, 0, 300.0)": [64.38104774060713, 1.0000000000000002, 57.8097730392432, 70.27292102628279, 0.7777777777777779, 53.802181308846556, 203.52254565462835, 1.0000000000000002, 55.58642595276959], "(3, 1, 200.0)": [20.07256527830511, 0.6666666666666667, 110.57053489678935, 35.71208479423221, 0.5555555555555556, 79.84582371704025, 64.51202996992762, 0.6666666666666667, 51.48347221485966], "(3, 0, 400.0)": [0.0, 0.0, 17.963261697376314, 0.8941066089476852, 0.0, 0.1111111111111111, 0.0, 0.0, 0.0], "(1, 0, 200.0)": [3048.194752658298, 2973.4908073178563, 2582.3098120666205, 2814.3843498184533, 2661.6693593246205, 2176.084550577875, 2555.9463192227327, 2306.4907657417752, 2621.8483583730176], "(1, 1, 300.0)": [2210.6542961813884, 1408.1637884285194, 2090.4659535975634, 1316.93282011035, 1582.9985852461239, 1807.2017372824796, 1507.3549113259762, 1575.600242112349, 2075.5063120282803], "(1, 0, 300.0)": [3638.5479879857107, 4026.7428706358123, 3559.8210026839015, 3423.1794576071393, 3480.728045498816, 4467.455026228653, 4322.4282005575415, 3977.156223074558, 3410.7046972687895], "(4, 1, 300.0)": [8.949411335838903, 0.0, 0.0, 6.304331232671054, 0.1111111111111111, 0.0, 0.0, 0.0, 0.0], "(1, 1, 200.0)": [1938.609420039573, 1937.396328775738, 2198.407977674091, 2078.075917690176, 2457.896622692674, 2163.7336130634953, 1880.2129054692484, 2220.3976946242024, 2461.5838126479453], "(2, 1, 300.0)": [6.2671753765615605, 0.0, 18.218650610709137, 0.0, 0.1111111111111111, 0.1111111111111111, 0.0, 0.1111111111111111, 0.1111111111111111], "(0, 1, 300.0)": [2247.237310226765, 1662.5819941334673, 1759.9959693602832, 1841.1883080467296, 1608.7914115841177, 1427.2026319230022, 2293.7798194437364, 2005.5870740131768, 1908.2803068177666], "(2, 0, 200.0)": [19.817460260917976, 0.0, 0.0, 21.6199349412248, 0.0, 0.1111111111111111, 1.7903310857164167, 0.0, 0.1111111111111111], "(0, 0, 200.0)": [2481.0334375718876, 2973.4876518105334, 2285.3457537153286, 2582.421176648614, 2323.499723467515, 2938.692716251141, 2401.170471346698, 2331.2575035356417, 2436.367117045942], "(0, 0, 300.0)": [3102.1314189152313, 3267.9046958343292, 3567.928959398158, 3405.7003184062123, 4082.5965123746887, 3729.0298886696214, 4680.632593974921, 4780.185678281185, 5043.887663190323], "(2, 1, 200.0)": [1.915765726588943, 0.0, 0.0, 4.616767689055012, 0.2222222222222222, 0.0, 11.673414189988664, 0.2222222222222222, 0.1111111111111111], "(0, 1, 200.0)": [1812.6535642137621, 2206.1628968372484, 2514.3124564416476, 2037.9466594899272, 2224.7957888313767, 2191.339784486476, 2184.467192395166, 2244.4502118241903, 1943.495952845537], "(2, 0, 300.0)": [0.1111111111111111, 0.1111111111111111, 0.1111111111111111, 0.0, 0.0, 26.117658918172904, 0.0, 0.0, 21.6510873420736], "(3, 0, 0.0)": [0.0, 0.1111111111111111, 0.0, 6.427402265283522, 0.0, 0.0, 7.297178893417741, 0.0, 7.152852871581481], "(1, 0, 0.0)": [171.82349008042652, 120.91989313897523, 192.25095114308945, 299.01946847392054, 145.2379396319552, 87.91644144689015, 61.279875864321525, 186.59549397983284, 222.80217366951513], "(4, 0, 0.0)": [1.7964339166866012, 0.0, 0.0, 0.0, 0.0, 0.0, 0.0, 0.0, 0.0], "(2, 0, 0.0)": [7.1692942691639425, 0.0, 0.0, 0.1111111111111111, 0.0, 0.0, 0.1111111111111111, 0.0, 0.0], "(0, 0, 0.0)": [67.54859398586997, 207.99132469282839, 94.5524815699275, 103.10986579155056, 286.370281992682, 101.66423766230952, 299.2281308944803, 311.6555686142134, 212.0804252031769], "(3, 1, 100.0)": [10.951501529594445, 0.2222222222222222, 38.4804700698872, 0.6666666666666667, 0.0, 46.860615909963244, 9.977882397425656, 0.4444444444444444, 40.820848239503235], "(1, 1, 100.0)": [802.964905535384, 895.288547831124, 906.99781119381, 1060.7507407214707, 867.8296527580866, 880.415651775413, 883.4237914200565, 732.064544778877, 1337.80403947823], "(0, 1, 100.0)": [988.3467563252188, 1058.7139832973721, 720.0039952187594, 1163.0591774414318, 1034.1729672075694, 990.5764420491928, 743.5584133883568, 880.254495601067, 805.8984218639068], "(3, 0, 100.0)": [25.97771790465411, 0.0, 19.965638294633028, 8.343167991872464, 0.4444444444444444, 14.659459146044881, 30.865470920841275, 0.1111111111111111, 25.34764022871609], "(1, 0, 100.0)": [654.9252739995455, 891.9173329237361, 906.1492169008775, 1071.1495348032463, 1030.2751561838436, 909.9510123823143, 1007.345595903086, 655.781827291467, 1104.634925173205], "(0, 0, 100.0)": [1141.9092945009213, 765.410056715402, 1196.1421583562385, 802.8254067504948, 860.4915415586175, 796.8587680562622, 885.8411188382955, 825.8042984987608, 1324.563096320995], "(4, 0, 200.0)": [0.0, 0.0, 0.0, 9.915552423866732, 0.0, 0.0, 5.373111124970296, 0.1111111111111111, 0.0], "(2, 0, 100.0)": [0.0, 0.0, 0.1111111111111111, 8.118952449400016, 0.0, 0.0, 34.20873633552252, 0.1111111111111111, 0.0], "(1, 1, 0.0)": [153.99851775304995, 59.09673644760162, 116.26223474950892, 44.84712972449572, 135.85645290064772, 137.8366094565038, 66.50938588819626, 197.09312431848883, 39.68896312166227], "(0, 1, 0.0)": [32.113860156184664, 200.57538261427135, 156.70319991436554, 32.464663476200855, 162.53823278357402, 64.09345803102526, 76.14669620937963, 21.017040505400537, 77.21429475500823], "(4, 0, 100.0)": [0.8962244767687315, 0.0, 0.0, 0.0, 0.0, 0.0, 0.0, 0.0, 0.0], "(3, 1, 400.0)": [0.0, 0.2222222222222222, 7.192460388423561, 1.7965999744667136, 0.0, 0.0, 0.1111111111111111, 0.0, 0.0], "(4, 0, 300.0)": [6.285859189535889, 0.0, 0.0, 0.0, 0.0, 0.0, 0.0, 0.0, 0.0], "(4, 1, 200.0)": [0.0, 0.0, 1.013438418850027, 7.311749010765296, 0.0, 0.0, 0.0, 0.0, 0.0], "(4, 1, 100.0)": [0.0, 0.1111111111111111, 0.0, 9.122302226983594, 0.0, 0.0, 0.0, 0.0, 0.0], "(2, 1, 100.0)": [0.0, 0.0, 0.0, 0.1111111111111111, 0.1111111111111111, 0.0, 12.717698896192783, 0.0, 0.0], "(3, 1, 0.0)": [0.0, 0.0, 5.500911034511253, 15.303318347011546, 0.0, 0.0, 3.6093092309556636, 0.0, 0.0]}, "state_action_visits": {"(3, 0, 200.0)": 458, "(3, 1, 300.0)": 417, "(3, 0, 300.0)": 629, "(3, 1, 200.0)": 450, "(3, 0, 400.0)": 22, "(1, 0, 200.0)": 29347, "(1, 1, 300.0)": 19220, "(1, 0, 300.0)": 42440, "(4, 1, 300.0)": 18, "(1, 1, 200.0)": 23852, "(2, 1, 300.0)": 33, "(0, 1, 300.0)": 20738, "(2, 0, 200.0)": 51, "(0, 0, 200.0)": 28126, "(0, 0, 300.0)": 44203, "(2, 1, 200.0)": 27, "(0, 1, 200.0)": 23924, "(2, 0, 300.0)": 57, "(3, 0, 0.0)": 26, "(1, 0, 0.0)": 1839, "(4, 0, 0.0)": 2, "(2, 0, 0.0)": 10, "(0, 0, 0.0)": 2084, "(3, 1, 100.0)": 181, "(1, 1, 100.0)": 10388, "(0, 1, 100.0)": 10389, "(3, 0, 100.0)": 153,