{"timestamp": 1764144557, "iso": "2025-11-26T08:09:17Z", "episode": 53, "games_in_episode": 10, "stats": {"total_messages": 63675, "total_updates": 63346, "total_reward": 3306.650000002551, "action_counts": [7131, 6933, 6897, 6565, 7689, 6909, 7315, 7167, 7069], "state_visits": {"(3, 0, 200.0)": 128, "(3, 0, 300.0)": 95, "(3, 0, 100.0)": 147, "(3, 1, 200.0)": 101, "(3, 1, 100.0)": 25, "(3, 1, 300.0)": 97, "(1, 0, 200.0)": 7156, "(1, 1, 300.0)": 3032, "(1, 0, 100.0)": 7508, "(1, 1, 200.0)": 4445, "(1, 1, 100.0)": 2316, "(2, 1, 300.0)": 3, "(1, 0, 300.0)": 6471, "(0, 1, 300.0)": 3388, "(0, 0, 300.0)": 6782, "(2, 0, 200.0)": 12, "(2, 0, 300.0)": 9, "(0, 0, 200.0)": 7158, "(0, 1, 200.0)": 3973, "(0, 1, 100.0)": 3091, "(0, 0, 100.0)": 6981, "(3, 1, 0.0)": 2, "(1, 1, 0.0)": 146, "(4, 0, 200.0)": 5, "(1, 0, 0.0)": 54, "(0, 0, 0.0)": 100, "(3, 1, 400.0)": 2, "(4, 1, 300.0)": 1, "(4, 0, 300.0)": 1, "(3, 0, 400.0)": 2, "(4, 0, 100.0)": 11, "(2, 1, 100.0)": 2, "(0, 1, 0.0)": 100, "(2, 0, 100.0)": 2}, "state_action_prob_sums": {"(3, 0, 400.0)": [13.699311086887315, 1.7777777777777783, 40.425846909481585, 15.488581774207795, 1.3333333333333337, 68.93055866427659, 4.044266666666667, 1.2222222222222225, 17.94006916703783], "(3, 0, 300.0)": [476.28650540064694, 25.22222222222215, 726.9688431469907, 575.975202970837, 23.44444444444438, 783.224640478557, 411.81113074965606, 28.22222222222214, 660.0739987768665], "(3, 0, 100.0)": [116.55225150988635, 8.111111111111098, 342.4650708963199, 184.62640069485968, 5.999999999999994, 294.3199486720709, 85.234169102054, 9.777777777777759, 182.4930340807861], "(3, 1, 400.0)": [5.411399061771984, 0.6666666666666667, 13.535977334722363, 8.054068241528155, 0.7777777777777779, 22.636702466879356, 6.325734734434093, 0.4444444444444444, 3.800213316927179], "(3, 1, 100.0)": [162.18880122718204, 9.444444444444427, 150.4313292795375, 258.57056717227846, 7.222222222222212, 134.4541776257672, 229.66575597788167, 6.8888888888888795, 166.8052710088523], "(3, 1, 300.0)": [371.59844193446077, 14.55555555555552, 453.96928884395226, 205.50105135454902, 13.333333333333302, 475.72299117810894, 170.89143837203875, 12.99999999999997, 415.29217488183906], "(1, 1, 300.0)": [12395.109966734371, 12966.385667747814, 13915.48096116843, 13485.319460214154, 14333.561928863928, 13669.305063835602, 14448.921170197666, 13377.297311515938, 13200.295061598234], "(1, 0, 300.0)": [25895.01241946595, 26340.9170459344, 25586.725332064387, 25547.840577592036, 27302.636065258394, 26674.955819127914, 28755.546451184287, 30263.312993812215, 27703.71250692916], "(1, 0, 100.0)": [8809.821080313483, 8049.696954087397, 8168.465623592499, 8509.970723783501, 8627.431343383683, 8278.84607968182, 8460.651548972437, 8869.194705750984, 9308.163138800963], "(1, 1, 100.0)": [6481.081463111909, 5959.373485342572, 6558.2797375133, 7081.75959233833, 6909.72897518481, 5792.160956390624, 7117.925395358211, 7084.088796903069, 5930.71597832907], "(2, 1, 300.0)": [18.28081527220017, 1.3333333333333337, 17.46069177043969, 33.14956166889481, 0.1111111111111111, 0.6666666666666667, 34.4984224027285, 0.7777777777777779, 38.024700674018895], "(0, 1, 300.0)": [14770.058683199246, 13864.02887205757, 13939.559664427163, 13953.704786809209, 13975.001886093794, 14205.410932174133, 15383.08438308603, 16150.779595832424, 14907.230354863537], "(3, 1, 200.0)": [347.6579738935963, 12.333333333333306, 328.7711190632383, 275.81181900945984, 13.777777777777745, 263.381636435876, 414.73048291740673, 14.333333333333298, 298.55622960740726], "(1, 1, 200.0)": [12319.080724251717, 12714.221285732152, 11358.93472858263, 12392.749751313871, 12442.26212127516, 12014.435597296082, 11888.76286673558, 12336.848902135715, 12167.07414553103], "(4, 1, 300.0)": [7.178930123079719, 0.3333333333333333, 0.4444444444444444, 28.226582960270758, 0.3333333333333333, 0.2222222222222222, 9.55922549200074, 0.1111111111111111, 0.6666666666666667], "(4, 0, 100.0)": [38.08517569589274, 0.5555555555555556, 0.2222222222222222, 10.553481241602755, 0.6666666666666667, 0.4444444444444444, 5.440014930654913, 0.0, 0.5555555555555556], "(2, 0, 100.0)": [26.24979038959774, 0.6666666666666667, 1.5644444444444447, 53.534058443560546, 0.6666666666666667, 1.0000000000000002, 10.405937750501703, 0.5555555555555556, 0.5555555555555556], "(0, 0, 300.0)": [27869.74460330698, 26995.717151338533, 24290.183035923314, 25686.893293818208, 24514.175761975213, 28018.002444385736, 28231.273665327437, 28245.01834738962, 29717.552374843774], "(3, 0, 200.0)": [426.26635225860326, 16.999999999999957, 613.3166780135263, 334.49099082297283, 16.666666666666625, 415.6894199114198, 355.91181864629135, 15.888888888888848, 340.80477156650284], "(0, 0, 100.0)": [9234.316086758474, 9125.240442871764, 7444.407095579742, 8763.69982445556, 9091.707259915713, 8511.7286419712, 9017.761980646339, 7703.226302173169, 8402.491692044185], "(1, 0, 200.0)": [17852.610727290965, 16855.43106956821, 18291.715014133617, 16784.124157023438, 17152.475813504658, 16706.44925929291, 16359.135020663527, 17310.855908865567, 16368.55422030255], "(0, 1, 200.0)": [13581.633525733163, 14135.908588198952, 12576.647911194887, 14190.750686681598, 13171.578691911116, 13510.547611006989, 13295.587869242921, 12651.259927093013, 11554.06363712231], "(0, 0, 200.0)": [15950.249209712169, 17001.432229735194, 15873.56762904189, 14963.996632954068, 15590.917564731048, 17053.23732769805, 14839.210348059387, 14883.992668115892, 15508.234853472708], "(4, 1, 100.0)": [0.9315907569777779, 0.1111111111111111, 0.2222222222222222, 4.271294191062166, 0.3333333333333333, 0.0, 23.81747090564576, 0.3333333333333333, 0.0], "(2, 1, 100.0)": [21.594978749161285, 0.3333333333333333, 0.4444444444444444, 1.9578949688888891, 0.5555555555555556, 0.4444444444444444, 28.68951943751974, 0.3333333333333333, 1.0345030400000002], "(0, 1, 100.0)": [7380.725182397376, 6518.589091827656, 7340.918717693609, 6393.539428333542, 7311.537253585836, 7519.647159580445, 6655.516133934753, 6675.891710441666, 6510.6020283065045], "(3, 0, 0.0)": [69.98196451642913, 0.6666666666666667, 23.00072778682031, 2.8861001173532173, 1.7777777777777783, 9.845508171393057, 58.946101304037214, 1.0000000000000002, 6.246430536030949], "(1, 0, 0.0)": [1300.293194445016, 1091.450991472888, 1014.7821655486239, 1336.0212684502956, 1127.7843774086564, 1309.8601867368366, 1406.1976996582493, 1082.9445457752192, 1080.447567908724], "(2, 1, 200.0)": [54.63093543232135, 0.8888888888888891, 0.6666666666666667, 20.91344322941543, 1.4444444444444449, 1.555555555555556, 49.10926410776134, 0.6666666666666667, 0.7777777777777779], "(3, 1, 0.0)": [29.27511320622331, 0.3333333333333333, 56.70880822927895, 11.363644959922995, 0.7777777777777779, 0.7777777777777779, 13.371614599580177, 0.6666666666666667, 0.8888888888888891], "(1, 1, 0.0)": [763.6976857984296, 869.2760093406016, 827.8420046081447, 894.5743198712617, 837.4748572892487, 956.5223383763275, 852.8766481714895, 796.4055639587793, 736.7102310038409], "(4, 1, 0.0)": [0.5555555555555556, 0.0, 0.0, 3.235534529366218, 0.0, 0.0, 0.7623481227845335, 0.0, 0.5555555555555556], "(2, 1, 0.0)": [0.5555555555555556, 3.91896936493252, 0.0, 0.6512370116734223, 0.2222222222222222, 0.0, 0.1111111111111111, 0.1111111111111111, 1.3107860663334243], "(0, 1, 0.0)": [870.0372936075946, 822.7712017325667, 1184.6771886829001, 694.4772228256359, 863.2817471203663, 923.5087664769043, 939.8862328059649, 960.7866369877912, 617.7560603454632], "(0, 0, 0.0)": [916.3446713663095, 864.7725955401057, 849.3695893599165, 1177.6566858586652, 1132.9060220663657, 1117.7977375968403, 939.7338014310329, 1159.6355012295812, 985.1681125097923], "(2, 0, 200.0)": [38.878053226315195, 1.0000000000000002, 4.449516384119169, 43.40036655594562, 1.4444444444444449, 11.408316431597502, 38.986205838634625, 1.0000000000000002, 22.158838571769653],