{"timestamp": 1764176188, "iso": "2025-11-26T16:56:28Z", "episode": 80, "games_in_episode": 10, "stats": {"total_messages": 53198, "total_updates": 52908, "total_reward": -535.2999999988874, "action_counts": [6018, 5958, 5675, 5829, 5884, 5363, 6892, 6032, 5547], "state_visits": {"(3, 0, 300.0)": 132, "(3, 0, 400.0)": 6, "(3, 0, 100.0)": 32, "(3, 1, 200.0)": 63, "(3, 1, 300.0)": 58, "(2, 0, 300.0)": 8, "(1, 0, 300.0)": 8348, "(1, 0, 100.0)": 2286, "(1, 1, 200.0)": 4324, "(1, 1, 300.0)": 4548, "(0, 0, 300.0)": 9029, "(0, 1, 300.0)": 3739, "(0, 0, 100.0)": 1659, "(0, 1, 200.0)": 4665, "(0, 1, 100.0)": 3386, "(3, 1, 100.0)": 53, "(3, 1, 0.0)": 1, "(3, 0, 200.0)": 70, "(1, 1, 100.0)": 2643, "(1, 1, 0.0)": 83, "(1, 0, 200.0)": 4012, "(0, 1, 0.0)": 148, "(0, 0, 200.0)": 3383, "(4, 1, 300.0)": 1, "(2, 1, 300.0)": 15, "(2, 1, 200.0)": 3, "(3, 1, 400.0)": 3, "(2, 1, 100.0)": 1, "(4, 1, 200.0)": 2, "(2, 0, 200.0)": 1, "(3, 0, 0.0)": 2, "(1, 0, 0.0)": 99, "(0, 0, 0.0)": 100, "(2, 0, 100.0)": 4, "(4, 0, 100.0)": 1}, "state_action_prob_sums": {"(3, 0, 200.0)": [130.93733686938856, 0.8888888888888891, 108.50038760711169, 112.4339412226524, 1.0000000000000002, 77.58015069374531, 99.84267352124336, 1.1111111111111114, 61.226401018588284], "(3, 1, 300.0)": [69.97936827618948, 1.0000000000000002, 61.008600445240084, 170.00189181286768, 0.5555555555555556, 106.5587997254821, 57.00401447365039, 1.0000000000000002, 35.92405082641911], "(3, 0, 300.0)": [102.27300709649681, 1.4444444444444449, 93.78010708838976, 132.4035715731935, 1.2222222222222225, 100.29403556310561, 263.8319995197418, 1.4444444444444449, 73.2331482366781], "(3, 1, 200.0)": [43.6125808510174, 0.8888888888888891, 112.82354086440208, 56.54691562126536, 1.0000000000000002, 123.57965598685664, 106.55250861109114, 1.0000000000000002, 56.35716176532002], "(3, 0, 400.0)": [0.0, 0.0, 24.316008207208263, 4.511229655284236, 0.0, 0.1111111111111111, 0.1111111111111111, 0.0, 0.9042807615841376], "(1, 0, 200.0)": [5125.4811079232295, 4858.983303250445, 4086.712366785309, 4036.734851112534, 4276.264218299385, 3975.9578766833843, 3411.3250417058225, 3847.3394944259044, 3920.295591041559], "(1, 1, 300.0)": [3524.7610024705045, 2623.619274583287, 3218.2439958339355, 2839.542785192117, 2750.4216309841354, 2709.2505428033446, 2484.9728805328455, 2652.9090574649967, 3159.766695199562], "(1, 0, 300.0)": [5641.88669955938, 5768.612581699679, 5144.319560215341, 5253.406755209743, 5380.146033795515, 6056.610102434174, 6378.981141648777, 6089.238506676317, 5540.035090834741], "(4, 1, 300.0)": [8.949411335838903, 0.0, 0.0, 7.210526379023509, 0.1111111111111111, 0.0, 0.9080712434254058, 0.0, 0.0], "(1, 1, 200.0)": [2928.9926112899466, 2980.700925907127, 3066.3852175750912, 2741.611005960324, 3515.0818422964394, 2762.413339535598, 2638.4254766028757, 2918.6339557600595, 3533.323938012165], "(2, 1, 300.0)": [6.2671753765615605, 0.0, 37.261766500535245, 0.0, 0.2222222222222222, 1.9272535979619225, 0.1111111111111111, 0.2222222222222222, 0.1111111111111111], "(0, 1, 300.0)": [2974.6763473804112, 2822.0087165860705, 2913.4679443622067, 2743.2589767182776, 2687.442444330367, 2412.351922327544, 3283.694521796167, 2981.9877609871137, 2981.388111331392], "(2, 0, 200.0)": [23.44411694340075, 0.0, 0.0, 36.09799905041256, 0.0, 0.2222222222222222, 1.901442196827528, 0.0, 0.1111111111111111], "(0, 0, 200.0)": [3980.5123381743315, 4609.627694539448, 3761.7052669279924, 3999.4325652047137, 4048.5096447291016, 4581.430547397754, 4244.033776157405, 4424.1507616618965, 3794.86513256723], "(0, 0, 300.0)": [4839.150411949755, 5280.255279223359, 5862.744567513482, 5078.235035739585, 5916.61311191313, 5491.800132903404, 7399.349695431201, 6678.275115261376, 7420.092218096887], "(2, 1, 200.0)": [1.915765726588943, 0.0, 0.1111111111111111, 4.616767689055012, 0.2222222222222222, 0.0, 16.210018212969793, 0.2222222222222222, 0.1111111111111111], "(0, 1, 200.0)": [2563.9703927418973, 2885.4828502728215, 3134.427901927617, 2919.9686598983385, 3103.703461523947, 3155.883624331828, 3051.669754945005, 3405.8157485670663, 2778.8570216327626], "(2, 0, 300.0)": [0.1111111111111111, 0.1111111111111111, 0.1111111111111111, 1.017306257463566, 0.0, 39.69335665054485, 10.887474435740115, 0.1111111111111111, 21.6510873420736], "(3, 0, 0.0)": [0.0, 0.1111111111111111, 0.0, 14.565929119540764, 0.0, 0.1111111111111111, 17.364873730405225, 0.0, 7.152852871581481], "(1, 0, 0.0)": [223.01486272060887, 287.53230138478347, 284.7901384126141, 331.89151735158663, 277.0879551787841, 207.59944343663503, 152.19435934298485, 322.84094659766777, 321.56021515901654], "(4, 0, 0.0)": [1.7964339166866012, 0.0, 0.0, 0.0, 0.0, 0.0, 0.0, 0.0, 0.0], "(2, 0, 0.0)": [7.1692942691639425, 0.0, 0.0, 0.1111111111111111, 0.0, 0.0, 0.1111111111111111, 0.0, 0.0], "(0, 0, 0.0)": [144.84151129227075, 321.56849795847313, 242.87696240173648, 308.92555283585136, 413.69743879916274, 207.57217745159394, 419.8120817396791, 401.3708024878724, 232.18143230755513], "(3, 1, 100.0)": [65.73158752699307, 0.3333333333333333, 38.59158118099831, 5.318133994904807, 0.2222222222222222, 64.177833630075, 10.200104619647878, 0.4444444444444444, 69.89183976313589], "(1, 1, 100.0)": [1476.64690741843, 1645.3904292375746, 1500.0995851235991, 1463.1068205823003, 1338.1676741953263, 1278.8334131134634, 1662.7370668631697, 1412.8867192296082, 1904.4202418423326], "(0, 1, 100.0)": [1469.7020855540302, 2003.4643830678483, 1575.763221695058, 1867.1820693688546, 1446.1140469574682, 1532.7189048412613, 982.5475480758265, 1523.5624964818833, 1497.8958804522426], "(3, 0, 100.0)": [38.664449953588466, 0.1111111111111111, 32.95890229014427, 15.71322075916797, 0.7777777777777779, 52.10437071336294, 69.17790684303377, 0.1111111111111111, 39.92724352517341], "(1, 0, 100.0)": [1444.1669149178683, 1906.8927287248498, 2016.1919798248796, 2139.7991487133095, 2203.6422673247575, 2033.9994451726136, 1893.1809444542127, 1302.5265400363562, 1840.3035016630165], "(0, 0, 100.0)": [2237.015536232248, 1407.6540027201854, 1870.4469131109981, 1296.0098612822517, 2047.581683017807, 1662.0048949816062, 1685.2366014698864, 1636.341219164403, 2506.0328596221734], "(4, 0, 200.0)": [0.0, 0.0, 0.0, 17.161284825149743, 0.0, 0.0, 5.373111124970296, 0.1111111111111111, 0.0], "(2, 0, 100.0)": [0.0, 0.0, 0.1111111111111111, 13.56362771580655, 0.0, 0.0, 37.833516920932325, 0.1111111111111111, 0.0], "(1, 1, 0.0)": [205.3118367029734, 114.686800393739, 217.08915624129136, 104.77795569349959, 200.39739548689343, 194.54157521475142, 388.1161980590068, 330.332335165347, 203.45099946180358], "(0, 1, 0.0)": [112.33016378415783, 268.73482660388726, 216.9901021077509, 385.69484484748284, 333.90820421895387, 143.14443495209014, 213.92664571200274, 153.94558411542508, 229.4164470575962], "(4, 0, 100.0)": [1.8042957201941374, 0.0, 0.0, 0.0, 0.0, 0.0, 0.0, 0.0, 0.0], "(3, 1, 400.0)": [0.0, 0.2222222222222222, 13.537664222268333, 1.7965999744667136, 0.0, 0.0, 0.2222222222222222, 0.1111111111111111, 0.0], "(4, 0, 300.0)": [8.998701474288302, 0.0, 0.0, 0.0, 0.0, 0.0, 0.0, 0.0, 0.0], "(4, 1, 200.0)": [0.0, 0.0, 1.9215096622754326, 8.219820254190703, 0.0, 0.0, 0.0, 0.0, 0.0], "(4, 1, 100.0)": [0.0, 0.1111111111111111, 0.1111111111111111, 12.741339658088464, 0.0, 0.0, 0.0, 0.0, 0.0], "(2, 1, 100.0)": [0.0, 0.1111111111111111, 0.0, 0.1111111111111111, 0.2222222222222222, 0.0, 22.672406524996198, 0.0, 0.0], "(3, 1, 0.0)": [0.1111111111111111, 0.0, 10.936167527857666, 15.303318347011546, 0.1111111111111111, 2.712842284752413, 9.048356206143344, 0.0, 0.1111111111111111], "(4, 1, 0.0)": [0.0, 0.0, 0.0, 0.0, 0.0, 0.0, 2.712842284752413, 0.0, 0.0], "(2, 1, 0.0)": [0.0, 0.0, 0.0, 0.0, 0.0, 0.0, 4.525232577457323, 0.0, 0.0]}, "state_action_visits": {"(3, 0, 200.0)": 726, "(3, 1, 300.0)": 619, "(3, 0, 300.0)": 952, "(3, 1, 200.0)": 621, "(3, 0, 400.0)": 35, "(1, 0, 200.0)": 46110, "(1, 1, 300.0)": 31812, "(1, 0, 300.0)": 63085, "(4, 1, 300.0)": 20, "(1, 1, 200.0)": 33327, "(2, 1, 300.0)": 59,