{"timestamp": 1764140939, "iso": "2025-11-26T07:08:59Z", "episode": 35, "games_in_episode": 10, "stats": {"total_messages": 61980, "total_updates": 61659, "total_reward": 398.4750000032126, "action_counts": [7074, 7163, 6587, 6230, 6962, 6520, 6849, 7481, 7114], "state_visits": {"(3, 0, 100.0)": 47, "(3, 0, 300.0)": 125, "(3, 0, 200.0)": 59, "(3, 1, 300.0)": 99, "(3, 1, 100.0)": 33, "(1, 0, 100.0)": 3502, "(1, 0, 300.0)": 9295, "(1, 0, 200.0)": 3728, "(1, 1, 300.0)": 6857, "(1, 1, 100.0)": 2168, "(1, 1, 200.0)": 3231, "(2, 1, 100.0)": 5, "(0, 1, 100.0)": 1970, "(0, 0, 100.0)": 3966, "(0, 0, 300.0)": 8198, "(0, 0, 200.0)": 3570, "(0, 1, 300.0)": 7796, "(0, 1, 200.0)": 3672, "(1, 0, 0.0)": 980, "(0, 0, 0.0)": 1488, "(3, 0, 400.0)": 5, "(3, 0, 0.0)": 9, "(3, 1, 400.0)": 6, "(3, 1, 200.0)": 64, "(2, 1, 300.0)": 6, "(3, 1, 0.0)": 12, "(1, 1, 0.0)": 501, "(4, 1, 0.0)": 2, "(2, 1, 0.0)": 1, "(0, 1, 0.0)": 236, "(2, 0, 0.0)": 1, "(2, 1, 200.0)": 3, "(4, 1, 300.0)": 1, "(4, 0, 200.0)": 3, "(2, 0, 200.0)": 5, "(2, 0, 300.0)": 2, "(4, 1, 100.0)": 9, "(4, 0, 300.0)": 2, "(4, 0, 100.0)": 1, "(2, 0, 100.0)": 1}, "state_action_prob_sums": {"(3, 0, 400.0)": [4.660192104044617, 1.2222222222222225, 24.093703221133186, 8.336340899308292, 1.1111111111111114, 36.45235622765317, 3.933155555555556, 1.1111111111111114, 7.285561792890006], "(3, 0, 300.0)": [292.30873385615365, 17.66666666666662, 334.2340799518699, 328.942087410273, 18.88888888888884, 415.71971697886767, 281.1190316479776, 21.777777777777718, 295.5069645452899], "(3, 0, 100.0)": [68.21699940060094, 5.3333333333333295, 186.382598397744, 139.89318574378717, 4.666666666666665, 141.66074116583525, 47.35852899909269, 7.555555555555544, 84.32520752332182], "(3, 1, 400.0)": [5.411399061771984, 0.6666666666666667, 6.736803349446302, 3.1759088105678797, 0.6666666666666667, 16.943159355502594, 1.3929865171070763, 0.4444444444444444, 3.800213316927179], "(3, 1, 100.0)": [128.00202224921352, 6.777777777777769, 70.10833919534318, 93.55711929535285, 5.555555555555551, 78.81115235670414, 114.81216826578482, 5.111111111111108, 74.53529808268019], "(3, 1, 300.0)": [192.32229607485303, 11.666666666666641, 172.9822274032068, 123.66410641752094, 9.555555555555538, 315.7186893647001, 140.20447502786072, 9.666666666666648, 202.01613892149277], "(1, 1, 300.0)": [7014.329152949237, 7817.944963335945, 8064.837906919242, 8400.332649466787, 8644.007852706993, 7512.630286259617, 8010.926423899526, 7918.216683996087, 8068.129881561399], "(1, 0, 300.0)": [13915.166726151117, 14500.107821832209, 13972.690924386414, 14035.582702178368, 15455.22030489634, 15840.55130967407, 16399.566264438134, 17682.184323874102, 15729.704064557061], "(1, 0, 100.0)": [4962.321708759175, 4726.891334134431, 4650.386318334601, 5161.421401452253, 5112.6168720771075, 4734.802000829421, 5020.342231712045, 5408.555956045466, 5453.637398522039], "(1, 1, 100.0)": [3491.3766403162194, 3240.530688397533, 3348.7224484873723, 3988.0813547591592, 3379.0989384214527, 3550.4226498645617, 3595.3736430488084, 3601.712689092009, 3287.902795478423], "(2, 1, 300.0)": [7.8327288888888855, 1.2222222222222225, 17.34958065932858, 18.95985042259257, 0.0, 0.4444444444444444, 11.620760434545785, 0.6666666666666667, 5.981112091135759], "(0, 1, 300.0)": [8258.580568029847, 7926.7489368367305, 8128.362340838117, 8132.5756631668, 8627.696564560552, 8433.862920024922, 9106.115783158939, 9806.480716220563, 9226.842840577892], "(3, 1, 200.0)": [163.50227811504675, 9.111111111111095, 229.5383935813253, 146.65742107534132, 10.444444444444423, 162.04168255763497, 228.53889282781682, 10.777777777777755, 118.15954891159545], "(1, 1, 200.0)": [6740.340287559777, 7941.182686223288, 7066.266114203535, 7475.882593660642, 6883.43417887007, 7374.455400629605, 6978.401339271127, 7361.589098707475, 7554.142131907141], "(4, 1, 300.0)": [3.7591932384275184, 0.2222222222222222, 0.2222222222222222, 13.617065816700794, 0.3333333333333333, 0.1111111111111111, 0.2222222222222222, 0.1111111111111111, 0.2222222222222222], "(4, 0, 100.0)": [19.57301457328344, 0.4444444444444444, 0.2222222222222222, 0.2222222222222222, 0.4444444444444444, 0.4444444444444444, 5.440014930654913, 0.0, 0.4444444444444444], "(2, 0, 100.0)": [17.32697033703853, 0.5555555555555556, 1.4533333333333336, 21.872569522367897, 0.3333333333333333, 0.8888888888888891, 9.008998322272983, 0.4444444444444444, 0.5555555555555556], "(0, 0, 300.0)": [15057.140066516751, 15184.949458739246, 13655.640963962102, 14438.947497298333, 13212.693018949103, 14448.264375356554, 16276.072909080038, 16034.213462708187, 16932.865944654844], "(3, 0, 200.0)": [193.021681459712, 12.111111111111084, 325.624917545061, 219.8929143058179, 12.666666666666638, 168.27878954350615, 247.03153935131434, 11.999999999999973, 150.6535902128947], "(0, 0, 100.0)": [5491.266071905587, 5400.850226420801, 4376.60631720255, 4961.446381292204, 5255.035479986045, 4862.609524007527, 4775.820620107537, 4552.611446005187, 4810.843273375507], "(1, 0, 200.0)": [9744.470464120304, 9864.469656881962, 9920.333621106849, 9035.797101117696, 10195.531627892262, 9566.190536216076, 9392.7668202474, 9661.777568363148, 9289.56431209143], "(0, 1, 200.0)": [9385.32035827976, 8027.646172601408, 7228.881928632095, 8274.001851305957, 8114.5849265553625, 7770.9825527845105, 7737.629766994577, 7683.230203763196, 7186.162351535524], "(0, 0, 200.0)": [9620.69930711064, 9596.150581957623, 8967.705075463618, 9236.493716050949, 8761.090193118278, 9410.862579956292, 8057.934693409006, 8491.16047501931, 8110.406175603639], "(4, 1, 100.0)": [0.7093685347555556, 0.1111111111111111, 0.1111111111111111, 0.0, 0.1111111111111111, 0.0, 13.276887229921709, 0.1111111111111111, 0.0], "(2, 1, 100.0)": [19.82092134723349, 0.1111111111111111, 0.4444444444444444, 1.7356727466666668, 0.5555555555555556, 0.4444444444444444, 5.518038789880713, 0.3333333333333333, 0.923391928888889], "(0, 1, 100.0)": [3826.8608254559313, 3524.6531213514822, 3660.985037997326, 3567.601334187804, 3952.0217520993456, 4192.980646128224, 3547.9171628680215, 3333.3834533381223, 3809.67257761884], "(3, 0, 0.0)": [39.503512388510096, 0.6666666666666667, 0.7777777777777779, 2.3305445617976615, 1.2222222222222225, 0.5555555555555556, 38.63682217618494, 0.8888888888888891, 0.8888888888888891], "(1, 0, 0.0)": [740.7349458499323, 519.0505492917183, 653.191723575967, 799.327242272919, 624.77795767645, 685.3453335601685, 876.7829341094597, 561.8393162762545, 603.6908394264333], "(2, 1, 200.0)": [42.89871829879082, 0.6666666666666667, 0.5555555555555556, 4.797576066217045, 1.2222222222222225, 1.2222222222222225, 24.252630279250194, 0.4444444444444444, 0.6666666666666667], "(3, 1, 0.0)": [17.848381053287603, 0.3333333333333333, 30.63428737616186, 8.77282122522291, 0.5555555555555556, 0.4444444444444444, 12.927170155135734, 0.6666666666666667, 0.7777777777777779], "(1, 1, 0.0)": [340.0139939944215, 391.4729581892173, 363.697532522691, 416.84382746540956, 420.59028277334903, 443.5626663346844, 496.4548886572521, 383.3855764673383, 455.42044591525865], "(4, 1, 0.0)": [0.5555555555555556, 0.0, 0.0, 1.5527667840198838, 0.0, 0.0, 0.7623481227845335, 0.0, 0.5555555555555556], "(2, 1, 0.0)": [0.5555555555555556, 3.077585492259353, 0.0, 0.6512370116734223, 0.1111111111111111, 0.0, 0.1111111111111111, 0.0, 1.3107860663334243], "(0, 1, 0.0)": [333.1640307360455, 197.8477815173209, 474.0556145318598, 308.73741122838396, 333.67595083706766, 230.69877443235393, 316.22868581596083, 396.1607201968922, 243.43947148584], "(0, 0, 0.0)": [711.5275523066927, 677.8149642072632, 600.2441912738311, 666.7677124345865, 652.5152573761513, 630.3811961431053, 741.8895755248744, 621.5646762181406, 673.6493990251555], "(2, 0, 200.0)": [35.16865754859542, 0.8888888888888891, 1.0000000000000002, 29.53836826281142, 1.2222222222222225, 3.07332204320131, 21.000356237195593, 0.4444444444444444, 1.3333333333333337],