{"timestamp": 1764139537, "iso": "2025-11-26T06:45:37Z", "episode": 28, "games_in_episode": 10, "stats": {"total_messages": 66847, "total_updates": 66500, "total_reward": 674.5000000018254, "action_counts": [7574, 7552, 6883, 7052, 7136, 7554, 7617, 7502, 7977], "state_visits": {"(3, 0, 100.0)": 42, "(3, 1, 300.0)": 86, "(3, 0, 300.0)": 182, "(3, 0, 0.0)": 4, "(3, 0, 400.0)": 7, "(3, 0, 200.0)": 130, "(1, 0, 0.0)": 183, "(1, 0, 300.0)": 12668, "(1, 0, 100.0)": 2621, "(1, 0, 200.0)": 7132, "(1, 1, 300.0)": 5488, "(0, 0, 100.0)": 2537, "(0, 1, 300.0)": 5348, "(0, 0, 300.0)": 11765, "(0, 0, 0.0)": 101, "(0, 0, 200.0)": 5547, "(0, 1, 200.0)": 4700, "(3, 1, 200.0)": 51, "(1, 1, 200.0)": 3102, "(3, 1, 100.0)": 40, "(1, 1, 100.0)": 1973, "(2, 1, 100.0)": 2, "(0, 1, 100.0)": 2158, "(3, 1, 0.0)": 3, "(1, 1, 0.0)": 298, "(4, 0, 300.0)": 5, "(2, 0, 300.0)": 9, "(0, 1, 0.0)": 296, "(2, 0, 200.0)": 2, "(4, 0, 200.0)": 1, "(2, 1, 200.0)": 15, "(3, 1, 400.0)": 1, "(4, 0, 100.0)": 1, "(5, 0, 100.0)": 2}, "state_action_prob_sums": {"(3, 0, 400.0)": [4.326858770711285, 1.1111111111111114, 15.05788051209611, 8.11411867708607, 1.0000000000000002, 26.016636569519243, 3.933155555555556, 0.7777777777777779, 2.5479535644444447], "(3, 0, 300.0)": [192.01635741496617, 14.999999999999963, 283.0572766749596, 277.6355439621304, 15.99999999999996, 301.1119590273325, 202.8427550778869, 17.4444444444444, 228.86499889535915], "(3, 0, 100.0)": [61.523028275118264, 4.5555555555555545, 122.44101272653751, 138.67096352156491, 3.777777777777779, 99.73372541620425, 38.586402129618854, 6.8888888888888795, 41.86345262251873], "(3, 1, 400.0)": [5.3002879506608735, 0.6666666666666667, 5.96041995743636, 3.1759088105678797, 0.3333333333333333, 6.864917863740198, 1.170764294884854, 0.3333333333333333, 1.4413550966299242], "(3, 1, 100.0)": [126.06244551672468, 5.777777777777772, 18.26774875416218, 85.45437857802835, 4.444444444444444, 30.20957686453418, 79.52384763705444, 4.444444444444444, 63.404786993667095], "(3, 1, 300.0)": [125.93440134332404, 10.222222222222202, 137.54133204947536, 105.6789255194935, 8.44444444444443, 234.88830026218838, 93.8873531261532, 7.444444444444433, 167.2251519192817], "(1, 1, 300.0)": [5247.217288700924, 5977.972636405799, 6231.075838718737, 6661.510380545661, 6420.749599859206, 5694.800905345696, 6240.809074424728, 5932.475414151878, 5981.377706782214], "(1, 0, 300.0)": [10845.181312129673, 11204.300530351282, 9874.018399239307, 10639.784175519779, 11679.915738984731, 11719.451936496023, 12611.939448277684, 13277.268306536434, 12434.562813484079], "(1, 0, 100.0)": [3897.833001845692, 3406.6432109298303, 3730.9361449843873, 4124.260207628542, 3730.185354816182, 3820.624990910891, 3872.44775972792, 4174.157241903698, 3804.3517421822144], "(1, 1, 100.0)": [2726.9858038713255, 2330.729795971786, 2470.495940899031, 2648.517311004484, 2552.5792935736536, 2840.118252493536, 2648.0982297946675, 2561.508914911926, 2290.5288690222947], "(2, 1, 300.0)": [7.721617777777775, 0.8888888888888891, 7.483747231214501, 18.84873931148146, 0.0, 0.2222222222222222, 11.620760434545785, 0.4444444444444444, 0.4444444444444444], "(0, 1, 300.0)": [5938.1986251724165, 6008.8906717195705, 6375.811702272739, 6191.816933369563, 6388.631639889064, 6346.433903971916, 7237.706238687149, 7096.84756399199, 7403.641283316983], "(3, 1, 200.0)": [140.84333335870022, 8.222222222222209, 175.81053180444303, 97.47363213015781, 9.777777777777759, 112.71504083301393, 160.6276361689672, 9.555555555555538, 106.55163570300635], "(1, 1, 200.0)": [5219.986505209013, 6002.880347389222, 5540.276252581565, 5881.974710999855, 5343.900069160259, 5817.953272963612, 5562.330320816961, 5749.258991353574, 6025.130022298186], "(4, 1, 300.0)": [3.7591932384275184, 0.2222222222222222, 0.2222222222222222, 8.285916417842426, 0.1111111111111111, 0.1111111111111111, 0.1111111111111111, 0.1111111111111111, 0.2222222222222222], "(4, 0, 100.0)": [12.576924117524895, 0.4444444444444444, 0.1111111111111111, 0.2222222222222222, 0.3333333333333333, 0.3333333333333333, 5.440014930654913, 0.0, 0.4444444444444444], "(2, 0, 100.0)": [15.016260847548496, 0.5555555555555556, 1.4533333333333336, 15.04162317930643, 0.3333333333333333, 0.8888888888888891, 9.008998322272983, 0.4444444444444444, 0.5555555555555556], "(0, 0, 300.0)": [11155.144566551806, 10625.38084617978, 10396.837359979645, 10786.798681024637, 10309.344676228056, 11020.961955611363, 12751.460193276818, 12316.16160430457, 13229.4609263865], "(3, 0, 200.0)": [134.4815757278054, 9.88888888888887, 259.70433718890473, 177.77016123317867, 10.888888888888866, 154.92549054219748, 145.04406062280847, 10.333333333333313, 144.1082150645812], "(0, 0, 100.0)": [4433.377946838085, 4064.812275146028, 3397.9224037836043, 4000.496661628011, 3985.304946594519, 3735.327984825333, 3420.9346053134586, 3308.721421915963, 3742.4369632145203], "(1, 0, 200.0)": [7185.767445943986, 7640.653638711748, 7538.00817297749, 7251.524568835322, 7833.170427377234, 7332.82246772065, 7234.3990744149605, 7540.317505110012, 7042.33718342965], "(0, 1, 200.0)": [7138.348030526768, 6301.391088390015, 5398.500517762124, 5710.492320835828, 5903.880198521954, 6313.729261266534, 5771.786720905875, 5914.900990698056, 5591.246080602028], "(0, 0, 200.0)": [7398.120827565688, 7106.557837410507, 7126.633253647632, 7213.145175548706, 6643.177687844492, 7322.763325101281, 6648.0989762742065, 6623.643403063045, 6228.9200972353465], "(4, 1, 100.0)": [0.5982574236444446, 0.1111111111111111, 0.0, 0.0, 0.1111111111111111, 0.0, 6.347071197807724, 0.0, 0.0], "(2, 1, 100.0)": [17.568226534470185, 0.1111111111111111, 0.2222222222222222, 1.7356727466666668, 0.5555555555555556, 0.4444444444444444, 0.1111111111111111, 0.3333333333333333, 0.8122808177777778], "(0, 1, 100.0)": [2841.1405961456057, 2704.9216438007993, 2609.290583956137, 2638.0246388725923, 2698.8146984926548, 3145.5707435281133, 2553.1623542873344, 2394.5800974720805, 2881.34994640779], "(3, 0, 0.0)": [38.7559462444879, 0.5555555555555556, 0.6666666666666667, 0.7777777777777779, 0.8888888888888891, 0.4444444444444444, 23.223588683772793, 0.7777777777777779, 0.8888888888888891], "(1, 0, 0.0)": [451.874730402368, 392.28363129190876, 497.53663648497536, 630.194726032082, 495.95001467501135, 512.7187709027985, 696.4279125850873, 385.4419535536702, 528.8305225270788], "(2, 1, 200.0)": [42.67649607656859, 0.4444444444444444, 0.3333333333333333, 1.701169706666667, 0.8888888888888891, 1.2222222222222225, 7.343139712435319, 0.3333333333333333, 0.5555555555555556], "(3, 1, 0.0)": [10.74981941408702, 0.3333333333333333, 14.309049845630902, 8.77282122522291, 0.4444444444444444, 0.4444444444444444, 12.927170155135734, 0.5555555555555556, 0.4444444444444444], "(1, 1, 0.0)": [296.6182954206172, 228.1426548150314, 289.00277568614223, 337.744751433823, 320.22335815529976, 289.8966208576021, 402.7003599651891, 281.0348186844087, 350.23675668381844], "(4, 1, 0.0)": [0.5555555555555556, 0.0, 0.0, 0.0, 0.0, 0.0, 0.6512370116734223, 0.0, 0.5555555555555556], "(2, 1, 0.0)": [0.5555555555555556, 0.0, 0.0, 0.6512370116734223, 0.1111111111111111, 0.0, 0.1111111111111111, 0.0, 1.3107860663334243], "(0, 1, 0.0)": [267.59225203637743, 189.64503014292112, 342.6613509887526, 284.450158455159, 296.57035047359625, 228.58905770701062, 247.9146054459237, 290.9407426961989, 202.879153298861], "(0, 0, 0.0)": [489.79790783628715, 491.72991002214974, 461.36712993534985, 429.3760797515905, 488.68575430957173, 389.3461124291622, 363.3127026502702, 477.68819583621143, 467.9394354471188], "(2, 0, 200.0)": [18.843428144025978, 0.6666666666666667, 0.8888888888888891, 24.93538997037113, 1.0000000000000002, 3.07332204320131, 13.282277866273187, 0.4444444444444444, 1.1111111111111114], "(2, 0, 300.0)": [18.867453038923863, 1.4444444444444449, 0.8888888888888891, 15.169016763453824, 1.1111111111111114, 1.2222222222222225, 54.166486343468435, 1.3333333333333337, 0.5555555555555556],