{"timestamp": 1764136139, "iso": "2025-11-26T05:48:59Z", "episode": 12, "games_in_episode": 10, "stats": {"total_messages": 54523, "total_updates": 54233, "total_reward": -2451.1749999982007, "action_counts": [5974, 5829, 5903, 6315, 5843, 6334, 6044, 6258, 6023], "state_visits": {"(3, 0, 300.0)": 163, "(3, 0, 100.0)": 34, "(3, 1, 100.0)": 50, "(3, 1, 300.0)": 84, "(3, 0, 200.0)": 49, "(3, 0, 400.0)": 5, "(3, 1, 200.0)": 47, "(1, 0, 100.0)": 1745, "(1, 1, 100.0)": 2997, "(1, 0, 300.0)": 11228, "(4, 0, 300.0)": 12, "(1, 1, 200.0)": 2874, "(4, 1, 100.0)": 2, "(1, 1, 300.0)": 3538, "(1, 0, 200.0)": 3393, "(2, 0, 300.0)": 12, "(0, 0, 300.0)": 11361, "(2, 1, 100.0)": 3, "(0, 1, 100.0)": 2770, "(0, 0, 100.0)": 2128, "(0, 1, 300.0)": 4257, "(0, 0, 200.0)": 3136, "(0, 1, 200.0)": 2714, "(3, 1, 400.0)": 3, "(4, 1, 300.0)": 5, "(4, 1, 200.0)": 1, "(2, 1, 200.0)": 6, "(3, 0, 0.0)": 1, "(1, 0, 0.0)": 113, "(3, 1, 0.0)": 10, "(2, 1, 300.0)": 7, "(1, 1, 0.0)": 696, "(2, 1, 0.0)": 2, "(0, 1, 0.0)": 103, "(0, 0, 0.0)": 681, "(2, 0, 200.0)": 1, "(2, 0, 100.0)": 2}, "state_action_prob_sums": {"(3, 0, 400.0)": [1.3333333333333335, 0.4444444444444444, 4.658643845688888, 6.146058136674999, 0.3333333333333333, 4.788995764933223, 3.3776, 0.3333333333333333, 1.9923980088888888], "(3, 0, 300.0)": [83.15988085571715, 7.222222222222212, 109.30024721516845, 70.62886162918625, 8.111111111111098, 99.51254659366971, 105.03763619984336, 9.333333333333316, 90.75181190594311], "(3, 0, 100.0)": [30.26126028901669, 2.444444444444445, 2.1111111111111116, 71.13750182243152, 1.7777777777777783, 17.11002593032356, 29.0909501103541, 3.111111111111112, 4.10634162188898], "(3, 1, 400.0)": [3.017777777777778, 0.3333333333333333, 3.643200224167709, 0.1111111111111111, 0.3333333333333333, 2.561803638053539, 0.3333333333333333, 0.2222222222222222, 0.0], "(3, 1, 100.0)": [46.16559066768339, 2.8888888888888897, 3.1327918130388275, 27.240586836247655, 2.8888888888888897, 5.646327095805452, 41.19452757054244, 1.7777777777777783, 1.3333333333333337], "(3, 1, 300.0)": [73.12322335344051, 4.333333333333333, 25.983513306852, 27.38710434815653, 4.222222222222222, 38.8534619851663, 34.11096881438567, 3.222222222222223, 62.92506288634626], "(1, 1, 300.0)": [1992.1689732986206, 1774.1841816045826, 2039.5428706572725, 2044.572199838284, 1988.9988767906677, 1598.8580156386843, 1819.4311677635073, 1859.101367469068, 1978.9237407386345], "(1, 0, 300.0)": [3949.6589195919837, 4274.084173495828, 4156.522927123796, 4100.414180620736, 4130.466998293311, 4571.300295755023, 4604.957637126536, 4479.145016678643, 4845.1573712336], "(1, 0, 100.0)": [1206.2253102903228, 1259.0522000115873, 1354.3354039688727, 1330.5532617725505, 1264.3315156217454, 1147.3748418110017, 1323.1410857451865, 1466.118199767508, 1391.0197367752226], "(1, 1, 100.0)": [862.3311560621626, 1072.0275677007448, 806.3148351868949, 861.9808733213249, 904.1079933851634, 901.8157660924467, 911.2949726272197, 903.3153761263111, 736.0188365258371], "(2, 1, 300.0)": [7.499395555555553, 0.5555555555555556, 0.2222222222222222, 1.5675113285556463, 0.0, 0.2222222222222222, 8.754414953994802, 0.0, 0.2222222222222222], "(0, 1, 300.0)": [2264.219321354379, 1997.55726709753, 2068.8132802440828, 2609.618699457946, 2252.2335221408566, 2161.485244917015, 2755.9638020056273, 2560.0955354400817, 2454.7070127907737], "(3, 1, 200.0)": [48.672781192050984, 4.111111111111112, 49.97526858354351, 72.28153281391559, 5.555555555555551, 18.21653799441108, 25.06124211714842, 4.222222222222222, 46.44145888900995], "(1, 1, 200.0)": [1763.4501158983683, 1874.7117214791847, 1773.704625432802, 2179.054088330775, 2030.277310331098, 2090.988427223936, 1901.4699804396084, 1986.5020788879506, 1953.5409883111543], "(4, 1, 300.0)": [3.0744473567300274, 0.1111111111111111, 0.1111111111111111, 2.0287953494978925, 0.0, 0.1111111111111111, 0.1111111111111111, 0.1111111111111111, 0.0], "(4, 0, 100.0)": [1.7018666666666669, 0.1111111111111111, 0.1111111111111111, 0.1111111111111111, 0.2222222222222222, 0.3333333333333333, 4.774966904643758, 0.0, 0.1111111111111111], "(2, 0, 100.0)": [7.427225996200861, 0.3333333333333333, 1.4533333333333336, 2.006858519489846, 0.0, 0.4444444444444444, 0.0, 0.4444444444444444, 0.0], "(0, 0, 300.0)": [4145.2176225657, 3787.899280843646, 3691.6179045616504, 4066.9934857118606, 4058.23048743425, 3782.5163769908672, 4981.154922414046, 4090.4659664256774, 4877.5341044031675], "(3, 0, 200.0)": [49.141268994894894, 4.444444444444444, 37.035210919911776, 80.00768780508011, 5.222222222222219, 50.68239165236901, 74.15125265847881, 4.777777777777776, 35.54313681537545], "(0, 0, 100.0)": [2029.3405486120987, 1007.0357467748888, 912.6322881420855, 1271.67256513596, 1093.0072445719024, 1354.286114686587, 1055.3011184600248, 1219.441588824086, 1036.240195172812], "(1, 0, 200.0)": [2557.877393443001, 2270.548166053126, 2484.617523482056, 2423.5497745108687, 2782.6772179490495, 2192.8631821943886, 2263.3532892506614, 2555.0405829344522, 2444.0953318339143], "(0, 1, 200.0)": [2515.848455445823, 2082.948955073668, 1949.5150913583125, 2090.3149848183016, 2000.3296565811336, 2122.2370434374625, 2075.1760504800836, 2189.7208227966566, 2100.717266018108], "(0, 0, 200.0)": [1981.0896807467932, 2444.9628461319608, 2352.483358119705, 2330.6065161142833, 2173.267269615774, 2548.585838450127, 2104.829257190076, 2134.6800150494214, 2165.3478662225184], "(4, 1, 100.0)": [0.5982574236444446, 0.1111111111111111, 0.0, 0.0, 0.1111111111111111, 0.0, 1.288238799333515, 0.0, 0.0], "(2, 1, 100.0)": [4.85126718512175, 0.0, 0.1111111111111111, 1.6245616355555557, 0.2222222222222222, 0.2222222222222222, 0.0, 0.1111111111111111, 0.7011697066666667], "(0, 1, 100.0)": [1019.6954225429718, 924.0754344772786, 1001.0060006436642, 908.044221539536, 1053.3337787797298, 1474.9806431699978, 1058.8577386082168, 1044.2099322035397, 1007.5280926473912], "(3, 0, 0.0)": [2.8730055049888477, 0.2222222222222222, 0.3333333333333333, 0.4444444444444444, 0.2222222222222222, 0.2222222222222222, 17.709429948517258, 0.1111111111111111, 0.6666666666666667], "(1, 0, 0.0)": [140.923636626089, 139.88157891623953, 148.46555249563804, 171.97016662615925, 148.95419796194764, 185.43610068049765, 270.7048155996526, 144.3026818662058, 154.29588415056605], "(2, 1, 200.0)": [16.796066048896424, 0.1111111111111111, 0.1111111111111111, 1.03450304, 0.4444444444444444, 0.7777777777777779, 0.1111111111111111, 0.0, 0.1111111111111111], "(3, 1, 0.0)": [4.043469310111384, 0.2222222222222222, 0.8888888888888891, 8.328376780778466, 0.2222222222222222, 0.3333333333333333, 7.611082167927895, 0.2222222222222222, 0.4444444444444444], "(1, 1, 0.0)": [142.32290292247475, 108.40174055674298, 99.63329966608012, 89.81187451976096, 148.88798654462806, 182.13098240767064, 177.9999888400204, 99.80765508289443, 153.39338358059067], "(4, 1, 0.0)": [0.5555555555555556, 0.0, 0.0, 0.0, 0.0, 0.0, 0.0, 0.0, 0.5555555555555556], "(2, 1, 0.0)": [0.5555555555555556, 0.0, 0.0, 0.0, 0.1111111111111111, 0.0, 0.1111111111111111, 0.0, 1.3107860663334243], "(0, 1, 0.0)": [88.23293748979208, 93.20590193505593, 126.41476777384916, 53.49409944558354, 89.6183050644439, 73.99068979869541, 110.59919140494195, 85.62907867467305, 95.37644432068319], "(0, 0, 0.0)": [227.68194403884792, 196.3741247261363, 212.69246806273833, 186.53524370213583, 197.80631523843763, 122.98796853953608, 117.62418711469246, 164.17520278350807, 167.1078300262615], "(2, 0, 200.0)": [11.620680541866664, 0.1111111111111111, 0.6666666666666667, 13.903464196542659, 0.5555555555555556, 0.4444444444444444, 0.4444444444444444, 0.2222222222222222, 0.6666666666666667], "(2, 0, 300.0)": [6.375845721810919, 1.0000000000000002, 0.3333333333333333, 2.217452733000091, 0.6666666666666667, 0.7777777777777779, 24.55783180002384, 0.6666666666666667, 0.1111111111111111], "(4, 1, 200.0)": [0.0, 0.0, 0.0, 3.03402249070517, 0.2222222222222222, 0.1111111111111111, 0.5816924444444445, 0.2222222222222222, 0.0],