{"timestamp": 1764140132, "iso": "2025-11-26T06:55:32Z", "episode": 31, "games_in_episode": 10, "stats": {"total_messages": 60646, "total_updates": 60337, "total_reward": 1847.425000004453, "action_counts": [6604, 6495, 6576, 7459, 6426, 6519, 7116, 6467, 6984], "state_visits": {"(3, 1, 200.0)": 45, "(3, 1, 300.0)": 39, "(3, 1, 100.0)": 47, "(3, 0, 200.0)": 138, "(3, 0, 300.0)": 128, "(3, 0, 400.0)": 8, "(3, 0, 100.0)": 51, "(1, 1, 200.0)": 3799, "(2, 0, 300.0)": 11, "(1, 0, 300.0)": 8322, "(1, 0, 100.0)": 2708, "(1, 0, 200.0)": 7263, "(1, 1, 100.0)": 3876, "(1, 1, 300.0)": 2871, "(0, 0, 300.0)": 9063, "(0, 1, 200.0)": 5657, "(0, 0, 100.0)": 2495, "(0, 0, 200.0)": 6029, "(0, 1, 100.0)": 4020, "(2, 1, 200.0)": 4, "(0, 1, 300.0)": 3009, "(2, 1, 100.0)": 1, "(4, 0, 300.0)": 1, "(4, 0, 100.0)": 3, "(2, 0, 100.0)": 2, "(4, 0, 200.0)": 5, "(2, 0, 200.0)": 12, "(3, 0, 0.0)": 8, "(1, 0, 0.0)": 340, "(0, 0, 0.0)": 277, "(0, 1, 0.0)": 98, "(3, 1, 400.0)": 4, "(3, 1, 0.0)": 1, "(4, 1, 0.0)": 1, "(2, 1, 0.0)": 1}, "state_action_prob_sums": {"(3, 0, 400.0)": [4.326858770711285, 1.2222222222222225, 23.331291946908646, 8.336340899308292, 1.0000000000000002, 26.238858791741464, 3.933155555555556, 0.8888888888888891, 7.063339570667784], "(3, 0, 300.0)": [223.6521917370558, 16.222222222222182, 315.6864860830529, 286.4333914315417, 16.333333333333293, 329.43764459103824, 220.0147042737748, 20.222222222222168, 263.84823946361445], "(3, 0, 100.0)": [62.078583830673836, 4.888888888888887, 161.7458514032671, 139.22651907712049, 4.333333333333333, 100.40039208287094, 38.69751324072997, 7.222222222222212, 66.66327060149318], "(3, 1, 400.0)": [5.3002879506608735, 0.6666666666666667, 5.96041995743636, 3.1759088105678797, 0.5555555555555556, 9.24871654900806, 1.2818754059959652, 0.3333333333333333, 3.689102205816068], "(3, 1, 100.0)": [127.89091113810242, 5.888888888888883, 24.64158952385341, 86.23215635580615, 4.777777777777776, 65.36760263466857, 81.13009103620996, 4.5555555555555545, 64.27346062949712], "(3, 1, 300.0)": [153.6385151993313, 10.999999999999977, 162.04237019119458, 107.73971071733257, 8.555555555555541, 256.18369726189854, 118.60740200663854, 8.222222222222209, 175.47859113728137], "(1, 1, 300.0)": [5917.960706891143, 6831.410091600745, 6818.027471371662, 7260.21205909328, 7262.639222449108, 6357.534254598403, 6695.546751607305, 6767.789372154829, 6797.527291229011], "(1, 0, 300.0)": [12061.071005443904, 12680.099815119107, 11198.272551062055, 11977.167104450175, 12950.94666454563, 13107.194827785164, 14510.616259458975, 14934.958751832377, 13776.055154895881], "(1, 0, 100.0)": [4258.695910284942, 3931.787748959013, 4154.544424796248, 4639.992314199608, 4430.438449410229, 4207.529122775038, 4314.037329268369, 4439.533102081861, 4315.586555806356], "(1, 1, 100.0)": [2958.8951632326634, 2754.876849186604, 2873.4566083254417, 3301.076583619503, 2938.844262914461, 3084.447170470649, 3115.8096604059074, 2928.139154516849, 2716.954972893814], "(2, 1, 300.0)": [7.721617777777775, 0.8888888888888891, 11.226626628445036, 18.84873931148146, 0.0, 0.2222222222222222, 11.620760434545785, 0.4444444444444444, 0.4444444444444444], "(0, 1, 300.0)": [6418.071512477952, 6694.348068579996, 6872.995496289025, 6944.834170366682, 6993.124522196883, 7199.70041445835, 7843.634108892769, 7974.583671383359, 8023.6480282810735], "(3, 1, 200.0)": [157.9964407166419, 8.44444444444443, 205.74591441232636, 118.21262557149274, 9.99999999999998, 132.9648790952058, 163.42589015658933, 9.99999999999998, 115.05262095778781], "(1, 1, 200.0)": [5717.881238640822, 6887.781803980435, 6346.046866277862, 6741.489149123276, 6303.487701710274, 6545.706017862471, 6282.323627532306, 6406.421482534861, 6565.972423445215], "(4, 1, 300.0)": [3.7591932384275184, 0.2222222222222222, 0.2222222222222222, 9.786097383006373, 0.2222222222222222, 0.1111111111111111, 0.2222222222222222, 0.1111111111111111, 0.2222222222222222], "(4, 0, 100.0)": [14.849611691681647, 0.4444444444444444, 0.1111111111111111, 0.2222222222222222, 0.4444444444444444, 0.3333333333333333, 5.440014930654913, 0.0, 0.4444444444444444], "(2, 0, 100.0)": [15.016260847548496, 0.5555555555555556, 1.4533333333333336, 19.55711015907216, 0.3333333333333333, 0.8888888888888891, 9.008998322272983, 0.4444444444444444, 0.5555555555555556], "(0, 0, 300.0)": [12823.060782565777, 12636.583847942371, 11825.439961854912, 12324.121109267957, 11044.731789380276, 12225.98244682662, 14453.472076250278, 13809.799609407248, 14922.846331037814], "(3, 0, 200.0)": [138.24961808167194, 10.555555555555534, 312.5784174857126, 189.24618460372844, 11.777777777777752, 166.83573948482953, 192.530768820563, 11.111111111111088, 150.20914576845024], "(0, 0, 100.0)": [4707.634997872621, 4647.990324572674, 3771.451181149579, 4370.162461840365, 4392.124632661788, 4266.335659991365, 3919.6271783425154, 3683.956429656713, 4257.837373448206], "(1, 0, 200.0)": [8311.600714738745, 8618.638841688648, 8419.102599629754, 7981.079836152639, 8975.563844925175, 8153.629876875594, 8141.1547020424, 8634.132144510042, 8260.868433340864], "(0, 1, 200.0)": [8456.439362288493, 7055.926631327091, 6241.814016359973, 6889.211559012722, 6826.200859222981, 7115.297088622058, 6789.536776599376, 6777.7664548186995, 6194.707546591044], "(0, 0, 200.0)": [8264.872999371786, 8244.876110973006, 7770.397536218478, 8289.076268483854, 7654.538736192358, 8182.853966344261, 7219.750693036007, 7441.5750507643015, 7142.601303863328], "(4, 1, 100.0)": [0.5982574236444446, 0.1111111111111111, 0.0, 0.0, 0.1111111111111111, 0.0, 7.8422034858521155, 0.0, 0.0], "(2, 1, 100.0)": [19.82092134723349, 0.1111111111111111, 0.2222222222222222, 1.7356727466666668, 0.5555555555555556, 0.4444444444444444, 0.1111111111111111, 0.3333333333333333, 0.8122808177777778], "(0, 1, 100.0)": [3401.2304720742377, 3098.4233497612518, 3098.971291068503, 3049.589424880353, 3179.7723965763485, 3683.915809764409, 3077.1396416652074, 2798.030707321379, 3120.6493040549735], "(3, 0, 0.0)": [39.503512388510096, 0.6666666666666667, 0.6666666666666667, 0.7777777777777779, 1.2222222222222225, 0.4444444444444444, 34.64835770926882, 0.8888888888888891, 0.8888888888888891], "(1, 0, 0.0)": [569.0685401254885, 443.6114464737398, 598.3482102125724, 708.2773035737215, 563.6039665266401, 605.1243352645222, 734.3140782393031, 450.89222297507973, 596.8075280806165], "(2, 1, 200.0)": [42.787607187679704, 0.5555555555555556, 0.5555555555555556, 1.701169706666667, 1.0000000000000002, 1.2222222222222225, 16.47007875171922, 0.4444444444444444, 0.5555555555555556], "(3, 1, 0.0)": [10.74981941408702, 0.3333333333333333, 21.824999729266917, 8.77282122522291, 0.4444444444444444, 0.4444444444444444, 12.927170155135734, 0.6666666666666667, 0.6666666666666667], "(1, 1, 0.0)": [308.0840203645232, 297.8327114816371, 305.9439609978662, 364.08106063874135, 335.20469159709455, 381.89225230712043, 424.8745082850684, 303.63333738369624, 405.11172432324696], "(4, 1, 0.0)": [0.5555555555555556, 0.0, 0.0, 0.0, 0.0, 0.0, 0.7623481227845335, 0.0, 0.5555555555555556], "(2, 1, 0.0)": [0.5555555555555556, 0.7575625247189168, 0.0, 0.6512370116734223, 0.1111111111111111, 0.0, 0.1111111111111111, 0.0, 1.3107860663334243], "(0, 1, 0.0)": [327.2057366661333, 197.1811148506542, 451.8055656567049, 300.63884958918345, 304.1719875549215, 229.36683548478842, 291.08619838649884, 319.1025294053845, 227.8768794209219], "(0, 0, 0.0)": [601.5381889948693, 566.9788928363292, 483.4488892133011, 508.44074388706537, 569.0977460116111, 430.46621061247663, 459.86572597432416, 555.3569650059094, 500.52811512491144], "(2, 0, 200.0)": [24.25747692816951, 0.6666666666666667, 1.0000000000000002, 24.93538997037113, 1.2222222222222225, 3.07332204320131, 21.000356237195593, 0.4444444444444444, 1.2222222222222225], "(2, 0, 300.0)": [19.200786372257195, 1.4444444444444449, 0.8888888888888891, 15.169016763453824, 1.1111111111111114, 1.3333333333333337, 69.238270659985, 1.3333333333333337, 1.3333333333333337],