{"timestamp": 1764138296, "iso": "2025-11-26T06:24:56Z", "episode": 22, "games_in_episode": 10, "stats": {"total_messages": 54003, "total_updates": 53723, "total_reward": -470.9250000003653, "action_counts": [6010, 6042, 5902, 6004, 5832, 5779, 5740, 6786, 5908], "state_visits": {"(3, 0, 300.0)": 120, "(3, 0, 200.0)": 110, "(3, 1, 100.0)": 30, "(3, 0, 100.0)": 78, "(3, 1, 300.0)": 63, "(1, 0, 200.0)": 6419, "(1, 0, 300.0)": 8113, "(4, 0, 100.0)": 4, "(1, 0, 100.0)": 3743, "(1, 1, 100.0)": 1753, "(2, 0, 100.0)": 5, "(0, 0, 100.0)": 3842, "(1, 1, 300.0)": 3219, "(0, 0, 300.0)": 7716, "(0, 0, 200.0)": 5599, "(0, 1, 100.0)": 2282, "(0, 1, 300.0)": 4097, "(0, 1, 200.0)": 2326, "(3, 1, 200.0)": 45, "(3, 1, 400.0)": 2, "(3, 1, 0.0)": 2, "(1, 1, 200.0)": 2040, "(2, 0, 300.0)": 5, "(1, 1, 0.0)": 99, "(0, 1, 0.0)": 86, "(3, 0, 400.0)": 6, "(4, 0, 200.0)": 2, "(4, 0, 0.0)": 3, "(2, 0, 200.0)": 11, "(4, 0, 300.0)": 1, "(2, 0, 0.0)": 2, "(3, 0, 0.0)": 18, "(1, 0, 0.0)": 1018, "(0, 0, 0.0)": 852, "(2, 1, 300.0)": 6, "(4, 1, 100.0)": 1, "(2, 1, 100.0)": 3, "(4, 1, 300.0)": 2}, "state_action_prob_sums": {"(3, 0, 400.0)": [4.104636548489063, 0.8888888888888891, 8.434621834607825, 8.00300756597496, 0.8888888888888891, 15.800492559150596, 3.933155555555556, 0.5555555555555556, 2.214620231111111], "(3, 0, 300.0)": [146.74603830144235, 11.111111111111088, 203.8781322790638, 226.3680432063209, 13.222222222222191, 216.5066628437151, 141.2807161050507, 15.222222222222184, 154.91698110974733], "(3, 0, 100.0)": [59.315180004961434, 4.000000000000001, 79.09821476473027, 110.91201307933888, 3.000000000000001, 40.388210201884156, 37.030846574063254, 5.777777777777772, 38.116017114038094], "(3, 1, 400.0)": [5.189176839549763, 0.3333333333333333, 3.643200224167709, 1.5236160959666285, 0.3333333333333333, 6.864917863740198, 0.4444444444444444, 0.2222222222222222, 0.0], "(3, 1, 100.0)": [100.35780603592157, 4.5555555555555545, 17.823304309717738, 60.913364809771366, 4.000000000000001, 15.685576122601784, 62.53550277267019, 3.222222222222223, 24.55124680467363], "(3, 1, 300.0)": [102.6234241189556, 8.888888888888873, 110.93104640190575, 75.67718122773371, 6.8888888888888795, 123.28250023124288, 69.19568323082352, 6.555555555555547, 156.13121254614558], "(1, 1, 300.0)": [3929.358317115315, 4377.238320080311, 4863.390626018277, 4841.396239609512, 4854.833835287893, 4137.638631232809, 4424.716608630451, 4271.468619042072, 4260.647641117617], "(1, 0, 300.0)": [8309.464050757137, 8385.466432883719, 7604.158308497679, 7964.170353702314, 8351.446974125442, 8790.983789741975, 9105.639119787344, 9315.925812952915, 8866.572998631375], "(1, 0, 100.0)": [2613.524949740094, 2652.4137942194443, 2995.2085350915863, 3200.8219885553995, 2635.816219675445, 2881.4852622409917, 2795.1462611324623, 3020.053322470186, 2733.9214549212566], "(1, 1, 100.0)": [1955.51548628527, 1739.8042778240635, 1598.6385751643181, 1835.5664294806334, 1934.1501205508646, 2115.4271356707623, 2038.8168936845273, 1928.5611404821295, 1619.7386348742345], "(2, 1, 300.0)": [7.610506666666664, 0.8888888888888891, 0.2222222222222222, 17.307557707991318, 0.0, 0.2222222222222222, 11.620760434545785, 0.3333333333333333, 0.4444444444444444], "(0, 1, 300.0)": [4698.830356595736, 4325.786377778821, 4988.509708114289, 4866.033658571757, 5122.5767787739205, 4875.759996235866, 5706.872255769187, 5268.827671501757, 5363.605520740053], "(3, 1, 200.0)": [92.86175939568429, 6.444444444444437, 98.00583626523536, 79.90924696731825, 8.555555555555541, 58.85151923865237, 111.13102827824272, 8.111111111111098, 100.43337182636516], "(1, 1, 200.0)": [3831.387032603292, 4084.6099650063716, 3798.5845464538725, 4282.686322870603, 3952.57703416821, 3903.8246207207594, 3850.520114110818, 4229.8921888865825, 4094.3362735884157], "(4, 1, 300.0)": [3.7591932384275184, 0.2222222222222222, 0.2222222222222222, 7.548758833479456, 0.1111111111111111, 0.1111111111111111, 0.1111111111111111, 0.1111111111111111, 0.1111111111111111], "(4, 0, 100.0)": [6.73473914960771, 0.2222222222222222, 0.1111111111111111, 0.2222222222222222, 0.3333333333333333, 0.3333333333333333, 5.440014930654913, 0.0, 0.2222222222222222], "(2, 0, 100.0)": [14.905149736437385, 0.5555555555555556, 1.4533333333333336, 7.824228860759534, 0.3333333333333333, 0.8888888888888891, 0.1111111111111111, 0.4444444444444444, 0.3333333333333333], "(0, 0, 300.0)": [7808.225664502695, 7949.452111945912, 7261.297153974107, 7936.257542766417, 7476.423189048233, 7600.936834374798, 9305.593831488746, 9051.12678557362, 9860.309021851672], "(3, 0, 200.0)": [112.9534018584663, 7.555555555555544, 133.5112481670205, 136.4282454392863, 8.888888888888873, 98.78436657709466, 136.80884329115167, 8.44444444444443, 91.98098819032643], "(0, 0, 100.0)": [3641.5436215678483, 2969.852912830188, 2563.7237410317125, 2985.44969847781, 2733.2958377193218, 2959.856470427975, 2518.9631877811776, 2495.370473169191, 2722.6677612431095], "(1, 0, 200.0)": [4860.655891314759, 5020.856498600194, 5192.722691693847, 5541.315042748339, 5662.878402778205, 5079.899260162374, 5238.872885110584, 5294.822401417392, 4770.351746517092], "(0, 1, 200.0)": [4544.063696114659, 4037.8284764106124, 3946.38340369545, 4037.902994369411, 4152.49552730576, 4457.492273408134, 4068.869240703139, 4207.887698371084, 4145.359615893816], "(0, 0, 200.0)": [4958.363244506512, 5344.948909427451, 4924.907574449774, 5085.176764105751, 4743.697584893584, 5150.261399549475, 4644.862188123649, 4741.155481825099, 4533.090667308314], "(4, 1, 100.0)": [0.5982574236444446, 0.1111111111111111, 0.0, 0.0, 0.1111111111111111, 0.0, 6.235960086696613, 0.0, 0.0], "(2, 1, 100.0)": [11.021611658918136, 0.0, 0.1111111111111111, 1.7356727466666668, 0.5555555555555556, 0.3333333333333333, 0.0, 0.3333333333333333, 0.8122808177777778], "(0, 1, 100.0)": [2085.376259470974, 1914.8870443139672, 2036.598141547108, 1774.4980705547669, 1862.476245629078, 2234.520236834329, 1973.9628220559757, 1891.415820561304, 2204.4541090477796], "(3, 0, 0.0)": [29.133055261368963, 0.5555555555555556, 0.6666666666666667, 0.7777777777777779, 0.6666666666666667, 0.3333333333333333, 23.112477572661682, 0.7777777777777779, 0.8888888888888891], "(1, 0, 0.0)": [429.91503470710586, 320.8478207381969, 450.1471138273953, 493.04837484070924, 404.4163051445509, 463.02209524148566, 575.4807125842228, 323.9209428613223, 433.3038482586909], "(2, 1, 200.0)": [37.62576897853381, 0.2222222222222222, 0.2222222222222222, 1.4789474844444446, 0.8888888888888891, 1.1111111111111114, 0.4444444444444444, 0.3333333333333333, 0.5555555555555556], "(3, 1, 0.0)": [10.638708302975909, 0.3333333333333333, 6.675856173430142, 8.550599003000688, 0.4444444444444444, 0.4444444444444444, 12.704947932913512, 0.3333333333333333, 0.4444444444444444], "(1, 1, 0.0)": [255.3431655522513, 218.28601433354243, 236.90434303712027, 244.57952469704628, 237.7476752547749, 258.3365242259325, 279.47294577463504, 222.87134197350827, 227.60531462660376], "(4, 1, 0.0)": [0.5555555555555556, 0.0, 0.0, 0.0, 0.0, 0.0, 0.6512370116734223, 0.0, 0.5555555555555556], "(2, 1, 0.0)": [0.5555555555555556, 0.0, 0.0, 0.6512370116734223, 0.1111111111111111, 0.0, 0.1111111111111111, 0.0, 1.3107860663334243], "(0, 1, 0.0)": [244.82775798238958, 173.5577219271138, 289.1828134824801, 153.4637051918465, 182.79463801285667, 207.4956033209005, 192.71013560201428, 207.6120026515341, 147.4360457599502], "(0, 0, 0.0)": [431.92490248403016, 468.9727916864506, 417.90065877522414, 378.9346417719152, 444.78718344411317, 357.53456840507585, 314.9777394104305, 419.2932012513813, 357.9333781153567], "(2, 0, 200.0)": [18.732317032914867, 0.3333333333333333, 0.7777777777777779, 24.93538997037113, 0.8888888888888891, 0.7777777777777779, 2.7883912904910764, 0.4444444444444444, 0.8888888888888891], "(2, 0, 300.0)": [12.130921371239747, 1.3333333333333337, 0.5555555555555556, 7.6682330829967125, 0.7777777777777779, 1.0000000000000002, 39.228581163237834, 1.0000000000000002, 0.2222222222222222],