{"timestamp": 1764146827, "iso": "2025-11-26T08:47:07Z", "episode": 64, "games_in_episode": 10, "stats": {"total_messages": 66534, "total_updates": 66171, "total_reward": 3828.275000003182, "action_counts": [7305, 8032, 6576, 8575, 6548, 7393, 7544, 7590, 6971], "state_visits": {"(3, 1, 400.0)": 2, "(3, 0, 300.0)": 151, "(3, 1, 200.0)": 69, "(3, 1, 100.0)": 41, "(3, 1, 300.0)": 112, "(3, 0, 200.0)": 150, "(3, 0, 100.0)": 66, "(1, 1, 200.0)": 4373, "(4, 0, 300.0)": 14, "(1, 1, 100.0)": 1904, "(1, 1, 300.0)": 6645, "(4, 0, 200.0)": 2, "(1, 0, 300.0)": 7809, "(2, 0, 200.0)": 11, "(2, 0, 300.0)": 11, "(1, 0, 100.0)": 4618, "(0, 0, 200.0)": 7051, "(0, 0, 300.0)": 7893, "(2, 1, 300.0)": 3, "(0, 1, 200.0)": 5184, "(0, 0, 100.0)": 4293, "(0, 1, 300.0)": 5189, "(0, 1, 100.0)": 1765, "(3, 0, 400.0)": 7, "(1, 0, 200.0)": 7588, "(1, 0, 0.0)": 308, "(4, 1, 200.0)": 1, "(5, 1, 200.0)": 1, "(3, 1, 0.0)": 10, "(1, 1, 0.0)": 393, "(0, 1, 0.0)": 303, "(4, 1, 100.0)": 10, "(2, 1, 100.0)": 3, "(3, 0, 0.0)": 6, "(4, 1, 300.0)": 1, "(0, 0, 0.0)": 182, "(2, 1, 200.0)": 1, "(2, 0, 100.0)": 1}, "state_action_prob_sums": {"(3, 0, 400.0)": [20.741659889553265, 2.0000000000000004, 62.07147621174975, 22.01259516392462, 1.3333333333333337, 91.20681211941461, 4.044266666666667, 1.2222222222222225, 20.677774094846697], "(3, 0, 300.0)": [563.838968313322, 28.33333333333325, 1171.3287084650897, 700.53288248964, 27.99999999999992, 1002.9013970395698, 561.389246950214, 31.22222222222213, 867.4689008854829], "(3, 0, 100.0)": [148.68873306854923, 8.999999999999984, 474.3874696379019, 186.2692337367227, 6.8888888888888795, 536.7760334181627, 94.5355333935324, 11.333333333333309, 214.49995293895714], "(3, 1, 400.0)": [5.411399061771984, 0.6666666666666667, 26.422579878492527, 8.054068241528155, 0.7777777777777779, 31.256540752875036, 6.325734734434093, 0.5555555555555556, 3.800213316927179], "(3, 1, 100.0)": [190.076646364552, 10.333333333333313, 268.0912521403861, 265.6780433699993, 7.888888888888876, 200.3400075750052, 307.70684406985913, 7.555555555555544, 202.9677540732524], "(3, 1, 300.0)": [553.9456365000843, 16.666666666666625, 540.463202404351, 372.9354061302154, 19.037151858065243, 573.0187788377617, 324.7996768047493, 14.999999999999963, 522.8913316043586], "(1, 1, 300.0)": [17650.131729642017, 16569.043589957706, 17627.73452180068, 19740.069244758924, 19899.837056302345, 18605.619514489066, 19946.91434296668, 19156.495199536545, 17074.574631746247], "(1, 0, 300.0)": [33616.31434164212, 34204.12340600205, 34488.97265449552, 32875.23798080251, 35859.72264468687, 34730.42135303423, 37677.448248178414, 39633.31353647527, 37746.12114493993], "(1, 0, 100.0)": [12121.941118675342, 11532.106576399272, 10687.513702552436, 11526.717826825137, 11456.765692537765, 11716.23519198477, 12430.30821257573, 12114.820250346207, 13053.02727308177], "(1, 1, 100.0)": [8688.905319049527, 7387.387679351249, 8386.611269314613, 8754.943229377068, 9061.678362003411, 7700.0296127497495, 8978.193856776812, 8689.593673629783, 7884.466040664725], "(2, 1, 300.0)": [34.98627375483747, 1.3333333333333337, 17.46069177043969, 42.68805107437854, 0.4444444444444444, 0.7777777777777779, 49.96510953196808, 0.7777777777777779, 38.024700674018895], "(0, 1, 300.0)": [19494.289962938004, 19297.906513094014, 18939.89647313496, 19823.90050482113, 19604.786522431437, 18333.313093194996, 20146.02436388484, 21393.489773672747, 19479.890465368946], "(3, 1, 200.0)": [420.42774354577017, 14.55555555555552, 488.1951492610799, 356.82660288209587, 14.55555555555552, 465.03271726680475, 486.20726146672973, 15.666666666666627, 338.6504249761763], "(1, 1, 200.0)": [16893.10337758736, 17211.078074277946, 14993.483050788202, 16425.323388490284, 16093.143669135343, 15407.999989088026, 15603.197661169976, 15564.959485448147, 16387.09918408019], "(4, 1, 300.0)": [14.128740506936817, 0.4444444444444444, 0.4444444444444444, 28.226582960270758, 0.3333333333333333, 0.2222222222222222, 18.22117537807929, 0.1111111111111111, 0.8888888888888891], "(4, 0, 100.0)": [55.47353226274009, 0.5555555555555556, 0.3333333333333333, 20.193065834237558, 0.6666666666666667, 0.4444444444444444, 5.662237152877134, 0.0, 0.5555555555555556], "(2, 0, 100.0)": [38.39307468515085, 0.6666666666666667, 1.786666666666667, 55.28258080990801, 0.6666666666666667, 1.0000000000000002, 30.32227414740971, 0.5555555555555556, 0.7777777777777779], "(0, 0, 300.0)": [36401.20527058205, 35959.92899834981, 32401.545161276725, 33598.85954831182, 33112.22416891645, 36084.82454110253, 36732.83102357691, 38064.858307063325, 37781.51710302816], "(3, 0, 200.0)": [496.0769996886047, 18.555555555555507, 790.8965779759168, 434.1317002292935, 17.999999999999954, 641.68181789784, 487.24874619816364, 17.66666666666662, 425.13600677427166], "(0, 0, 100.0)": [12431.527216407816, 11953.431738220503, 11327.879095357595, 12183.113263483287, 12211.127979410168, 12015.392359875288, 12147.409876319001, 10501.673722096906, 11212.602916131067], "(1, 0, 200.0)": [24098.203989410296, 23338.06531703224, 23407.13756457947, 23397.081681543106, 23100.580150686408, 21665.58132097801, 22022.45360310365, 22163.74705575572, 20616.9787921152], "(0, 1, 200.0)": [18558.358402956306, 18850.878434545193, 16950.757241677322, 18124.886057729116, 17670.24637112425, 18325.32051996755, 18256.921978836428, 16948.723659606392, 15307.53347510582], "(0, 0, 200.0)": [20084.14528602204, 22666.09340478865, 21940.70482808264, 20177.02169277331, 20053.12703480104, 20837.439150112074, 20093.047361299934, 20219.822719244155, 21190.833459839054], "(4, 1, 100.0)": [6.230279478397783, 0.1111111111111111, 0.4444444444444444, 10.386783114340542, 0.3333333333333333, 0.2222222222222222, 23.92858201675687, 0.3333333333333333, 0.0], "(2, 1, 100.0)": [21.594978749161285, 0.4444444444444444, 0.4444444444444444, 3.674009664815659, 0.5555555555555556, 0.5555555555555556, 41.66517118187993, 0.5555555555555556, 1.0345030400000002], "(0, 1, 100.0)": [9326.169584980138, 8854.26341829727, 9390.403469647914, 8740.542267779487, 9122.16721558542, 9662.038182982027, 8419.49303309341, 8307.026678620234, 8174.206621766713], "(3, 0, 0.0)": [76.91427694043189, 0.7777777777777779, 23.00072778682031, 2.9972112284643284, 1.8888888888888895, 9.845508171393057, 80.6715371888468, 1.1111111111111114, 10.502675330564944], "(1, 0, 0.0)": [1677.29458409828, 1313.5732341886462, 1488.7482664845386, 1427.1842688607132, 1398.5680519972718, 1491.8917862237297, 1582.509801754346, 1227.2064350728683, 1249.507214583098], "(2, 1, 200.0)": [67.54111636851377, 0.8888888888888891, 0.6666666666666667, 29.580080181198866, 1.4444444444444449, 1.7777777777777783, 54.29455733546577, 0.8888888888888891, 0.7777777777777779], "(3, 1, 0.0)": [29.27511320622331, 0.5555555555555556, 74.54455511244021, 43.17787766327968, 0.7777777777777779, 1.0000000000000002, 35.03853932364677, 1.0000000000000002, 1.0000000000000002], "(1, 1, 0.0)": [924.8325519678428, 1220.15906367576, 1029.7592133151875, 1484.117240537005, 1263.6109643367295, 1319.4372855213976, 1100.8988720278662, 1353.9551014459823, 1139.91968017898], "(4, 1, 0.0)": [0.5555555555555556, 0.0, 0.0, 3.235534529366218, 0.0, 0.0, 6.775278111976856, 0.0, 0.5555555555555556], "(2, 1, 0.0)": [1.406267325444559, 3.91896936493252, 0.0, 0.6512370116734223, 0.2222222222222222, 0.0, 0.1111111111111111, 0.1111111111111111, 1.3107860663334243], "(0, 1, 0.0)": [1192.6537924976099, 973.8763484979239, 1833.8854508407344, 923.5718183119343, 1215.0267959461269, 1209.5915542578598, 1219.8058246796516, 1418.2171431397496, 791.824102860692], "(0, 0, 0.0)": [962.3766849546137, 1284.1168435103316, 1043.2254737848066, 1356.9062194936694, 1318.8204246138002, 1227.5063568804178, 1106.3738396162485, 1562.8675879827422, 1119.04120981968], "(2, 0, 200.0)": [38.98916433742631, 1.0000000000000002, 4.449516384119169, 45.31791892079847, 1.4444444444444449, 11.519427542708613, 78.89195941989131, 1.0000000000000002, 22.381060793991875],