{"timestamp": 1764134525, "iso": "2025-11-26T05:22:05Z", "episode": 4, "games_in_episode": 10, "stats": {"total_messages": 47658, "total_updates": 47407, "total_reward": -2535.8249999979535, "action_counts": [5424, 5402, 5178, 5547, 5149, 5211, 5293, 5181, 5273], "state_visits": {"(3, 1, 200.0)": 58, "(3, 0, 300.0)": 86, "(3, 0, 100.0)": 52, "(3, 0, 200.0)": 80, "(3, 1, 100.0)": 40, "(1, 1, 200.0)": 4226, "(1, 0, 300.0)": 6262, "(1, 0, 100.0)": 3590, "(1, 0, 200.0)": 4628, "(4, 1, 200.0)": 2, "(1, 1, 100.0)": 2378, "(2, 1, 200.0)": 3, "(0, 1, 200.0)": 4334, "(2, 0, 100.0)": 5, "(1, 1, 300.0)": 1850, "(0, 0, 100.0)": 3234, "(0, 1, 300.0)": 2042, "(0, 0, 200.0)": 4505, "(0, 0, 300.0)": 6421, "(0, 1, 100.0)": 2992, "(3, 1, 300.0)": 29, "(4, 0, 100.0)": 3, "(4, 1, 300.0)": 1, "(2, 1, 300.0)": 5, "(2, 0, 200.0)": 19, "(3, 1, 0.0)": 5, "(1, 1, 0.0)": 252, "(0, 1, 0.0)": 22, "(4, 0, 300.0)": 6, "(4, 0, 200.0)": 2, "(2, 0, 300.0)": 4, "(3, 0, 0.0)": 2, "(3, 0, 400.0)": 3, "(1, 0, 0.0)": 117, "(0, 0, 0.0)": 144, "(3, 1, 400.0)": 2, "(2, 1, 100.0)": 3}, "state_action_prob_sums": {"(3, 0, 400.0)": [1.2222222222222223, 0.1111111111111111, 1.12, 0.0, 0.2222222222222222, 0.2222222222222222, 3.0442666666666667, 0.0, 0.1111111111111111], "(3, 0, 300.0)": [28.552195555555542, 2.444444444444445, 18.60164622222222, 50.180640000000125, 3.111111111111112, 15.688355555555543, 24.118638222222234, 3.111111111111112, 11.568888888888882], "(3, 0, 100.0)": [23.18169244444444, 1.1111111111111114, 0.8888888888888891, 13.866186666666664, 1.0000000000000002, 0.6666666666666667, 12.735687111111107, 1.0000000000000002, 2.24], "(3, 1, 400.0)": [2.7955555555555556, 0.3333333333333333, 0.5731555555555556, 0.0, 0.1111111111111111, 0.0, 0.2222222222222222, 0.2222222222222222, 0.0], "(3, 1, 100.0)": [20.831480888888887, 1.0000000000000002, 0.4444444444444444, 8.442353777777777, 0.7777777777777779, 1.2398222222222224, 5.182958222222221, 0.6666666666666667, 0.5555555555555556], "(3, 1, 300.0)": [44.42808888888897, 1.7777777777777783, 4.386666666666665, 10.63555555555555, 2.2222222222222228, 2.684444444444445, 23.01641244444446, 1.6666666666666672, 4.146311111111112], "(1, 1, 300.0)": [663.7966151111021, 692.3923022222123, 812.5996373333256, 620.1466666666582, 619.3588728888798, 588.1027271111049, 550.5017955555453, 664.2073955555479, 697.399050666656], "(1, 0, 300.0)": [1268.2328319999413, 1276.223875555494, 1199.7258559999498, 1170.5611768888477, 1074.3849244444204, 1240.3660444443885, 1426.6283591110514, 1318.8596231110453, 1696.5734542221426], "(1, 0, 100.0)": [425.00165688888785, 417.6826808888866, 412.9898559999965, 588.5786595555463, 426.8248924444412, 377.056547555553, 443.9223999999951, 518.6520604444394, 417.5619235555531], "(1, 1, 100.0)": [224.51773155555796, 335.91773511111387, 342.600821333332, 267.54971733333565, 291.4779662222234, 293.2273280000023, 240.66576000000256, 323.50439466666825, 235.37664000000223], "(2, 1, 300.0)": [7.388284444444443, 0.2222222222222222, 0.1111111111111111, 0.2222222222222222, 0.0, 0.0, 1.932977777777778, 0.0, 0.2222222222222222], "(0, 1, 300.0)": [935.1278186666469, 707.8012159999861, 714.837059555543, 869.7929173333232, 787.4489742222127, 723.0373973333274, 903.7387342222131, 844.6047004444335, 929.9686648888778], "(3, 1, 200.0)": [20.99555555555554, 1.7777777777777783, 8.004472888888888, 29.08737066666669, 1.7777777777777783, 10.050314666666663, 10.763911111111105, 1.7777777777777783, 16.917511111111104], "(1, 1, 200.0)": [570.9865564444314, 656.6856319999899, 718.19475199999, 752.1114702222103, 798.1717119999906, 716.7106204444324, 744.0775004444317, 717.8884373333234, 770.2286293333211], "(4, 1, 300.0)": [1.1287111111111112, 0.0, 0.0, 0.1111111111111111, 0.0, 0.0, 0.1111111111111111, 0.0, 0.0], "(4, 0, 100.0)": [1.7018666666666669, 0.0, 0.0, 0.1111111111111111, 0.1111111111111111, 0.1111111111111111, 1.163384888888889, 0.0, 0.0], "(2, 0, 100.0)": [1.8561884444444445, 0.0, 1.2311111111111113, 0.0, 0.0, 0.3333333333333333, 0.0, 0.2222222222222222, 0.0], "(0, 0, 300.0)": [1148.376455111067, 1129.390766222175, 1055.547957333307, 975.0218453333196, 981.6967999999828, 952.7507413333192, 1791.7872035554751, 1256.4835164443853, 1585.1003519999313], "(3, 0, 200.0)": [25.44249244444443, 2.444444444444445, 2.5555555555555562, 48.78176355555552, 2.333333333333334, 2.1111111111111116, 33.468849777777784, 2.0000000000000004, 10.51966933333333], "(0, 0, 100.0)": [1174.0278293332865, 273.413404444447, 244.2314773333367, 396.5208604444422, 415.1160533333321, 442.2153671111083, 295.14245333333554, 376.226851555556, 280.5811128888915], "(1, 0, 200.0)": [846.7907555555416, 820.6478826666513, 797.6895431110993, 999.7788159999885, 1006.7920071110983, 810.2694613333189, 895.0392391111033, 798.4617351110986, 837.6442879999861], "(0, 1, 200.0)": [1204.2112711110606, 718.5782293333256, 750.8359928888783, 670.050574222207, 630.5820479999924, 797.5216924444316, 772.941464888879, 745.4479217777639, 681.9047431110988], "(0, 0, 200.0)": [689.5975715555442, 732.8216853333231, 867.1736248888797, 744.3082631111, 769.6708195555416, 873.3941759999768, 782.2560924444358, 725.9836515555456, 680.7732124444343], "(4, 1, 100.0)": [0.0, 0.1111111111111111, 0.0, 0.0, 0.0, 0.0, 0.0, 0.0, 0.0], "(2, 1, 100.0)": [1.137248, 0.0, 0.0, 0.0, 0.1111111111111111, 0.0, 0.0, 0.1111111111111111, 0.0], "(0, 1, 100.0)": [443.6306168888834, 283.58872177778045, 267.6622080000023, 234.02944711111445, 347.8155022222252, 716.5578737777636, 231.2849031111142, 369.19627733333374, 276.9385386666686], "(3, 0, 0.0)": [1.2659591111111113, 0.1111111111111111, 0.2222222222222222, 0.1111111111111111, 0.0, 0.1111111111111111, 4.470581333333333, 0.0, 0.1111111111111111], "(1, 0, 0.0)": [8.292622222222214, 11.474133333333322, 16.831644444444436, 13.6208391111111, 11.175999999999993, 22.821397333333337, 70.76340622222243, 15.110993777777772, 21.994133333333316], "(2, 1, 200.0)": [7.424184888888888, 0.1111111111111111, 0.1111111111111111, 0.2222222222222222, 0.0, 0.3333333333333333, 0.1111111111111111, 0.0, 0.0], "(3, 1, 0.0)": [1.777777777777778, 0.1111111111111111, 0.6666666666666667, 0.8039146666666667, 0.1111111111111111, 0.0, 4.190051555555555, 0.0, 0.0], "(1, 1, 0.0)": [38.39063466666667, 26.9648142222222, 31.198087111111096, 24.69745422222221, 43.72538666666666, 80.25745422222249, 41.01913244444443, 42.39193599999998, 36.25533511111115], "(4, 1, 0.0)": [0.5555555555555556, 0.0, 0.0, 0.0, 0.0, 0.0, 0.0, 0.0, 0.5555555555555556], "(2, 1, 0.0)": [0.5555555555555556, 0.0, 0.0, 0.0, 0.1111111111111111, 0.0, 0.0, 0.0, 0.5555555555555556], "(0, 1, 0.0)": [43.28231111111123, 26.41333688888887, 26.2574471111111, 3.5731555555555565, 3.5555555555555567, 9.669166222222213, 19.331733333333318, 11.346666666666664, 17.98969599999999], "(0, 0, 0.0)": [40.00961777777782, 45.40286933333334, 7.275022222222217, 34.786883555555534, 18.062222222222204, 29.002311111111084, 8.967825777777769, 12.208711111111102, 22.684266666666662], "(2, 0, 200.0)": [7.697802666666665, 0.1111111111111111, 0.2222222222222222, 1.719466666666667, 0.3333333333333333, 0.1111111111111111, 0.2222222222222222, 0.2222222222222222, 0.3333333333333333], "(2, 0, 300.0)": [0.5555555555555556, 0.4444444444444444, 0.1111111111111111, 1.1288888888888888, 0.1111111111111111, 0.0, 4.789518222222222, 0.4444444444444444, 0.1111111111111111], "(4, 1, 200.0)": [0.0, 0.0, 0.0, 1.146136888888889, 0.1111111111111111, 0.1111111111111111, 0.5816924444444445, 0.1111111111111111, 0.0], "(5, 1, 200.0)": [0.0, 0.0, 0.0, 0.1111111111111111, 0.0, 0.0, 0.0, 0.0, 0.0], "(4, 0, 200.0)": [0.1111111111111111, 0.0, 0.3333333333333333, 0.5816924444444445, 0.0, 0.0, 0.6842666666666668, 0.0, 2.2577777777777777], "(4, 0, 300.0)": [0.0, 0.0, 0.0, 0.1111111111111111, 0.1111111111111111, 0.0, 0.6928035555555556, 0.0, 1.163384888888889]}, "state_action_visits": {"(3, 0, 400.0)": 18, "(3, 0, 300.0)": 462, "(3, 0, 100.0)": 161, "(3, 1, 400.0)": 14, "(3, 1, 100.0)": 116, "(3, 1, 300.0)": 294,