{"timestamp": 1764175368, "iso": "2025-11-26T16:42:48Z", "episode": 76, "games_in_episode": 10, "stats": {"total_messages": 53139, "total_updates": 52841, "total_reward": 398.02500000120835, "action_counts": [5439, 5810, 6084, 5694, 6358, 6371, 5816, 5079, 6488], "state_visits": {"(3, 0, 200.0)": 98, "(3, 0, 100.0)": 24, "(3, 0, 300.0)": 82, "(3, 1, 200.0)": 126, "(3, 1, 100.0)": 15, "(1, 0, 200.0)": 6700, "(1, 0, 100.0)": 2115, "(1, 1, 100.0)": 1008, "(4, 1, 200.0)": 7, "(1, 0, 300.0)": 7343, "(1, 1, 200.0)": 6268, "(2, 1, 200.0)": 11, "(0, 1, 200.0)": 5187, "(1, 1, 300.0)": 2974, "(0, 0, 200.0)": 7364, "(2, 1, 100.0)": 9, "(0, 1, 100.0)": 586, "(0, 0, 100.0)": 2330, "(0, 0, 300.0)": 8142, "(0, 1, 300.0)": 2265, "(3, 1, 300.0)": 95, "(4, 0, 300.0)": 1, "(4, 0, 200.0)": 1, "(2, 0, 300.0)": 36, "(2, 0, 200.0)": 16, "(3, 1, 400.0)": 4, "(2, 1, 300.0)": 15, "(3, 0, 400.0)": 2, "(4, 1, 300.0)": 7, "(2, 0, 100.0)": 10}, "state_action_prob_sums": {"(3, 0, 200.0)": [51.09424863151859, 0.3333333333333333, 62.742514695420795, 46.92198098294294, 0.4444444444444444, 53.40030891019967, 41.13851136628204, 0.6666666666666667, 1.229557810102065], "(3, 1, 300.0)": [51.48461007434801, 0.4444444444444444, 20.161171146574432, 130.89559684252714, 0.3333333333333333, 23.08160567576884, 38.418782228500326, 0.5555555555555556, 12.130230371096532], "(3, 0, 300.0)": [48.93037239793446, 0.8888888888888891, 39.20767132890933, 26.73898803259264, 0.3333333333333333, 41.849704086018434, 171.0387625760274, 1.0000000000000002, 52.5461106962195], "(3, 1, 200.0)": [16.35214493623834, 0.6666666666666667, 94.21753224637777, 30.29812094779872, 0.4444444444444444, 79.73471260592913, 34.62411770343232, 0.6666666666666667, 51.48347221485966], "(3, 0, 400.0)": [0.0, 0.0, 14.353952466420651, 0.8941066089476852, 0.0, 0.1111111111111111, 0.0, 0.0, 0.0], "(1, 0, 200.0)": [1740.3281892149903, 1921.4407548279726, 1817.3109545489242, 2164.647727050232, 1941.2044348005986, 1636.8055079438302, 1881.8871744021437, 1654.1717105804064, 1836.7895162816787], "(1, 1, 300.0)": [1545.413244395231, 1055.6835406756277, 1491.0679184386795, 1068.7757683029888, 916.1616626479063, 1390.18492939798, 1030.340056686264, 1035.1025810164297, 1657.947387007068], "(1, 0, 300.0)": [2807.968651319459, 2888.3184956628556, 2833.7333305100356, 2596.835781581966, 2834.6276087992483, 3273.5308026203147, 3446.914405470009, 3078.2930290969193, 2513.2151518810324], "(4, 1, 300.0)": [8.949411335838903, 0.0, 0.0, 5.4020039249321385, 0.1111111111111111, 0.0, 0.0, 0.0, 0.0], "(1, 1, 200.0)": [1633.7302973746216, 1565.2736640559622, 1758.7218759849682, 1534.7467251410706, 1658.7509191900601, 1726.9901539386697, 1401.8378406585027, 1934.996124139577, 2098.7335200653765], "(2, 1, 300.0)": [6.2671753765615605, 0.0, 16.413995995231307, 0.0, 0.1111111111111111, 0.1111111111111111, 0.0, 0.1111111111111111, 0.1111111111111111], "(0, 1, 300.0)": [1523.816304719716, 1272.675320737686, 1220.0807406576198, 1226.3933512205865, 1284.323625627683, 1039.918706177027, 1543.5954512001395, 1401.0376124866448, 1393.741353842904], "(2, 0, 200.0)": [19.817460260917976, 0.0, 0.0, 15.303643787052394, 0.0, 0.1111111111111111, 1.7903310857164167, 0.0, 0.1111111111111111], "(0, 0, 200.0)": [1712.1627333444942, 2568.059507217397, 1479.50650670839, 1667.9827577984431, 1696.0721843329493, 2064.45850082155, 1687.9241652846551, 1840.886042485126, 1805.8992626547963], "(0, 0, 300.0)": [2307.978507891879, 2630.285415075445, 2996.610578129828, 2901.181034748276, 3490.662590977167, 2626.0319393395625, 3355.120009804326, 3337.9260996600574, 3959.15848223727], "(2, 1, 200.0)": [0.0, 0.0, 0.0, 2.7010019624660693, 0.2222222222222222, 0.0, 11.673414189988664, 0.2222222222222222, 0.1111111111111111], "(0, 1, 200.0)": [1476.7754181712046, 1799.8897823721604, 1925.2136702576604, 1615.6807525455063, 1755.8176456878514, 1707.7864164703296, 1637.1953572817408, 1431.2140431499943, 1599.7056448367011], "(2, 0, 300.0)": [0.1111111111111111, 0.1111111111111111, 0.1111111111111111, 0.0, 0.0, 22.508349687217244, 0.0, 0.0, 21.6510873420736], "(3, 0, 0.0)": [0.0, 0.1111111111111111, 0.0, 0.1111111111111111, 0.0, 0.0, 5.49252427793991, 0.0, 7.152852871581481], "(1, 0, 0.0)": [43.706450800350595, 88.67177070144652, 151.54854960257717, 260.3439437711085, 125.0534055283657, 78.00427948061208, 34.22349505100408, 103.8170423089249, 53.524849985632464], "(4, 0, 0.0)": [0.8941066089476852, 0.0, 0.0, 0.0, 0.0, 0.0, 0.0, 0.0, 0.0], "(2, 0, 0.0)": [5.364639653686111, 0.0, 0.0, 0.1111111111111111, 0.0, 0.0, 0.0, 0.0, 0.0], "(0, 0, 0.0)": [37.56300902711355, 160.1814158015159, 43.70225742206492, 57.00693882345479, 195.58199566323503, 89.61408774722028, 120.58076238102512, 127.37201403210258, 170.25347413270347], "(3, 1, 100.0)": [10.951501529594445, 0.2222222222222222, 38.4804700698872, 0.4444444444444444, 0.0, 39.641997448051924, 9.866771286314545, 0.2222222222222222, 1.1184466989909538], "(1, 1, 100.0)": [632.8121313814632, 433.71093011523413, 635.9089281030921, 837.5828776331762, 671.5093866797373, 665.3956112944692, 525.3647150342193, 623.2834659700527, 1114.9829481421189], "(0, 1, 100.0)": [855.3005128997047, 623.4149686170219, 595.216685511707, 589.246201813733, 607.4393427413138, 863.0821504189237, 568.5875462001087, 605.4586305871326, 484.0704257364377], "(3, 0, 100.0)": [25.97771790465411, 0.0, 19.854527183521917, 0.1111111111111111, 0.2222222222222222, 0.1111111111111111, 16.317122885907526, 0.1111111111111111, 25.23652911760498], "(1, 0, 100.0)": [449.7197227926186, 605.7111078236788, 584.3077823545582, 786.4146309853336, 694.2321453547739, 465.3930639835025, 610.5133221221759, 438.139039160717, 777.9485207548578], "(0, 0, 100.0)": [851.440531922092, 491.18318567587323, 614.9152188821066, 613.4038642195738, 505.40198457476987, 611.2821953973693, 511.23369441752504, 507.34995096117495, 543.7972723066017], "(4, 0, 200.0)": [0.0, 0.0, 0.0, 2.6969339619554034, 0.0, 0.0, 5.373111124970296, 0.0, 0.0], "(2, 0, 100.0)": [0.0, 0.0, 0.1111111111111111, 0.9003339874886898, 0.0, 0.0, 34.0976252244114, 0.1111111111111111, 0.0], "(1, 1, 0.0)": [33.557979798179794, 22.225866360267233, 0.5555555555555556, 5.269277713944563, 122.55720392563623, 93.0804542405914, 28.95841071534518, 85.21797657771339, 0.2222222222222222], "(0, 1, 0.0)": [19.82804960002321, 52.82936478616151, 39.858532771601055, 26.272921851989576, 65.21143307773232, 59.92859324451404, 75.70225176493517, 13.020644265711438, 54.89177270260758], "(4, 0, 100.0)": [0.8962244767687315, 0.0, 0.0, 0.0, 0.0, 0.0, 0.0, 0.0, 0.0], "(3, 1, 400.0)": [0.0, 0.1111111111111111, 7.192460388423561, 1.7965999744667136, 0.0, 0.0, 0.1111111111111111, 0.0, 0.0], "(4, 0, 300.0)": [5.383531881796973, 0.0, 0.0, 0.0, 0.0, 0.0, 0.0, 0.0, 0.0], "(4, 1, 200.0)": [0.0, 0.0, 0.1111111111111111, 7.200637899654185, 0.0, 0.0, 0.0, 0.0, 0.0], "(4, 1, 100.0)": [0.0, 0.0, 0.0, 2.69489996170007, 0.0, 0.0, 0.0, 0.0, 0.0], "(2, 1, 100.0)": [0.0, 0.0, 0.0, 0.0, 0.0, 0.0, 9.899605861864922, 0.0, 0.0], "(3, 1, 0.0)": [0.0, 0.0, 5.500911034511253, 8.084699885100212, 0.0, 0.0, 0.0, 0.0, 0.0]}, "state_action_visits": {"(3, 0, 200.0)": 320, "(3, 1, 300.0)": 347, "(3, 0, 300.0)": 474, "(3, 1, 200.0)": 384, "(3, 0, 400.0)": 18, "(1, 0, 200.0)": 20585, "(1, 1, 300.0)": 13900, "(1, 0, 300.0)": 32605, "(4, 1, 300.0)": 17, "(1, 1, 200.0)": 18960, "(2, 1, 300.0)": 31, "(0, 1, 300.0)": 14752, "(2, 0, 200.0)": 44, "(0, 0, 200.0)": 20504, "(0, 0, 300.0)": 34258, "(2, 1, 200.0)": 21, "(0, 1, 200.0)": 18504, "(2, 0, 300.0)": 53, "(3, 0, 0.0)": 17, "(1, 0, 0.0)": 1171, "(4, 0, 0.0)": 1, "(2, 0, 0.0)": 7, "(0, 0, 0.0)": 1248, "(3, 1, 100.0)": 124, "(1, 1, 100.0)": 7649, "(0, 1, 100.0)": 7185, "(3, 0, 100.0)": 105, "(1, 0, 100.0)": 6722, "(0, 0, 100.0)": 6468, "(4, 0, 200.0)": 9, "(2, 0, 100.0)": 41, "(1, 1, 0.0)": 479, "(0, 1, 0.0)": 498, "(4, 0, 100.0)": 1, "(3, 1, 400.0)": 12, "(4, 0, 300.0)": 6, "(4, 1, 200.0)": 9, "(4, 1, 100.0)": 3, "(2, 1, 100.0)": 11, "(3, 1, 0.0)": 16}},