{"timestamp": 1764134141, "iso": "2025-11-26T05:15:41Z", "episode": 2, "games_in_episode": 10, "stats": {"total_messages": 63927, "total_updates": 63591, "total_reward": 1105.7750000035676, "action_counts": [7093, 6570, 6902, 7028, 7097, 7007, 7459, 7125, 7646], "state_visits": {"(3, 1, 200.0)": 55, "(3, 1, 0.0)": 3, "(3, 0, 300.0)": 181, "(3, 0, 200.0)": 107, "(3, 0, 100.0)": 25, "(3, 1, 300.0)": 106, "(1, 1, 200.0)": 4394, "(1, 1, 0.0)": 134, "(2, 0, 300.0)": 12, "(1, 0, 200.0)": 6095, "(1, 0, 100.0)": 1819, "(1, 1, 300.0)": 6797, "(3, 1, 100.0)": 21, "(0, 0, 300.0)": 9638, "(1, 0, 300.0)": 11118, "(1, 1, 100.0)": 1097, "(0, 1, 200.0)": 4391, "(0, 1, 0.0)": 100, "(0, 0, 200.0)": 5301, "(0, 0, 100.0)": 1660, "(0, 1, 300.0)": 8941, "(0, 1, 100.0)": 1401, "(3, 0, 400.0)": 5, "(4, 1, 200.0)": 2, "(2, 1, 200.0)": 3, "(2, 0, 100.0)": 2, "(3, 1, 400.0)": 2, "(1, 0, 0.0)": 65, "(0, 0, 0.0)": 100, "(5, 1, 200.0)": 1, "(2, 1, 300.0)": 6, "(4, 0, 200.0)": 8, "(2, 0, 200.0)": 1}, "state_action_prob_sums": {"(3, 0, 400.0)": [1.2222222222222223, 0.0, 1.12, 0.0, 0.1111111111111111, 0.1111111111111111, 2.2488888888888887, 0.0, 0.0], "(3, 0, 300.0)": [22.573333333333316, 1.8888888888888895, 9.226666666666665, 35.49333333333338, 2.0000000000000004, 12.635555555555548, 9.217777777777776, 2.0000000000000004, 10.568888888888885], "(3, 0, 100.0)": [21.71111111111111, 0.4444444444444444, 0.3333333333333333, 0.4444444444444444, 0.5555555555555556, 0.0, 4.848888888888888, 0.7777777777777779, 1.9066666666666667], "(3, 1, 400.0)": [2.7955555555555556, 0.2222222222222222, 0.0, 0.0, 0.0, 0.0, 0.1111111111111111, 0.0, 0.0], "(3, 1, 100.0)": [12.088888888888883, 0.6666666666666667, 0.2222222222222222, 0.4444444444444444, 0.3333333333333333, 0.1111111111111111, 0.8888888888888891, 0.2222222222222222, 0.2222222222222222], "(3, 1, 300.0)": [33.90666666666667, 1.4444444444444449, 3.9422222222222216, 9.968888888888886, 1.2222222222222225, 2.3511111111111114, 7.311111111111112, 0.8888888888888891, 1.7777777777777783], "(1, 1, 300.0)": [409.13777777777494, 484.386666666663, 542.5822222222197, 379.76444444444326, 399.5155555555525, 374.4399999999986, 345.19999999999635, 385.82222222222026, 450.24888888888466], "(1, 0, 300.0)": [694.1333333333242, 834.2355555555412, 737.0177777777685, 629.6488888888816, 647.1422222222157, 739.9911111111014, 939.5066666666552, 945.1999999999757, 1241.3866666666413], "(1, 0, 100.0)": [179.54666666666697, 209.66666666666626, 229.0533333333326, 352.23111111110563, 213.3955555555552, 169.31555555555596, 259.8755555555545, 284.1511111111096, 209.01333333333324], "(1, 1, 100.0)": [121.08000000000077, 155.5288888888892, 183.66222222222206, 75.78666666666712, 134.61777777777849, 137.404444444445, 137.57777777777844, 144.95111111111174, 143.97333333333387], "(2, 1, 300.0)": [3.9066666666666663, 0.1111111111111111, 0.1111111111111111, 0.1111111111111111, 0.0, 0.0, 0.6755555555555555, 0.0, 0.2222222222222222], "(0, 1, 300.0)": [698.0533333333217, 463.5511111111036, 444.448888888884, 596.4799999999966, 503.50666666666234, 451.5511111111114, 705.5022222222196, 501.6444444444392, 657.1155555555503], "(3, 1, 200.0)": [20.217777777777766, 0.7777777777777779, 1.5555555555555556, 6.33333333333333, 0.5555555555555556, 0.6666666666666667, 8.155555555555553, 1.1111111111111114, 7.782222222222224], "(1, 1, 200.0)": [264.6666666666658, 248.2622222222216, 242.9911111111109, 327.8399999999975, 335.08444444444416, 343.9644444444437, 320.74666666666405, 289.56888888888835, 280.2755555555532], "(4, 1, 300.0)": [0.5555555555555556, 0.0, 0.0, 0.0, 0.0, 0.0, 0.0, 0.0, 0.0], "(4, 0, 100.0)": [0.5555555555555556, 0.0, 0.0, 0.0, 0.0, 0.0, 0.0, 0.0, 0.0], "(2, 0, 100.0)": [0.1111111111111111, 0.0, 1.2311111111111113, 0.0, 0.0, 0.1111111111111111, 0.0, 0.1111111111111111, 0.0], "(0, 0, 300.0)": [679.3333333333202, 622.124444444425, 581.4799999999886, 558.4844444444427, 485.28444444443886, 512.0533333333292, 1300.7733333333035, 804.9911111111012, 1055.8044444444383], "(3, 0, 200.0)": [19.386666666666656, 0.7777777777777779, 1.4444444444444449, 27.3022222222222, 1.3333333333333337, 1.1111111111111114, 12.288888888888886, 1.2222222222222225, 2.1200000000000006], "(0, 0, 100.0)": [993.13333333331, 91.66666666666718, 75.16888888888933, 198.1111111111108, 183.07111111111078, 225.95111111111027, 95.50666666666723, 157.8000000000005, 143.8488888888894], "(1, 0, 200.0)": [489.8444444444412, 413.77333333332723, 475.8533333333317, 527.3511111111076, 499.0711111111081, 450.933333333329, 396.8355555555546, 446.07111111110817, 463.5511111111062], "(0, 1, 200.0)": [662.7955555555454, 220.03111111111104, 280.6177777777768, 298.3955555555521, 222.031111111111, 388.82222222222055, 247.10222222222197, 319.3199999999972, 286.4977777777768], "(0, 0, 200.0)": [413.43111111110886, 398.27111111110884, 427.95111111110924, 333.4399999999964, 444.31555555554974, 561.9866666666535, 378.22222222222126, 358.27555555555335, 323.9466666666648], "(4, 1, 100.0)": [0.0, 0.1111111111111111, 0.0, 0.0, 0.0, 0.0, 0.0, 0.0, 0.0], "(2, 1, 100.0)": [0.5555555555555556, 0.0, 0.0, 0.0, 0.0, 0.0, 0.0, 0.0, 0.0], "(0, 1, 100.0)": [266.5866666666651, 118.69333333333392, 90.37777777777828, 61.76000000000046, 121.02666666666737, 523.1155555555448, 107.24444444444508, 124.96888888888985, 80.77333333333378], "(3, 0, 0.0)": [0.1111111111111111, 0.1111111111111111, 0.2222222222222222, 0.1111111111111111, 0.0, 0.1111111111111111, 3.8888888888888884, 0.0, 0.1111111111111111], "(1, 0, 0.0)": [4.444444444444443, 4.888888888888887, 2.8888888888888897, 6.1111111111111045, 3.7777777777777786, 10.333333333333325, 60.54222222222238, 3.7777777777777786, 14.853333333333328], "(2, 1, 200.0)": [1.6755555555555555, 0.1111111111111111, 0.1111111111111111, 0.2222222222222222, 0.0, 0.0, 0.0, 0.0, 0.0], "(3, 1, 0.0)": [1.777777777777778, 0.0, 0.5555555555555556, 0.2222222222222222, 0.1111111111111111, 0.0, 2.9155555555555552, 0.0, 0.0], "(1, 1, 0.0)": [10.222222222222216, 16.222222222222204, 21.88444444444442, 17.35111111111109, 33.88888888888888, 72.91111111111134, 20.986666666666647, 21.999999999999993, 26.471111111111124], "(4, 1, 0.0)": [0.5555555555555556, 0.0, 0.0, 0.0, 0.0, 0.0, 0.0, 0.0, 0.5555555555555556], "(2, 1, 0.0)": [0.5555555555555556, 0.0, 0.0, 0.0, 0.1111111111111111, 0.0, 0.0, 0.0, 0.5555555555555556], "(0, 1, 0.0)": [35.737777777777836, 11.77777777777777, 18.191111111111095, 2.333333333333334, 2.8888888888888897, 5.999999999999994, 13.284444444444434, 11.013333333333332, 15.346666666666655], "(0, 0, 0.0)": [32.662222222222226, 2.8888888888888897, 3.6666666666666674, 18.217777777777762, 16.06222222222221, 20.34666666666665, 4.666666666666665, 10.413333333333329, 20.88888888888889], "(2, 0, 200.0)": [1.1111111111111112, 0.0, 0.0, 0.0, 0.0, 0.0, 0.0, 0.0, 0.1111111111111111], "(2, 0, 300.0)": [0.5555555555555556, 0.3333333333333333, 0.1111111111111111, 1.1288888888888888, 0.1111111111111111, 0.0, 1.7955555555555556, 0.4444444444444444, 0.0], "(4, 1, 200.0)": [0.0, 0.0, 0.0, 0.5644444444444444, 0.0, 0.1111111111111111, 0.0, 0.1111111111111111, 0.0], "(5, 1, 200.0)": [0.0, 0.0, 0.0, 0.1111111111111111, 0.0, 0.0, 0.0, 0.0, 0.0], "(4, 0, 200.0)": [0.1111111111111111, 0.0, 0.2222222222222222, 0.0, 0.0, 0.0, 0.1111111111111111, 0.0, 2.2577777777777777]}, "state_action_visits": {"(3, 0, 400.0)": 11, "(3, 0, 300.0)": 311, "(3, 0, 100.0)": 86, "(3, 1, 400.0)": 8, "(3, 1, 100.0)": 52, "(3, 1, 300.0)": 193, "(1, 1, 300.0)": 11145, "(1, 0, 300.0)": 21937, "(1, 0, 100.0)": 6258, "(1, 1, 100.0)": 3681, "(2, 1, 300.0)": 14, "(0, 1, 300.0)": 14889, "(3, 1, 200.0)": 130, "(1, 1, 200.0)": 7977, "(4, 1, 300.0)": 1, "(4, 0, 100.0)": 1, "(2, 0, 100.0)": 6, "(0, 0, 300.0)": 19642, "(3, 0, 200.0)": 194, "(0, 0, 100.0)": 6418, "(1, 0, 200.0)": 12367, "(0, 1, 200.0)": 8727, "(0, 0, 200.0)": 10846, "(4, 1, 100.0)": 1, "(2, 1, 100.0)": 1, "(0, 1, 100.0)": 4447, "(3, 0, 0.0)": 14, "(1, 0, 0.0)": 346, "(2, 1, 200.0)": 7, "(3, 1, 0.0)": 14, "(1, 1, 0.0)": 720,