{"timestamp": 1764176603, "iso": "2025-11-26T17:03:23Z", "episode": 82, "games_in_episode": 10, "stats": {"total_messages": 49137, "total_updates": 48880, "total_reward": -1673.999999996831, "action_counts": [4893, 5909, 5289, 6163, 5251, 5263, 5101, 5300, 5968], "state_visits": {"(3, 0, 400.0)": 7, "(3, 1, 200.0)": 98, "(3, 0, 300.0)": 175, "(3, 1, 300.0)": 35, "(3, 0, 200.0)": 79, "(1, 1, 200.0)": 4014, "(4, 1, 300.0)": 3, "(1, 0, 300.0)": 9054, "(2, 1, 300.0)": 4, "(1, 0, 200.0)": 3985, "(0, 1, 300.0)": 3429, "(1, 1, 300.0)": 1892, "(0, 0, 300.0)": 8549, "(0, 0, 200.0)": 3846, "(0, 1, 200.0)": 4107, "(3, 1, 100.0)": 53, "(3, 0, 100.0)": 56, "(4, 1, 200.0)": 4, "(1, 0, 100.0)": 1686, "(1, 1, 100.0)": 2692, "(2, 1, 200.0)": 6, "(0, 1, 100.0)": 2301, "(0, 0, 100.0)": 1745, "(4, 0, 300.0)": 8, "(2, 0, 300.0)": 7, "(2, 0, 200.0)": 8, "(4, 0, 200.0)": 1, "(0, 1, 0.0)": 28, "(3, 1, 400.0)": 3, "(4, 1, 100.0)": 1, "(2, 1, 100.0)": 3, "(3, 0, 0.0)": 12, "(1, 0, 0.0)": 489, "(0, 0, 0.0)": 500}, "state_action_prob_sums": {"(3, 0, 200.0)": [140.27667531346827, 1.3333333333333337, 123.17005581513317, 112.54505233376351, 1.0000000000000002, 89.63120055720721, 154.6222476945514, 1.3333333333333337, 129.61858639767289], "(3, 1, 300.0)": [70.09047938730059, 1.4444444444444449, 66.46805935658148, 170.00189181286768, 0.7777777777777779, 123.99243165812271, 105.46947511567684, 1.4444444444444449, 53.43636140485126], "(3, 0, 300.0)": [103.8495835817204, 1.7777777777777783, 115.84917397412185, 166.5597243949646, 1.555555555555556, 232.60273117727306, 288.86382890514, 2.0000000000000004, 195.4499528797926], "(3, 1, 200.0)": [52.951919295097255, 1.2222222222222225, 125.7881041536786, 133.07483597237456, 1.3333333333333337, 133.71959494201104, 106.66361972220226, 1.1111111111111114, 94.60220300277156], "(3, 0, 400.0)": [0.0, 0.0, 27.045737662878956, 4.511229655284236, 0.1111111111111111, 1.9345343554826306, 0.2222222222222222, 0.0, 5.573949983624047], "(1, 0, 200.0)": [5774.961525233248, 5980.138147834738, 5580.23534216713, 5077.931745668295, 5290.398653822096, 4670.670121215568, 4295.72315276437, 4608.941822176603, 4841.514719784938], "(1, 1, 300.0)": [3873.5753828961915, 3239.4402348071644, 3819.338230847544, 3386.6562447398514, 3107.0161906910885, 3403.8907145143376, 3372.5553755994183, 3066.877785866786, 3373.0045126602495], "(1, 0, 300.0)": [7761.693698359726, 8111.587726981047, 6507.216724572372, 7462.983716085395, 7369.319411952609, 8002.724025803602, 8053.993590341543, 8460.222657257733, 7600.060713996129], "(4, 1, 300.0)": [8.949411335838903, 0.0, 0.0, 9.945661245580787, 0.1111111111111111, 0.0, 0.9080712434254058, 0.0, 0.0], "(1, 1, 200.0)": [3644.9643131786497, 3668.306263987339, 3742.24521135685, 3467.7869110209454, 4381.045120670617, 3534.145996509436, 3298.9833701169123, 3547.916777074798, 4487.561081411779], "(2, 1, 300.0)": [6.2671753765615605, 0.0, 38.17347812272101, 0.0, 0.2222222222222222, 5.570496479447238, 0.2222222222222222, 0.2222222222222222, 0.1111111111111111], "(0, 1, 300.0)": [3433.138765244432, 3616.475906022567, 3499.3357548604977, 3352.237295585775, 3373.1727075748377, 3207.993285326131, 4420.892608315546, 3759.4921892759667, 3922.9267573269117], "(2, 0, 200.0)": [40.857929036123835, 0.0, 0.0, 36.09799905041256, 0.0, 0.2222222222222222, 1.901442196827528, 0.0, 0.1111111111111111], "(0, 0, 200.0)": [5054.1975174574345, 5872.5609027431265, 4852.234288995277, 5069.667294932648, 4475.105399103705, 5147.534396537491, 4874.547227998626, 5501.665971366051, 4583.167757835619], "(0, 0, 300.0)": [6275.78750843421, 7171.405244073455, 7433.616485663349, 7616.927878622754, 8061.793681736474, 7112.449223723121, 8758.202415073254, 9010.88509613397, 9892.906990686815], "(2, 1, 200.0)": [1.915765726588943, 0.0, 0.1111111111111111, 4.616767689055012, 0.2222222222222222, 0.0, 26.229837038868837, 0.2222222222222222, 0.1111111111111111], "(0, 1, 200.0)": [3634.707224292381, 3713.2857721801065, 3898.2536529903005, 3512.5878214958634, 3907.9304096879114, 3865.8487200578907, 4049.14052804644, 4355.936375444667, 3426.0161178589815], "(2, 0, 300.0)": [0.1111111111111111, 0.2222222222222222, 0.1111111111111111, 13.766854539033304, 0.0, 39.69335665054485, 15.548134639635714, 0.1111111111111111, 21.6510873420736], "(3, 0, 0.0)": [0.9117116221857597, 0.1111111111111111, 0.0, 14.565929119540764, 0.0, 0.1111111111111111, 27.393701574448578, 0.0, 7.152852871581481], "(1, 0, 0.0)": [241.47131738654608, 356.6884508264922, 479.6513806048451, 346.1227472399283, 353.42668648686777, 222.63127383605146, 175.76492767540637, 323.3965021532232, 321.6713262701276], "(4, 0, 0.0)": [1.7964339166866012, 0.0, 0.0, 0.0, 0.0, 0.0, 0.0, 0.0, 0.0], "(2, 0, 0.0)": [7.1692942691639425, 0.0, 0.0, 0.1111111111111111, 0.0, 0.0, 0.1111111111111111, 0.0, 0.0], "(0, 0, 0.0)": [225.0493113113198, 362.2393648902015, 352.72680150847066, 337.9663909013872, 503.2673999955883, 208.12773300714952, 474.60306744863806, 401.7041358212057, 247.5465960403049], "(3, 1, 100.0)": [117.75800879745557, 0.4444444444444444, 38.702692292109425, 14.54636132787351, 0.2222222222222222, 64.40005585229723, 10.422326841870099, 0.5555555555555556, 76.38493222954735], "(1, 1, 100.0)": [1880.344765913927, 1968.2624697453334, 1924.6310752813404, 1904.2689396440899, 1760.5970619220745, 1580.4357861568217, 1987.3100083065494, 1696.8908958342213, 2475.795561264079], "(0, 1, 100.0)": [1777.016770392639, 2289.2877789337804, 2122.324729632393, 2233.0408924813096, 1809.1746720763076, 2177.2966192090826, 1309.7421107571447, 1879.0981973828652, 1697.2502154488807], "(3, 0, 100.0)": [38.664449953588466, 0.2222222222222222, 53.92826960041682, 15.93544298139019, 1.0000000000000002, 61.21067611344738, 75.8806089062654, 0.4444444444444444, 94.67618703679115], "(1, 0, 100.0)": [2072.766852995103, 2313.1701662610053, 2375.10125411499, 2444.045965727978, 2597.284871297747, 2467.0786819435916, 2056.6259737262367, 1714.9871601526913, 2363.3557025913683], "(0, 0, 100.0)": [2560.622111230781, 1922.1494476791588, 2272.6330597139545, 1542.2897172221421, 2488.6140722184323, 1993.3754330286492, 2244.9512610256625, 1934.5964454972761, 2980.39197227544], "(4, 0, 200.0)": [0.0, 0.0, 0.0, 20.802725903006195, 0.0, 0.0, 5.484222236081407, 0.1111111111111111, 0.0], "(2, 0, 100.0)": [0.0, 0.0, 0.1111111111111111, 15.383447352920346, 0.0, 0.0, 37.833516920932325, 0.1111111111111111, 0.0], "(1, 1, 0.0)": [205.3118367029734, 114.686800393739, 217.08915624129136, 104.77795569349959, 200.39739548689343, 194.54157521475142, 388.1161980590068, 330.332335165347, 203.45099946180358], "(0, 1, 0.0)": [112.33016378415783, 268.73482660388726, 217.101213218862, 385.69484484748284, 333.90820421895387, 143.14443495209014, 216.66178057855998, 175.82666304788305, 229.4164470575962], "(4, 0, 100.0)": [6.353844812978625, 0.0, 0.0, 0.0, 0.0, 0.0, 0.0, 0.0, 0.0], "(3, 1, 400.0)": [0.0, 0.2222222222222222, 17.180907103753647, 1.9077110855778248, 0.0, 0.0, 0.3333333333333333, 0.1111111111111111, 0.0], "(4, 0, 300.0)": [15.377079222330893, 0.0, 0.0, 2.735134866557279, 0.0, 0.0, 0.0, 0.0, 0.0], "(4, 1, 200.0)": [0.0, 0.0, 2.032620773386544, 11.859459528418293, 0.0, 5.466666125856834, 0.0, 0.0, 0.9099098185568977], "(4, 1, 100.0)": [0.0, 0.1111111111111111, 0.2222222222222222, 12.741339658088464, 0.0, 0.0, 0.0, 0.0, 0.0], "(2, 1, 100.0)": [0.9099098185568977, 0.1111111111111111, 0.0, 3.756155796225288, 0.2222222222222222, 0.0, 22.672406524996198, 0.0, 0.0], "(3, 1, 0.0)": [0.1111111111111111, 0.0, 10.936167527857666, 15.303318347011546, 0.1111111111111111, 2.712842284752413, 9.048356206143344, 0.0, 0.1111111111111111], "(4, 1, 0.0)": [0.0, 0.0, 0.0, 0.0, 0.0, 0.0, 2.712842284752413, 0.0, 0.0], "(2, 1, 0.0)": [0.0, 0.0, 0.0, 0.0, 0.0, 0.0, 4.525232577457323, 0.0, 0.0]}, "state_action_visits": {"(3, 0, 200.0)": 914, "(3, 1, 300.0)": 732, "(3, 0, 300.0)": 1351, "(3, 1, 200.0)": 795, "(3, 0, 400.0)": 48, "(1, 0, 200.0)": 56447, "(1, 1, 300.0)": 37474, "(1, 0, 300.0)": 84834,