{"timestamp": 1764148338, "iso": "2025-11-26T09:12:18Z", "episode": 71, "games_in_episode": 10, "stats": {"total_messages": 67428, "total_updates": 67069, "total_reward": 3032.7249999999053, "action_counts": [7283, 7435, 8521, 7758, 7240, 7807, 6340, 7955, 7089], "state_visits": {"(3, 1, 300.0)": 158, "(3, 0, 200.0)": 142, "(3, 1, 200.0)": 58, "(3, 0, 300.0)": 110, "(3, 1, 100.0)": 24, "(1, 1, 300.0)": 10014, "(1, 0, 200.0)": 9766, "(1, 1, 200.0)": 3842, "(1, 0, 300.0)": 6703, "(1, 1, 100.0)": 1523, "(4, 1, 300.0)": 2, "(2, 1, 300.0)": 9, "(0, 1, 300.0)": 9488, "(0, 0, 200.0)": 9246, "(0, 0, 300.0)": 7357, "(0, 1, 100.0)": 1109, "(0, 1, 200.0)": 3749, "(3, 0, 0.0)": 2, "(3, 0, 100.0)": 20, "(3, 0, 400.0)": 3, "(4, 1, 200.0)": 4, "(1, 0, 0.0)": 99, "(1, 0, 100.0)": 1437, "(2, 1, 200.0)": 2, "(2, 0, 200.0)": 10, "(0, 0, 0.0)": 100, "(0, 0, 100.0)": 2067, "(3, 1, 400.0)": 3, "(4, 0, 200.0)": 4, "(2, 0, 300.0)": 5, "(4, 0, 100.0)": 10, "(4, 0, 300.0)": 1, "(2, 0, 100.0)": 1, "(2, 1, 100.0)": 1}, "state_action_prob_sums": {"(3, 0, 400.0)": [20.852771000664376, 2.0000000000000004, 70.94628565115461, 25.578172047779134, 1.3333333333333337, 101.37433278186796, 4.155377777777778, 1.2222222222222225, 28.58966947245379], "(3, 0, 300.0)": [753.2955219625479, 29.66666666666658, 1302.7566407211857, 847.9278765412206, 29.66666666666658, 1229.0070666853035, 624.9599002531519, 33.22222222222216, 1067.5011752364132], "(3, 0, 100.0)": [151.6634471034391, 9.666666666666648, 595.1283185652387, 209.75327707426155, 7.333333333333322, 610.9335616088297, 104.02488432646156, 12.111111111111084, 243.63177267336175], "(3, 1, 400.0)": [5.411399061771984, 0.6666666666666667, 41.57842947131654, 8.054068241528155, 0.8888888888888891, 32.13456139966297, 6.436845845545204, 0.5555555555555556, 3.800213316927179], "(3, 1, 100.0)": [257.7682323563727, 10.888888888888866, 316.99537054258207, 272.3661064497844, 8.44444444444443, 278.69940354535663, 338.51067179923047, 8.33333333333332, 210.21137270859302], "(3, 1, 300.0)": [683.3535476889422, 17.888888888888843, 597.1206031428189, 510.1950148030595, 20.814929635843015, 630.2479204732014, 395.7204259458852, 16.333333333333293, 660.9923810219859], "(1, 1, 300.0)": [20373.82797441298, 20827.407969311174, 21936.1160666318, 23235.345195378646, 24179.398017397052, 22301.05509355452, 24376.93763884296, 23226.240432018963, 20019.048153258092], "(1, 0, 300.0)": [39970.8947131938, 38636.04398958009, 40084.83888745159, 39300.88887561613, 41757.71815507639, 40870.607680075955, 43472.662148917596, 45835.731566821036, 44588.10122861689], "(1, 0, 100.0)": [13751.524485385064, 12725.202352030468, 11963.93357010468, 13158.837635568612, 13154.277360974842, 12920.86762220153, 14710.615275688668, 13574.892481201752, 14930.183249996784], "(1, 1, 100.0)": [10141.530050453015, 8571.970785077356, 9807.671822575236, 10253.036810903315, 10616.306607294502, 9562.991007557399, 9982.439843990718, 10217.086708934794, 9451.662874404918], "(2, 1, 300.0)": [42.063933225843705, 1.4444444444444449, 17.571802881550802, 42.68805107437854, 0.4444444444444444, 0.7777777777777779, 66.79599012958619, 0.8888888888888891, 38.13581178513001], "(0, 1, 300.0)": [23027.91622228113, 23942.103371028963, 24063.214587654646, 23669.15950022535, 24345.97754979344, 22519.505776025926, 23447.297004636148, 25346.707890350463, 23323.74256595471], "(3, 1, 200.0)": [564.7996257676407, 14.999999999999963, 527.933288833864, 473.40907441487457, 16.666666666666625, 532.8880352897274, 574.2090288627387, 16.444444444444404, 444.04578931098865], "(1, 1, 200.0)": [20425.261371468107, 20230.092002881658, 18684.3055511194, 20077.969380194303, 19362.318533312995, 19558.941328250203, 18597.93667421264, 19068.59464776638, 19792.814857350804], "(4, 1, 300.0)": [30.004954770240815, 0.4444444444444444, 0.4444444444444444, 30.006063611973556, 0.3333333333333333, 0.2222222222222222, 18.22117537807929, 0.2222222222222222, 0.8888888888888891], "(4, 0, 100.0)": [67.15953905788669, 0.5555555555555556, 0.3333333333333333, 21.073526068089734, 0.6666666666666667, 0.4444444444444444, 5.662237152877134, 0.0, 0.5555555555555556], "(2, 0, 100.0)": [38.39307468515085, 0.6666666666666667, 1.8977777777777782, 57.916642750271805, 0.6666666666666667, 1.0000000000000002, 36.622151970103495, 0.5555555555555556, 1.0000000000000002], "(0, 0, 300.0)": [41261.83791959247, 42505.087361991566, 39184.087425723614, 38885.040872843, 39931.81039767087, 40570.51759067354, 43102.10184673836, 44871.106438013696, 43267.093742065015], "(3, 0, 200.0)": [641.7772427605182, 21.444444444444386, 919.2993398748491, 613.2147211083986, 19.333333333333282, 779.3929026923086, 563.7799500258399, 19.666666666666615, 517.4244675268671], "(0, 0, 100.0)": [14247.633037461474, 13624.807368815531, 13258.447958196033, 13552.006297934962, 13469.254804503067, 13348.082637891872, 13648.621775997824, 12536.93591549312, 13068.42014225603], "(1, 0, 200.0)": [30306.154753009756, 27486.240524649496, 28612.624975177427, 27992.267526895674, 27772.527052850397, 26736.909816977473, 25715.455495943243, 26778.833431965333, 24131.323503725518], "(0, 1, 200.0)": [21766.326638940463, 23215.561658157683, 20868.306892943143, 21447.457286162367, 20993.801846792052, 22257.714211984563, 21842.856445579597, 21650.399265367036, 19410.706603961524], "(0, 0, 200.0)": [24065.23356540863, 26963.30490057242, 25578.883318314143, 24590.262712653064, 25171.007045968992, 25173.429049233968, 22797.08346837663, 25822.476801832934, 25621.34581831491], "(4, 1, 100.0)": [9.761683595098312, 0.1111111111111111, 0.4444444444444444, 16.589698609250693, 0.3333333333333333, 0.2222222222222222, 23.92858201675687, 0.3333333333333333, 0.0], "(2, 1, 100.0)": [21.594978749161285, 0.5555555555555556, 0.4444444444444444, 3.674009664815659, 0.5555555555555556, 0.5555555555555556, 56.79551398951083, 0.7777777777777779, 1.0345030400000002], "(0, 1, 100.0)": [10432.686242805026, 10400.991133535526, 10924.338926254615, 10367.166774923739, 10848.110203801993, 11164.159017284788, 9643.50578283702, 9797.925262677136, 9357.362233255728], "(3, 0, 0.0)": [86.88848370982916, 0.7777777777777779, 41.792739648351514, 3.1083223395754396, 2.1111111111111116, 10.067730393615278, 85.06164042278645, 1.1111111111111114, 19.62671119826711], "(1, 0, 0.0)": [2005.0859445984424, 1830.0954866306672, 2118.048123060293, 1779.7138752964445, 1638.3503377584432, 1707.644647181982, 1927.3729345334646, 1657.8784058365502, 1478.2654430618659], "(2, 1, 200.0)": [74.71953232086935, 0.8888888888888891, 0.6666666666666667, 29.580080181198866, 1.4444444444444449, 1.7777777777777783, 69.42611064979614, 0.8888888888888891, 0.8888888888888891], "(3, 1, 0.0)": [29.27511320622331, 0.5555555555555556, 97.63716226361814, 43.17787766327968, 0.7777777777777779, 1.2222222222222225, 38.5721419962096, 1.0000000000000002, 1.0000000000000002], "(1, 1, 0.0)": [1089.1695311869653, 1275.937186661687, 1208.3836403443588, 1579.4257694964058, 1288.5148974490028, 1496.3388787716947, 1115.7251643504935, 1445.9115569890046, 1172.9014704796898], "(4, 1, 0.0)": [0.5555555555555556, 0.0, 0.0, 3.235534529366218, 0.0, 0.0, 6.775278111976856, 0.0, 0.5555555555555556], "(2, 1, 0.0)": [1.406267325444559, 3.91896936493252, 0.0, 0.6512370116734223, 0.2222222222222222, 0.0, 0.1111111111111111, 0.1111111111111111, 1.3107860663334243], "(0, 1, 0.0)": [1576.4897708739702, 996.5691440288638, 1940.0087054015212, 1105.366464245794, 1224.6994226715299, 1281.998048553769, 1274.4954482235444, 1472.082674296306, 946.2233207399244], "(0, 0, 0.0)": [1348.9367840087796, 1710.6608316207848, 1177.6289593242595, 1619.058879756295, 1477.254045024988, 1527.906111998314, 1715.0617154974611, 1908.077930270783, 1598.9797557076142], "(2, 0, 200.0)": [47.877431794368015, 1.2222222222222225, 4.671738606341391, 46.31877035776098, 1.555555555555556, 11.519427542708613, 107.43299218578731, 1.0000000000000002, 22.381060793991875],