{"timestamp": 1764176009, "iso": "2025-11-26T16:53:29Z", "episode": 79, "games_in_episode": 10, "stats": {"total_messages": 54355, "total_updates": 54068, "total_reward": -512.2999999994977, "action_counts": [5875, 6408, 6168, 5675, 6336, 5943, 5556, 6181, 6213], "state_visits": {"(3, 1, 300.0)": 59, "(3, 0, 300.0)": 105, "(3, 1, 100.0)": 39, "(3, 0, 200.0)": 81, "(3, 1, 200.0)": 59, "(3, 1, 400.0)": 4, "(1, 0, 300.0)": 6848, "(1, 0, 200.0)": 6195, "(1, 1, 100.0)": 1937, "(1, 1, 300.0)": 4143, "(1, 1, 200.0)": 2911, "(2, 1, 100.0)": 2, "(0, 1, 100.0)": 2172, "(0, 0, 300.0)": 7457, "(0, 0, 200.0)": 6375, "(0, 1, 200.0)": 2954, "(0, 1, 300.0)": 3934, "(3, 0, 100.0)": 52, "(3, 0, 400.0)": 2, "(1, 0, 100.0)": 3802, "(2, 0, 100.0)": 6, "(0, 0, 100.0)": 3069, "(4, 1, 100.0)": 1, "(4, 0, 200.0)": 6, "(2, 0, 200.0)": 9, "(4, 1, 300.0)": 1, "(2, 1, 300.0)": 8, "(2, 0, 300.0)": 13, "(1, 0, 0.0)": 152, "(1, 1, 0.0)": 724, "(2, 1, 200.0)": 3, "(0, 1, 0.0)": 784, "(0, 0, 0.0)": 146, "(3, 0, 0.0)": 1, "(3, 1, 0.0)": 12, "(2, 1, 0.0)": 2}, "state_action_prob_sums": {"(3, 0, 200.0)": [118.22433946143282, 0.8888888888888891, 108.27816538488946, 99.72094381469664, 0.8888888888888891, 77.4690395826342, 73.39749635079532, 1.0000000000000002, 53.96183107118505], "(3, 1, 300.0)": [51.70683229657024, 0.7777777777777779, 55.44906187357655, 170.00189181286768, 0.5555555555555556, 106.5587997254821, 48.83137328282176, 1.0000000000000002, 18.670697201336388], "(3, 0, 300.0)": [67.43296651299785, 1.2222222222222225, 58.14310637257654, 126.73292189041881, 1.2222222222222225, 100.29403556310561, 232.84646613216674, 1.1111111111111114, 70.50893450640187], "(3, 1, 200.0)": [43.6125808510174, 0.7777777777777779, 112.71242975329096, 56.54691562126536, 0.7777777777777779, 98.04255005983401, 87.3719013880464, 1.0000000000000002, 51.48347221485966], "(3, 0, 400.0)": [0.0, 0.0, 19.775651990081226, 4.511229655284236, 0.0, 0.1111111111111111, 0.0, 0.0, 0.9042807615841376], "(1, 0, 200.0)": [4766.777767431844, 4578.948827603716, 3745.1704511624253, 3629.367361518592, 3760.2615128277544, 3657.320782013818, 3194.7444419877456, 3311.228928133274, 3581.014262349971], "(1, 1, 300.0)": [3291.149271349572, 2074.1098618615015, 2791.3625656836193, 2329.52488038206, 2201.4869561724413, 2364.0763422067603, 2147.30465446042, 2224.1923024732955, 2748.858849388496], "(1, 0, 300.0)": [4606.915670309087, 5083.340909924658, 4675.1880267300485, 4589.653007007197, 4961.161458566296, 5362.2577182249015, 5075.129095588053, 5137.921142932252, 4883.898428267465], "(4, 1, 300.0)": [8.949411335838903, 0.0, 0.0, 7.210526379023509, 0.1111111111111111, 0.0, 0.0, 0.0, 0.0], "(1, 1, 200.0)": [2544.993569448302, 2461.1770465729073, 2752.7712882761657, 2337.2091346734146, 3222.7979960407383, 2354.2297074548073, 2196.995724203222, 2759.5032489545265, 2897.363899651834], "(2, 1, 300.0)": [6.2671753765615605, 0.0, 28.18105406628119, 0.0, 0.1111111111111111, 0.1111111111111111, 0.0, 0.1111111111111111, 0.1111111111111111], "(0, 1, 300.0)": [2593.865146068022, 2577.6304240096815, 2410.714609499551, 2411.6674800640017, 2323.7351208228756, 2121.773107447582, 2919.0791270452505, 2666.0556976932885, 2647.4440989892437], "(2, 0, 200.0)": [22.536045699975343, 0.0, 0.0, 36.09799905041256, 0.0, 0.2222222222222222, 1.901442196827528, 0.0, 0.1111111111111111], "(0, 0, 200.0)": [3724.735199168791, 4221.663034390769, 3450.5549644280504, 3620.4183240246402, 3692.511335613457, 4274.062005691693, 3967.945736463176, 4165.204964481635, 3505.397428798381], "(0, 0, 300.0)": [3985.107782363296, 4412.852167916814, 4999.3454392230415, 4422.968079706665, 5075.341026798227, 5084.5861021457395, 6045.867881960891, 5721.103244321384, 6714.4368992311365], "(2, 1, 200.0)": [1.915765726588943, 0.0, 0.1111111111111111, 4.616767689055012, 0.2222222222222222, 0.0, 13.485804482693574, 0.2222222222222222, 0.1111111111111111], "(0, 1, 200.0)": [2190.0520633345063, 2569.3861118203777, 2711.0484632853554, 2423.387966226506, 2716.4246503964705, 2458.730296974141, 2592.634133232404, 2908.621952276073, 2487.5731753770633], "(2, 0, 300.0)": [0.1111111111111111, 0.1111111111111111, 0.1111111111111111, 1.017306257463566, 0.0, 39.69335665054485, 4.5309757317622745, 0.0, 21.6510873420736], "(3, 0, 0.0)": [0.0, 0.1111111111111111, 0.0, 14.565929119540764, 0.0, 0.1111111111111111, 15.54873124355441, 0.0, 7.152852871581481], "(1, 0, 0.0)": [222.79264049838665, 220.00169603796977, 284.56791619039194, 331.78040624047554, 266.1911002576792, 207.4883323255239, 152.08324823187374, 322.84094659766777, 321.2268818256833], "(4, 0, 0.0)": [1.7964339166866012, 0.0, 0.0, 0.0, 0.0, 0.0, 0.0, 0.0, 0.0], "(2, 0, 0.0)": [7.1692942691639425, 0.0, 0.0, 0.1111111111111111, 0.0, 0.0, 0.1111111111111111, 0.0, 0.0], "(0, 0, 0.0)": [144.73040018115964, 321.45738684736205, 235.6123924543332, 307.7952593702038, 413.58632768805165, 204.7368526102066, 347.8522312868495, 401.14858026565025, 232.18143230755513], "(3, 1, 100.0)": [29.297626678865782, 0.3333333333333333, 38.59158118099831, 0.7777777777777779, 0.1111111111111111, 61.34250878868767, 10.200104619647878, 0.4444444444444444, 67.96458616517396], "(1, 1, 100.0)": [1078.747027639488, 1349.5662267646853, 1322.9913109626798, 1332.8657353916324, 1076.830996618066, 1157.8033338226974, 1459.0725044206913, 1013.9676570961296, 1711.9666852997557], "(0, 1, 100.0)": [1148.8044039530994, 1503.1019286020194, 1115.4478306965216, 1513.1110138510912, 1141.431354272547, 1320.900883562491, 876.9738622778292, 1254.9804313117563, 1188.6728315501944], "(3, 0, 100.0)": [38.664449953588466, 0.1111111111111111, 32.84779117903316, 11.06175343092983, 0.6666666666666667, 44.83980076595971, 54.64876694822726, 0.1111111111111111, 39.92724352517341], "(1, 0, 100.0)": [1344.5588474269055, 1785.5101337462138, 1790.9367474078767, 1806.3915095721293, 1843.084419637403, 1869.8263906418722, 1554.619846476719, 1157.1815770407895, 1737.1934426639998], "(0, 0, 100.0)": [2037.9640764089775, 1344.4607137228134, 1820.893875119544, 1211.3753781305397, 1854.553388565138, 1316.9761871890234, 1541.9300031833927, 1551.817847123802, 2286.670499110217], "(4, 0, 200.0)": [0.0, 0.0, 0.0, 17.161284825149743, 0.0, 0.0, 5.373111124970296, 0.1111111111111111, 0.0], "(2, 0, 100.0)": [0.0, 0.0, 0.1111111111111111, 9.931342742104928, 0.0, 0.0, 37.833516920932325, 0.1111111111111111, 0.0], "(1, 1, 0.0)": [191.57965694048113, 113.7787291503136, 212.4376889130532, 91.04577593100731, 200.28628437578232, 190.79817912993866, 374.0506849631813, 325.79197894821993, 190.73800205384782], "(0, 1, 0.0)": [110.86653698517685, 255.7996069737093, 197.5872726624839, 385.69484484748284, 320.86187347766486, 129.41225518959786, 172.04425740332272, 143.73457821552333, 221.1326947556564], "(4, 0, 100.0)": [0.8962244767687315, 0.0, 0.0, 0.0, 0.0, 0.0, 0.0, 0.0, 0.0], "(3, 1, 400.0)": [0.0, 0.2222222222222222, 11.721521735417522, 1.7965999744667136, 0.0, 0.0, 0.2222222222222222, 0.0, 0.0], "(4, 0, 300.0)": [8.998701474288302, 0.0, 0.0, 0.0, 0.0, 0.0, 0.0, 0.0, 0.0], "(4, 1, 200.0)": [0.0, 0.0, 1.013438418850027, 7.311749010765296, 0.0, 0.0, 0.0, 0.0, 0.0], "(4, 1, 100.0)": [0.0, 0.1111111111111111, 0.1111111111111111, 12.741339658088464, 0.0, 0.0, 0.0, 0.0, 0.0], "(2, 1, 100.0)": [0.0, 0.1111111111111111, 0.0, 0.1111111111111111, 0.2222222222222222, 0.0, 21.76433528157079, 0.0, 0.0], "(3, 1, 0.0)": [0.1111111111111111, 0.0, 10.936167527857666, 15.303318347011546, 0.1111111111111111, 2.712842284752413, 8.140284962717939, 0.0, 0.1111111111111111], "(4, 1, 0.0)": [0.0, 0.0, 0.0, 0.0, 0.0, 0.0, 2.712842284752413, 0.0, 0.0], "(2, 1, 0.0)": [0.0, 0.0, 0.0, 0.0, 0.0, 0.0, 4.525232577457323, 0.0, 0.0]}, "state_action_visits": {"(3, 0, 200.0)": 655, "(3, 1, 300.0)": 561, "(3, 0, 300.0)": 819, "(3, 1, 200.0)": 558, "(3, 0, 400.0)": 29, "(1, 0, 200.0)": 42096, "(1, 1, 300.0)": 27262, "(1, 0, 300.0)": 54736, "(4, 1, 300.0)": 19, "(1, 1, 200.0)": 29001, "(2, 1, 300.0)": 44, "(0, 1, 300.0)": 27975, "(2, 0, 200.0)": 72,