{"timestamp": 1764174782, "iso": "2025-11-26T16:33:02Z", "episode": 73, "games_in_episode": 10, "stats": {"total_messages": 56868, "total_updates": 56567, "total_reward": -1722.8249999998716, "action_counts": [6025, 6218, 6168, 6301, 5921, 6360, 6373, 7016, 6486], "state_visits": {"(3, 0, 200.0)": 108, "(3, 1, 300.0)": 89, "(3, 0, 300.0)": 164, "(3, 1, 200.0)": 87, "(3, 0, 400.0)": 3, "(1, 0, 200.0)": 5458, "(1, 1, 300.0)": 4193, "(1, 0, 300.0)": 9761, "(4, 1, 300.0)": 9, "(1, 1, 200.0)": 4454, "(2, 1, 300.0)": 5, "(0, 1, 300.0)": 4067, "(2, 0, 200.0)": 7, "(0, 0, 200.0)": 4870, "(0, 0, 300.0)": 10225, "(2, 1, 200.0)": 3, "(0, 1, 200.0)": 4799, "(2, 0, 300.0)": 5, "(3, 0, 0.0)": 12, "(1, 0, 0.0)": 753, "(4, 0, 0.0)": 1, "(2, 0, 0.0)": 7, "(0, 0, 0.0)": 939, "(3, 1, 100.0)": 40, "(1, 1, 100.0)": 2018, "(0, 1, 100.0)": 2029, "(3, 0, 100.0)": 16, "(1, 0, 100.0)": 1211, "(0, 0, 100.0)": 1231, "(4, 0, 200.0)": 2, "(2, 0, 100.0)": 1}, "state_action_prob_sums": {"(3, 0, 200.0)": [43.02822834060002, 0.1111111111111111, 0.1111111111111111, 10.729279307372224, 0.2222222222222222, 0.1111111111111111, 34.30938447334536, 0.2222222222222222, 0.0], "(3, 1, 300.0)": [18.77623878790139, 0.1111111111111111, 4.581644155849537, 25.479429494979623, 0.0, 13.522710245326392, 9.052177200587963, 0.0, 1.0052177200587964], "(3, 0, 300.0)": [10.729279307372224, 0.3333333333333333, 11.062612640705556, 5.697972987019443, 0.0, 5.586861875908332, 85.2734611833634, 0.3333333333333333, 12.739714747489817], "(3, 1, 200.0)": [0.8941066089476852, 0.0, 7.375075093803702, 23.580105165973144, 0.1111111111111111, 26.262424992816197, 6.258746262633796, 0.1111111111111111, 5.364639653686111], "(3, 0, 400.0)": [0.0, 0.0, 1.7882132178953705, 0.8941066089476852, 0.0, 0.0, 0.0, 0.0, 0.0], "(1, 0, 200.0)": [462.86760629203565, 311.4250383264815, 492.7221108808202, 717.2487631177463, 296.01343919226554, 440.63126989951314, 542.7920809818917, 444.42991855752496, 639.9111503037993], "(1, 1, 300.0)": [493.73254632093784, 211.86152456013048, 551.3998137380354, 467.8086723815131, 240.02849160201183, 397.28014366569613, 320.3921930162525, 346.8768402312904, 314.1282290335599], "(1, 0, 300.0)": [943.532322252215, 1023.4515792220128, 690.394258528962, 870.4273671006076, 867.3006028293196, 967.7947472450322, 944.9872021367769, 741.7975619633668, 759.2352496978765], "(4, 1, 300.0)": [7.152852871581481, 0.0, 0.0, 0.0, 0.1111111111111111, 0.0, 0.0, 0.0, 0.0], "(1, 1, 200.0)": [388.894633131775, 367.4465099571475, 458.75649518092484, 313.9112245313964, 331.8940323813437, 325.52417500759907, 282.15217789354705, 629.525639769878, 462.54470839882015], "(2, 1, 300.0)": [3.576426435790741, 0.0, 0.0, 0.0, 0.0, 0.1111111111111111, 0.0, 0.0, 0.0], "(0, 1, 300.0)": [507.5938076196559, 296.2513145746644, 445.0063449933168, 296.70097673916763, 369.4569453972653, 332.4548056569582, 398.5128013280364, 383.08554903364427, 262.2752634346518], "(2, 0, 200.0)": [4.470533044738426, 0.0, 0.0, 0.0, 0.0, 0.0, 0.8941066089476852, 0.0, 0.1111111111111111], "(0, 0, 200.0)": [326.524175007599, 723.0578472158775, 317.4772155270697, 425.65367976962455, 533.0732371146363, 401.5284544882125, 405.54932536844757, 471.60732103952614, 336.8194453106442], "(0, 0, 300.0)": [635.2721112273008, 911.6725999433717, 750.5216235506798, 797.2217362780066, 807.4058954699418, 942.9715489766004, 962.4196721512285, 1241.6135918052262, 1228.8582238975605], "(2, 1, 200.0)": [0.0, 0.0, 0.0, 0.0, 0.0, 0.0, 2.682319826843056, 0.0, 0.0], "(0, 1, 200.0)": [435.6103990192778, 386.8789799715986, 461.31726845653935, 352.4689198272588, 465.5655792790554, 503.9010523526956, 420.0720356137742, 488.14046672497034, 379.3980114867422], "(2, 0, 300.0)": [0.0, 0.0, 0.0, 0.0, 0.0, 0.0, 0.0, 0.0, 4.470533044738426], "(3, 0, 0.0)": [0.0, 0.1111111111111111, 0.0, 0.0, 0.0, 0.0, 1.8993243290064816, 0.0, 7.152852871581481], "(1, 0, 0.0)": [39.44658418475048, 29.161749321822672, 76.77683953833103, 140.03096883133537, 76.77683953833105, 77.78205725838986, 2.33855105339213, 103.26148675336933, 53.302627763410236], "(4, 0, 0.0)": [0.8941066089476852, 0.0, 0.0, 0.0, 0.0, 0.0, 0.0, 0.0, 0.0], "(2, 0, 0.0)": [5.364639653686111, 0.0, 0.0, 0.1111111111111111, 0.0, 0.0, 0.0, 0.0, 0.0], "(0, 0, 0.0)": [32.51595353539119, 127.85202735945995, 40.56291301592039, 53.080405541188014, 121.5880633767674, 43.68967728720792, 97.22496271295782, 84.59635907657919, 158.91831873034778], "(3, 1, 100.0)": [10.729279307372224, 0.1111111111111111, 24.140878441587496, 0.0, 0.0, 0.0, 0.0, 0.0, 0.0], "(1, 1, 100.0)": [59.55093858592649, 123.36584115454524, 134.55000034647938, 133.2062315730285, 285.08802626296523, 178.13378424263476, 131.97879163074745, 242.95912225137096, 333.03644981280786], "(0, 1, 100.0)": [149.7445949785312, 301.8590473308082, 198.24857408392816, 182.1546551228699, 152.5432436365441, 195.1218098126407, 178.25011307380464, 169.63194487754362, 113.41955734500961], "(3, 0, 100.0)": [7.152852871581481, 0.0, 6.258746262633796, 0.0, 0.0, 0.1111111111111111, 0.0, 0.0, 0.0], "(1, 0, 100.0)": [56.5405031458089, 28.3787538239861, 69.1691067821876, 66.82012028867791, 135.33299584431597, 175.45668213585049, 181.49320617626202, 189.9846101012356, 50.392867994286185], "(0, 0, 100.0)": [116.00120150085911, 112.42477506506836, 213.4588218761563, 139.02053339121775, 15.633821356437501, 71.29587105347504, 106.05491769132351, 150.76024813870754, 86.49568340558562], "(4, 0, 200.0)": [0.0, 0.0, 0.0, 0.0, 0.0, 0.0, 1.7882132178953705, 0.0, 0.0], "(2, 0, 100.0)": [0.0, 0.0, 0.1111111111111111, 0.0, 0.0, 0.0, 0.0, 0.0, 0.0]}, "state_action_visits": {"(3, 0, 200.0)": 109, "(3, 1, 300.0)": 89, "(3, 0, 300.0)": 164, "(3, 1, 200.0)": 87, "(3, 0, 400.0)": 3, "(1, 0, 200.0)": 5462, "(1, 1, 300.0)": 4194, "(1, 0, 300.0)": 9761, "(4, 1, 300.0)": 9, "(1, 1, 200.0)": 4457, "(2, 1, 300.0)": 5, "(0, 1, 300.0)": 4105, "(2, 0, 200.0)": 7, "(0, 0, 200.0)": 4916, "(0, 0, 300.0)": 10332, "(2, 1, 200.0)": 3, "(0, 1, 200.0)": 4851, "(2, 0, 300.0)": 5, "(3, 0, 0.0)": 12, "(1, 0, 0.0)": 753, "(4, 0, 0.0)": 1, "(2, 0, 0.0)": 7, "(0, 0, 0.0)": 949, "(3, 1, 100.0)": 40, "(1, 1, 100.0)": 2018, "(0, 1, 100.0)": 2049, "(3, 0, 100.0)": 16, "(1, 0, 100.0)": 1211, "(0, 0, 100.0)": 1250, "(4, 0, 200.0)": 2, "(2, 0, 100.0)": 1}}, "meta": {"recent_avg_return": 0.0, "epsilon": 0.11913006493385415, "q_summary": {"(3, 0, 400.0)": [52.83197170002576, 10.69407290186426, 69.43964444245131, 60.13463393677649, 18.246687907486056, 59.67130998016156, 54.34557722328751, 8.74019168442536, 56.902241221546674], "(3, 0, 300.0)": [53.46077378576996, -0.07849608241680461, 48.225752617492745, 52.30989622470398, 19.774468682321857, 47.233590607904745, 52.3883964346429, 22.04000416219553, 48.849899846006906], "(3, 0, 100.0)": [66.95539564796596, 26.017017495836754, 61.855264896001216, 55.56896081713066, 7.7076726026271665, 60.85696595599558, 55.48461271907881, 11.96776696294748, 57.9108307406735], "(3, 1, 400.0)": [58.59105836710246, 42.195771587000415, 69.53838935081583, 60.283042037910604, 8.48867271034283, 62.8287969949461, 61.53915214429746, 19.70564923364344, 65.41114339065965], "(3, 1, 100.0)": [69.49901977361333, 8.538626708421937, 87.8986362615008, 61.178077813838485, 9.896434004653653, 87.13278845130904, 62.27856986935333, 14.270357103776366, 81.7264453642191], "(3, 1, 300.0)": [54.68314488915605, 27.533707148919422, 52.671286961837154, 67.39278935432515, 28.834305559117468, 54.20614446568891, 74.59204088248353, 9.818569654232942, 56.653048839562544], "(1, 1, 300.0)": [5.231959741191096, 5.286729173780268, 5.178104382347898, 5.285906853767056, 8.391445434225881, 5.473356015103967, 2.828950194830237, 2.726333381391166, 2.8540439032553007], "(1, 0, 300.0)": [0.3106906810377625, 0.4002734848227152, 0.5796363511816596, 0.10912660448398265, 0.43192363057189953, 0.4098550292039578, 0.3381805443514336, 0.2140428025950878, 0.10655818670527761],