{"timestamp": 1764136987, "iso": "2025-11-26T06:03:07Z", "episode": 16, "games_in_episode": 10, "stats": {"total_messages": 48383, "total_updates": 48119, "total_reward": -1708.0249999986656, "action_counts": [5634, 5259, 5510, 5176, 5319, 5140, 5503, 5310, 5532], "state_visits": {"(3, 0, 100.0)": 25, "(3, 1, 300.0)": 68, "(3, 0, 300.0)": 91, "(3, 0, 200.0)": 50, "(3, 1, 200.0)": 105, "(1, 1, 300.0)": 4023, "(1, 0, 300.0)": 6587, "(1, 0, 200.0)": 4090, "(1, 1, 200.0)": 6124, "(1, 0, 100.0)": 1648, "(0, 0, 100.0)": 1309, "(0, 1, 300.0)": 4284, "(0, 0, 300.0)": 6289, "(0, 0, 200.0)": 4395, "(0, 1, 200.0)": 5227, "(3, 1, 0.0)": 4, "(3, 1, 100.0)": 29, "(3, 0, 400.0)": 5, "(4, 1, 200.0)": 1, "(1, 1, 100.0)": 1699, "(2, 1, 200.0)": 3, "(1, 1, 0.0)": 210, "(2, 1, 300.0)": 3, "(0, 1, 0.0)": 306, "(0, 1, 100.0)": 1209, "(4, 1, 300.0)": 1, "(2, 0, 200.0)": 1, "(3, 1, 400.0)": 1, "(3, 0, 0.0)": 1, "(4, 1, 100.0)": 1, "(1, 0, 0.0)": 179, "(2, 1, 100.0)": 1, "(2, 0, 300.0)": 2, "(0, 0, 0.0)": 146, "(4, 0, 300.0)": 1, "(2, 0, 100.0)": 1}, "state_action_prob_sums": {"(3, 0, 400.0)": [4.104636548489063, 0.8888888888888891, 4.769754956799999, 6.25716924778611, 0.6666666666666667, 6.763216853771, 3.4887111111111113, 0.4444444444444444, 1.9923980088888888], "(3, 0, 300.0)": [94.95543506308466, 9.444444444444427, 184.25366250786945, 108.2917474555235, 9.99999999999998, 146.55056502002486, 107.03763619984342, 12.444444444444416, 123.87912959295637], "(3, 0, 100.0)": [41.53396973864013, 3.222222222222223, 32.491327832410164, 81.10102983891656, 2.1111111111111116, 26.059879605103646, 33.082856907076554, 4.5555555555555545, 15.163938034044246], "(3, 1, 400.0)": [3.128888888888889, 0.3333333333333333, 3.643200224167709, 0.1111111111111111, 0.3333333333333333, 6.753806752629087, 0.3333333333333333, 0.2222222222222222, 0.0], "(3, 1, 100.0)": [67.64492675914015, 3.4444444444444455, 8.05240625676158, 33.158582639314915, 3.4444444444444455, 14.796687233712898, 49.41176011564553, 2.6666666666666674, 13.304164700676914], "(3, 1, 300.0)": [85.04074699554431, 6.1111111111111045, 51.95105112723819, 51.50538349269494, 5.777777777777772, 62.7304939497227, 58.065690841831916, 4.444444444444444, 111.18841572686574], "(1, 1, 300.0)": [2717.0185125829566, 2772.2947901836123, 3189.8539753172063, 3124.6073061443053, 3058.0346998986247, 2645.8074919608553, 2816.889760003731, 2859.1537451429376, 2867.2900547190975], "(1, 0, 300.0)": [5521.160704267895, 6004.669854417872, 5495.337809792443, 5843.054539295696, 5530.307893742824, 6463.869634932002, 6048.824101008581, 6179.369430546789, 6571.887676177821], "(1, 0, 100.0)": [1748.4755270376031, 1789.6883367852697, 2178.4392905792974, 1905.7726100822383, 1924.0666205246812, 1851.2089998893312, 1912.2546216482879, 2068.151237158453, 1913.620350367081], "(1, 1, 100.0)": [1328.7291200479638, 1316.988601769055, 1150.6127958741695, 1189.0404327753151, 1348.4585626349283, 1318.6690793015073, 1328.8093594415918, 1277.4498023587248, 1085.1678173326804], "(2, 1, 300.0)": [7.499395555555553, 0.6666666666666667, 0.2222222222222222, 6.174165777671153, 0.0, 0.2222222222222222, 10.202321156607999, 0.1111111111111111, 0.2222222222222222], "(0, 1, 300.0)": [3216.144002264086, 2865.3382845753063, 3120.0137345300363, 3392.5464889878995, 3551.2198941508027, 3209.1916712717825, 4002.6265775469933, 3492.9113258217285, 3390.7085749287057], "(3, 1, 200.0)": [61.549489207343115, 5.222222222222219, 71.7869474789882, 78.57591363398488, 6.8888888888888795, 50.58950758977823, 62.963330400152785, 5.999999999999994, 66.21791745714465], "(1, 1, 200.0)": [2828.804391066589, 2913.3487764224424, 2761.0925348702895, 3307.1016585014427, 2969.38529227428, 2842.9266566857796, 2840.101997288818, 3081.053701237002, 2720.6212653031866], "(4, 1, 300.0)": [3.0744473567300274, 0.1111111111111111, 0.2222222222222222, 2.700542414988824, 0.0, 0.1111111111111111, 0.1111111111111111, 0.1111111111111111, 0.0], "(4, 0, 100.0)": [1.7018666666666669, 0.2222222222222222, 0.1111111111111111, 0.1111111111111111, 0.2222222222222222, 0.3333333333333333, 5.440014930654913, 0.0, 0.2222222222222222], "(2, 0, 100.0)": [10.828843233834327, 0.3333333333333333, 1.4533333333333336, 2.117969630600957, 0.2222222222222222, 0.5555555555555556, 0.1111111111111111, 0.4444444444444444, 0.0], "(0, 0, 300.0)": [5651.072642463976, 5417.60563366427, 5131.394061233754, 5473.036275914356, 5501.947018784348, 5324.171610531064, 6686.37117028318, 5954.799481409799, 6755.817123073025], "(3, 0, 200.0)": [69.45715276712161, 5.44444444444444, 98.28174975033214, 114.44785912482101, 6.99999999999999, 53.6570284666889, 103.44769363496026, 6.444444444444437, 40.181066299959554], "(0, 0, 100.0)": [2665.861601306245, 1689.8326998296789, 1539.833562248797, 2064.536908555636, 1562.4613833243727, 2026.102253339796, 1595.5055687100778, 1692.438848739446, 1648.9193136332474], "(1, 0, 200.0)": [3627.6495829714313, 3215.7699631834444, 3568.9830143637178, 3456.6418270429795, 4024.078763586294, 3155.246337250732, 3302.557559761882, 3536.086980355998, 3444.434105514093], "(0, 1, 200.0)": [3460.703212462796, 2970.4428023788837, 2802.658718009644, 2948.0827449059857, 2987.4048826689814, 3323.724680895989, 3011.6435531216807, 3142.184487017773, 3111.7267779739964], "(0, 0, 200.0)": [3120.784639109054, 3404.126224363883, 3383.24672601199, 3379.310947036987, 3167.305351726167, 3426.643498833112, 3084.931305135991, 3142.481093179399, 3293.734154331609], "(4, 1, 100.0)": [0.5982574236444446, 0.1111111111111111, 0.0, 0.0, 0.1111111111111111, 0.0, 1.399349910444626, 0.0, 0.0], "(2, 1, 100.0)": [8.134937557072902, 0.0, 0.1111111111111111, 1.7356727466666668, 0.3333333333333333, 0.3333333333333333, 0.0, 0.1111111111111111, 0.8122808177777778], "(0, 1, 100.0)": [1424.728982508175, 1177.0291820644702, 1411.6713787096448, 1268.300629761283, 1390.3574693354904, 1769.4162085637654, 1430.4037882790196, 1265.7201243704314, 1395.3293998377217], "(3, 0, 0.0)": [6.1566758769400005, 0.2222222222222222, 0.3333333333333333, 0.6666666666666667, 0.3333333333333333, 0.2222222222222222, 17.82054105962837, 0.2222222222222222, 0.6666666666666667], "(1, 0, 0.0)": [203.59490219418788, 170.29463182019137, 271.06889561309356, 292.32419497731763, 184.60862647557877, 219.68040581783953, 310.5024375729628, 180.05787223477904, 183.7625265802521], "(2, 1, 200.0)": [23.509388622534697, 0.1111111111111111, 0.1111111111111111, 1.145614151111111, 0.5555555555555556, 1.0000000000000002, 0.2222222222222222, 0.1111111111111111, 0.3333333333333333], "(3, 1, 0.0)": [10.638708302975909, 0.2222222222222222, 1.1111111111111114, 8.439487891889577, 0.3333333333333333, 0.4444444444444444, 9.06568741002087, 0.3333333333333333, 0.4444444444444444], "(1, 1, 0.0)": [217.3118963516479, 149.54751533132327, 142.21118189132656, 151.0324729084649, 177.6811663753103, 205.20290744176683, 208.8687175402684, 145.41894529399784, 201.85838319103954], "(4, 1, 0.0)": [0.5555555555555556, 0.0, 0.0, 0.0, 0.0, 0.0, 0.6512370116734223, 0.0, 0.5555555555555556], "(2, 1, 0.0)": [0.5555555555555556, 0.0, 0.0, 0.6512370116734223, 0.1111111111111111, 0.0, 0.1111111111111111, 0.0, 1.3107860663334243], "(0, 1, 0.0)": [131.44176548462679, 132.602723875707, 196.16887288039788, 100.76265054515343, 147.4853959347173, 121.46871035876845, 158.97588976449512, 141.46969014786882, 124.73551547787716], "(0, 0, 0.0)": [288.96351858441227, 239.0347602920843, 238.18328944796164, 244.28365754520084, 274.31584575640966, 158.4713557362284, 191.40834781320646, 215.6796613119493, 188.45357746422874], "(2, 0, 200.0)": [12.95747563336875, 0.2222222222222222, 0.6666666666666667, 19.1619080979051, 0.6666666666666667, 0.6666666666666667, 0.6666666666666667, 0.3333333333333333, 0.6666666666666667], "(2, 0, 300.0)": [6.486956832922029, 1.1111111111111114, 0.4444444444444444, 5.5221855993422615, 0.6666666666666667, 0.8888888888888891, 37.063232407034256, 0.7777777777777779, 0.2222222222222222],