{"timestamp": 1764143911, "iso": "2025-11-26T07:58:31Z", "episode": 50, "games_in_episode": 10, "stats": {"total_messages": 41758, "total_updates": 41538, "total_reward": -4037.549999997274, "action_counts": [4068, 4860, 4290, 5128, 5179, 4618, 4380, 4751, 4484], "state_visits": {"(3, 1, 100.0)": 25, "(3, 1, 200.0)": 45, "(3, 0, 300.0)": 98, "(3, 0, 200.0)": 94, "(3, 1, 300.0)": 58, "(3, 0, 400.0)": 9, "(1, 1, 100.0)": 857, "(1, 1, 200.0)": 2008, "(1, 0, 200.0)": 5288, "(1, 1, 300.0)": 3938, "(1, 0, 300.0)": 6895, "(1, 0, 100.0)": 1381, "(0, 0, 100.0)": 1624, "(0, 0, 200.0)": 5137, "(0, 0, 300.0)": 7171, "(0, 1, 300.0)": 4237, "(0, 1, 200.0)": 1707, "(3, 1, 400.0)": 3, "(4, 0, 300.0)": 2, "(2, 0, 300.0)": 14, "(4, 1, 300.0)": 3, "(2, 1, 300.0)": 5, "(2, 1, 200.0)": 1, "(0, 1, 100.0)": 724, "(2, 0, 200.0)": 4, "(3, 0, 100.0)": 9, "(3, 0, 0.0)": 1, "(1, 0, 0.0)": 100, "(0, 0, 0.0)": 100}, "state_action_prob_sums": {"(3, 0, 400.0)": [13.588199975776204, 1.7777777777777783, 40.425846909481585, 15.377470663096684, 1.3333333333333337, 60.523323547743836, 4.044266666666667, 1.2222222222222225, 17.94006916703783], "(3, 0, 300.0)": [443.4671111798761, 23.77777777777771, 602.6462622398603, 531.8167851959633, 23.222222222222157, 749.7100136074941, 381.6583491165288, 27.111111111111033, 633.9472839605402], "(3, 0, 100.0)": [115.88558484321966, 7.777777777777765, 287.47138768327875, 153.66682211139508, 5.777777777777772, 281.83901223996816, 72.01027061820278, 9.111111111111095, 126.0435314578021], "(3, 1, 400.0)": [5.411399061771984, 0.6666666666666667, 11.846864944282954, 8.054068241528155, 0.7777777777777779, 22.636702466879356, 6.325734734434093, 0.4444444444444444, 3.800213316927179], "(3, 1, 100.0)": [161.41102344940424, 9.111111111111095, 120.28832357915591, 206.83626325569406, 7.111111111111101, 121.38263044613221, 223.68761720481928, 6.333333333333326, 165.63055380284578], "(3, 1, 300.0)": [322.08096279654154, 14.222222222222188, 391.23120236502706, 174.79541821877197, 12.666666666666638, 430.8247189327573, 165.1764684693331, 12.555555555555527, 396.38907825975264], "(1, 1, 300.0)": [11485.482774729815, 11961.805573000938, 12689.149891908532, 12708.713450138892, 13254.232575733304, 12906.685258682262, 12960.329369940027, 12310.824888233587, 12359.443456352561], "(1, 0, 300.0)": [23504.112571823098, 24113.57333037598, 23585.228566217465, 23915.84698874122, 25023.574320819363, 24217.746207046737, 26847.04876445838, 28232.321038557668, 25043.17831079976], "(1, 0, 100.0)": [7564.403549462881, 7183.188561847547, 7393.789258481233, 7435.969131050451, 7312.117168424323, 7215.254013752911, 7541.280579022811, 7978.247440177265, 8113.821018571714], "(1, 1, 100.0)": [5562.764056290199, 5383.642094956284, 5577.956942562866, 6422.719957492897, 5997.207505685059, 5145.423094947778, 5977.978150137865, 6275.232897698584, 5356.032013136981], "(2, 1, 300.0)": [13.12793979397251, 1.3333333333333337, 17.46069177043969, 26.44438719809346, 0.1111111111111111, 0.6666666666666667, 30.29486958573859, 0.7777777777777779, 38.024700674018895], "(0, 1, 300.0)": [13653.559722715177, 12749.802029053102, 13076.336829051474, 12650.174430065254, 13002.924831354767, 13328.18137331041, 13851.944208078556, 14968.249061582463, 13762.382709294352], "(3, 1, 200.0)": [329.8346686855203, 11.999999999999973, 313.25480815122955, 246.28090307968927, 13.555555555555523, 246.12246279325998, 342.2316287103609, 13.888888888888856, 282.7290505849968], "(1, 1, 200.0)": [11375.499974602464, 12026.327986438337, 10558.269884535586, 11180.201813858293, 11357.939125277313, 10954.310016181409, 11169.271601641867, 11277.6636144836, 11603.355323021455], "(4, 1, 300.0)": [7.178930123079719, 0.3333333333333333, 0.4444444444444444, 28.115471849159647, 0.3333333333333333, 0.2222222222222222, 2.003020698333681, 0.1111111111111111, 0.4444444444444444], "(4, 0, 100.0)": [38.08517569589274, 0.5555555555555556, 0.2222222222222222, 0.3333333333333333, 0.5555555555555556, 0.4444444444444444, 5.440014930654913, 0.0, 0.4444444444444444], "(2, 0, 100.0)": [26.24979038959774, 0.6666666666666667, 1.5644444444444447, 50.18147120815987, 0.4444444444444444, 1.0000000000000002, 9.342331655606316, 0.4444444444444444, 0.5555555555555556], "(0, 0, 300.0)": [25703.429509158803, 24481.157461561743, 22736.95527845514, 23683.923114015044, 22644.757443925926, 25428.957324705196, 26217.954480383367, 25810.26742024077, 27156.101657600164], "(3, 0, 200.0)": [366.01832890641583, 16.444444444444404, 565.6027091015491, 320.64475836612445, 15.444444444444406, 362.6858614444916, 329.3051660853155, 15.444444444444406, 303.13987394897697], "(0, 0, 100.0)": [7947.709675153032, 8024.686750556103, 6697.966499755751, 7827.880314455036, 7736.428476820065, 7279.250797993856, 7629.629902818663, 6746.932365215799, 7495.201218651034], "(1, 0, 200.0)": [16080.331290521588, 15449.807696703443, 16702.621318652615, 15253.07210296155, 15965.905812050429, 15420.689512008123, 15028.166340502603, 15786.710292228625, 15044.3650092617], "(0, 1, 200.0)": [12514.599439890573, 12957.662983957296, 11711.427566149145, 12777.568129099694, 12336.721841854114, 12490.023828683026, 12561.791811056606, 11710.033266984019, 11032.296409752127], "(0, 0, 200.0)": [14728.523934470384, 15726.7925296827, 14867.545141304352, 14024.148572050352, 14171.721596868083, 15727.010532135979, 13066.792343635589, 13388.545511589846, 14054.31404640693], "(4, 1, 100.0)": [0.9315907569777779, 0.1111111111111111, 0.2222222222222222, 2.5950005733618253, 0.3333333333333333, 0.0, 23.81747090564576, 0.3333333333333333, 0.0], "(2, 1, 100.0)": [21.594978749161285, 0.3333333333333333, 0.4444444444444444, 1.9578949688888891, 0.5555555555555556, 0.4444444444444444, 21.96828913015632, 0.3333333333333333, 1.0345030400000002], "(0, 1, 100.0)": [6634.680965422445, 5653.076528577825, 6404.986478817837, 5754.830967499323, 6441.620038626648, 6766.185338222455, 6172.27560547466, 5629.999359391876, 5844.741711716227], "(3, 0, 0.0)": [69.98196451642913, 0.6666666666666667, 23.00072778682031, 2.8861001173532173, 1.7777777777777783, 9.845508171393057, 58.107954495187045, 0.8888888888888891, 2.0395111726651134], "(1, 0, 0.0)": [1298.7376388894609, 1090.5621025839994, 1004.7340307934558, 1230.916178466009, 1061.8079676288376, 1308.7490756257257, 1392.6254975254985, 973.8303511885568, 1028.4750160947733], "(2, 1, 200.0)": [53.79278862347118, 0.8888888888888891, 0.6666666666666667, 20.91344322941543, 1.4444444444444449, 1.555555555555556, 47.429733426238, 0.6666666666666667, 0.7777777777777779], "(3, 1, 0.0)": [29.27511320622331, 0.3333333333333333, 35.674276153726176, 11.141422737700774, 0.6666666666666667, 0.7777777777777779, 13.149392377357955, 0.6666666666666667, 0.8888888888888891], "(1, 1, 0.0)": [566.1160284546482, 593.0679858112113, 591.6481144660112, 529.6780595882304, 648.5992116344087, 799.4065746284878, 652.7391958062059, 636.6070324655934, 602.5786262000157], "(4, 1, 0.0)": [0.5555555555555556, 0.0, 0.0, 1.5527667840198838, 0.0, 0.0, 0.7623481227845335, 0.0, 0.5555555555555556], "(2, 1, 0.0)": [0.5555555555555556, 3.077585492259353, 0.0, 0.6512370116734223, 0.1111111111111111, 0.0, 0.1111111111111111, 0.0, 1.3107860663334243], "(0, 1, 0.0)": [580.427322421835, 682.3244993108642, 925.6746682779614, 532.1071189386498, 783.3985824524534, 665.7796937245529, 712.3576861689031, 656.6255391639927, 585.4730645062165], "(0, 0, 0.0)": [908.7506080066194, 853.9712545308022, 834.1900235697342, 1166.5284209023994, 1026.009513394126, 1111.8605454719132, 938.8449125421442, 1065.9722288657083, 981.643960891773], "(2, 0, 200.0)": [38.65583100409297, 0.8888888888888891, 4.449516384119169, 34.85638278282361, 1.4444444444444449, 11.408316431597502, 34.77624363527518, 1.0000000000000002, 20.482544954069315], "(2, 0, 300.0)": [63.496100879935305, 1.6666666666666672, 1.2222222222222225, 16.31210535547405, 1.6666666666666672, 27.7794995939091, 96.41391947829467, 1.555555555555556, 8.494057491334418],