{"timestamp": 1764142954, "iso": "2025-11-26T07:42:34Z", "episode": 45, "games_in_episode": 10, "stats": {"total_messages": 64340, "total_updates": 64005, "total_reward": 977.1250000036258, "action_counts": [6928, 7032, 7177, 6331, 7871, 7150, 6976, 8008, 6867], "state_visits": {"(3, 0, 100.0)": 86, "(3, 1, 200.0)": 83, "(3, 0, 300.0)": 151, "(3, 1, 300.0)": 99, "(1, 0, 100.0)": 4572, "(1, 1, 200.0)": 3747, "(1, 0, 300.0)": 8312, "(2, 0, 300.0)": 6, "(1, 1, 300.0)": 6438, "(0, 0, 300.0)": 7801, "(1, 0, 200.0)": 4996, "(0, 0, 100.0)": 4360, "(0, 1, 200.0)": 3409, "(0, 1, 300.0)": 6659, "(0, 0, 200.0)": 4594, "(3, 0, 200.0)": 109, "(3, 1, 100.0)": 62, "(1, 1, 100.0)": 2516, "(4, 1, 200.0)": 2, "(2, 1, 200.0)": 3, "(0, 1, 100.0)": 3144, "(3, 0, 400.0)": 7, "(2, 1, 100.0)": 3, "(4, 0, 300.0)": 7, "(4, 1, 100.0)": 2, "(2, 0, 100.0)": 4, "(4, 0, 100.0)": 1, "(1, 1, 0.0)": 468, "(0, 1, 0.0)": 1362, "(3, 1, 400.0)": 2, "(3, 1, 0.0)": 5, "(1, 0, 0.0)": 827, "(0, 0, 0.0)": 143, "(3, 0, 0.0)": 21, "(2, 1, 300.0)": 1, "(4, 0, 0.0)": 1, "(2, 0, 0.0)": 1, "(2, 0, 200.0)": 1}, "state_action_prob_sums": {"(3, 0, 400.0)": [13.477088864665093, 1.4444444444444449, 29.585815288000354, 15.377470663096684, 1.2222222222222225, 43.09432134844795, 4.044266666666667, 1.2222222222222225, 15.366128541624617], "(3, 0, 300.0)": [400.37415856321564, 21.666666666666607, 522.9984699461492, 418.0642131847064, 21.666666666666607, 677.0247859332786, 336.37777111595426, 26.111111111111036, 487.8053261234056], "(3, 0, 100.0)": [115.4411403987752, 7.444444444444433, 258.12738214921427, 143.99665187827057, 5.666666666666662, 249.41886671422253, 71.56582617375832, 8.999999999999984, 110.90848798586032], "(3, 1, 400.0)": [5.411399061771984, 0.6666666666666667, 6.847914460557413, 4.742003144423971, 0.6666666666666667, 22.636702466879356, 2.2102754675499674, 0.4444444444444444, 3.800213316927179], "(3, 1, 100.0)": [143.77700419424377, 8.33333333333332, 115.79762451878088, 195.73547492137936, 6.444444444444437, 117.20996887150714, 169.54004864983168, 6.222222222222215, 127.83037086975918], "(3, 1, 300.0)": [293.19405880118364, 13.222222222222191, 314.6366163544874, 144.01924182492434, 12.111111111111084, 429.82471893275755, 163.7320240248886, 11.666666666666641, 289.97183864588015], "(1, 1, 300.0)": [9819.27845870704, 10561.394534977177, 10776.047921770594, 11213.242582027156, 11450.351337158889, 11225.009147350218, 11062.979966242732, 10408.024816693214, 10709.965543677008], "(1, 0, 300.0)": [20344.84856425585, 20474.527645559512, 20404.747799152505, 20955.280522169425, 21382.5220427232, 21005.958112231183, 23209.078084823614, 24555.71463762595, 22181.20214907131], "(1, 0, 100.0)": [6888.2082393502305, 6629.135961876947, 6606.775380628728, 6835.043929991526, 6691.662900104345, 6509.162055040869, 6954.570952128423, 7360.826177542543, 7583.578373754401], "(1, 1, 100.0)": [4768.315539849717, 4655.334902187066, 4639.0536320247575, 5850.800141301916, 5208.005203000936, 4764.715837610099, 5315.2292755324015, 5428.966784274208, 4624.391235238843], "(2, 1, 300.0)": [12.794606460639178, 1.3333333333333337, 17.46069177043969, 21.400454785235507, 0.1111111111111111, 0.6666666666666667, 12.065204878990228, 0.7777777777777779, 37.80247845179667], "(0, 1, 300.0)": [11679.933058692277, 11038.646603643567, 11266.285772992689, 10957.694798778064, 11596.642141172886, 11164.860721068284, 11848.451471386245, 12811.257601662495, 11783.858920785138], "(3, 1, 200.0)": [274.4121955883955, 11.222222222222198, 293.42044215797785, 245.61423641302258, 13.11111111111108, 185.27662062222788, 239.1366802451452, 12.888888888888859, 279.91519549024446], "(1, 1, 200.0)": [9873.554244312774, 10788.962053204486, 9205.529387006196, 9735.965582332587, 9543.706915292249, 9893.754385470513, 9556.008009663914, 10133.3348466139, 10210.956980190376], "(4, 1, 300.0)": [3.7591932384275184, 0.2222222222222222, 0.3333333333333333, 24.80347694233226, 0.3333333333333333, 0.1111111111111111, 0.2222222222222222, 0.1111111111111111, 0.4444444444444444], "(4, 0, 100.0)": [35.608235071045016, 0.4444444444444444, 0.2222222222222222, 0.3333333333333333, 0.5555555555555556, 0.4444444444444444, 5.440014930654913, 0.0, 0.4444444444444444], "(2, 0, 100.0)": [26.24979038959774, 0.6666666666666667, 1.4533333333333336, 36.89881901656684, 0.4444444444444444, 0.8888888888888891, 9.342331655606316, 0.4444444444444444, 0.5555555555555556], "(0, 0, 300.0)": [22147.923689635703, 21539.519024385954, 20241.13615107239, 20957.145513568365, 19928.454754188922, 21191.947984193674, 22761.58442691558, 22613.173576417044, 22818.003086820263], "(3, 0, 200.0)": [284.70171768122515, 15.222222222222184, 555.810543967046, 269.4812159798253, 14.888888888888852, 270.6949661817141, 284.1692356294957, 14.66666666666663, 258.63794188605664], "(0, 0, 100.0)": [7276.741824216783, 7390.922920804393, 6285.765767671369, 7155.141707704933, 7076.431581210991, 6779.39578691162, 6852.834608371193, 6263.456109804996, 6673.2242968383725], "(1, 0, 200.0)": [14350.580610427493, 13798.498576450627, 14065.59817699435, 13068.030627089212, 14092.878029391042, 13752.913794800057, 13406.19417863222, 13965.767309278453, 13172.188021092172], "(0, 1, 200.0)": [11147.030075841581, 11030.987871610672, 10109.076029871794, 10742.563163033137, 11132.681688858096, 10747.788513935064, 10727.44951057046, 10266.83150282628, 9721.684250892258], "(0, 0, 200.0)": [13428.868755729038, 13893.418172387172, 12657.675936982687, 12506.201576457875, 12802.66191553599, 14087.015124375632, 11915.881375293353, 11745.214514232224, 12383.461780963466], "(4, 1, 100.0)": [0.8204796458666668, 0.1111111111111111, 0.2222222222222222, 0.1111111111111111, 0.3333333333333333, 0.0, 23.81747090564576, 0.3333333333333333, 0.0], "(2, 1, 100.0)": [19.82092134723349, 0.3333333333333333, 0.4444444444444444, 1.9578949688888891, 0.5555555555555556, 0.4444444444444444, 12.763409853685346, 0.3333333333333333, 1.0345030400000002], "(0, 1, 100.0)": [5452.041244666549, 5033.050871967222, 5630.572895339536, 5223.730858483394, 5781.322755133214, 5828.579972910692, 5376.991122686143, 5089.926680078408, 4961.0179390396515], "(3, 0, 0.0)": [62.51604320612315, 0.6666666666666667, 18.8433620597786, 2.774989006242106, 1.7777777777777783, 9.845508171393057, 54.77869137646186, 0.8888888888888891, 2.0395111726651134], "(1, 0, 0.0)": [1281.8854618447751, 944.1754574263816, 901.3470262654243, 1187.44631276758, 984.6569735820764, 1170.624119850935, 1268.5510361177137, 920.2735415257711, 907.4360668386265], "(2, 1, 200.0)": [43.70062923036817, 0.7777777777777779, 0.5555555555555556, 20.91344322941543, 1.3333333333333337, 1.4444444444444449, 32.49158094004727, 0.5555555555555556, 0.7777777777777779], "(3, 1, 0.0)": [22.66144279571245, 0.3333333333333333, 33.08615422749054, 11.141422737700774, 0.5555555555555556, 0.7777777777777779, 13.149392377357955, 0.6666666666666667, 0.8888888888888891], "(1, 1, 0.0)": [527.6530086147177, 442.2943761453611, 545.4988278032347, 472.379519212418, 632.2384365234649, 720.1284318945578, 539.7967017343057, 509.44796409577845, 559.6158646018795], "(4, 1, 0.0)": [0.5555555555555556, 0.0, 0.0, 1.5527667840198838, 0.0, 0.0, 0.7623481227845335, 0.0, 0.5555555555555556], "(2, 1, 0.0)": [0.5555555555555556, 3.077585492259353, 0.0, 0.6512370116734223, 0.1111111111111111, 0.0, 0.1111111111111111, 0.0, 1.3107860663334243], "(0, 1, 0.0)": [548.2331816486268, 575.5014984921985, 896.4104072241129, 495.8583426457198, 734.4598141045486, 591.7108500690405, 626.773157655672, 636.0252057059973, 557.5409677086047], "(0, 0, 0.0)": [892.8409240681538, 812.4690505628122, 752.0728047304834, 1020.510833447646, 1011.3730966208992, 868.039615895883, 903.0206213087605, 996.1305283759207, 926.1872341408642], "(2, 0, 200.0)": [38.65583100409297, 0.8888888888888891, 4.449516384119169, 34.63416056060138, 1.3333333333333337, 11.408316431597502, 34.77624363527518, 0.8888888888888891, 8.05635089611174],