{"timestamp": 1764143322, "iso": "2025-11-26T07:48:42Z", "episode": 47, "games_in_episode": 10, "stats": {"total_messages": 49884, "total_updates": 49619, "total_reward": -816.5250000002704, "action_counts": [5537, 5160, 6424, 5129, 5002, 5766, 5939, 5294, 5633], "state_visits": {"(3, 1, 300.0)": 77, "(3, 0, 200.0)": 112, "(3, 0, 300.0)": 98, "(3, 0, 400.0)": 7, "(3, 0, 100.0)": 24, "(3, 1, 200.0)": 56, "(3, 1, 100.0)": 21, "(1, 1, 300.0)": 4751, "(1, 0, 200.0)": 6250, "(1, 0, 300.0)": 7176, "(2, 0, 300.0)": 7, "(1, 1, 200.0)": 3617, "(1, 1, 100.0)": 1115, "(0, 0, 300.0)": 6938, "(1, 0, 100.0)": 1307, "(0, 1, 300.0)": 4882, "(0, 0, 200.0)": 5268, "(0, 1, 100.0)": 1179, "(0, 1, 200.0)": 4989, "(2, 1, 100.0)": 5, "(3, 0, 0.0)": 2, "(1, 0, 0.0)": 80, "(4, 1, 300.0)": 4, "(2, 1, 300.0)": 12, "(1, 1, 0.0)": 120, "(0, 0, 100.0)": 1290, "(0, 1, 0.0)": 199, "(4, 0, 300.0)": 2, "(4, 0, 200.0)": 3, "(2, 0, 200.0)": 5, "(4, 0, 100.0)": 1, "(2, 0, 100.0)": 1, "(2, 1, 200.0)": 16, "(3, 1, 400.0)": 4, "(3, 1, 0.0)": 1}, "state_action_prob_sums": {"(3, 0, 400.0)": [13.477088864665093, 1.6666666666666672, 37.10690176144568, 15.377470663096684, 1.2222222222222225, 45.55715086275004, 4.044266666666667, 1.2222222222222225, 17.82895805592672], "(3, 0, 300.0)": [436.2804064024327, 22.444444444444382, 531.555559540108, 439.45509866261847, 22.444444444444382, 678.4012846602681, 367.6881121233291, 26.55555555555548, 538.6354735252596], "(3, 0, 100.0)": [115.77447373210855, 7.444444444444433, 258.12738214921427, 146.5705925036838, 5.777777777777772, 270.94970415061675, 71.78804839598055, 8.999999999999984, 111.24182131919366], "(3, 1, 400.0)": [5.411399061771984, 0.6666666666666667, 6.847914460557413, 5.566527452429323, 0.6666666666666667, 22.636702466879356, 6.325734734434093, 0.4444444444444444, 3.800213316927179], "(3, 1, 100.0)": [161.188801227182, 8.44444444444443, 115.90873562989199, 197.48847237535855, 6.444444444444437, 120.93818600168775, 190.88815224368798, 6.222222222222215, 127.9414819808703], "(3, 1, 300.0)": [321.414296129875, 14.111111111111077, 325.0864636061074, 174.3509737743275, 12.555555555555527, 430.60249671053515, 164.28757958044417, 11.999999999999973, 302.8952588215163], "(1, 1, 300.0)": [10359.08493518711, 10997.231396624651, 11725.087519651337, 11840.054518378236, 11986.325647670841, 11659.247192171131, 11926.161410238978, 11006.616036328549, 11306.857674661767], "(1, 0, 300.0)": [21483.40187915911, 21335.770961323717, 21302.159552744884, 22084.65238330903, 22376.026641625227, 21839.278520879445, 24034.54474480703, 25822.13754949719, 23151.700002882684], "(1, 0, 100.0)": [6928.573256180189, 6730.157088577778, 6902.097753093138, 7000.536097990316, 6762.377650443966, 6747.136870643949, 7107.5843361508105, 7495.653184381194, 7758.1687664790325], "(1, 1, 100.0)": [4968.860782287144, 4772.9254918073775, 5001.46396005139, 5946.544178203155, 5303.1759704185515, 4858.982720450752, 5490.895255634611, 5681.063133093117, 4865.800518895854], "(2, 1, 300.0)": [12.905717571750289, 1.3333333333333337, 17.46069177043969, 26.44438719809346, 0.1111111111111111, 0.6666666666666667, 18.661399343033047, 0.7777777777777779, 37.91358956290778], "(0, 1, 300.0)": [12485.920742944942, 11745.185759537157, 11877.541995706155, 11595.89551130426, 12179.731651851283, 11880.61017157296, 12439.983858798081, 13719.780528571016, 12293.548341755311], "(3, 1, 200.0)": [329.7235575744092, 11.666666666666641, 293.7537754913111, 246.05868085746704, 13.333333333333302, 216.0314060740477, 256.7420504077352, 13.555555555555523, 281.6753552173663], "(1, 1, 200.0)": [10654.082426228324, 11302.982376900283, 9875.413166375325, 10262.085377160482, 10323.671995869445, 10360.059445766876, 10389.757737518981, 10857.010531411617, 10857.9951656147], "(4, 1, 300.0)": [4.694828657543982, 0.2222222222222222, 0.3333333333333333, 26.452525558342963, 0.3333333333333333, 0.1111111111111111, 0.2222222222222222, 0.1111111111111111, 0.4444444444444444], "(4, 0, 100.0)": [37.2537025504844, 0.4444444444444444, 0.2222222222222222, 0.3333333333333333, 0.5555555555555556, 0.4444444444444444, 5.440014930654913, 0.0, 0.4444444444444444], "(2, 0, 100.0)": [26.24979038959774, 0.6666666666666667, 1.4533333333333336, 38.54428649600622, 0.4444444444444444, 0.8888888888888891, 9.342331655606316, 0.4444444444444444, 0.5555555555555556], "(0, 0, 300.0)": [23075.447958827328, 22346.73107383595, 21156.221987564117, 21746.93134556167, 20727.84141643437, 22145.30534445472, 23811.716294841117, 23773.538399693047, 24073.671179566816], "(3, 0, 200.0)": [323.458037171448, 15.666666666666627, 557.0795127194957, 292.1555865112726, 15.222222222222184, 318.026185071354, 297.04251989313263, 15.111111111111073, 261.32299362258084], "(0, 0, 100.0)": [7394.092285932008, 7556.781131752643, 6401.621265520558, 7289.455844994686, 7295.131066480418, 6853.6416001152, 7047.059403860586, 6390.510679468411, 6999.344236638677], "(1, 0, 200.0)": [15191.174014679706, 14483.31623177284, 14948.456422129766, 13803.176591306395, 14751.422593232694, 14450.985101881675, 14036.859000751567, 14608.54148304295, 13863.85613157494], "(0, 1, 200.0)": [11904.836373676173, 12097.694701141087, 11145.472614272081, 11662.937695631304, 11640.584539861491, 11475.556157754618, 11602.130074833696, 11045.71015673893, 10238.320721833083], "(0, 0, 200.0)": [13823.916300637924, 14584.933252771487, 13686.691003358277, 12905.28627501606, 13347.307720257357, 14834.016946560614, 12412.102084554886, 12224.155928514001, 13048.83560077848], "(4, 1, 100.0)": [0.8204796458666668, 0.1111111111111111, 0.2222222222222222, 0.9320542825451443, 0.3333333333333333, 0.0, 23.81747090564576, 0.3333333333333333, 0.0], "(2, 1, 100.0)": [19.9320324583446, 0.3333333333333333, 0.4444444444444444, 1.9578949688888891, 0.5555555555555556, 0.4444444444444444, 17.81092340311461, 0.3333333333333333, 1.0345030400000002], "(0, 1, 100.0)": [5597.397171393587, 5254.933282834005, 5842.930446841495, 5342.260664659387, 6020.311991159977, 6130.3162853835875, 5609.936905687029, 5122.010258953002, 5083.627488994216], "(3, 0, 0.0)": [64.16509182213386, 0.6666666666666667, 18.8433620597786, 2.774989006242106, 1.7777777777777783, 9.845508171393057, 54.77869137646186, 0.8888888888888891, 2.0395111726651134], "(1, 0, 0.0)": [1283.487763930558, 948.6135066168849, 918.8090550877607, 1199.545208635209, 988.8296351567011, 1211.0185527926512, 1302.9874839242857, 921.0980658337764, 941.7183340178324], "(2, 1, 200.0)": [43.811740341479286, 0.7777777777777779, 0.6666666666666667, 20.91344322941543, 1.3333333333333337, 1.555555555555556, 46.601699604392756, 0.5555555555555556, 0.7777777777777779], "(3, 1, 0.0)": [24.306910275151836, 0.3333333333333333, 33.90709739892457, 11.141422737700774, 0.5555555555555556, 0.7777777777777779, 13.149392377357955, 0.6666666666666667, 0.8888888888888891], "(1, 1, 0.0)": [539.2141587322485, 442.73882058980547, 546.0543833587901, 506.643880708767, 644.0039990577624, 745.735144340751, 543.5392434107715, 555.7215971680754, 581.7560705197982], "(4, 1, 0.0)": [0.5555555555555556, 0.0, 0.0, 1.5527667840198838, 0.0, 0.0, 0.7623481227845335, 0.0, 0.5555555555555556], "(2, 1, 0.0)": [0.5555555555555556, 3.077585492259353, 0.0, 0.6512370116734223, 0.1111111111111111, 0.0, 0.1111111111111111, 0.0, 1.3107860663334243], "(0, 1, 0.0)": [548.8998483152933, 649.8089580366783, 896.7437405574461, 520.6656946173059, 744.9777988284233, 592.5997389579292, 702.5826474619391, 636.914094594886, 572.3858905118716], "(0, 0, 0.0)": [893.174257401487, 815.2652134104475, 752.4061380638167, 1031.5164280096214, 1013.3483162971005, 932.7398499344023, 904.2860089246388, 1001.0561874045247, 926.4094563630864], "(2, 0, 200.0)": [38.65583100409297, 0.8888888888888891, 4.449516384119169, 34.745271671712494, 1.3333333333333337, 11.408316431597502, 34.77624363527518, 0.8888888888888891, 13.81727764243525],