{"timestamp": 1764140328, "iso": "2025-11-26T06:58:48Z", "episode": 32, "games_in_episode": 10, "stats": {"total_messages": 52858, "total_updates": 52584, "total_reward": -836.3999999988938, "action_counts": [6103, 5883, 5922, 5885, 6223, 5785, 5380, 5921, 5756], "state_visits": {"(3, 0, 300.0)": 152, "(3, 1, 300.0)": 106, "(3, 0, 200.0)": 71, "(3, 0, 400.0)": 6, "(3, 1, 400.0)": 3, "(3, 0, 100.0)": 54, "(1, 0, 300.0)": 8313, "(1, 1, 300.0)": 4930, "(1, 0, 200.0)": 5519, "(3, 1, 200.0)": 56, "(1, 0, 100.0)": 2423, "(3, 1, 100.0)": 90, "(1, 1, 100.0)": 2375, "(1, 1, 200.0)": 2266, "(0, 0, 300.0)": 8388, "(0, 0, 200.0)": 4918, "(0, 1, 300.0)": 5246, "(0, 1, 100.0)": 2426, "(0, 1, 200.0)": 2796, "(2, 1, 100.0)": 3, "(2, 1, 300.0)": 8, "(2, 1, 200.0)": 5, "(2, 0, 200.0)": 3, "(0, 0, 100.0)": 2409, "(4, 0, 300.0)": 5, "(2, 0, 300.0)": 10, "(4, 1, 300.0)": 2, "(4, 1, 100.0)": 1}, "state_action_prob_sums": {"(3, 0, 400.0)": [4.326858770711285, 1.2222222222222225, 24.093703221133186, 8.336340899308292, 1.0000000000000002, 28.637203725526195, 3.933155555555556, 1.0000000000000002, 7.063339570667784], "(3, 0, 300.0)": [236.51743879131524, 16.666666666666625, 320.4831759506222, 313.1331525329529, 16.888888888888847, 350.68941566176676, 224.38231620045312, 20.999999999999943, 278.66738700721356], "(3, 0, 100.0)": [63.71451749023403, 4.999999999999997, 167.19384143395004, 139.78207463267606, 4.333333333333333, 107.26209355089173, 38.69751324072997, 7.444444444444433, 83.88076307887737], "(3, 1, 400.0)": [5.3002879506608735, 0.6666666666666667, 5.96041995743636, 3.1759088105678797, 0.5555555555555556, 11.535950371681675, 1.2818754059959652, 0.3333333333333333, 3.689102205816068], "(3, 1, 100.0)": [128.00202224921352, 6.222222222222215, 32.59903559943215, 91.79125749760011, 5.222222222222219, 69.40188122801347, 112.72228661274916, 4.999999999999997, 64.8290161850527], "(3, 1, 300.0)": [180.7673542416349, 11.111111111111088, 168.0459157774331, 121.6853358755964, 8.888888888888873, 256.6281417063429, 118.94073533997188, 8.44444444444443, 187.04123786531395], "(1, 1, 300.0)": [6259.146254644452, 7130.8852414939465, 7067.976621447402, 7562.258131045597, 7596.246756970841, 6665.361649914735, 7179.127084928978, 7049.173507185318, 7118.284945200044], "(1, 0, 300.0)": [12573.504764903111, 13251.2546091972, 12011.268929691274, 12461.265169148388, 13414.712580069097, 13877.626198258677, 14783.365644988833, 15375.948073736648, 14356.40852936157], "(1, 0, 100.0)": [4432.790456954716, 4106.104517851102, 4285.150795828134, 4736.527766617183, 4578.848601482158, 4365.199321248769, 4377.597607679192, 4673.888872422455, 4545.034525168271], "(1, 1, 100.0)": [3068.9471628676674, 2930.051773960481, 2939.3998651665283, 3530.5091864779947, 3068.194133130858, 3210.50980686437, 3227.2600049746948, 3272.5386491614854, 2833.9644186043965], "(2, 1, 300.0)": [7.721617777777775, 1.1111111111111114, 14.27627172534319, 18.95985042259257, 0.0, 0.2222222222222222, 11.620760434545785, 0.4444444444444444, 0.5555555555555556], "(0, 1, 300.0)": [6858.6234811097365, 7007.780664548784, 7200.090029179629, 7303.7123880489235, 7519.986175437776, 7501.317408469777, 8084.051345247594, 8349.88623726182, 8270.739022475114], "(3, 1, 200.0)": [158.32977404997524, 8.44444444444443, 207.38184807188657, 129.7599057959719, 10.111111111111091, 150.50033840237037, 166.69775747570975, 10.222222222222202, 115.27484318001004], "(1, 1, 200.0)": [5904.285476809294, 7171.648207634936, 6455.401466239027, 6854.226727514671, 6433.1248057492685, 6607.408140391512, 6387.119126351681, 6567.348181824156, 6758.713540533258], "(4, 1, 300.0)": [3.7591932384275184, 0.2222222222222222, 0.2222222222222222, 11.31091993145545, 0.2222222222222222, 0.1111111111111111, 0.2222222222222222, 0.1111111111111111, 0.2222222222222222], "(4, 0, 100.0)": [14.849611691681647, 0.4444444444444444, 0.1111111111111111, 0.2222222222222222, 0.4444444444444444, 0.3333333333333333, 5.440014930654913, 0.0, 0.4444444444444444], "(2, 0, 100.0)": [15.016260847548496, 0.5555555555555556, 1.4533333333333336, 19.55711015907216, 0.3333333333333333, 0.8888888888888891, 9.008998322272983, 0.4444444444444444, 0.5555555555555556], "(0, 0, 300.0)": [13497.15646516781, 13173.652356902558, 12414.812248410404, 12926.312543367056, 11443.409058358171, 12860.432743168949, 15015.079590103887, 14314.59388962065, 15429.514133636554], "(3, 0, 200.0)": [153.7200657883851, 10.999999999999977, 320.42475245017994, 196.3301082939716, 11.999999999999973, 166.94685059594065, 203.31563777081777, 11.44444444444442, 150.32025687956136], "(0, 0, 100.0)": [4837.429312533392, 4791.063597725034, 3848.7348624964784, 4512.79129054828, 4651.322008222001, 4418.1784355904165, 4161.465217307232, 3868.249556714177, 4350.909469331549], "(1, 0, 200.0)": [8599.367828199793, 9049.658896600009, 8876.887427242997, 8293.27484339576, 9417.22692466858, 8551.310691439676, 8425.841437399384, 8927.155758786663, 8630.784475203107], "(0, 1, 200.0)": [8709.345958440088, 7230.400610840864, 6467.020851409877, 7109.6063376915035, 7038.11336927774, 7210.116229276073, 6933.7057943592945, 6917.184882221715, 6371.993582475936], "(0, 0, 200.0)": [8597.415522293446, 8539.949370346525, 7991.501535488366, 8602.527776542778, 8182.863745967479, 8430.182549264262, 7599.834582278304, 7730.629398047698, 7464.9948914939205], "(4, 1, 100.0)": [0.7093685347555556, 0.1111111111111111, 0.0, 0.0, 0.1111111111111111, 0.0, 7.8422034858521155, 0.0, 0.0], "(2, 1, 100.0)": [19.82092134723349, 0.1111111111111111, 0.3333333333333333, 1.7356727466666668, 0.5555555555555556, 0.4444444444444444, 0.8735223853356497, 0.3333333333333333, 0.923391928888889], "(0, 1, 100.0)": [3527.499964186627, 3144.417435857832, 3291.6816751495467, 3289.6957855779897, 3334.170727731047, 3773.382704995348, 3223.691637855437, 3079.8320993755933, 3297.253306769743], "(3, 0, 0.0)": [39.503512388510096, 0.6666666666666667, 0.6666666666666667, 0.7777777777777779, 1.2222222222222225, 0.4444444444444444, 34.64835770926882, 0.8888888888888891, 0.8888888888888891], "(1, 0, 0.0)": [569.0685401254885, 443.6114464737398, 598.3482102125724, 708.2773035737215, 563.6039665266401, 605.1243352645222, 734.3140782393031, 450.89222297507973, 596.8075280806165], "(2, 1, 200.0)": [42.787607187679704, 0.5555555555555556, 0.5555555555555556, 1.701169706666667, 1.2222222222222225, 1.2222222222222225, 17.9949013001683, 0.4444444444444444, 0.6666666666666667], "(3, 1, 0.0)": [10.74981941408702, 0.3333333333333333, 21.824999729266917, 8.77282122522291, 0.4444444444444444, 0.4444444444444444, 12.927170155135734, 0.6666666666666667, 0.6666666666666667], "(1, 1, 0.0)": [308.0840203645232, 297.8327114816371, 305.9439609978662, 364.08106063874135, 335.20469159709455, 381.89225230712043, 424.8745082850684, 303.63333738369624, 405.11172432324696], "(4, 1, 0.0)": [0.5555555555555556, 0.0, 0.0, 0.0, 0.0, 0.0, 0.7623481227845335, 0.0, 0.5555555555555556], "(2, 1, 0.0)": [0.5555555555555556, 0.7575625247189168, 0.0, 0.6512370116734223, 0.1111111111111111, 0.0, 0.1111111111111111, 0.0, 1.3107860663334243], "(0, 1, 0.0)": [327.2057366661333, 197.1811148506542, 451.8055656567049, 300.63884958918345, 304.1719875549215, 229.36683548478842, 291.08619838649884, 319.1025294053845, 227.8768794209219], "(0, 0, 0.0)": [601.5381889948693, 566.9788928363292, 483.4488892133011, 508.44074388706537, 569.0977460116111, 430.46621061247663, 459.86572597432416, 555.3569650059094, 500.52811512491144], "(2, 0, 200.0)": [26.54471075084313, 0.6666666666666667, 1.0000000000000002, 24.93538997037113, 1.2222222222222225, 3.07332204320131, 21.000356237195593, 0.4444444444444444, 1.2222222222222225], "(2, 0, 300.0)": [25.300076566053516, 1.4444444444444449, 0.8888888888888891, 15.169016763453824, 1.2222222222222225, 1.3333333333333337, 69.238270659985, 1.3333333333333337, 1.4444444444444449],