{"timestamp": 1764175158, "iso": "2025-11-26T16:39:18Z", "episode": 75, "games_in_episode": 10, "stats": {"total_messages": 39890, "total_updates": 39679, "total_reward": -4894.024999998982, "action_counts": [4486, 4455, 4349, 4386, 4462, 4146, 4329, 4197, 5080], "state_visits": {"(3, 1, 200.0)": 85, "(3, 0, 300.0)": 71, "(3, 1, 100.0)": 28, "(3, 1, 300.0)": 56, "(3, 1, 400.0)": 5, "(3, 0, 200.0)": 46, "(1, 0, 300.0)": 5242, "(2, 1, 300.0)": 9, "(1, 1, 200.0)": 3929, "(1, 0, 200.0)": 3425, "(4, 1, 200.0)": 2, "(0, 1, 300.0)": 3563, "(2, 1, 200.0)": 6, "(4, 1, 100.0)": 2, "(0, 1, 200.0)": 4004, "(2, 1, 100.0)": 2, "(1, 1, 300.0)": 3175, "(0, 1, 100.0)": 1841, "(1, 0, 100.0)": 1446, "(0, 0, 300.0)": 5280, "(0, 0, 100.0)": 1106, "(0, 0, 200.0)": 3249, "(3, 0, 100.0)": 29, "(3, 1, 0.0)": 16, "(3, 0, 400.0)": 6, "(1, 1, 100.0)": 1664, "(1, 1, 0.0)": 439, "(1, 0, 0.0)": 392, "(0, 0, 0.0)": 296, "(0, 1, 0.0)": 251, "(4, 0, 300.0)": 1, "(2, 0, 300.0)": 5, "(3, 0, 0.0)": 5, "(4, 0, 200.0)": 2, "(2, 0, 200.0)": 1}, "state_action_prob_sums": {"(3, 0, 200.0)": [51.09424863151859, 0.2222222222222222, 11.990478062720715, 26.10318815959191, 0.4444444444444444, 47.8871938741564, 40.805178032948696, 0.4444444444444444, 1.0073355878798427], "(3, 1, 300.0)": [26.9533701899311, 0.3333333333333333, 20.161171146574432, 94.77112623186831, 0.2222222222222222, 13.967154689770835, 38.1965600062781, 0.4444444444444444, 4.027224483698324], "(3, 0, 300.0)": [47.80781618822355, 0.6666666666666667, 32.905333416488475, 5.9201952092416645, 0.2222222222222222, 32.84636421113151, 148.41930177769896, 0.8888888888888891, 46.92188454906512], "(3, 1, 200.0)": [16.24103382512723, 0.2222222222222222, 55.28094856214174, 30.075898725576497, 0.3333333333333333, 59.81625377006677, 31.70089351874401, 0.3333333333333333, 12.769110752845933], "(3, 0, 400.0)": [0.0, 0.0, 12.553284491443272, 0.8941066089476852, 0.0, 0.1111111111111111, 0.0, 0.0, 0.0], "(1, 0, 200.0)": [1334.736790275523, 1177.4234426052676, 1179.7552750721072, 1558.837404456365, 1138.3206349591953, 997.2383833684138, 1295.6619773107823, 1071.1262951917554, 1387.870974831643], "(1, 1, 300.0)": [1176.6554232526, 750.5275444099607, 1202.4398221825422, 974.5201473318983, 729.9494187432579, 1109.437616807019, 876.6623925409197, 763.7033867322887, 1182.3063788713048], "(1, 0, 300.0)": [2112.5922646184954, 2462.8086378876114, 1648.364477491626, 2052.493282556842, 2149.154895960658, 2544.853503480876, 2767.0430285813763, 2591.805572591878, 1978.4201031877374], "(4, 1, 300.0)": [8.049077348350213, 0.0, 0.0, 0.0, 0.1111111111111111, 0.0, 0.0, 0.0, 0.0], "(1, 1, 200.0)": [1112.8847029380015, 1022.0193859446358, 1475.9092326772964, 980.4891071548577, 916.3120527201105, 1159.5265241776597, 762.3932722927973, 1564.3837494038576, 1221.0223332499122], "(2, 1, 300.0)": [6.2671753765615605, 0.0, 6.288099910633498, 0.0, 0.0, 0.1111111111111111, 0.0, 0.1111111111111111, 0.0], "(0, 1, 300.0)": [1359.7676320703517, 1102.546532398123, 1081.2414196579389, 966.9092758974208, 1063.665022877642, 919.4193982604531, 1226.6125568874083, 1094.736169814067, 1213.486669418743], "(2, 0, 200.0)": [19.817460260917976, 0.0, 0.0, 0.8982999872333568, 0.0, 0.1111111111111111, 1.7903310857164167, 0.0, 0.1111111111111111], "(0, 0, 200.0)": [1172.0996820344783, 1557.8995582286927, 810.9293625083131, 1090.2282352236132, 1046.7124970062682, 1252.7168075121747, 1162.8220133300138, 1336.6026833538356, 1055.3802804946483], "(0, 0, 300.0)": [1895.218772348351, 1966.3210519240479, 2317.3748724869374, 2329.2844056415397, 2650.45498850027, 1693.75660281794, 2452.0344746101414, 2584.2502259945663, 3045.556492132166], "(2, 1, 200.0)": [0.0, 0.0, 0.0, 0.0, 0.2222222222222222, 0.0, 7.171744252545215, 0.0, 0.0], "(0, 1, 200.0)": [963.6880511900496, 1187.86534277976, 1383.9708372449336, 1095.7354920963749, 1274.786078725756, 1200.6794991668621, 1282.1223276541514, 1154.5697364464322, 1166.0470007795732], "(2, 0, 300.0)": [0.0, 0.1111111111111111, 0.0, 0.0, 0.0, 0.0, 0.0, 0.0, 14.33730433105297], "(3, 0, 0.0)": [0.0, 0.1111111111111111, 0.0, 0.1111111111111111, 0.0, 0.0, 5.49252427793991, 0.0, 7.152852871581481], "(1, 0, 0.0)": [43.706450800350595, 88.67177070144652, 151.54854960257717, 260.3439437711085, 125.0534055283657, 78.00427948061208, 34.22349505100408, 103.8170423089249, 53.524849985632464], "(4, 0, 0.0)": [0.8941066089476852, 0.0, 0.0, 0.0, 0.0, 0.0, 0.0, 0.0, 0.0], "(2, 0, 0.0)": [5.364639653686111, 0.0, 0.0, 0.1111111111111111, 0.0, 0.0, 0.0, 0.0, 0.0], "(0, 0, 0.0)": [37.56300902711355, 160.1814158015159, 43.70225742206492, 57.00693882345479, 195.58199566323503, 89.61408774722028, 120.58076238102512, 127.37201403210258, 170.25347413270347], "(3, 1, 100.0)": [10.951501529594445, 0.2222222222222222, 38.4804700698872, 0.4444444444444444, 0.0, 27.82654449958782, 9.866771286314545, 0.2222222222222222, 1.0073355878798427], "(1, 1, 100.0)": [537.1773966826396, 409.08002421830616, 539.695747651513, 716.2829017416248, 601.3062258528192, 537.3374079474526, 443.89021171579265, 490.2791482411483, 1044.7797873152008], "(0, 1, 100.0)": [738.7244291678189, 603.8412882130929, 565.8504423565134, 562.6920717321166, 549.3849681961931, 799.3921046280486, 452.67812913488945, 576.5482769749833, 462.1405218019758], "(3, 0, 100.0)": [25.97771790465411, 0.0, 15.35285724607847, 0.1111111111111111, 0.1111111111111111, 0.1111111111111111, 0.1111111111111111, 0.1111111111111111, 25.23652911760498], "(1, 0, 100.0)": [323.94096716082373, 468.88323192259753, 401.25242995542027, 446.78938567707405, 431.49151251358666, 369.2027737291234, 469.08411027113993, 319.77373255245385, 454.99662186303914], "(0, 0, 100.0)": [470.28881207824145, 401.75112287695936, 517.0353717638612, 354.4982346491635, 277.3184877025972, 331.8796612383411, 377.6967113302652, 294.6946880860212, 316.1811100760734], "(4, 0, 200.0)": [0.0, 0.0, 0.0, 1.7965999744667136, 0.0, 0.0, 5.373111124970296, 0.0, 0.0], "(2, 0, 100.0)": [0.0, 0.0, 0.1111111111111111, 0.0, 0.0, 0.0, 25.094285349524498, 0.1111111111111111, 0.0], "(1, 1, 0.0)": [33.557979798179794, 22.225866360267233, 0.5555555555555556, 5.269277713944563, 122.55720392563623, 93.0804542405914, 28.95841071534518, 85.21797657771339, 0.2222222222222222], "(0, 1, 0.0)": [19.82804960002321, 52.82936478616151, 39.858532771601055, 26.272921851989576, 65.21143307773232, 59.92859324451404, 75.70225176493517, 13.020644265711438, 54.89177270260758], "(4, 0, 100.0)": [0.8962244767687315, 0.0, 0.0, 0.0, 0.0, 0.0, 0.0, 0.0, 0.0], "(3, 1, 400.0)": [0.0, 0.1111111111111111, 3.5911244384688024, 1.7965999744667136, 0.0, 0.0, 0.1111111111111111, 0.0, 0.0], "(4, 0, 300.0)": [4.483197894308283, 0.0, 0.0, 0.0, 0.0, 0.0, 0.0, 0.0, 0.0], "(4, 1, 200.0)": [0.0, 0.0, 0.1111111111111111, 0.8982999872333568, 0.0, 0.0, 0.0, 0.0, 0.0], "(4, 1, 100.0)": [0.0, 0.0, 0.0, 2.69489996170007, 0.0, 0.0, 0.0, 0.0, 0.0], "(2, 1, 100.0)": [0.0, 0.0, 0.0, 0.0, 0.0, 0.0, 1.7965999744667136, 0.0, 0.0], "(3, 1, 0.0)": [0.0, 0.0, 5.500911034511253, 8.084699885100212, 0.0, 0.0, 0.0, 0.0, 0.0]}, "state_action_visits": {"(3, 0, 200.0)": 222, "(3, 1, 300.0)": 252, "(3, 0, 300.0)": 392, "(3, 1, 200.0)": 257, "(3, 0, 400.0)": 16, "(1, 0, 200.0)": 13879, "(1, 1, 300.0)": 10924, "(1, 0, 300.0)": 25259, "(4, 1, 300.0)": 10, "(1, 1, 200.0)": 12691, "(2, 1, 300.0)": 16, "(0, 1, 300.0)": 12461, "(2, 0, 200.0)": 28, "(0, 0, 200.0)": 13060, "(0, 0, 300.0)": 26031, "(2, 1, 200.0)": 10, "(0, 1, 200.0)": 13261, "(2, 0, 300.0)": 17, "(3, 0, 0.0)": 17, "(1, 0, 0.0)": 1171, "(4, 0, 0.0)": 1, "(2, 0, 0.0)": 7, "(0, 0, 0.0)": 1248, "(3, 1, 100.0)": 109, "(1, 1, 100.0)": 6641, "(0, 1, 100.0)": 6589, "(3, 0, 100.0)": 81, "(1, 0, 100.0)": 4604, "(0, 0, 100.0)": 4114, "(4, 0, 200.0)": 8, "(2, 0, 100.0)": 30, "(1, 1, 0.0)": 479, "(0, 1, 0.0)": 498, "(4, 0, 100.0)": 1, "(3, 1, 400.0)": 8, "(4, 0, 300.0)": 5, "(4, 1, 200.0)": 2, "(4, 1, 100.0)": 3, "(2, 1, 100.0)": 2, "(3, 1, 0.0)": 16}}, "meta": {"recent_avg_return": -671.8874999997438,