{"timestamp": 1764141733, "iso": "2025-11-26T07:22:13Z", "episode": 39, "games_in_episode": 10, "stats": {"total_messages": 64033, "total_updates": 63700, "total_reward": 3025.5000000034343, "action_counts": [7605, 7256, 6986, 6462, 6420, 7596, 7401, 6933, 7374], "state_visits": {"(3, 1, 300.0)": 78, "(3, 0, 400.0)": 3, "(3, 1, 100.0)": 70, "(3, 0, 300.0)": 161, "(3, 0, 200.0)": 177, "(3, 0, 100.0)": 21, "(1, 1, 300.0)": 3697, "(1, 0, 300.0)": 10386, "(4, 0, 200.0)": 6, "(1, 0, 100.0)": 1455, "(1, 0, 200.0)": 10419, "(1, 1, 100.0)": 3074, "(2, 0, 200.0)": 12, "(0, 0, 200.0)": 9358, "(0, 1, 200.0)": 2923, "(0, 1, 300.0)": 3983, "(0, 0, 300.0)": 10817, "(0, 1, 100.0)": 2889, "(0, 0, 100.0)": 892, "(3, 1, 200.0)": 39, "(1, 1, 200.0)": 2601, "(2, 1, 300.0)": 17, "(2, 1, 200.0)": 8, "(3, 0, 0.0)": 4, "(2, 0, 300.0)": 10, "(1, 0, 0.0)": 297, "(2, 1, 100.0)": 1, "(0, 0, 0.0)": 300, "(4, 0, 300.0)": 1, "(3, 1, 0.0)": 1}, "state_action_prob_sums": {"(3, 0, 400.0)": [4.660192104044617, 1.3333333333333337, 29.585815288000354, 8.669674232641624, 1.1111111111111114, 36.56346733876428, 3.933155555555556, 1.2222222222222225, 10.452115789360787], "(3, 0, 300.0)": [320.69902690532547, 19.22222222222217, 369.5872580860319, 392.23178707258586, 19.555555555555504, 477.9447997479929, 283.9203215451848, 23.77777777777771, 353.56686050605873], "(3, 0, 100.0)": [68.43922162282317, 5.999999999999994, 211.22717256744704, 140.67096352156497, 5.111111111111108, 177.47644545670062, 61.07098529173783, 7.999999999999987, 84.8807630788774], "(3, 1, 400.0)": [5.411399061771984, 0.6666666666666667, 6.847914460557413, 4.742003144423971, 0.6666666666666667, 19.294492299045036, 1.3929865171070763, 0.4444444444444444, 3.800213316927179], "(3, 1, 100.0)": [142.66589308313263, 7.555555555555544, 99.47512563268425, 132.0002116974467, 5.999999999999994, 91.14580833674918, 137.1708397205924, 5.777777777777772, 95.41678466606722], "(3, 1, 300.0)": [220.09669086523888, 11.999999999999973, 190.58279737035363, 137.89328590004467, 10.555555555555534, 397.7002605994648, 162.28757958044412, 10.555555555555534, 209.58830642965714], "(1, 1, 300.0)": [8028.045037237048, 8829.244382752022, 9122.269092580433, 9160.244968368721, 9368.446578174218, 8881.169111672867, 8905.750417250434, 9116.571885888032, 8940.495175267137], "(1, 0, 300.0)": [16190.324108296028, 16333.41743458647, 16011.162297523742, 16648.76660576559, 17560.422571502124, 18070.647194345085, 19192.817827469407, 19790.92190313201, 17772.576298378925], "(1, 0, 100.0)": [5687.514831475373, 5179.505812576008, 5573.801972203205, 5769.045536754568, 5727.3663686242335, 5419.619047264296, 5714.69902161239, 6127.552323153677, 5904.346915797417], "(1, 1, 100.0)": [4022.4970140185187, 4200.293407816025, 4001.8219030647297, 4876.228297735416, 4159.923068711475, 3984.908564192793, 4297.815072224084, 4463.569460663169, 4015.721847113218], "(2, 1, 300.0)": [7.943839999999996, 1.3333333333333337, 17.46069177043969, 18.95985042259257, 0.1111111111111111, 0.6666666666666667, 11.954093767879117, 0.7777777777777779, 29.759677683439776], "(0, 1, 300.0)": [9299.434533096177, 8852.799392209135, 9203.34031035979, 9408.250837627304, 9492.602808366159, 9372.419032878142, 10233.487163014013, 10907.863563305515, 10306.008373824005], "(3, 1, 200.0)": [218.79379878427605, 9.99999999999998, 255.3573275745587, 147.2129766308969, 11.777777777777752, 166.85676449495568, 236.87867564718755, 11.55555555555553, 190.87838872653793], "(1, 1, 200.0)": [7706.846638595677, 8939.067618573516, 8141.416814700658, 8450.694704844693, 8163.565256471083, 8138.393755896941, 8176.273845391546, 8421.723097593107, 8694.970272691573], "(4, 1, 300.0)": [3.7591932384275184, 0.2222222222222222, 0.2222222222222222, 17.543171207422205, 0.3333333333333333, 0.1111111111111111, 0.2222222222222222, 0.1111111111111111, 0.4444444444444444], "(4, 0, 100.0)": [22.696437469962415, 0.4444444444444444, 0.2222222222222222, 0.2222222222222222, 0.4444444444444444, 0.4444444444444444, 5.440014930654913, 0.0, 0.4444444444444444], "(2, 0, 100.0)": [22.149337790847067, 0.5555555555555556, 1.4533333333333336, 21.983680633479008, 0.3333333333333333, 0.8888888888888891, 9.120109433384094, 0.4444444444444444, 0.5555555555555556], "(0, 0, 300.0)": [18246.73310142952, 17339.311775172486, 15476.759110990928, 16393.012107255614, 15163.116345318926, 16733.89523697291, 18688.171793884685, 18674.17226840956, 19284.34095391699], "(3, 0, 200.0)": [227.64653743170294, 13.555555555555523, 369.522199831576, 267.81454931315903, 13.444444444444413, 230.7445716194324, 276.8926574208402, 13.222222222222191, 193.26997865014343], "(0, 0, 100.0)": [6120.051289441878, 6061.528414468976, 5041.0862617591565, 5761.130356069432, 5872.490206788592, 5472.253304243251, 5375.052788202441, 5112.747299082316, 5303.041754756989], "(1, 0, 200.0)": [11800.471591898622, 11648.964335035822, 11785.756264171287, 11113.484456768818, 12005.532021212633, 11571.511994815744, 10852.857482639485, 11373.77162795433, 11243.94861372075], "(0, 1, 200.0)": [10051.956026358626, 9171.451911509062, 8254.319129357858, 9291.724964664862, 9556.27010838726, 8830.035455791742, 8707.646712193231, 8737.007071407668, 8116.823216513387], "(0, 0, 200.0)": [11372.854352592301, 11653.438365042337, 10802.593190872458, 10606.286480655515, 10470.148879304847, 11564.016334825654, 9658.67520324172, 10053.238859559391, 9994.911019009416], "(4, 1, 100.0)": [0.7093685347555556, 0.1111111111111111, 0.1111111111111111, 0.0, 0.1111111111111111, 0.0, 15.645488742399573, 0.1111111111111111, 0.0], "(2, 1, 100.0)": [19.82092134723349, 0.2222222222222222, 0.4444444444444444, 1.7356727466666668, 0.5555555555555556, 0.4444444444444444, 7.886554397802451, 0.3333333333333333, 0.923391928888889], "(0, 1, 100.0)": [4584.49407391706, 4306.519303662757, 4492.186191423898, 4449.262968688379, 4711.30154118502, 5065.619274234534, 4206.723627008067, 4019.257312240067, 4269.975671993552], "(3, 0, 0.0)": [39.61462349962121, 0.6666666666666667, 0.8888888888888891, 2.3305445617976615, 1.3333333333333337, 0.6666666666666667, 41.790576393793025, 0.8888888888888891, 0.8888888888888891], "(1, 0, 0.0)": [842.9113233132205, 576.543123142322, 693.6308880240451, 846.2569412452756, 691.7150299269593, 722.4454605275502, 933.3429193810526, 622.3619783036842, 659.8850559625215], "(2, 1, 200.0)": [42.89871829879082, 0.6666666666666667, 0.5555555555555556, 13.59742334161843, 1.3333333333333337, 1.4444444444444449, 24.252630279250194, 0.5555555555555556, 0.6666666666666667], "(3, 1, 0.0)": [19.418770614949967, 0.3333333333333333, 30.63428737616186, 11.141422737700774, 0.5555555555555556, 0.6666666666666667, 13.149392377357955, 0.6666666666666667, 0.7777777777777779], "(1, 1, 0.0)": [356.33671418039944, 393.0285137447725, 366.04262191573883, 438.873489753749, 559.8528784950446, 551.3789303696473, 525.2830564896607, 419.4492433828825, 474.45685700676273], "(4, 1, 0.0)": [0.5555555555555556, 0.0, 0.0, 1.5527667840198838, 0.0, 0.0, 0.7623481227845335, 0.0, 0.5555555555555556], "(2, 1, 0.0)": [0.5555555555555556, 3.077585492259353, 0.0, 0.6512370116734223, 0.1111111111111111, 0.0, 0.1111111111111111, 0.0, 1.3107860663334243], "(0, 1, 0.0)": [374.600409990454, 214.63845826717346, 540.0196114284771, 313.64168984923236, 343.6420877028822, 257.68396616302766, 381.8055763372209, 398.72243164523144, 244.3283603747289], "(0, 0, 0.0)": [758.6516532895612, 754.4532048069044, 612.97362222193, 777.0049041034657, 718.4683701230903, 699.069168836416, 744.7784644137627, 707.7174166398402, 734.8416613386361], "(2, 0, 200.0)": [38.43360878187074, 0.8888888888888891, 1.1111111111111114, 34.41193833837915, 1.3333333333333337, 3.2955442654235325, 24.93917550222357, 0.5555555555555556, 1.4444444444444449], "(2, 0, 300.0)": [30.69340846757934, 1.4444444444444449, 1.0000000000000002, 15.391238985676045, 1.3333333333333337, 18.736580535059932, 70.80436499384109, 1.4444444444444449, 1.6666666666666672],