{"timestamp": 1764140726, "iso": "2025-11-26T07:05:26Z", "episode": 34, "games_in_episode": 10, "stats": {"total_messages": 44275, "total_updates": 44041, "total_reward": -2211.9749999966534, "action_counts": [5096, 4581, 5205, 4531, 5300, 5157, 4823, 5133, 4449], "state_visits": {"(3, 1, 100.0)": 47, "(3, 0, 300.0)": 82, "(3, 0, 400.0)": 5, "(3, 1, 0.0)": 10, "(3, 1, 200.0)": 57, "(1, 1, 100.0)": 2180, "(1, 1, 300.0)": 2345, "(1, 0, 300.0)": 5686, "(1, 0, 0.0)": 235, "(1, 1, 200.0)": 3178, "(1, 0, 200.0)": 5030, "(3, 0, 200.0)": 67, "(2, 0, 200.0)": 9, "(0, 0, 200.0)": 4572, "(1, 0, 100.0)": 2953, "(0, 1, 100.0)": 1933, "(0, 0, 300.0)": 4787, "(0, 1, 300.0)": 3511, "(0, 0, 100.0)": 2682, "(0, 1, 200.0)": 3723, "(3, 1, 400.0)": 4, "(2, 1, 200.0)": 4, "(3, 0, 100.0)": 28, "(3, 1, 300.0)": 27, "(1, 1, 0.0)": 296, "(0, 0, 0.0)": 507, "(0, 1, 0.0)": 61, "(2, 0, 300.0)": 3, "(2, 1, 300.0)": 7, "(4, 0, 300.0)": 2, "(2, 0, 100.0)": 3, "(4, 0, 100.0)": 2, "(4, 1, 300.0)": 1, "(2, 1, 100.0)": 1, "(3, 0, 0.0)": 1, "(2, 1, 0.0)": 2}, "state_action_prob_sums": {"(3, 0, 400.0)": [4.437969881822395, 1.2222222222222225, 24.093703221133186, 8.336340899308292, 1.1111111111111114, 34.89958944363329, 3.933155555555556, 1.1111111111111114, 7.174450681778895], "(3, 0, 300.0)": [292.19762274504257, 17.55555555555551, 322.03277351616504, 328.05319852138433, 18.333333333333286, 365.032574275998, 280.67458720353324, 21.555555555555497, 284.3042637238172], "(3, 0, 100.0)": [68.21699940060094, 5.111111111111108, 167.52717476728338, 139.78207463267606, 4.444444444444444, 131.56775706970612, 47.24741788798158, 7.444444444444433, 84.21409641221071], "(3, 1, 400.0)": [5.3002879506608735, 0.6666666666666667, 5.96041995743636, 3.1759088105678797, 0.6666666666666667, 15.390392571482714, 1.2818754059959652, 0.3333333333333333, 3.800213316927179], "(3, 1, 100.0)": [128.00202224921352, 6.444444444444437, 60.56951626900162, 93.44600818424173, 5.3333333333333295, 70.93620732549356, 114.58994604356259, 5.111111111111108, 74.53529808268019], "(3, 1, 300.0)": [188.77231806236884, 11.44444444444442, 172.76000518098456, 123.21966197307648, 9.333333333333316, 291.4285819901691, 124.45458496543976, 9.222222222222205, 187.59679342086952], "(1, 1, 300.0)": [6562.769703717067, 7415.63100113373, 7491.832103971741, 8041.937812889799, 8251.563257992479, 7091.462294812712, 7483.1702911392795, 7324.68321320838, 7583.410957466567], "(1, 0, 300.0)": [13370.091203914597, 13935.628292338493, 13311.603732178493, 13497.71406392063, 15025.164818945828, 15075.53985404782, 15806.57858850496, 16824.898538867423, 15049.643365678707], "(1, 0, 100.0)": [4790.16729655444, 4274.906961858587, 4495.422057479425, 5021.762586215052, 4860.163031547794, 4656.924706776981, 4821.121328740769, 5066.70412555237, 5115.0050014796325], "(1, 1, 100.0)": [3439.1255757431823, 3158.997882764575, 3132.0989326447007, 3795.0812796243476, 3255.752540731074, 3489.077206809629, 3440.5274652335906, 3393.2988459996504, 3054.644683841749], "(2, 1, 300.0)": [7.8327288888888855, 1.2222222222222225, 17.34958065932858, 18.95985042259257, 0.0, 0.4444444444444444, 11.620760434545785, 0.5555555555555556, 2.0991951310860495], "(0, 1, 300.0)": [7371.796397284564, 7453.443780699438, 7630.5490382613825, 7702.631288327871, 8016.970153651257, 8065.365338651383, 8771.011053956341, 9233.685980408489, 8624.326102418723], "(3, 1, 200.0)": [163.28005589282452, 8.777777777777763, 229.42728247021418, 146.32408774200798, 10.333333333333313, 161.70834922430163, 193.49052907625872, 10.555555555555534, 115.7192876244545], "(1, 1, 200.0)": [6653.25750391433, 7655.344359837552, 6869.707694741623, 7278.771407414712, 6727.142162224636, 7094.383696935502, 6832.757862277377, 7064.102232670052, 7263.2010607249], "(4, 1, 300.0)": [3.7591932384275184, 0.2222222222222222, 0.2222222222222222, 13.617065816700794, 0.2222222222222222, 0.1111111111111111, 0.2222222222222222, 0.1111111111111111, 0.2222222222222222], "(4, 0, 100.0)": [19.46190346217233, 0.4444444444444444, 0.2222222222222222, 0.2222222222222222, 0.4444444444444444, 0.4444444444444444, 5.440014930654913, 0.0, 0.4444444444444444], "(2, 0, 100.0)": [16.55058694502859, 0.5555555555555556, 1.4533333333333336, 21.872569522367897, 0.3333333333333333, 0.8888888888888891, 9.008998322272983, 0.4444444444444444, 0.5555555555555556], "(0, 0, 300.0)": [14516.182627320191, 14410.181141121726, 13226.920205730694, 13918.281559862091, 12493.164610818532, 13793.288294259755, 15726.118258654998, 15636.21052366657, 16481.18562361111], "(3, 0, 200.0)": [171.17183537232276, 11.888888888888863, 323.18465625792004, 217.23043079645475, 12.444444444444416, 167.50240615149622, 238.15798870587173, 11.999999999999973, 150.43136799067247], "(0, 0, 100.0)": [5001.572246754594, 5213.16814637587, 4166.959096801812, 4700.89258473792, 4965.979114535388, 4660.395592965093, 4474.5601594496375, 4231.82889505016, 4611.290431456667], "(1, 0, 200.0)": [9533.93993237352, 9609.90470524125, 9654.459040690846, 8838.683126100012, 9884.73513307921, 9294.990988781341, 9065.89267958165, 9520.232653008441, 8990.41356815854], "(0, 1, 200.0)": [9168.910698344454, 7760.774380957241, 7036.092920633351, 7888.565622906414, 7870.669908952388, 7595.94343484819, 7451.01505721683, 7458.060893065339, 6883.7963573095885], "(0, 0, 200.0)": [9204.314670984126, 9263.619535325575, 8706.154067680578, 9059.679609108192, 8554.219356109325, 9138.108871351767, 7912.509255480171, 8285.17573812771, 7926.497690179184], "(4, 1, 100.0)": [0.7093685347555556, 0.1111111111111111, 0.0, 0.0, 0.1111111111111111, 0.0, 7.8422034858521155, 0.0, 0.0], "(2, 1, 100.0)": [19.82092134723349, 0.1111111111111111, 0.3333333333333333, 1.7356727466666668, 0.5555555555555556, 0.4444444444444444, 2.4125052218409446, 0.3333333333333333, 0.923391928888889], "(0, 1, 100.0)": [3753.4251870764056, 3352.95012552004, 3536.5331067389116, 3527.108525991795, 3614.8393770444636, 4077.6216989659356, 3459.6205233149667, 3204.27043295611, 3660.8194278747865], "(3, 0, 0.0)": [39.503512388510096, 0.6666666666666667, 0.6666666666666667, 0.7777777777777779, 1.2222222222222225, 0.4444444444444444, 35.42017749703407, 0.8888888888888891, 0.8888888888888891], "(1, 0, 0.0)": [626.6010096813974, 476.12166296587776, 610.2614428643587, 729.8902095076286, 573.8658039798229, 642.1956193978733, 745.23662436914, 461.1261199941112, 598.2519725250606], "(2, 1, 200.0)": [42.89871829879082, 0.5555555555555556, 0.5555555555555556, 3.244809282197161, 1.2222222222222225, 1.2222222222222225, 24.252630279250194, 0.4444444444444444, 0.6666666666666667], "(3, 1, 0.0)": [10.86093052519813, 0.3333333333333333, 29.746792873040807, 8.77282122522291, 0.4444444444444444, 0.4444444444444444, 12.927170155135734, 0.6666666666666667, 0.7777777777777779], "(1, 1, 0.0)": [338.6806606610885, 318.37901945763457, 342.6226754415433, 368.92749061147885, 372.89477375587285, 437.5710326492916, 474.49114268721576, 305.30000405036253, 449.4274178440982], "(4, 1, 0.0)": [0.5555555555555556, 0.0, 0.0, 0.0, 0.0, 0.0, 0.7623481227845335, 0.0, 0.5555555555555556], "(2, 1, 0.0)": [0.5555555555555556, 2.301202100249411, 0.0, 0.6512370116734223, 0.1111111111111111, 0.0, 0.1111111111111111, 0.0, 1.3107860663334243], "(0, 1, 0.0)": [332.71958629160116, 197.29222596176533, 459.6348746454685, 300.8610718114056, 304.39420977714366, 229.58905770701065, 297.37186779973194, 323.733448131976, 241.55337136848678], "(0, 0, 0.0)": [634.7669469084441, 599.3932696854189, 551.4361767594764, 604.870896981406, 570.6533015671663, 499.0543198534725, 487.5580011927992, 560.2220219347478, 540.8822614483815], "(2, 0, 200.0)": [31.286740588545715, 0.8888888888888891, 1.0000000000000002, 29.53836826281142, 1.2222222222222225, 3.07332204320131, 21.000356237195593, 0.4444444444444444, 1.3333333333333337], "(2, 0, 300.0)": [29.9170250755694, 1.4444444444444449, 0.8888888888888891, 15.169016763453824, 1.2222222222222225, 1.3333333333333337, 69.238270659985, 1.3333333333333337, 1.555555555555556],