{"timestamp": 1764137904, "iso": "2025-11-26T06:18:24Z", "episode": 20, "games_in_episode": 10, "stats": {"total_messages": 52458, "total_updates": 52184, "total_reward": 90.60000000057514, "action_counts": [5567, 5671, 5771, 5670, 5922, 5666, 6123, 6260, 5808], "state_visits": {"(3, 0, 300.0)": 91, "(3, 1, 200.0)": 58, "(3, 0, 200.0)": 114, "(3, 1, 100.0)": 43, "(3, 0, 100.0)": 35, "(1, 0, 300.0)": 6770, "(1, 1, 100.0)": 1818, "(1, 0, 100.0)": 2878, "(1, 0, 200.0)": 6574, "(1, 1, 200.0)": 4238, "(0, 0, 300.0)": 5963, "(0, 1, 200.0)": 4193, "(0, 0, 200.0)": 6007, "(0, 1, 100.0)": 1714, "(0, 0, 100.0)": 3036, "(0, 1, 300.0)": 4884, "(3, 0, 400.0)": 7, "(2, 1, 200.0)": 20, "(3, 1, 300.0)": 37, "(1, 1, 300.0)": 3691, "(2, 0, 300.0)": 2, "(2, 0, 200.0)": 4, "(2, 1, 100.0)": 1, "(4, 0, 300.0)": 1, "(4, 0, 200.0)": 1, "(2, 1, 300.0)": 2, "(4, 1, 300.0)": 1, "(3, 1, 400.0)": 1}, "state_action_prob_sums": {"(3, 0, 400.0)": [4.104636548489063, 0.8888888888888891, 8.434621834607825, 6.368280358897221, 0.7777777777777779, 12.97548258943956, 3.7109333333333336, 0.5555555555555556, 2.10350912], "(3, 0, 300.0)": [117.78445097118528, 10.333333333333313, 203.100354501286, 177.3600490637538, 11.999999999999973, 211.25033208917537, 137.1342413881708, 14.55555555555552, 149.32731702187425], "(3, 0, 100.0)": [50.91237453354185, 3.88888888888889, 62.34171862400135, 89.83656233834361, 3.000000000000001, 30.83502156195526, 33.860634684854354, 5.3333333333333295, 37.78268378070475], "(3, 1, 400.0)": [5.189176839549763, 0.3333333333333333, 3.643200224167709, 0.1111111111111111, 0.3333333333333333, 6.753806752629087, 0.4444444444444444, 0.2222222222222222, 0.0], "(3, 1, 100.0)": [85.86975138862175, 4.333333333333333, 17.712193198606627, 42.24120384564536, 4.000000000000001, 15.685576122601784, 62.31328055044796, 3.222222222222223, 24.55124680467363], "(3, 1, 300.0)": [95.62718933930927, 8.111111111111098, 84.02325309339015, 52.50538349269497, 6.555555555555547, 113.84307608060332, 68.75123878637906, 5.666666666666662, 151.32033915677658], "(1, 1, 300.0)": [3591.0597682572425, 3794.8568178433256, 4264.390756838976, 4467.231635337487, 4267.656994546602, 3621.263185916527, 4130.18665635026, 3896.33305869874, 3873.1708862278288], "(1, 0, 300.0)": [7274.757452476002, 7615.117593461684, 6960.357991900533, 7188.210237783256, 7594.192114781949, 8204.770320019554, 8241.382991966033, 8151.268513912037, 8204.045086591002], "(1, 0, 100.0)": [2274.7206865867647, 2313.1397089918905, 2711.7289526869245, 2578.1318690700164, 2380.60998983477, 2507.25296951953, 2516.239552857148, 2747.685280870467, 2414.418387798786], "(1, 1, 100.0)": [1833.1665057409728, 1585.7225929229833, 1432.5298278661926, 1555.1579153617697, 1758.0654514992355, 1840.6010962732262, 1828.2280621754321, 1714.8886013331442, 1424.003274036633], "(2, 1, 300.0)": [7.499395555555553, 0.8888888888888891, 0.2222222222222222, 15.17989879108464, 0.0, 0.2222222222222222, 10.202321156607999, 0.3333333333333333, 0.4444444444444444], "(0, 1, 300.0)": [4275.611682141278, 3907.799526138462, 4407.431768823907, 4462.891833163031, 4661.452534695185, 4314.864567114613, 5282.547633728639, 4777.1443591017305, 4871.87183846442], "(3, 1, 200.0)": [87.12436551748016, 6.222222222222215, 97.78361404301313, 79.4648025228738, 8.222222222222209, 57.697855155239026, 76.17648708324357, 7.222222222222212, 99.39081885406293], "(1, 1, 200.0)": [3640.710288238273, 3859.1131423457905, 3539.5727056703595, 4088.7769849233737, 3704.902622710781, 3718.281612797002, 3466.0891487983613, 3979.538713561102, 3697.257798483432], "(4, 1, 300.0)": [3.7591932384275184, 0.2222222222222222, 0.2222222222222222, 6.130319555541672, 0.1111111111111111, 0.1111111111111111, 0.1111111111111111, 0.1111111111111111, 0.1111111111111111], "(4, 0, 100.0)": [2.38017879084778, 0.2222222222222222, 0.1111111111111111, 0.1111111111111111, 0.3333333333333333, 0.3333333333333333, 5.440014930654913, 0.0, 0.2222222222222222], "(2, 0, 100.0)": [14.905149736437385, 0.3333333333333333, 1.4533333333333336, 4.993284597966232, 0.2222222222222222, 0.7777777777777779, 0.1111111111111111, 0.4444444444444444, 0.2222222222222222], "(0, 0, 300.0)": [7241.900115058447, 7186.619313869589, 6658.111384487484, 7137.501515417892, 6825.453431330044, 6904.912477858766, 8445.735059151239, 7946.150995634348, 8886.308198459645], "(3, 0, 200.0)": [107.09997549679515, 6.8888888888888795, 127.99115513868263, 123.0549682020021, 8.33333333333332, 76.78012735308651, 120.08201861583389, 7.999999999999987, 74.51527241062863], "(0, 0, 100.0)": [3304.695308216038, 2369.4402965131458, 2263.8732926152156, 2685.251636916357, 2313.0454659578363, 2549.1736660394886, 2161.6273040875167, 2192.728594700013, 2400.713060309648], "(1, 0, 200.0)": [4417.646028960291, 4387.801150631899, 4479.489918763646, 4929.8293323043445, 4972.496204988548, 4484.708040688052, 4703.769503276947, 4546.296689355192, 4272.386142505892], "(0, 1, 200.0)": [4218.668943493998, 3715.8869980582263, 3697.7479778328584, 3718.2259058275454, 3977.879568486158, 4171.2014322302175, 3827.9839913042015, 3980.4778642653164, 3929.4695337422077], "(0, 0, 200.0)": [4195.538604407573, 4843.3249399581955, 4315.4795664792155, 4476.146353771641, 4170.268553700348, 4547.688458397974, 4080.9857180335966, 4237.055998141326, 4022.099641357441], "(4, 1, 100.0)": [0.5982574236444446, 0.1111111111111111, 0.0, 0.0, 0.1111111111111111, 0.0, 5.526740447727721, 0.0, 0.0], "(2, 1, 100.0)": [9.609106674062618, 0.0, 0.1111111111111111, 1.7356727466666668, 0.4444444444444444, 0.3333333333333333, 0.0, 0.2222222222222222, 0.8122808177777778], "(0, 1, 100.0)": [1885.6018687286926, 1508.7495673524295, 1862.5228309347337, 1644.6599235210024, 1676.7303155885843, 2087.2927490628817, 1788.6756162715462, 1622.0226434845995, 1951.2682911547638], "(3, 0, 0.0)": [23.360055624671247, 0.4444444444444444, 0.5555555555555556, 0.7777777777777779, 0.4444444444444444, 0.3333333333333333, 18.04276328185059, 0.5555555555555556, 0.8888888888888891], "(1, 0, 0.0)": [332.73959127675647, 285.092920745095, 347.35523037466487, 451.8053212788584, 361.3703383278662, 363.6032025634863, 459.72376304343373, 262.6650624042029, 315.8109031444243], "(2, 1, 200.0)": [36.21919828676056, 0.1111111111111111, 0.2222222222222222, 1.4789474844444446, 0.8888888888888891, 1.0000000000000002, 0.4444444444444444, 0.3333333333333333, 0.5555555555555556], "(3, 1, 0.0)": [10.638708302975909, 0.3333333333333333, 5.257416895492358, 8.550599003000688, 0.4444444444444444, 0.4444444444444444, 12.704947932913512, 0.3333333333333333, 0.4444444444444444], "(1, 1, 0.0)": [249.37862807946894, 217.06379211132017, 223.2495006467911, 242.98735046227074, 228.4948675678639, 241.72939833298665, 238.03883868214808, 194.92427660759418, 218.8276357702749], "(4, 1, 0.0)": [0.5555555555555556, 0.0, 0.0, 0.0, 0.0, 0.0, 0.6512370116734223, 0.0, 0.5555555555555556], "(2, 1, 0.0)": [0.5555555555555556, 0.0, 0.0, 0.6512370116734223, 0.1111111111111111, 0.0, 0.1111111111111111, 0.0, 1.3107860663334243], "(0, 1, 0.0)": [212.84532901070673, 166.82032804890963, 240.89224126614275, 147.42959665952895, 180.05473398775004, 192.7335582710899, 185.70304515692968, 163.73798710295694, 139.56380359830578], "(0, 0, 0.0)": [395.6799663120017, 398.19503451226615, 385.64298432758113, 273.1921152740192, 411.1961756631371, 304.94134724154475, 251.62551195926747, 327.02256697899065, 319.72038140291727], "(2, 0, 200.0)": [17.917920575917133, 0.2222222222222222, 0.6666666666666667, 22.69661994235334, 0.7777777777777779, 0.7777777777777779, 0.6666666666666667, 0.3333333333333333, 0.7777777777777779], "(2, 0, 300.0)": [7.1841867777043, 1.3333333333333337, 0.4444444444444444, 7.6682330829967125, 0.7777777777777779, 1.0000000000000002, 39.228581163237834, 1.0000000000000002, 0.2222222222222222], "(4, 1, 200.0)": [0.691050964063541, 0.3333333333333333, 0.0, 5.838552941680595, 0.3333333333333333, 0.1111111111111111, 0.5816924444444445, 0.2222222222222222, 0.1111111111111111],