{"timestamp": 1764174966, "iso": "2025-11-26T16:36:06Z", "episode": 74, "games_in_episode": 10, "stats": {"total_messages": 57662, "total_updates": 57362, "total_reward": 379.050000000384, "action_counts": [6358, 6072, 6366, 6376, 6288, 6213, 6796, 6355, 6838], "state_visits": {"(3, 0, 200.0)": 67, "(3, 1, 200.0)": 85, "(3, 0, 300.0)": 157, "(3, 0, 100.0)": 36, "(3, 1, 300.0)": 107, "(1, 0, 200.0)": 4992, "(1, 1, 200.0)": 4302, "(1, 0, 300.0)": 10253, "(1, 0, 100.0)": 1946, "(1, 1, 300.0)": 3554, "(2, 0, 100.0)": 29, "(0, 0, 100.0)": 1731, "(3, 1, 100.0)": 41, "(1, 1, 100.0)": 2959, "(0, 1, 100.0)": 2657, "(0, 1, 200.0)": 4319, "(0, 0, 300.0)": 10255, "(0, 0, 200.0)": 4817, "(0, 1, 300.0)": 4699, "(3, 0, 400.0)": 7, "(4, 0, 200.0)": 4, "(2, 0, 200.0)": 20, "(1, 1, 0.0)": 40, "(1, 0, 0.0)": 26, "(0, 1, 0.0)": 240, "(4, 1, 300.0)": 1, "(4, 0, 100.0)": 1, "(2, 1, 300.0)": 2, "(3, 1, 400.0)": 3, "(2, 0, 300.0)": 7, "(2, 1, 200.0)": 1, "(4, 0, 300.0)": 4}, "state_action_prob_sums": {"(3, 0, 200.0)": [51.09424863151859, 0.2222222222222222, 9.184466989909536, 14.314177214447149, 0.4444444444444444, 24.420283094977986, 40.69406692183758, 0.4444444444444444, 1.0073355878798427], "(3, 1, 300.0)": [26.9533701899311, 0.2222222222222222, 15.447448988185423, 68.60931549098981, 0.0, 13.744932467548614, 29.102449022833408, 0.3333333333333333, 3.805002261476102], "(3, 0, 300.0)": [47.80781618822355, 0.6666666666666667, 32.683111194266246, 5.9201952092416645, 0.1111111111111111, 15.667553342586599, 115.07109113895393, 0.6666666666666667, 40.5226735273205], "(3, 1, 200.0)": [16.129922714016118, 0.2222222222222222, 23.729337897863104, 29.853676503354276, 0.2222222222222222, 33.65444302918828, 25.301682496999394, 0.2222222222222222, 7.379310829445795], "(3, 0, 400.0)": [0.0, 0.0, 8.06178455527649, 0.8941066089476852, 0.0, 0.0, 0.0, 0.0, 0.0], "(1, 0, 200.0)": [968.3979731855252, 732.9325266259468, 994.5491331682422, 1205.973087174873, 674.5021526068352, 825.6084412857967, 1039.137980885471, 824.1408541943073, 1121.7990118800992], "(1, 1, 300.0)": [804.7968729313819, 496.8095590574288, 905.482915233375, 733.7211062323116, 480.1579666729928, 729.9576332418256, 823.144782131974, 596.3239001669269, 625.4074422783573], "(1, 0, 300.0)": [1770.7485916027106, 1986.4421890090507, 1302.8353156124895, 1784.5700751097875, 1808.2189340304515, 1964.07144495938, 2083.62313819472, 1793.5143949504802, 1601.2282195332145], "(4, 1, 300.0)": [8.049077348350213, 0.0, 0.0, 0.0, 0.1111111111111111, 0.0, 0.0, 0.0, 0.0], "(1, 1, 200.0)": [703.1958531402072, 741.231878765647, 875.2346411288621, 734.1891550207597, 594.6660127695203, 790.7244404465067, 574.6033415383242, 1133.8117776775164, 865.7870382416892], "(2, 1, 300.0)": [5.3688753893282035, 0.0, 0.0, 0.0, 0.0, 0.1111111111111111, 0.0, 0.0, 0.0], "(0, 1, 300.0)": [884.8456276362303, 660.2966608377039, 876.2538558382382, 694.3364019113328, 739.9907496320233, 663.4509573906655, 945.2694941528893, 868.9954173735789, 785.8412309746386], "(2, 0, 200.0)": [19.817460260917976, 0.0, 0.0, 0.0, 0.0, 0.1111111111111111, 1.7903310857164167, 0.0, 0.1111111111111111], "(0, 0, 200.0)": [841.6834533354504, 1314.5073171802026, 686.788797539609, 835.9546943155343, 901.9110323311992, 861.1144796685212, 739.0936970698251, 942.7404888945921, 712.6194852949053], "(0, 0, 300.0)": [1332.7360469048656, 1633.2381565583767, 1822.718501628725, 1821.940723850952, 2037.9085081906173, 1482.9442057287583, 1839.4691721038055, 2266.206797091281, 2357.5245795998894], "(2, 1, 200.0)": [0.0, 0.0, 0.0, 0.0, 0.0, 0.0, 3.578544303611787, 0.0, 0.0], "(0, 1, 200.0)": [784.7605980984545, 759.8865710023194, 855.6046891196016, 722.2102751084802, 818.9600073440914, 971.9011023330091, 905.0039107173468, 783.9616416424673, 833.0658054266446], "(2, 0, 300.0)": [0.0, 0.0, 0.0, 0.0, 0.0, 0.0, 0.0, 0.0, 10.744104382119545], "(3, 0, 0.0)": [0.0, 0.1111111111111111, 0.0, 0.0, 0.0, 0.0, 1.8993243290064816, 0.0, 7.152852871581481], "(1, 0, 0.0)": [39.44658418475048, 29.161749321822672, 76.77683953833103, 161.54035627378505, 76.77683953833105, 77.89316836950097, 2.33855105339213, 103.26148675336933, 53.41373887452135], "(4, 0, 0.0)": [0.8941066089476852, 0.0, 0.0, 0.0, 0.0, 0.0, 0.0, 0.0, 0.0], "(2, 0, 0.0)": [5.364639653686111, 0.0, 0.0, 0.1111111111111111, 0.0, 0.0, 0.0, 0.0, 0.0], "(0, 0, 0.0)": [32.51595353539119, 127.85202735945995, 40.56291301592039, 53.080405541188014, 121.5880633767674, 43.68967728720792, 97.22496271295782, 84.59635907657919, 158.91831873034778], "(3, 1, 100.0)": [10.729279307372224, 0.1111111111111111, 38.4804700698872, 0.4444444444444444, 0.0, 8.962244767687315, 6.27357133738112, 0.2222222222222222, 1.0073355878798427], "(1, 1, 100.0)": [291.41417790740763, 311.86963666991386, 441.24431568420937, 414.2507060056789, 589.4343370915973, 488.96855304299567, 357.11667958252286, 478.5183705910374, 619.1249377727302], "(0, 1, 100.0)": [600.6272755527912, 450.6029681228983, 380.2639116275728, 401.35964065847696, 312.0491937377394, 486.13586460085804, 356.12499715481897, 438.58105666775606, 390.54580053725164], "(3, 0, 100.0)": [24.181117930187394, 0.0, 6.369857373744907, 0.1111111111111111, 0.0, 0.1111111111111111, 0.1111111111111111, 0.0, 11.76202930910462], "(1, 0, 100.0)": [213.80222426114273, 249.0501905676778, 316.05327557439506, 194.61754478175462, 331.3545916829274, 329.5852853764333, 300.78750152185546, 276.67415536194136, 309.0464016834779], "(0, 0, 100.0)": [383.1725355132937, 306.9945908713556, 365.00986279754386, 270.52130249036026, 172.7917669485398, 216.573340637482, 278.5597904996057, 191.6312339730966, 240.8538444562709], "(4, 0, 200.0)": [0.0, 0.0, 0.0, 0.0, 0.0, 0.0, 5.373111124970296, 0.0, 0.0], "(2, 0, 100.0)": [0.0, 0.0, 0.1111111111111111, 0.0, 0.0, 0.0, 25.094285349524498, 0.1111111111111111, 0.0], "(1, 1, 0.0)": [5.377346860612389, 0.3333333333333333, 0.1111111111111111, 0.0, 24.309171983866875, 0.0, 0.0, 0.2222222222222222, 0.0], "(0, 1, 0.0)": [19.82804960002321, 21.731609664671787, 0.2222222222222222, 0.0, 57.69169984653212, 59.48414880006958, 34.94541900610072, 0.2222222222222222, 3.0220067636395282], "(4, 0, 100.0)": [0.8962244767687315, 0.0, 0.0, 0.0, 0.0, 0.0, 0.0, 0.0, 0.0], "(3, 1, 400.0)": [0.0, 0.1111111111111111, 0.8962244767687315, 0.0, 0.0, 0.0, 0.1111111111111111, 0.0, 0.0], "(4, 0, 300.0)": [3.584897907074926, 0.0, 0.0, 0.0, 0.0, 0.0, 0.0, 0.0, 0.0]}, "state_action_visits": {"(3, 0, 200.0)": 176, "(3, 1, 300.0)": 196, "(3, 0, 300.0)": 321, "(3, 1, 200.0)": 172, "(3, 0, 400.0)": 10, "(1, 0, 200.0)": 10454, "(1, 1, 300.0)": 7748, "(1, 0, 300.0)": 20016, "(4, 1, 300.0)": 10, "(1, 1, 200.0)": 8759, "(2, 1, 300.0)": 7, "(0, 1, 300.0)": 8858, "(2, 0, 200.0)": 27, "(0, 0, 200.0)": 9779, "(0, 0, 300.0)": 20691, "(2, 1, 200.0)": 4, "(0, 1, 200.0)": 9221, "(2, 0, 300.0)": 12, "(3, 0, 0.0)": 12, "(1, 0, 0.0)": 779, "(4, 0, 0.0)": 1, "(2, 0, 0.0)": 7, "(0, 0, 0.0)": 949, "(3, 1, 100.0)": 81, "(1, 1, 100.0)": 4977, "(0, 1, 100.0)": 4732, "(3, 0, 100.0)": 52, "(1, 0, 100.0)": 3157, "(0, 0, 100.0)": 2997, "(4, 0, 200.0)": 6, "(2, 0, 100.0)": 30, "(1, 1, 0.0)": 40, "(0, 1, 0.0)": 241, "(4, 0, 100.0)": 1, "(3, 1, 400.0)": 3, "(4, 0, 300.0)": 4}}, "meta": {"recent_avg_return": -1722.8249999998716, "epsilon": 0.11674746363517707, "q_summary": {"(3, 0, 400.0)": [52.989376555092306, 5.534605626591878, 69.43964444245131, 60.13463393677649, 23.202204978311798, 53.94011093153496, 54.34557722328751, 1.9701224822149435, 56.902241221546674], "(3, 0, 300.0)": [52.591038497055706, 3.6278481217984653, 60.290414374131444, 54.70927826043659, 3.004066227581343, 62.070293055322296, 52.85260873025388, 3.6056859565579558, 62.25509667495713], "(3, 0, 100.0)": [72.24458534683747, 26.079912711016974, 68.47732718835275, 55.56896081713066, 13.165946929147143, 74.74744717787178, 70.61744751756464, 29.920716387550648, 78.3509933711697],