{"timestamp": 1764143509, "iso": "2025-11-26T07:51:49Z", "episode": 48, "games_in_episode": 10, "stats": {"total_messages": 56775, "total_updates": 56473, "total_reward": 575.8250000023377, "action_counts": [6679, 5853, 5683, 5650, 6081, 7144, 7197, 5942, 6546], "state_visits": {"(3, 1, 300.0)": 71, "(3, 1, 400.0)": 3, "(3, 1, 200.0)": 68, "(3, 0, 200.0)": 65, "(3, 0, 100.0)": 13, "(3, 0, 300.0)": 165, "(1, 1, 300.0)": 5020, "(1, 1, 200.0)": 4633, "(1, 0, 200.0)": 3384, "(1, 0, 100.0)": 952, "(1, 0, 300.0)": 11289, "(2, 1, 300.0)": 7, "(0, 1, 300.0)": 5723, "(0, 1, 200.0)": 4404, "(0, 0, 100.0)": 1008, "(0, 0, 300.0)": 11077, "(0, 0, 200.0)": 2553, "(3, 0, 0.0)": 1, "(3, 1, 100.0)": 34, "(1, 0, 0.0)": 100, "(1, 1, 100.0)": 2533, "(2, 0, 100.0)": 1, "(0, 1, 100.0)": 2244, "(0, 0, 0.0)": 58, "(3, 0, 400.0)": 8, "(3, 1, 0.0)": 10, "(1, 1, 0.0)": 757, "(4, 0, 300.0)": 1, "(2, 0, 300.0)": 3, "(2, 1, 200.0)": 3, "(0, 1, 0.0)": 279, "(4, 1, 300.0)": 6}, "state_action_prob_sums": {"(3, 0, 400.0)": [13.477088864665093, 1.6666666666666672, 39.591003226981414, 15.377470663096684, 1.2222222222222225, 49.69731997197627, 4.044266666666667, 1.2222222222222225, 17.82895805592672], "(3, 0, 300.0)": [441.248609333504, 22.888888888888825, 555.7907625958417, 471.25371722607025, 22.999999999999936, 712.4617824670333, 368.13255656777346, 26.7777777777777, 558.4580292054774], "(3, 0, 100.0)": [115.77447373210855, 7.6666666666666545, 258.12738214921427, 146.79281472590603, 5.777777777777772, 278.4020085472238, 71.78804839598055, 8.999999999999984, 111.24182131919366], "(3, 1, 400.0)": [5.411399061771984, 0.6666666666666667, 6.847914460557413, 7.222595096119814, 0.7777777777777779, 22.636702466879356, 6.325734734434093, 0.4444444444444444, 3.800213316927179], "(3, 1, 100.0)": [161.188801227182, 8.555555555555541, 116.01984674100311, 202.45667530643007, 6.555555555555547, 120.93818600168775, 210.87207507908516, 6.222222222222215, 127.9414819808703], "(3, 1, 300.0)": [321.5254072409861, 14.222222222222188, 359.03585030176157, 174.3509737743275, 12.555555555555527, 430.60249671053515, 164.62091291377752, 12.222222222222195, 321.94003672395644], "(1, 1, 300.0)": [10869.22796260428, 11280.82649018972, 12118.266154989169, 12045.925543801019, 12290.126886293516, 11943.23647413658, 12450.21964547233, 11416.365947126254, 11816.617112701539], "(1, 0, 300.0)": [22457.410692107736, 22288.168841791405, 22153.84158228245, 22649.056932709947, 23186.22492695754, 22601.300076412423, 25090.790785361805, 26789.805169160292, 23974.035718253446], "(1, 0, 100.0)": [7096.957798327085, 6778.5878376681785, 6966.866956398227, 7080.371277243803, 6791.208066076361, 6815.157354169375, 7150.824660087915, 7580.456566565754, 7826.795061604082], "(1, 1, 100.0)": [5290.997736054004, 5073.70553238441, 5215.805748846128, 6032.813202878119, 5376.408077143231, 5031.256151486544, 5793.886919410891, 5807.350259482958, 5001.4182395482185], "(2, 1, 300.0)": [13.0168286828614, 1.3333333333333337, 17.46069177043969, 26.44438719809346, 0.1111111111111111, 0.6666666666666667, 23.62960227410452, 0.7777777777777779, 37.91358956290778], "(0, 1, 300.0)": [12956.379001980615, 12112.311757020405, 12424.129110307471, 11852.2263438155, 12592.743441892302, 12383.533715838732, 13087.54084362038, 14120.80565670583, 12673.327667811433], "(3, 1, 200.0)": [329.7235575744092, 11.777777777777752, 294.08710882464436, 246.16979196857815, 13.333333333333302, 219.45465247253983, 303.11194443106774, 13.666666666666634, 281.7864663284774], "(1, 1, 200.0)": [11079.75540479436, 11671.309398559795, 10194.714226367845, 10665.673920803, 10800.926491658032, 10593.416954465709, 10843.705576161827, 10985.31885584729, 11236.642182513748], "(4, 1, 300.0)": [7.178930123079719, 0.2222222222222222, 0.4444444444444444, 26.452525558342963, 0.3333333333333333, 0.2222222222222222, 0.3333333333333333, 0.1111111111111111, 0.4444444444444444], "(4, 0, 100.0)": [37.2537025504844, 0.4444444444444444, 0.2222222222222222, 0.3333333333333333, 0.5555555555555556, 0.4444444444444444, 5.440014930654913, 0.0, 0.4444444444444444], "(2, 0, 100.0)": [26.24979038959774, 0.6666666666666667, 1.4533333333333336, 39.37232031785147, 0.4444444444444444, 0.8888888888888891, 9.342331655606316, 0.4444444444444444, 0.5555555555555556], "(0, 0, 300.0)": [23874.00351460971, 22837.93531358105, 21550.54627015318, 22710.297428960348, 21647.866663807785, 23641.388112542212, 24522.389154396664, 24643.143496999037, 25096.362021826244], "(3, 0, 200.0)": [323.68025939367016, 15.777777777777738, 560.3916480068766, 292.48891984460585, 15.222222222222184, 330.55780351014346, 297.2647421153548, 15.222222222222184, 291.1322112090089], "(0, 0, 100.0)": [7506.88745090414, 7693.205688180896, 6434.147405817736, 7324.466086757401, 7369.5033423143195, 6942.262417098633, 7048.837181638367, 6521.189255187811, 7084.541807223616], "(1, 0, 200.0)": [15340.384208837757, 14674.756150844969, 15321.407714364032, 14026.84897436342, 15099.188938455305, 14704.366190436976, 14344.43527808119, 14857.11573582236, 14106.179104134011], "(0, 1, 200.0)": [12055.551867345717, 12535.243230502216, 11351.161074493726, 12214.69403733995, 11983.615503398238, 11902.784691876212, 12093.783879903996, 11208.946669824276, 10545.918197208666], "(0, 0, 200.0)": [13970.459828129304, 14742.362930080939, 13828.3774390297, 13173.934363696004, 13516.258416982608, 15173.553209608845, 12519.45554415328, 12413.54559154206, 13306.608138663332], "(4, 1, 100.0)": [0.8204796458666668, 0.1111111111111111, 0.2222222222222222, 0.9320542825451443, 0.3333333333333333, 0.0, 23.81747090564576, 0.3333333333333333, 0.0], "(2, 1, 100.0)": [19.9320324583446, 0.3333333333333333, 0.4444444444444444, 1.9578949688888891, 0.5555555555555556, 0.4444444444444444, 17.81092340311461, 0.3333333333333333, 1.0345030400000002], "(0, 1, 100.0)": [5968.115642383047, 5279.250539002751, 5970.923896919093, 5417.704394583314, 6178.548504245482, 6329.248165873615, 5849.048255047111, 5251.659776674292, 5325.950461553547], "(3, 0, 0.0)": [64.9931256439791, 0.6666666666666667, 18.8433620597786, 2.774989006242106, 1.7777777777777783, 9.845508171393057, 54.77869137646186, 0.8888888888888891, 2.0395111726651134], "(1, 0, 0.0)": [1283.7099861527802, 966.1133279867457, 918.9201661988718, 1199.8785419685423, 989.0518573789233, 1211.2407750148734, 1303.320817257619, 971.6081289663351, 942.1627784622767], "(2, 1, 200.0)": [43.811740341479286, 0.7777777777777779, 0.6666666666666667, 20.91344322941543, 1.4444444444444449, 1.555555555555556, 47.429733426238, 0.6666666666666667, 0.7777777777777779], "(3, 1, 0.0)": [29.27511320622331, 0.3333333333333333, 35.674276153726176, 11.141422737700774, 0.6666666666666667, 0.7777777777777779, 13.149392377357955, 0.6666666666666667, 0.8888888888888891], "(1, 1, 0.0)": [566.1160284546482, 593.0679858112113, 581.6704367211106, 529.6780595882304, 648.5992116344087, 799.4065746284878, 652.7391958062059, 636.6070324655934, 602.5786262000157], "(4, 1, 0.0)": [0.5555555555555556, 0.0, 0.0, 1.5527667840198838, 0.0, 0.0, 0.7623481227845335, 0.0, 0.5555555555555556], "(2, 1, 0.0)": [0.5555555555555556, 3.077585492259353, 0.0, 0.6512370116734223, 0.1111111111111111, 0.0, 0.1111111111111111, 0.0, 1.3107860663334243], "(0, 1, 0.0)": [567.3996696851539, 682.2133881997531, 925.4524460557392, 529.5015883913136, 771.5357361945139, 631.2448503183649, 712.246575057792, 656.6255391639927, 585.3619533951054], "(0, 0, 0.0)": [893.174257401487, 815.2652134104475, 756.8796405063761, 1031.6275391207325, 1013.5705385193227, 968.5675264959691, 904.2860089246388, 1001.2784096267469, 926.4094563630864], "(2, 0, 200.0)": [38.65583100409297, 0.8888888888888891, 4.449516384119169, 34.745271671712494, 1.3333333333333337, 11.408316431597502, 34.77624363527518, 0.8888888888888891, 13.81727764243525],