{"timestamp": 1764104164, "iso": "2025-11-25T20:56:04Z", "episode": 113, "games_in_episode": 1, "stats": {"total_messages": 3458, "total_updates": 3446, "total_reward": -79.85000000000112, "action_counts": [331, 323, 282, 346, 479, 365, 539, 403, 390], "state_visits": {"(3, 1, 100.0)": 976, "(3, 0, 200.0)": 52, "(3, 1, 0.0)": 70, "(3, 0, 100.0)": 178, "(4, 1, 100.0)": 248, "(3, 1, 200.0)": 45, "(5, 1, 100.0)": 1, "(0, 1, 100.0)": 404, "(2, 1, 100.0)": 723, "(2, 0, 100.0)": 81, "(2, 1, 200.0)": 35, "(2, 0, 200.0)": 21, "(1, 1, 100.0)": 501, "(1, 0, 100.0)": 101, "(1, 1, 200.0)": 5, "(0, 0, 100.0)": 1, "(0, 1, 200.0)": 4}, "state_action_prob_sums": {"(3, 1, 0.0)": [380.10512666524056, 561.6258577653894, 524.3339852672827, 477.33515427372026, 370.86494691887174, 579.7965084240767, 594.6290562537024, 487.40787292118574, 932.5071019194598], "(3, 0, 100.0)": [3544.7126773517034, 3172.4453150224017, 3772.329169340639, 4029.2505848399487, 3227.9226339797397, 3543.0514084922256, 3381.483840368092, 3769.3307895162543, 3883.9236953728578], "(3, 0, 200.0)": [410.3879461116823, 415.5187447887791, 456.1882612002271, 201.75203219297734, 445.58095428706537, 450.29928311329644, 377.1941105686269, 403.13641993420475, 381.3919563357081], "(3, 1, 100.0)": [5441.1599157872115, 4807.242048164715, 5126.854097997193, 5510.839368854804, 6439.452762198694, 4971.072945439326, 6051.682007329615, 5578.398910422236, 5323.466023544312], "(4, 1, 100.0)": [949.292479023368, 919.4674516708783, 832.4636456352517, 600.8391061849816, 615.9829284533542, 1497.4508207752515, 510.6706140542003, 891.4845551287822, 493.04748678998], "(4, 0, 100.0)": [367.4101022199253, 402.36935920232827, 709.8041990712884, 511.9893979653518, 488.18204186053833, 326.8459170821945, 602.3051700232025, 388.07111497320983, 751.9541581293008], "(2, 1, 0.0)": [248.12142673913425, 401.3244519108108, 532.6174559850542, 348.79339661345796, 562.8685705915652, 429.5798556265992, 579.6723363357016, 397.53932829314033, 566.2001392849618], "(2, 0, 100.0)": [3373.5248025979545, 3538.365128811249, 3268.131484070903, 3765.811610695344, 2335.703293984306, 3493.5108878337473, 3716.1291471651743, 3654.6959242397743, 3176.6634701705634], "(2, 0, 200.0)": [448.70122264765985, 440.75527059763465, 225.88822411788885, 289.5836492583161, 361.360798070112, 267.8530893454411, 266.6277362574392, 459.54310100440466, 387.5157916202429], "(2, 1, 100.0)": [4024.7378919368157, 3734.272978042, 4620.241858031463, 5058.6542492259105, 4345.38530547797, 3969.044933687364, 4379.448015873376, 4041.3940613196078, 3626.8934538548624], "(1, 1, 0.0)": [426.1755538807327, 422.0166096780908, 381.60529274340144, 613.6444974591706, 371.6479022118068, 319.5423333316371, 244.66469973502316, 279.70811302112185, 521.8918863399567], "(1, 0, 100.0)": [2841.963432935703, 2805.041436223541, 2629.769509997617, 2501.9798816772013, 3299.6600008753253, 3662.3567538296215, 3081.8152892347543, 2747.979155778561, 2309.8432785811597], "(1, 0, 200.0)": [321.5222259616195, 370.59275155873536, 346.2428498104138, 167.76695821474587, 198.0163822284029, 218.19334153750418, 690.9592234556858, 447.2812151132391, 327.01631176682133], "(1, 1, 100.0)": [3452.426274172836, 3159.9266860883363, 3554.9776253738883, 2989.524102924354, 2550.8427798776243, 3602.2081197925427, 3722.5942910716767, 3611.9466991291038, 3616.6488508620214], "(0, 0, 100.0)": [2260.628185965052, 2266.4057352729956, 2180.9305513150885, 2600.9984057350584, 2712.1198819884407, 1946.6401135864876, 2139.4906952570404, 2926.594273542287, 2106.475000772709], "(0, 1, 100.0)": [3500.58393902309, 2888.704508458814, 3191.3762265543305, 3042.272613491726, 3116.7633022761147, 2684.5272794853936, 3068.485276979593, 3051.489422185025, 2490.2014953858634], "(0, 0, 200.0)": [263.04829605048866, 508.6261700572984, 227.852205420186, 155.0151211127663, 255.42755822664031, 133.85390042388124, 528.6169715271303, 483.3029449837114, 192.00529021779965], "(0, 1, 200.0)": [551.9922096036693, 512.1808139283374, 339.6676585718256, 211.90124651570758, 168.86840220953925, 273.5205910001693, 205.75168452906496, 74.89599470030663, 191.0163602524735], "(3, 0, 0.0)": [164.2301958611454, 297.22993853428375, 127.98845069542408, 228.84124699876347, 213.90434953907072, 245.5928417129634, 170.63861073115984, 140.8218519071629, 134.92753564129717], "(3, 1, 200.0)": [248.52707654297308, 297.4655289249141, 390.87313957022974, 245.31742406406207, 228.29727842128798, 445.5266513713324, 255.3425723015898, 249.09470964234202, 49.170995335143594], "(4, 0, 0.0)": [37.873256689209384, 142.97262126939614, 0.5555555555555556, 2.128888888888889, 0.7777777777777779, 1.2311111111111113, 3.7242137302762175, 19.503647090730343, 7.097777777777776], "(5, 0, 100.0)": [3.5711549385408805, 0.1111111111111111, 0.1111111111111111, 0.1111111111111111, 0.1111111111111111, 0.6368565302722016, 0.1111111111111111, 0.0, 0.0], "(5, 0, 0.0)": [0.5644444444444444, 0.0, 0.0, 0.0, 0.0, 0.0, 0.0, 0.0, 0.0], "(0, 0, 0.0)": [8.718636264850993, 22.815329096306876, 9.769377444669074, 51.67427560005335, 8.227644055216434, 8.006504873583223, 198.65120839714726, 1.4444444444444449, 117.32161422889274], "(2, 1, 200.0)": [178.5515029489209, 142.2185419544241, 139.4539605190869, 309.5945269019256, 66.97728451253184, 151.2312685547108, 227.0922761004935, 274.93701817789156, 454.5965552586255], "(2, 0, 0.0)": [23.93315009079309, 221.54214608849765, 219.4799803344942, 130.1441740001022, 209.48279588889434, 250.36374101971035, 168.39595756906152, 59.31943558504962, 214.73550633991383], "(1, 1, 200.0)": [237.7927295348614, 158.04562169373324, 247.61054225919239, 199.31842050216696, 308.56186923923053, 120.78794416958686, 304.17609951096733, 261.03921810960804, 294.50747057703086], "(1, 0, 0.0)": [96.481057286566, 71.07857693943393, 82.66209806216274, 94.83972241052757, 69.23818578307922, 20.579003149642762, 15.772288771425751, 197.23811013374257, 161.38761537309483], "(0, 1, 0.0)": [407.0683618060406, 191.8282437698575, 237.53627134355096, 159.46106909750438, 578.0644373107682, 172.0467526836725, 161.49265479963677, 301.02267890918614, 348.6236903747455], "(4, 0, 200.0)": [1.9701898636055355, 32.40216524761611, 95.72150080951918, 63.864153311848284, 49.68862471595004, 96.29198477416367, 68.75676623402556, 23.75871874830084, 83.69779411007413], "(4, 1, 200.0)": [15.308194292526759, 52.62861222555365, 48.96781873668176, 3.9702227745903484, 5.547189240948541, 0.5555555555555556, 27.89303097760242, 24.832305757201897, 1.2222222222222225], "(4, 1, 0.0)": [53.02100927618982, 99.24574316888511, 4.965212219682458, 84.89614283736984, 104.66201080633486, 36.94082191927397, 94.61379657419523, 68.18528842937344, 68.43447751827124], "(5, 1, 100.0)": [9.294759964319564, 0.0, 0.6717470654909317, 0.1111111111111111, 0.0, 0.1111111111111111, 2.000955391869957, 0.0, 0.6717470654909317], "(5, 0, 200.0)": [0.6847458816974908, 0.0, 0.0, 1.7957255714105582, 0.0, 0.0, 3.5677820773374904, 0.0, 0.0], "(5, 1, 200.0)": [1.8721941467664875, 0.0, 0.0, 0.0, 0.0, 0.0, 0.0, 0.0, 0.1111111111111111]}, "state_action_visits": {"(3, 1, 0.0)": 7123, "(3, 0, 100.0)": 46812, "(3, 0, 200.0)": 5162, "(3, 1, 100.0)": 69892, "(4, 1, 100.0)": 10162, "(4, 0, 100.0)": 6558, "(2, 1, 0.0)": 5907, "(2, 0, 100.0)": 44147, "(2, 0, 200.0)": 4583, "(2, 1, 100.0)": 53861, "(1, 1, 0.0)": 5021, "(1, 0, 100.0)": 37741, "(1, 0, 200.0)": 4621, "(1, 1, 100.0)": 43343, "(0, 0, 100.0)": 31223, "(0, 1, 100.0)": 38369, "(0, 0, 200.0)": 3976, "(0, 1, 200.0)": 3599, "(3, 0, 0.0)": 2569, "(3, 1, 200.0)": 3517, "(4, 0, 0.0)": 319, "(5, 0, 100.0)": 10, "(5, 0, 0.0)": 1, "(0, 0, 0.0)": 594, "(2, 1, 200.0)": 2775, "(2, 0, 0.0)": 2152, "(1, 1, 200.0)": 2944, "(1, 0, 0.0)": 1145, "(0, 1, 0.0)": 3565, "(4, 0, 200.0)": 704, "(4, 1, 200.0)": 322, "(4, 1, 0.0)": 992, "(5, 1, 100.0)": 18, "(5, 0, 200.0)": 7, "(5, 1, 200.0)": 3}}, "meta": {"recent_avg_return": -102.23849999999577, "epsilon": 0.05203439170244737,