{"timestamp": 1764101553, "iso": "2025-11-25T20:12:33Z", "episode": 33, "games_in_episode": 1, "stats": {"total_messages": 3654, "total_updates": 3642, "total_reward": -161.94999999999402, "action_counts": [221, 325, 538, 439, 415, 409, 438, 497, 372], "state_visits": {"(3, 1, 100.0)": 924, "(3, 0, 200.0)": 41, "(3, 0, 100.0)": 217, "(2, 0, 200.0)": 35, "(2, 0, 100.0)": 355, "(2, 1, 100.0)": 554, "(1, 0, 200.0)": 23, "(1, 0, 100.0)": 318, "(1, 1, 100.0)": 530, "(1, 1, 0.0)": 27, "(1, 1, 200.0)": 4, "(0, 0, 200.0)": 50, "(0, 1, 100.0)": 458, "(0, 1, 0.0)": 37, "(0, 1, 200.0)": 32, "(0, 0, 100.0)": 37}, "state_action_prob_sums": {"(3, 1, 0.0)": [140.82660130511886, 96.30460221845084, 116.32343201994323, 81.16377608462793, 57.964018508224534, 84.54731940494347, 50.97124779611466, 80.15125056487706, 155.2762859875364], "(3, 0, 100.0)": [723.3979175590177, 641.774411355316, 816.6331691282561, 893.1775655722687, 645.1150111697747, 774.658480524036, 770.3829761303484, 838.6646530618893, 756.4950624326237], "(3, 0, 200.0)": [82.97089448768462, 52.21976863180352, 102.29068686784197, 53.66134588103913, 133.97666722605794, 88.91388461023479, 97.41717098923989, 77.72260561027885, 87.06309359349603], "(3, 1, 100.0)": [1032.3430744296506, 1101.3856706018184, 1013.3983270187213, 991.5362421959557, 1080.685158215525, 1096.2889833482857, 885.191173702212, 970.7337050384658, 1009.9552370303531], "(4, 1, 100.0)": [79.90501203089819, 96.0336949624013, 106.28190147579086, 85.27310100625671, 136.79904771599084, 122.09285064511838, 94.00443011320174, 102.65795286632427, 123.15289915475672], "(4, 0, 100.0)": [73.0417146881552, 96.1195311836114, 103.47967149379515, 75.60591108348903, 93.93949992438363, 124.7544409796934, 73.89326152931316, 108.11019835183747, 109.59314558598082], "(2, 1, 0.0)": [64.82216501634838, 68.70868387182072, 102.44056529336996, 42.98267099891036, 138.02177366027084, 130.50889467846358, 132.25257253334047, 84.64727785283783, 119.59702188075313], "(2, 0, 100.0)": [750.4683433421898, 724.4154447300929, 519.0395603528547, 778.4180142690905, 612.5711156428489, 869.9302826411796, 742.5993194994799, 840.6083165072631, 774.3491839679078], "(2, 0, 200.0)": [65.93981670875036, 61.65701983630286, 54.30621736942539, 79.49074445546465, 54.84193157971591, 42.05274102271992, 74.78625657208893, 122.42194721627257, 72.54369316689295], "(2, 1, 100.0)": [751.3592483768344, 726.5899369091867, 947.81668267184, 953.5543583184874, 602.9266487853064, 810.832494139768, 902.4867527553066, 958.3638562724885, 697.7477153094195], "(1, 1, 0.0)": [112.02366272189504, 27.724090358343968, 90.10584576055429, 98.2998223202361, 64.80114447440266, 47.553211096082116, 61.48963608439534, 83.82133648735604, 122.4122619208724], "(1, 0, 100.0)": [768.9855090160785, 615.110978282353, 617.6979171683492, 481.1123472532581, 443.68043480230295, 662.0554282478471, 653.1607857060862, 681.1058779488252, 619.3521899231326], "(1, 0, 200.0)": [81.47204627211782, 149.7656120415292, 50.93022424661266, 42.39613550691194, 49.81627004564423, 76.4679663428595, 129.22475014452135, 81.43499852882333, 98.783983247596], "(1, 1, 100.0)": [684.9577045892552, 754.7382857648755, 840.6670736470592, 536.9272696052288, 698.7544041629802, 719.5887864250788, 676.4057335023673, 693.8582622843029, 582.0283795904205], "(0, 0, 100.0)": [514.9922426012932, 509.49102410405004, 529.9804798640731, 527.3839508523912, 570.8799981426114, 402.0145056845167, 503.5924954102679, 647.018855169221, 549.4722256785468], "(0, 1, 100.0)": [533.5978234092776, 477.03702162665695, 575.713020113002, 699.4904018523279, 428.16787274691876, 643.5778255321009, 738.5013874581012, 542.7693418535962, 501.13173763545757], "(0, 0, 200.0)": [41.733270899429805, 18.73042765756562, 31.77131686853466, 66.077708337887, 26.52455341888004, 29.015326080566123, 145.76598710254302, 85.82017511723647, 67.58797896693704], "(0, 1, 200.0)": [46.97037931000193, 122.86327096027489, 104.45848983606416, 58.574069768698564, 99.46688890840016, 36.0510538868704, 30.88605635576263, 30.188165157956675, 82.97397123921498], "(3, 0, 0.0)": [39.748840175162094, 99.54630673897329, 39.26178219818551, 19.76574757498998, 30.31367157769678, 48.58782305669948, 29.505492866068682, 39.44791031024124, 93.15262349086397], "(3, 1, 200.0)": [36.62316885077771, 20.250740331580445, 29.774480772785438, 76.30408905236386, 60.89244672067394, 72.00962280633028, 34.869741950247665, 102.6541551833588, 29.43825476722313], "(4, 0, 0.0)": [1.3333333333333337, 48.95573007422036, 0.3333333333333333, 2.128888888888889, 0.5555555555555556, 1.2311111111111113, 0.7777777777777779, 0.8977777777777778, 6.875555555555555], "(5, 0, 100.0)": [0.0, 0.0, 0.1111111111111111, 0.1111111111111111, 0.1111111111111111, 0.6368565302722016, 0.1111111111111111, 0.0, 0.0], "(5, 0, 0.0)": [0.5644444444444444, 0.0, 0.0, 0.0, 0.0, 0.0, 0.0, 0.0, 0.0], "(0, 0, 0.0)": [2.3848241716555143, 15.179514620749682, 1.747967641383313, 5.911329045238743, 7.67208849966088, 6.895393762472116, 3.3252038988665844, 1.0000000000000002, 2.799458479705494], "(2, 1, 200.0)": [23.60723449407311, 22.93505310262569, 33.02676170119547, 25.669784434310984, 35.97087104167279, 54.507826167504746, 13.165366266423048, 34.273468406382754, 144.6110532668473], "(2, 0, 0.0)": [21.377594535237545, 29.724017046413035, 21.285109860271, 21.887132893244107, 8.045731342222215, 22.073662293777236, 24.045163417656727, 38.66428718450656, 33.14940472126058], "(1, 1, 200.0)": [48.645725971588455, 55.35357960586577, 22.798778588645963, 15.989430545590809, 43.041800320693625, 43.29979322704003, 22.58154633609228, 45.307981560585674, 46.97692784662577], "(1, 0, 0.0)": [12.806167210477481, 30.174423003971484, 5.626666666666663, 0.5555555555555556, 21.521432076055348, 8.04021793412763, 4.993713060544403, 3.5999999999999996, 5.019064675555553], "(0, 1, 0.0)": [83.49555021258095, 36.16385073889426, 70.4579178669259, 14.200562711712395, 84.52742820813059, 39.879661576829335, 19.42023946714951, 27.569382778887405, 50.516910976089335], "(4, 0, 200.0)": [1.3035231969388685, 9.617796178976937, 0.8888888888888891, 1.0000000000000002, 1.0000000000000002, 4.2910613571997684, 18.15658991500088, 23.425385414967508, 5.73223621580545], "(4, 1, 200.0)": [1.0000000000000002, 42.762805930369574, 6.419123250952193, 3.748000552368126, 0.8888888888888891, 0.3333333333333333, 27.6708087553802, 9.156622065959485, 0.8888888888888891], "(4, 1, 0.0)": [17.1561865170161, 5.700655652977773, 4.409656664126905, 1.4444444444444449, 14.439027894969753, 34.163044141496115, 2.0000000000000004, 49.52014436273034, 21.634368056336147], "(5, 1, 100.0)": [0.6717470654909317, 0.0, 0.6717470654909317, 0.1111111111111111, 0.0, 0.0, 0.0, 0.0, 0.6717470654909317], "(5, 0, 200.0)": [0.6847458816974908, 0.0, 0.0, 0.0, 0.0, 0.0, 0.0, 0.0, 0.0]}, "state_action_visits": {"(3, 1, 0.0)": 1969, "(3, 0, 100.0)": 14635, "(3, 0, 200.0)": 1658, "(3, 1, 100.0)": 19153, "(4, 1, 100.0)": 2102, "(4, 0, 100.0)": 1893, "(2, 1, 0.0)": 1888, "(2, 0, 100.0)": 14085, "(2, 0, 200.0)": 1423, "(2, 1, 100.0)": 15458, "(1, 1, 0.0)": 1431, "(1, 0, 100.0)": 11889, "(1, 0, 200.0)": 1640, "(1, 1, 100.0)": 13006, "(0, 0, 100.0)": 10214, "(0, 1, 100.0)": 11012, "(0, 0, 200.0)": 1148, "(0, 1, 200.0)": 1245, "(3, 0, 0.0)": 961, "(3, 1, 200.0)": 1050, "(4, 0, 0.0)": 137, "(5, 0, 100.0)": 5, "(5, 0, 0.0)": 1, "(0, 0, 0.0)": 138, "(2, 1, 200.0)": 813, "(2, 0, 0.0)": 531, "(1, 1, 200.0)": 725, "(1, 0, 0.0)": 232, "(0, 1, 0.0)": 873, "(4, 0, 200.0)": 155, "(4, 1, 200.0)": 200, "(4, 1, 0.0)": 347, "(5, 1, 100.0)": 4, "(5, 0, 200.0)": 1}}, "meta": {"recent_avg_return": -114.01640624999622, "epsilon": 0.2619415701674462, "q_summary": {"(3, 1, 0.0)": [11.953966537268684, 11.480963381294242, 11.701451744645755, 11.245779106106156, 10.605954412610716, 11.303738534636164, 11.451044627103327, 11.933756120779318, 11.483446796023756],