{"timestamp": 1764102541, "iso": "2025-11-25T20:29:01Z", "episode": 64, "games_in_episode": 1, "stats": {"total_messages": 4700, "total_updates": 4687, "total_reward": -282.8249999999894, "action_counts": [534, 450, 581, 550, 494, 544, 692, 393, 462], "state_visits": {"(3, 0, 100.0)": 701, "(3, 1, 100.0)": 298, "(3, 0, 200.0)": 173, "(3, 1, 0.0)": 101, "(4, 1, 100.0)": 123, "(4, 0, 100.0)": 154, "(4, 0, 200.0)": 13, "(5, 0, 200.0)": 1, "(0, 0, 200.0)": 280, "(0, 0, 100.0)": 322, "(2, 0, 100.0)": 587, "(2, 1, 100.0)": 213, "(2, 0, 200.0)": 193, "(2, 1, 0.0)": 94, "(1, 0, 100.0)": 451, "(1, 1, 0.0)": 110, "(1, 0, 200.0)": 315, "(1, 1, 100.0)": 216, "(0, 1, 0.0)": 118, "(0, 1, 100.0)": 202, "(0, 1, 200.0)": 22}, "state_action_prob_sums": {"(3, 1, 0.0)": [274.0544968674504, 250.48916720431296, 274.81940114254934, 326.9348027405553, 200.21176885040643, 207.80774624528635, 237.74677626345428, 228.3392931196517, 310.31182435289645], "(3, 0, 100.0)": [1651.680144881394, 1446.2131371644246, 2185.5283878971727, 1910.3383559790495, 1306.7958094566056, 1720.815356620353, 1381.365572084596, 1811.5256142164928, 1604.9240431180335], "(3, 0, 200.0)": [249.41356629209693, 162.6540360764412, 152.1752976964059, 125.60919385311745, 237.74439635222424, 217.31439357560672, 250.86518459925526, 232.44282776028697, 167.00709772143918], "(3, 1, 100.0)": [2305.4574698884007, 2700.4101706786537, 2219.2109913083236, 2737.230699267663, 3166.1752397629784, 2397.9858639107515, 2617.0036604513366, 2148.044698693987, 2443.422368663349], "(4, 1, 100.0)": [440.73737229060373, 230.1659449510392, 229.0288823718154, 208.24639071025547, 345.3321177257918, 407.59569412573876, 356.40790736643487, 521.9381662650194, 258.0255692818165], "(4, 0, 100.0)": [261.57074305568733, 141.40431610611782, 119.03001360138384, 162.32032722224972, 247.41498255991388, 200.68272734826616, 345.81083474855114, 250.15252173814176, 262.8646304392433], "(2, 1, 0.0)": [175.77400614180752, 195.17756625422388, 240.65094953435855, 101.40293188664327, 347.4944199125463, 250.8998365233697, 234.70859330972237, 229.72285342850606, 215.6330587837135], "(2, 0, 100.0)": [1773.9945576927169, 1555.7869767525099, 1575.190883206469, 1824.4998267590502, 1449.4607034965418, 1557.6940630476633, 1385.5548530959184, 1795.752476146424, 1385.3599763423406], "(2, 0, 200.0)": [258.5869482792687, 161.31104245205097, 153.20975231770393, 165.85658813373195, 154.27647740150036, 76.36778418457675, 206.0341980145495, 248.68598518218778, 155.70747844793024], "(2, 1, 100.0)": [1718.8793987712995, 2103.0923802110624, 1950.5483025916133, 2399.317127452227, 1804.0243416705136, 1984.428121292995, 1996.2570047884353, 1768.7322215789384, 1750.7741459592787], "(1, 1, 0.0)": [251.8465266808565, 191.33467727418346, 120.17896075367922, 326.0541500494041, 137.2824051487755, 145.19579915151232, 88.89231034868294, 97.20199965637852, 310.2504644122457], "(1, 0, 100.0)": [1590.0601421568786, 1473.5340636365322, 1199.269749790252, 1144.2957788013975, 1229.7826400843114, 1630.4383271263719, 1364.0808539461505, 1390.7297240578491, 1392.6426651092606], "(1, 0, 200.0)": [182.56108534237524, 176.57218779854716, 113.12524102227482, 73.29847727023319, 110.84018635189813, 182.78299749452745, 458.03643870898156, 267.8621853833339, 140.52753738176912], "(1, 1, 100.0)": [1507.9794485405585, 1738.7415980158305, 1626.809345187153, 1222.4067247308512, 1553.0444056242025, 1459.6984673906604, 1558.0995752813806, 1676.9809093875833, 1804.3568565293801], "(0, 0, 100.0)": [974.8874991358078, 1152.765726020555, 933.9931755464445, 1363.4084114857885, 1650.4269484933186, 1175.6844520446905, 1363.166540535634, 1301.5929772729723, 952.1123682049338], "(0, 1, 100.0)": [1476.8440644057437, 1040.7676958258994, 1303.7305937023032, 1261.6679936745757, 1273.4707374492273, 1270.4351649009484, 1426.5127684701542, 1318.2315571560775, 1310.9679912188521], "(0, 0, 200.0)": [121.96822978086573, 103.60522975533274, 87.58881572070804, 111.50626235617239, 70.15536977078939, 87.49981849183666, 385.19460563282524, 205.80807115048526, 148.4413417071108], "(0, 1, 200.0)": [187.6440601802059, 123.64104873805269, 213.9828258755251, 88.86466604629857, 114.06710880679361, 41.4922981250834, 63.76097183661686, 53.48246051214261, 152.8869638473062], "(3, 0, 0.0)": [87.46697174310603, 190.0727027561747, 59.87611931648468, 43.22134185871132, 64.72232352395471, 83.01526678446822, 56.74285646053235, 74.53117073279192, 104.06366057142527], "(3, 1, 200.0)": [109.51175813058752, 138.87153148865383, 172.6458349052606, 137.34723036711145, 102.66709699433585, 186.04051851992133, 121.2938376561563, 168.87349286387706, 46.790453817315864], "(4, 0, 0.0)": [1.3333333333333337, 48.95573007422036, 0.3333333333333333, 2.128888888888889, 0.5555555555555556, 1.2311111111111113, 0.7777777777777779, 0.8977777777777778, 6.875555555555555], "(5, 0, 100.0)": [0.8172889504428911, 0.0, 0.1111111111111111, 0.1111111111111111, 0.1111111111111111, 0.6368565302722016, 0.1111111111111111, 0.0, 0.0], "(5, 0, 0.0)": [0.5644444444444444, 0.0, 0.0, 0.0, 0.0, 0.0, 0.0, 0.0, 0.0], "(0, 0, 0.0)": [2.4959352827666255, 21.53747152521874, 1.8590787524944241, 14.882287085121913, 7.894310721883102, 7.117615984694337, 3.4363150099776956, 1.1111111111111114, 2.799458479705494], "(2, 1, 200.0)": [76.29107175970186, 75.99496813280516, 81.93649213504739, 55.6162753297791, 40.00121197557, 67.31712862905349, 116.3370432767102, 75.59561244927738, 249.39730843600378], "(2, 0, 0.0)": [22.933150090793095, 76.15674529710999, 55.96506570417145, 63.39059014911742, 46.324125411143086, 35.73125513746134, 54.7878071043726, 41.790319959434854, 85.37764048906796], "(1, 1, 200.0)": [145.87253444990586, 57.02024627253248, 103.01551170630609, 119.6291527984663, 86.60586465534891, 59.415518665368474, 23.692657447203388, 69.20668909233281, 204.7795377026529], "(1, 0, 0.0)": [22.110458583693983, 30.95220078174926, 6.629744613058628, 32.175173613429386, 22.188098742722012, 12.722274332754123, 5.5492686160999565, 91.62210517313571, 42.24251712308041], "(0, 1, 0.0)": [220.2628841472256, 91.07997564227715, 187.33745768650303, 61.26256609718262, 112.62381966995663, 86.07524594148697, 104.11123239130771, 31.813987496835335, 174.3803300541865], "(4, 0, 200.0)": [1.7479676413833132, 10.06224062342138, 36.438128189025434, 4.380266912882676, 29.963677198950897, 4.51328357942199, 18.26770102611199, 23.53649652607862, 8.628547511578567], "(4, 1, 200.0)": [2.154276504767367, 43.096139263702916, 22.072801279035513, 3.9702227745903484, 5.547189240948541, 0.5555555555555556, 27.89303097760242, 24.832305757201897, 1.2222222222222225], "(4, 1, 0.0)": [52.111099457632925, 7.478433430755545, 4.965212219682458, 33.71897077596133, 91.58994001320495, 36.718599697051744, 84.27145523673602, 67.05315638859432, 60.24528915125916], "(5, 1, 100.0)": [9.294759964319564, 0.0, 0.6717470654909317, 0.1111111111111111, 0.0, 0.1111111111111111, 0.0, 0.0, 0.6717470654909317], "(5, 0, 200.0)": [0.6847458816974908, 0.0, 0.0, 0.8755312722325858, 0.0, 0.0, 0.0, 0.0, 0.0], "(5, 1, 200.0)": [0.0, 0.0, 0.0, 0.0, 0.0, 0.0, 0.0, 0.0, 0.1111111111111111]}, "state_action_visits": {"(3, 1, 0.0)": 4079, "(3, 0, 100.0)": 26418, "(3, 0, 200.0)": 3105, "(3, 1, 100.0)": 38792, "(4, 1, 100.0)": 5060, "(4, 0, 100.0)": 3528, "(2, 1, 0.0)": 3469, "(2, 0, 100.0)": 25217, "(2, 0, 200.0)": 2746, "(2, 1, 100.0)": 30092, "(1, 1, 0.0)": 2769, "(1, 0, 100.0)": 21867, "(1, 0, 200.0)": 2961, "(1, 1, 100.0)": 24518, "(0, 0, 100.0)": 19103, "(0, 1, 100.0)": 20363, "(0, 0, 200.0)": 2276, "(0, 1, 200.0)": 1861, "(3, 0, 0.0)": 1441, "(3, 1, 200.0)": 2086, "(4, 0, 0.0)": 137, "(5, 0, 100.0)": 6, "(5, 0, 0.0)": 1, "(0, 0, 0.0)": 169, "(2, 1, 200.0)": 1471, "(2, 0, 0.0)": 937, "(1, 1, 200.0)": 1454, "(1, 0, 0.0)": 494, "(0, 1, 0.0)": 1821, "(4, 0, 200.0)": 264, "(4, 1, 200.0)": 266, "(4, 1, 0.0)": 790, "(5, 1, 100.0)": 15, "(5, 0, 200.0)": 2, "(5, 1, 200.0)": 1}}, "meta": {"recent_avg_return": -109.22199999999509, "epsilon": 0.1400273187383411,