{"timestamp": 1764102942, "iso": "2025-11-25T20:35:42Z", "episode": 76, "games_in_episode": 1, "stats": {"total_messages": 3125, "total_updates": 3113, "total_reward": -85.17499999999586, "action_counts": [416, 211, 504, 245, 289, 607, 332, 313, 208], "state_visits": {"(3, 1, 100.0)": 710, "(3, 1, 0.0)": 59, "(3, 1, 200.0)": 6, "(3, 0, 100.0)": 243, "(4, 0, 100.0)": 145, "(4, 1, 100.0)": 55, "(2, 1, 100.0)": 379, "(2, 0, 100.0)": 351, "(2, 1, 200.0)": 10, "(2, 1, 0.0)": 57, "(3, 0, 200.0)": 22, "(2, 0, 200.0)": 11, "(1, 1, 100.0)": 208, "(1, 0, 100.0)": 357, "(0, 1, 100.0)": 277, "(0, 0, 100.0)": 223}, "state_action_prob_sums": {"(3, 1, 0.0)": [335.7535467502757, 281.02823232587247, 331.1572610499455, 328.15702496277726, 242.7442346922786, 328.45214833149294, 241.89553176794323, 276.8293070964809, 420.15549054488514], "(3, 0, 100.0)": [2156.5375129997146, 1910.2037016842564, 2624.452508190523, 2418.84993261454, 1916.997742918679, 2261.2643890779295, 1770.9018585392848, 2328.727819482636, 2027.9648707837746], "(3, 0, 200.0)": [300.62578096197257, 167.43152472177175, 306.585417475283, 182.21065455514523, 334.48166807135516, 254.04125335164787, 252.3126856741452, 234.54612725974263, 179.74159474887017], "(3, 1, 100.0)": [3200.025727328464, 3309.760170369048, 2859.322015542112, 3331.4671943629533, 3853.5297724806796, 3214.029985616189, 3196.5222124250013, 2573.217863098992, 3148.5283303526185], "(4, 1, 100.0)": [553.7524287090744, 449.95200417403464, 256.57683580044807, 358.0796498360133, 425.8097048316399, 605.5768311614514, 425.04974928075404, 624.0076271576054, 288.64246407506596], "(4, 0, 100.0)": [262.5707430556871, 148.84342461819315, 280.7456191289075, 278.97614971678144, 311.02226862971315, 268.07930525683963, 379.43789939505376, 347.75297598377045, 376.6731267144043], "(2, 1, 0.0)": [195.30497254037442, 254.1217985456755, 256.62264302229585, 196.33679200598667, 360.11356380204086, 252.01094763448083, 302.5725711349733, 284.6636799721075, 258.3581258278746], "(2, 0, 100.0)": [2075.6262191425576, 2164.382448584403, 2115.7592377917085, 2098.7787590862094, 1553.2287633205592, 2142.903300562746, 1861.5477413885687, 2216.004083677125, 1777.4034391271111], "(2, 0, 200.0)": [278.1760224596923, 243.50170255943857, 153.54308565103727, 166.3010325781764, 270.13532667493564, 98.90610586648043, 208.26685567688932, 300.23191083185736, 168.02262789516524], "(2, 1, 100.0)": [2158.532269325324, 2503.601476089132, 2543.432894353853, 3031.8391566375913, 2339.5597723762207, 2451.9017065523453, 2185.5894399262183, 2494.895797494974, 2285.9334246010126], "(1, 1, 0.0)": [280.13827072953535, 227.4270523558336, 156.89938935222386, 395.47921647355986, 151.42357162394234, 153.98123986195264, 89.22564368201628, 153.77443025612263, 346.51880975788936], "(1, 0, 100.0)": [1896.4079572687253, 1783.8478797464013, 1636.9845272766815, 1510.9091503121758, 1636.2958565735682, 1975.1535756497165, 1660.7225195769295, 1841.0234135313626, 1589.686976556809], "(1, 0, 200.0)": [183.1166408979308, 246.44276391634656, 118.42838505703938, 137.56342298286634, 125.96580281870021, 210.60186170311468, 570.9975637177416, 407.64843414107236, 199.84687719944745], "(1, 1, 100.0)": [1839.7027537356291, 2022.8160924612146, 2139.2358839007534, 1649.6854333206973, 1841.2159227561401, 1752.202254336567, 2137.50107960673, 2038.627322623283, 2086.830959011146], "(0, 0, 100.0)": [1223.7936807722394, 1662.021053319308, 1264.600257535907, 1575.4279264367829, 1816.100468368553, 1512.9974047883484, 1554.6449238843322, 1488.0726207110893, 1295.0618785990914], "(0, 1, 100.0)": [1863.687893483742, 1328.5647285348296, 1750.355092344771, 1658.6997077479482, 1576.6396699761526, 1682.4474511262752, 1662.1548207653975, 1467.3332782818497, 1511.4990600888761], "(0, 0, 200.0)": [167.8825211576862, 329.3130676187615, 110.84982948456309, 129.79520491531204, 119.51716317843567, 116.02762764745434, 430.31574647883497, 308.85824607544816, 158.29328179302723], "(0, 1, 200.0)": [271.8590419548285, 215.51270277827405, 285.92959681999196, 100.40288908125797, 117.07627869813007, 145.12331913887053, 70.56014602751303, 55.68782542429142, 177.65096150627824], "(3, 0, 0.0)": [106.66460480833989, 192.76760271787472, 77.95323017226295, 57.594141654445046, 71.01042343458822, 83.12637789557934, 56.74285646053235, 74.53117073279192, 104.39699390475862], "(3, 1, 200.0)": [202.05688621750002, 139.09375371087606, 225.77359960008224, 151.1855735127752, 111.21454732617855, 188.13477232095903, 136.8217376656863, 192.1596203288722, 47.01267603953809], "(4, 0, 0.0)": [1.3333333333333337, 48.95573007422036, 0.3333333333333333, 2.128888888888889, 0.5555555555555556, 1.2311111111111113, 0.7777777777777779, 0.8977777777777778, 6.875555555555555], "(5, 0, 100.0)": [0.8172889504428911, 0.0, 0.1111111111111111, 0.1111111111111111, 0.1111111111111111, 0.6368565302722016, 0.1111111111111111, 0.0, 0.0], "(5, 0, 0.0)": [0.5644444444444444, 0.0, 0.0, 0.0, 0.0, 0.0, 0.0, 0.0, 0.0], "(0, 0, 0.0)": [2.6070463938777366, 21.759693747440963, 1.8590787524944241, 51.45205337783112, 8.005421832994212, 7.339838206916559, 43.2374734162456, 1.1111111111111114, 6.478351668154096], "(2, 1, 200.0)": [76.73551620414632, 95.79636719042054, 82.15871435726962, 134.19484565360645, 40.334545308903344, 69.10224199471114, 194.63520586138915, 152.99474009819772, 346.5081150482857], "(2, 0, 0.0)": [22.933150090793095, 76.15674529710999, 55.96506570417145, 63.39059014911742, 46.324125411143086, 35.84236624857245, 54.7878071043726, 41.90143107054597, 112.00234434166192], "(1, 1, 200.0)": [146.3169788943503, 108.43668279041181, 132.85097668384145, 120.29581946513298, 122.87908796014436, 75.2131168573864, 53.27718417228397, 172.82343677499782, 206.44250948902234], "(1, 0, 0.0)": [22.110458583693983, 31.06331189286037, 10.197526690396119, 32.175173613429386, 30.21560841673135, 12.722274332754123, 5.5492686160999565, 91.62210517313571, 42.24251712308041], "(0, 1, 0.0)": [239.94828242706734, 105.45277543801087, 187.33745768650303, 61.373677208293735, 112.62381966995663, 113.0242455584877, 104.44456572464105, 74.76102916954298, 174.82477449863094], "(4, 0, 200.0)": [1.7479676413833132, 10.17335173453249, 50.82685087832643, 4.380266912882676, 29.963677198950897, 4.624394690533101, 21.061131964066153, 23.53649652607862, 41.47013765402562], "(4, 1, 200.0)": [2.265387615878478, 43.096139263702916, 39.77433847145163, 3.9702227745903484, 5.547189240948541, 0.5555555555555556, 27.89303097760242, 24.832305757201897, 1.2222222222222225], "(4, 1, 0.0)": [52.111099457632925, 7.478433430755545, 4.965212219682458, 33.71897077596133, 91.58994001320495, 36.718599697051744, 84.27145523673602, 67.05315638859432, 60.24528915125916], "(5, 1, 100.0)": [9.294759964319564, 0.0, 0.6717470654909317, 0.1111111111111111, 0.0, 0.1111111111111111, 0.0, 0.0, 0.6717470654909317], "(5, 0, 200.0)": [0.6847458816974908, 0.0, 0.0, 0.8755312722325858, 0.0, 0.0, 3.5677820773374904, 0.0, 0.0], "(5, 1, 200.0)": [0.0, 0.0, 0.0, 0.0, 0.0, 0.0, 0.0, 0.0, 0.1111111111111111]}, "state_action_visits": {"(3, 1, 0.0)": 4666, "(3, 0, 100.0)": 31919, "(3, 0, 200.0)": 3629, "(3, 1, 100.0)": 46306, "(4, 1, 100.0)": 6321, "(4, 0, 100.0)": 4365, "(2, 1, 0.0)": 3937, "(2, 0, 100.0)": 29901, "(2, 0, 200.0)": 3132, "(2, 1, 100.0)": 35782, "(1, 1, 0.0)": 3124, "(1, 0, 100.0)": 25797, "(1, 0, 200.0)": 3593, "(1, 1, 100.0)": 28743, "(0, 0, 100.0)": 22320, "(0, 1, 100.0)": 23885, "(0, 0, 200.0)": 2971, "(0, 1, 200.0)": 2352, "(3, 0, 0.0)": 1516, "(3, 1, 200.0)": 2344, "(4, 0, 0.0)": 137, "(5, 0, 100.0)": 6, "(5, 0, 0.0)": 1, "(0, 0, 0.0)": 270, "(2, 1, 200.0)": 1918, "(2, 0, 0.0)": 969, "(1, 1, 200.0)": 1802, "(1, 0, 0.0)": 508, "(0, 1, 0.0)": 1947, "(4, 0, 200.0)": 324, "(4, 1, 200.0)": 287, "(4, 1, 0.0)": 790, "(5, 1, 100.0)": 15, "(5, 0, 200.0)": 6, "(5, 1, 200.0)": 1}}, "meta": {"recent_avg_return": -122.15699999999478, "epsilon": 0.10988177879371958,