{"timestamp": 1764100973, "iso": "2025-11-25T20:02:53Z", "episode": 16, "games_in_episode": 1, "stats": {"total_messages": 3629, "total_updates": 3616, "total_reward": -5.099999999997914, "action_counts": [372, 383, 405, 447, 368, 445, 418, 461, 330], "state_visits": {"(3, 0, 100.0)": 303, "(3, 1, 0.0)": 50, "(3, 1, 100.0)": 543, "(3, 1, 200.0)": 36, "(4, 1, 100.0)": 43, "(3, 0, 0.0)": 152, "(5, 1, 100.0)": 4, "(0, 1, 100.0)": 559, "(2, 0, 100.0)": 167, "(2, 0, 0.0)": 98, "(2, 1, 100.0)": 620, "(2, 1, 0.0)": 104, "(2, 1, 200.0)": 4, "(1, 1, 100.0)": 448, "(1, 1, 0.0)": 202, "(1, 0, 100.0)": 101, "(0, 1, 0.0)": 106, "(0, 0, 100.0)": 76}, "state_action_prob_sums": {"(3, 1, 0.0)": [38.98595039985352, 35.96123066077445, 67.70405428581209, 52.127262808877774, 36.81877569958011, 63.626293433910995, 33.02495256090065, 49.525079083139545, 54.39847703630444], "(3, 0, 100.0)": [301.6188001484571, 219.86231197660882, 385.3084798030336, 326.93891402974225, 217.40030337114365, 308.60515665071995, 351.45026288749466, 299.2669281976096, 413.65093922018275], "(3, 0, 200.0)": [27.831244187737866, 28.857840291374295, 38.158215064998245, 36.16107026241741, 38.03427597136727, 32.408183663361534, 36.84235445897545, 62.783424490758236, 51.08307467792408], "(3, 1, 100.0)": [403.12515435642945, 429.98409937302284, 347.9903071602946, 387.4938533159586, 401.98895566704334, 386.2853793603344, 392.5063580101656, 350.01069046520456, 350.50657070698173], "(4, 1, 100.0)": [44.444833221763105, 18.58737987271533, 28.445359505020782, 29.971233019737788, 110.70680788151385, 68.05980834723424, 28.037745773678104, 86.92509967415249, 50.52102572453245], "(4, 0, 100.0)": [54.37194607595682, 58.50358243684291, 19.11257119381994, 51.9524729637041, 35.96102868718485, 47.83657141562739, 44.32586258316323, 49.16592585697524, 73.7158262360463], "(2, 1, 0.0)": [5.323695661454219, 53.34365457209616, 19.97061090688979, 20.433278033538123, 13.73271185138211, 88.91400492057664, 100.52531291641586, 31.049604786143643, 14.041046212591645], "(2, 0, 100.0)": [386.89991518325553, 271.46454400010236, 237.246632420088, 248.5411242674004, 196.59847508247015, 305.519542249583, 309.1771527070104, 328.7565575702493, 276.1256851578396], "(2, 0, 200.0)": [41.827650271906464, 19.480972319518752, 28.74486877994355, 22.447399497800426, 17.496851577433254, 16.268357408555637, 49.8862202689367, 54.029906680781735, 42.3192575575286], "(2, 1, 100.0)": [274.9028711157917, 259.36524737283906, 401.7795085713424, 339.60036532705897, 276.19223830920885, 331.3882185894845, 344.90394121524497, 372.3280231424716, 249.8809834704294], "(1, 1, 0.0)": [29.85978624115171, 10.801509258505227, 21.974824398501397, 44.49292237714635, 17.511555942135885, 10.770512811870745, 33.2334044760312, 38.90577137318044, 20.369778665412593], "(1, 0, 100.0)": [272.55981242933166, 238.99038831632228, 246.81165493715596, 231.21969917072624, 263.0783541586372, 239.82825565031536, 301.57208427196036, 261.66160879021396, 196.3500785362047], "(1, 0, 200.0)": [30.43670501361192, 40.347305296646134, 6.8888888888888795, 33.378130806876875, 26.644357828838615, 28.177642655996088, 72.7668347847676, 35.28774926242899, 75.12634672691236], "(1, 1, 100.0)": [306.6582209574674, 235.6271412378772, 223.89299570862678, 219.4007005090484, 277.5926006155265, 315.20401358259573, 241.30350936546003, 301.2990359562046, 203.7572720266823], "(0, 0, 100.0)": [268.37818369140774, 224.8082813104021, 162.91517179063388, 201.1716458988095, 189.30643154679174, 130.35890684853177, 174.01228007071197, 252.19228412027596, 211.16624475875858], "(0, 1, 100.0)": [234.61164568774277, 164.40159002814016, 256.1441620449365, 254.28147122009588, 190.72989292569298, 271.6367273488111, 256.2049221605197, 251.82625163283626, 222.72662896556554], "(0, 0, 200.0)": [25.35236192713053, 16.93457066475702, 23.618039330476485, 18.785983021588027, 15.499198321435589, 14.350399063562223, 118.16281144102861, 60.581942176921615, 37.45758494924155], "(0, 1, 200.0)": [6.268458666666663, 15.557932601022658, 20.725227428807095, 25.199139555555554, 30.63252692362384, 13.785813408573135, 2.444444444444445, 8.913609896091842, 9.139609269959108], "(3, 0, 0.0)": [21.642458808888875, 58.14721554605804, 13.960366030558106, 16.16980759852746, 16.98958967960365, 30.15737889789383, 22.070175650363048, 34.37353126187679, 19.660234762508132], "(3, 1, 200.0)": [20.042742713921026, 14.199413446164366, 24.128529142075767, 60.24894805382666, 55.38977498865721, 42.96090600223673, 22.958319222169635, 8.312901082173424, 11.224347310064923], "(4, 0, 0.0)": [0.7777777777777779, 0.1111111111111111, 0.1111111111111111, 1.5733333333333333, 0.2222222222222222, 0.8977777777777778, 0.2222222222222222, 0.7866666666666666, 6.542222222222223], "(5, 0, 100.0)": [0.0, 0.0, 0.1111111111111111, 0.1111111111111111, 0.0, 0.6368565302722016, 0.1111111111111111, 0.0, 0.0], "(5, 0, 0.0)": [0.5644444444444444, 0.0, 0.0, 0.0, 0.0, 0.0, 0.0, 0.0, 0.0], "(0, 0, 0.0)": [2.3848241716555143, 15.179514620749682, 1.747967641383313, 5.911329045238743, 7.67208849966088, 6.895393762472116, 3.3252038988665844, 1.0000000000000002, 2.799458479705494], "(2, 1, 200.0)": [5.28444444444444, 9.971166937599993, 12.578742764088883, 6.866666666666664, 17.47295494607925, 9.963765333333326, 7.80305388231111, 22.32100876588826, 42.53376662892893], "(2, 0, 0.0)": [21.155372313015324, 25.95569662934635, 20.285109860271003, 21.776021782132997, 7.490175786666661, 6.677894968888884, 3.666666666666668, 30.10772626692909, 29.492195415305005], "(1, 1, 200.0)": [22.44713722870922, 15.591505263152827, 7.469980867324177, 5.594723766995421, 8.812258610340447, 20.634479360889593, 7.6766340254710865, 5.960735999999995, 10.399929812862524], "(1, 0, 0.0)": [12.806167210477481, 30.174423003971484, 5.626666666666663, 0.5555555555555556, 21.521432076055348, 8.04021793412763, 4.993713060544403, 3.5999999999999996, 5.019064675555553], "(0, 1, 0.0)": [14.099104857329491, 18.40347359360434, 38.85764445817804, 10.859291304973938, 29.949223570052588, 7.3562137351678105, 11.697186273862824, 8.156834700529496, 3.015241196472795], "(4, 0, 200.0)": [0.970189863605535, 8.710828075057224, 0.5555555555555556, 0.7777777777777779, 0.8888888888888891, 4.068839134977547, 17.934367692778657, 0.8888888888888891, 5.62112510469434], "(4, 1, 200.0)": [0.6666666666666667, 42.42947259703623, 0.7777777777777779, 3.0216807019277163, 0.4444444444444444, 0.2222222222222222, 0.5555555555555556, 3.848609926118401, 0.4444444444444444], "(4, 1, 0.0)": [1.2222222222222225, 5.367322319644441, 1.3333333333333337, 0.8888888888888891, 1.3333333333333337, 8.618321684889978, 1.6666666666666672, 49.186811029397, 21.078812500780593], "(5, 1, 100.0)": [0.6717470654909317, 0.0, 0.6717470654909317, 0.1111111111111111, 0.0, 0.0, 0.0, 0.0, 0.6717470654909317]}, "state_action_visits": {"(3, 1, 0.0)": 1123, "(3, 0, 100.0)": 7142, "(3, 0, 200.0)": 877, "(3, 1, 100.0)": 8529, "(4, 1, 100.0)": 1211, "(4, 0, 100.0)": 1110, "(2, 1, 0.0)": 859, "(2, 0, 100.0)": 6460, "(2, 0, 200.0)": 773, "(2, 1, 100.0)": 7106, "(1, 1, 0.0)": 548, "(1, 0, 100.0)": 5722, "(1, 0, 200.0)": 868, "(1, 1, 100.0)": 5802, "(0, 0, 100.0)": 4645, "(0, 1, 100.0)": 5308, "(0, 0, 200.0)": 802, "(0, 1, 200.0)": 361, "(3, 0, 0.0)": 583, "(3, 1, 200.0)": 641, "(4, 0, 0.0)": 40, "(5, 0, 100.0)": 4, "(5, 0, 0.0)": 1, "(0, 0, 0.0)": 138, "(2, 1, 200.0)": 326, "(2, 0, 0.0)": 432, "(1, 1, 200.0)": 275, "(1, 0, 0.0)": 232, "(0, 1, 0.0)": 348, "(4, 0, 200.0)": 105, "(4, 1, 200.0)": 128, "(4, 1, 0.0)": 235, "(5, 1, 100.0)": 4}}, "meta": {"recent_avg_return": -132.0549999999961, "epsilon": 0.3692845513227018, "q_summary": {"(3, 1, 0.0)": [7.600825308886417, 7.5153873874166965, 8.141117165765724, 7.710987818688716, 5.820272200806208, 7.556770234704745, 7.650676793990011, 6.795805752976188, 8.10017985844333],