{"timestamp": 1764101989, "iso": "2025-11-25T20:19:49Z", "episode": 46, "games_in_episode": 1, "stats": {"total_messages": 3830, "total_updates": 3818, "total_reward": -75.0499999999995, "action_counts": [353, 393, 453, 390, 427, 441, 480, 286, 607], "state_visits": {"(3, 1, 100.0)": 1013, "(3, 0, 200.0)": 22, "(3, 0, 0.0)": 20, "(3, 1, 0.0)": 182, "(3, 1, 200.0)": 11, "(4, 1, 100.0)": 184, "(4, 1, 200.0)": 31, "(3, 0, 100.0)": 17, "(2, 1, 100.0)": 762, "(2, 0, 100.0)": 74, "(2, 1, 0.0)": 143, "(2, 0, 200.0)": 27, "(1, 1, 100.0)": 555, "(1, 0, 100.0)": 131, "(1, 1, 0.0)": 79, "(1, 1, 200.0)": 13, "(1, 0, 200.0)": 20, "(0, 1, 100.0)": 413, "(0, 1, 200.0)": 3, "(0, 0, 100.0)": 110, "(0, 0, 200.0)": 8}, "state_action_prob_sums": {"(3, 1, 0.0)": [260.7215104387314, 134.64926795103761, 195.26392056096296, 203.12879125283192, 101.47478292813702, 141.26097519227326, 219.70705652257098, 200.76301844211952, 263.0212549892617], "(3, 0, 100.0)": [1120.3362773134822, 813.1875035355421, 1312.6396136274393, 1228.927762026051, 898.613403565445, 1090.5119125513697, 1222.3677407271202, 1271.7239910018727, 1063.1516954520303], "(3, 0, 200.0)": [184.3573664343351, 88.59698526626534, 144.00086390666854, 59.97490223415948, 165.0196517078691, 92.21246807522422, 117.71057472351792, 82.73216026816564, 88.17420470460718], "(3, 1, 100.0)": [1583.8690075163145, 1594.5093332791619, 1393.8741641613083, 1615.7414063062479, 2005.5187648768617, 1630.7566822346564, 1526.7178439671607, 1481.5771430295617, 1538.426532038063], "(4, 1, 100.0)": [138.06463135235174, 203.1237092483768, 159.7829651722356, 111.01174039717293, 328.02866401217887, 250.85516350068136, 131.46073012042282, 317.9236567246539, 140.05069839265175], "(4, 0, 100.0)": [173.63247850755457, 116.35208080619226, 114.86892749849211, 126.35033254249478, 127.90429030154618, 196.77773738069754, 134.7172085496154, 207.6732214299136, 194.74730496118065], "(2, 1, 0.0)": [100.3683632104616, 173.70982877157084, 195.49472160773544, 51.590452377825976, 220.10855071705478, 176.81211923786535, 181.82030442758847, 171.84394289583844, 176.33975847704963], "(2, 0, 100.0)": [1204.474592500845, 1160.0720095868294, 768.2311225767464, 1133.496388297852, 938.7705959986359, 1126.6037402170862, 967.9287747279174, 1348.5251330280316, 1098.7111834080229], "(2, 0, 200.0)": [92.1545575953946, 92.62889114271177, 103.85809318532708, 97.6251964766468, 55.28637602416037, 47.822152485890705, 76.78346780055328, 161.48018843215905, 75.62797797239708], "(2, 1, 100.0)": [1284.4997595895122, 991.684046572881, 1655.5420751879117, 1414.1795163934391, 1006.3953893489055, 1293.5336232624652, 1306.3636996904163, 1251.767540850277, 1120.4949387955812], "(1, 1, 0.0)": [177.00492666867157, 46.90394609273991, 117.42501660070508, 143.69252418222936, 122.49324540676729, 95.30825991829636, 66.30471802171598, 85.37689204291163, 220.11035455701227], "(1, 0, 100.0)": [1113.7451850849138, 867.3033245272892, 822.078606853366, 875.0532361323526, 722.718044796072, 1021.4299847224402, 1022.4235609072223, 1061.501152598588, 938.995845404784], "(1, 0, 200.0)": [82.69426849434008, 155.50528841141607, 67.93837279993174, 63.03865315136032, 103.15591189071438, 110.67568925170701, 196.5643216179436, 135.2585170332654, 100.22842769204048], "(1, 1, 100.0)": [945.0639223419504, 1251.2980859259274, 1182.7019423036195, 645.8317304519882, 994.3119978529523, 940.5329434397753, 1117.8971482471336, 1048.8123663608983, 1088.35764195315], "(0, 0, 100.0)": [741.4100771208897, 761.3731975236676, 748.3232523704683, 829.4441114657373, 1030.3077179167806, 674.511899443696, 813.4454071807282, 920.9558396732247, 815.5172961277822], "(0, 1, 100.0)": [850.8378361629152, 668.5132939919997, 798.1095392356699, 895.0917085123257, 683.2808092412331, 735.3754907229896, 1103.4165183993168, 946.3463799278213, 723.4920854109353], "(0, 0, 200.0)": [48.61100470217601, 72.84229869602973, 45.56922729065286, 107.89506512929006, 47.67450222670015, 32.09961088607021, 214.2234108027535, 89.09058279437691, 93.98359917040081], "(0, 1, 200.0)": [61.622668675802245, 123.19660429360823, 182.0719401080636, 88.19799937963188, 111.51527362708802, 36.93994277575931, 38.40519585525519, 36.703893541145334, 98.48934791287479], "(3, 0, 0.0)": [54.91535432132856, 164.8710298114845, 46.65041930127081, 21.213269965826388, 45.14685239052991, 67.32220454398936, 36.19678310387107, 72.60155344158726, 93.59706793530843], "(3, 1, 200.0)": [47.57106535928895, 99.83388839010115, 83.88797866892764, 103.26945516654187, 77.40350704095776, 96.11873101187305, 94.50184597815733, 119.35007674271034, 39.754855471342424], "(4, 0, 0.0)": [1.3333333333333337, 48.95573007422036, 0.3333333333333333, 2.128888888888889, 0.5555555555555556, 1.2311111111111113, 0.7777777777777779, 0.8977777777777778, 6.875555555555555], "(5, 0, 100.0)": [0.8172889504428911, 0.0, 0.1111111111111111, 0.1111111111111111, 0.1111111111111111, 0.6368565302722016, 0.1111111111111111, 0.0, 0.0], "(5, 0, 0.0)": [0.5644444444444444, 0.0, 0.0, 0.0, 0.0, 0.0, 0.0, 0.0, 0.0], "(0, 0, 0.0)": [2.4959352827666255, 21.53747152521874, 1.8590787524944241, 14.882287085121913, 7.894310721883102, 7.117615984694337, 3.4363150099776956, 1.1111111111111114, 2.799458479705494], "(2, 1, 200.0)": [52.79537541569766, 46.60517426780086, 67.5996464055301, 28.018039431461457, 38.15354690425466, 57.17170406263577, 47.96005401958138, 42.595509788001145, 146.09128008702714], "(2, 0, 0.0)": [22.488705646348652, 75.71230085266554, 54.14655952407789, 63.16836792689519, 20.602088265295226, 31.462767465005218, 54.56558488215037, 41.45698662610151, 45.142745256869446], "(1, 1, 200.0)": [48.9790593049218, 55.46469071697688, 23.243223033090405, 17.441335821943824, 52.027874055026864, 55.94815644010345, 22.69265744720339, 66.37659575697093, 78.19338744283249], "(1, 0, 0.0)": [21.999347472582873, 30.841089670638148, 6.629744613058628, 12.429019209020112, 21.74365429827757, 12.500052110531902, 5.5492686160999565, 70.91114212312425, 5.463509119999996], "(0, 1, 0.0)": [131.18200610806537, 48.7127468300587, 117.96538920547648, 60.040343874960364, 111.95715300328995, 85.29746816370917, 58.00058162098305, 31.14732083016867, 74.95549732366007], "(4, 0, 200.0)": [1.636856530272202, 9.951129512310269, 9.506222837762245, 4.380266912882676, 29.852566087839786, 4.402172468310879, 18.26770102611199, 23.53649652607862, 8.406325289356346], "(4, 1, 200.0)": [2.0431653936562557, 43.096139263702916, 22.072801279035513, 3.9702227745903484, 5.547189240948541, 0.5555555555555556, 27.78191986649131, 24.832305757201897, 1.2222222222222225], "(4, 1, 0.0)": [52.111099457632925, 7.478433430755545, 4.965212219682458, 33.71897077596133, 91.58994001320495, 36.718599697051744, 84.27145523673602, 67.05315638859432, 60.24528915125916], "(5, 1, 100.0)": [0.6717470654909317, 0.0, 0.6717470654909317, 0.1111111111111111, 0.0, 0.0, 0.0, 0.0, 0.6717470654909317], "(5, 0, 200.0)": [0.6847458816974908, 0.0, 0.0, 0.0, 0.0, 0.0, 0.0, 0.0, 0.0], "(5, 1, 200.0)": [0.0, 0.0, 0.0, 0.0, 0.0, 0.0, 0.0, 0.0, 0.1111111111111111]}, "state_action_visits": {"(3, 1, 0.0)": 3275, "(3, 0, 100.0)": 19559, "(3, 0, 200.0)": 2048, "(3, 1, 100.0)": 27325, "(4, 1, 100.0)": 3398, "(4, 0, 100.0)": 2701, "(2, 1, 0.0)": 2742, "(2, 0, 100.0)": 18963, "(2, 0, 200.0)": 1680, "(2, 1, 100.0)": 21682, "(1, 1, 0.0)": 1981, "(1, 0, 100.0)": 16378, "(1, 0, 200.0)": 2032, "(1, 1, 100.0)": 17697, "(0, 0, 100.0)": 14235, "(0, 1, 100.0)": 14514, "(0, 0, 200.0)": 1515, "(0, 1, 200.0)": 1509, "(3, 0, 0.0)": 1225, "(3, 1, 200.0)": 1521, "(4, 0, 0.0)": 137, "(5, 0, 100.0)": 6, "(5, 0, 0.0)": 1, "(0, 0, 0.0)": 169, "(2, 1, 200.0)": 1044, "(2, 0, 0.0)": 835, "(1, 1, 200.0)": 841, "(1, 0, 0.0)": 391, "(0, 1, 0.0)": 1342, "(4, 0, 200.0)": 226, "(4, 1, 200.0)": 264, "(4, 1, 0.0)": 790, "(5, 1, 100.0)": 4, "(5, 0, 200.0)": 1, "(5, 1, 200.0)": 1}}, "meta": {"recent_avg_return": -101.52499999999587, "epsilon": 0.2014389321367126,