{"timestamp": 1764101795, "iso": "2025-11-25T20:16:35Z", "episode": 41, "games_in_episode": 1, "stats": {"total_messages": 3468, "total_updates": 3456, "total_reward": -96.09999999999275, "action_counts": [404, 265, 298, 308, 438, 460, 395, 594, 306], "state_visits": {"(3, 0, 200.0)": 31, "(3, 0, 100.0)": 474, "(3, 1, 100.0)": 589, "(3, 1, 0.0)": 2, "(3, 1, 200.0)": 16, "(4, 1, 0.0)": 43, "(2, 0, 100.0)": 535, "(2, 1, 100.0)": 411, "(2, 1, 200.0)": 5, "(2, 0, 200.0)": 29, "(1, 0, 100.0)": 587, "(1, 1, 100.0)": 101, "(1, 0, 200.0)": 19, "(0, 0, 100.0)": 600, "(0, 1, 100.0)": 14}, "state_action_prob_sums": {"(3, 1, 0.0)": [211.81663855588022, 118.27140017639883, 127.23118492361155, 110.06907597835479, 60.75671794981948, 101.89861104857994, 138.56240696139977, 81.70680612043266, 223.94906421194642], "(3, 0, 100.0)": [944.4723110327583, 746.8106629453092, 1149.2341627979588, 1120.7641605479162, 796.6313242880021, 888.2366745989292, 1048.0942443558101, 1148.1878867795122, 984.8745968851202], "(3, 0, 200.0)": [130.07426758141526, 73.09127643324067, 118.61051777208655, 57.22921322216255, 135.09085628356104, 90.85103980672284, 107.37343550150148, 82.17660471261007, 87.6186491490516], "(3, 1, 100.0)": [1322.001749050363, 1372.3072929705697, 1211.8151760061883, 1434.8140679292028, 1558.4392555925422, 1311.5179775254016, 1319.0536578182232, 1279.4207556681715, 1318.317127234128], "(4, 1, 100.0)": [122.31363797540284, 138.31040041804135, 132.4911758772124, 100.92491833254672, 241.26030157708288, 189.7951290984722, 121.66453338597809, 220.40761158815158, 126.74038547624231], "(4, 0, 100.0)": [131.54580876318727, 110.16021592073754, 111.42824703795263, 108.18726458319414, 95.05061103549477, 196.3332929362531, 110.53339532759252, 148.05063922024695, 145.04480686150265], "(2, 1, 0.0)": [65.93327612745952, 99.00738125165087, 132.69902493669284, 49.14600793338146, 193.1654993745778, 148.50644166852211, 139.87783165553614, 97.05974676020098, 122.84162659870108], "(2, 0, 100.0)": [965.5262245304443, 988.9183054637124, 660.4149417455576, 1008.0131076056416, 843.1156616226757, 1024.7595181939753, 814.6584011922722, 1087.3934524932026, 1013.1136092214281], "(2, 0, 200.0)": [69.25857154617088, 61.87924205852509, 54.417328480536504, 88.32778626694986, 54.84193157971591, 47.26659693033513, 76.67235668944217, 161.0357439877146, 73.09924872244852], "(2, 1, 100.0)": [1110.4043243179767, 920.5349713398457, 1326.7882342299538, 1261.5542082601248, 934.6752857591549, 1136.4917557893978, 1086.2522714190961, 1112.7635668238481, 812.3231426847607], "(1, 1, 0.0)": [159.95235913818297, 33.21329979423984, 90.9947346494432, 114.12598663993313, 111.79688911256373, 48.44209998497103, 65.86027357727153, 84.82133648735606, 200.5315808899726], "(1, 0, 100.0)": [952.2623422997403, 771.1339742456727, 669.4876483344112, 711.7134670657424, 671.037575125004, 818.729617307285, 829.1435964988557, 883.6882902396708, 755.4658514844987], "(1, 0, 200.0)": [82.36093516100674, 155.17195507808273, 54.03715220042028, 62.70531981802698, 94.90942909117962, 98.25043056908532, 195.2028933494422, 109.66395132667435, 99.67287213648491], "(1, 1, 100.0)": [800.1848870933669, 978.7312469001951, 1003.1283599164337, 620.0249022291567, 829.4429862283387, 831.6594769196307, 1014.3567694837375, 934.551608133647, 909.395024560193], "(0, 0, 100.0)": [656.295861850717, 649.7148218899915, 720.3901383483378, 720.3597989196264, 712.5980477764479, 657.5360699283466, 599.3044733099711, 804.6147100113948, 666.0174402400808], "(0, 1, 100.0)": [771.7501590956565, 543.0363343859988, 690.3431804427889, 829.6783694495956, 524.1078229537857, 696.1552034553284, 939.4662307246745, 844.6395408628177, 555.2029808951277], "(0, 0, 200.0)": [48.05544914662044, 64.33912712212714, 42.12351421664741, 79.24507573174213, 40.31053669907678, 29.348659413899455, 162.64706406427135, 87.28471008143107, 83.53534883727325], "(0, 1, 200.0)": [58.97118067751934, 123.08549318249712, 154.41218855285712, 87.86466604629854, 109.65847350398002, 36.60660944242597, 31.663834133540405, 33.807582245372195, 83.973971239215], "(3, 0, 0.0)": [54.80424321021744, 155.84065492571008, 46.65041930127081, 21.213269965826388, 45.14685239052991, 67.21109343287824, 36.19678310387107, 66.85495124154899, 93.59706793530843], "(3, 1, 200.0)": [47.34884313706672, 55.68245361184543, 77.91915424666715, 97.49005724462252, 77.18128481873553, 87.98312947674154, 61.80383090528608, 114.52352267149809, 39.532633249120195], "(4, 0, 0.0)": [1.3333333333333337, 48.95573007422036, 0.3333333333333333, 2.128888888888889, 0.5555555555555556, 1.2311111111111113, 0.7777777777777779, 0.8977777777777778, 6.875555555555555], "(5, 0, 100.0)": [0.0, 0.0, 0.1111111111111111, 0.1111111111111111, 0.1111111111111111, 0.6368565302722016, 0.1111111111111111, 0.0, 0.0], "(5, 0, 0.0)": [0.5644444444444444, 0.0, 0.0, 0.0, 0.0, 0.0, 0.0, 0.0, 0.0], "(0, 0, 0.0)": [2.4959352827666255, 21.53747152521874, 1.8590787524944241, 14.882287085121913, 7.894310721883102, 7.117615984694337, 3.4363150099776956, 1.1111111111111114, 2.799458479705494], "(2, 1, 200.0)": [34.64742639125271, 42.91790389378258, 48.55442954139427, 27.684706098128125, 36.193093263895015, 56.50503739596908, 31.466628727096122, 34.94013507304944, 144.94438660018065], "(2, 0, 0.0)": [22.488705646348652, 75.71230085266554, 54.14655952407789, 63.16836792689519, 20.602088265295226, 31.462767465005218, 54.56558488215037, 41.45698662610151, 45.142745256869446], "(1, 1, 200.0)": [48.86794819381068, 55.46469071697688, 23.021000810868184, 17.330224710832713, 43.041800320693625, 55.94815644010345, 22.69265744720339, 66.37659575697093, 61.564257721036995], "(1, 0, 0.0)": [21.999347472582873, 30.841089670638148, 6.629744613058628, 12.429019209020112, 21.74365429827757, 12.500052110531902, 5.5492686160999565, 70.91114212312425, 5.463509119999996], "(0, 1, 0.0)": [125.23876123274287, 48.49052460783647, 117.74316698325426, 14.97834048949017, 97.13484078420687, 85.29746816370917, 57.667248287649706, 31.03620971905756, 74.51105287921561], "(4, 0, 200.0)": [1.4146343080499797, 9.840018401199158, 1.1111111111111114, 1.1111111111111114, 23.329169672015606, 4.402172468310879, 18.26770102611199, 23.53649652607862, 5.843347326916561], "(4, 1, 200.0)": [1.1111111111111114, 42.762805930369574, 12.931315282150027, 3.9702227745903484, 5.547189240948541, 0.4444444444444444, 27.6708087553802, 15.690819760316407, 1.2222222222222225], "(4, 1, 0.0)": [52.111099457632925, 7.478433430755545, 4.965212219682458, 33.71897077596133, 91.58994001320495, 36.718599697051744, 84.27145523673602, 67.05315638859432, 60.24528915125916], "(5, 1, 100.0)": [0.6717470654909317, 0.0, 0.6717470654909317, 0.1111111111111111, 0.0, 0.0, 0.0, 0.0, 0.6717470654909317], "(5, 0, 200.0)": [0.6847458816974908, 0.0, 0.0, 0.0, 0.0, 0.0, 0.0, 0.0, 0.0], "(5, 1, 200.0)": [0.0, 0.0, 0.0, 0.0, 0.0, 0.0, 0.0, 0.0, 0.1111111111111111]}, "state_action_visits": {"(3, 1, 0.0)": 2457, "(3, 0, 100.0)": 17767, "(3, 0, 200.0)": 1825, "(3, 1, 100.0)": 23946, "(4, 1, 100.0)": 2835, "(4, 0, 100.0)": 2350, "(2, 1, 0.0)": 2139, "(2, 0, 100.0)": 16952, "(2, 0, 200.0)": 1517, "(2, 1, 100.0)": 19252, "(1, 1, 0.0)": 1742, "(1, 0, 100.0)": 14301, "(1, 0, 200.0)": 1934, "(1, 1, 100.0)": 15750, "(0, 0, 100.0)": 12479, "(0, 1, 100.0)": 12988, "(0, 0, 200.0)": 1339, "(0, 1, 200.0)": 1419, "(3, 0, 0.0)": 1205, "(3, 1, 200.0)": 1376, "(4, 0, 0.0)": 137, "(5, 0, 100.0)": 5, "(5, 0, 0.0)": 1, "(0, 0, 0.0)": 169, "(2, 1, 200.0)": 933, "(2, 0, 0.0)": 835, "(1, 1, 200.0)": 803, "(1, 0, 0.0)": 391, "(0, 1, 0.0)": 1246, "(4, 0, 200.0)": 195, "(4, 1, 200.0)": 233, "(4, 1, 0.0)": 790, "(5, 1, 100.0)": 4, "(5, 0, 200.0)": 1, "(5, 1, 200.0)": 1}}, "meta": {"recent_avg_return": -108.9106249999962, "epsilon": 0.22285020197547536, "q_summary": {"(3, 1, 0.0)": [8.786404592005253, 12.706099944905503, 12.708392254892562, 12.71623738810155, 12.47604462568831, 13.043583257725851, 23.867437974085494, 12.495216830352165, 13.323964768523656],