{"timestamp": 1764100948, "iso": "2025-11-25T20:02:28Z", "episode": 15, "games_in_episode": 1, "stats": {"total_messages": 3913, "total_updates": 3901, "total_reward": -93.97499999999692, "action_counts": [502, 402, 440, 399, 329, 405, 522, 477, 437], "state_visits": {"(3, 1, 100.0)": 759, "(3, 0, 200.0)": 3, "(3, 1, 200.0)": 32, "(3, 0, 100.0)": 401, "(4, 0, 100.0)": 79, "(2, 1, 100.0)": 526, "(2, 0, 100.0)": 496, "(2, 1, 200.0)": 23, "(1, 0, 100.0)": 478, "(1, 1, 100.0)": 428, "(1, 1, 200.0)": 66, "(0, 0, 100.0)": 297, "(0, 1, 100.0)": 287, "(0, 0, 200.0)": 26}, "state_action_prob_sums": {"(3, 1, 0.0)": [31.26339934611991, 35.85011954966333, 57.96626203560569, 49.667577167960516, 36.81877569958011, 63.29296010057765, 32.80273033867842, 49.1917457498062, 54.0651437029711], "(3, 0, 100.0)": [280.9159130269981, 195.5784673054726, 369.6411554733444, 302.4328471363842, 202.0713927736118, 300.3321304402554, 347.99565764540216, 284.8370672866156, 401.2312391068371], "(3, 0, 200.0)": [27.831244187737866, 28.857840291374295, 38.158215064998245, 36.16107026241741, 38.03427597136727, 32.408183663361534, 36.84235445897545, 62.783424490758236, 51.08307467792408], "(3, 1, 100.0)": [370.7854252982268, 411.0843920234633, 308.36739109397837, 348.88617844611537, 375.9222528193057, 370.628215828294, 369.90950160099374, 300.54903183521975, 338.21322290122043], "(4, 1, 100.0)": [44.33372211065199, 18.47626876160422, 28.22313728279856, 29.971233019737788, 93.01916195652736, 67.94869723612312, 27.59330132923366, 86.36954411859692, 50.29880350231022], "(4, 0, 100.0)": [54.37194607595682, 58.50358243684291, 19.11257119381994, 51.9524729637041, 35.96102868718485, 47.83657141562739, 44.32586258316323, 49.16592585697524, 73.7158262360463], "(2, 1, 0.0)": [4.879251217009776, 51.666827107780954, 19.526166462445346, 19.76661136687146, 4.5555555555555545, 52.97807711622383, 99.74753513863806, 30.938493675032532, 13.596601768147202], "(2, 0, 100.0)": [386.12213740547793, 271.1312106667691, 236.24663242008796, 247.98556871184482, 195.93180841580346, 274.06362168144466, 268.9885202874899, 328.0898909035828, 268.74154783626375], "(2, 0, 200.0)": [41.827650271906464, 19.480972319518752, 28.74486877994355, 22.447399497800426, 17.496851577433254, 16.268357408555637, 49.8862202689367, 54.029906680781735, 42.3192575575286], "(2, 1, 100.0)": [270.6704880959216, 225.57599347136718, 328.91273336146156, 285.3202857287021, 256.0601479397785, 327.94377414504083, 309.89246509155186, 335.18511431237016, 228.73873230334988], "(1, 1, 0.0)": [22.925173762844434, 4.538643845688888, 10.110679840711105, 27.482103916475058, 6.773763691929513, 8.538129791999996, 14.429567041109339, 27.71337388088107, 7.278331486575819], "(1, 0, 100.0)": [259.2410626294485, 232.05069543919072, 246.2560993816004, 226.97207495438266, 256.36088350372785, 234.68158174743436, 297.5466822778392, 257.2977930639351, 195.5723007584269], "(1, 0, 200.0)": [30.43670501361192, 40.347305296646134, 6.8888888888888795, 33.378130806876875, 26.644357828838615, 28.177642655996088, 72.7668347847676, 35.28774926242899, 75.12634672691236], "(1, 1, 100.0)": [275.5457945203111, 215.82330380295528, 215.85235251803257, 211.0216435862966, 258.0160658016516, 260.91885358541447, 224.07554908139073, 254.73642701275685, 194.0296405741244], "(0, 0, 100.0)": [264.12547907623997, 224.47494797706875, 156.64722597899325, 195.46433604154868, 181.58388049305813, 121.85349761819612, 173.5678356262675, 251.7478396758315, 210.0500532488232], "(0, 1, 100.0)": [203.73160227045682, 150.09300102590532, 243.62351161812802, 205.60775116553657, 172.39082153051254, 248.48431538408357, 235.17886250337554, 213.32968787410357, 178.41164423846092], "(0, 0, 200.0)": [25.35236192713053, 16.93457066475702, 23.618039330476485, 18.785983021588027, 15.499198321435589, 14.350399063562223, 118.16281144102861, 60.581942176921615, 37.45758494924155], "(0, 1, 200.0)": [6.268458666666663, 15.557932601022658, 20.725227428807095, 25.199139555555554, 30.63252692362384, 13.785813408573135, 2.444444444444445, 8.913609896091842, 9.139609269959108], "(3, 0, 0.0)": [20.53134769777777, 16.615088995555553, 10.606711101927715, 15.836474265194125, 9.938785691361, 29.490712231227167, 8.413012118322177, 29.903684823310996, 16.639913167211066], "(3, 1, 200.0)": [18.58813747182805, 14.088302335053255, 24.017418030964656, 60.24894805382666, 55.278663877546094, 26.505643097120988, 22.736096999947414, 8.312901082173424, 11.113236198953812], "(4, 0, 0.0)": [0.7777777777777779, 0.1111111111111111, 0.1111111111111111, 1.5733333333333333, 0.2222222222222222, 0.8977777777777778, 0.2222222222222222, 0.7866666666666666, 6.542222222222223], "(5, 0, 100.0)": [0.0, 0.0, 0.1111111111111111, 0.1111111111111111, 0.0, 0.6368565302722016, 0.1111111111111111, 0.0, 0.0], "(5, 0, 0.0)": [0.5644444444444444, 0.0, 0.0, 0.0, 0.0, 0.0, 0.0, 0.0, 0.0], "(0, 0, 0.0)": [2.3848241716555143, 15.179514620749682, 1.747967641383313, 5.911329045238743, 7.67208849966088, 6.895393762472116, 3.3252038988665844, 1.0000000000000002, 2.799458479705494], "(2, 1, 200.0)": [5.28444444444444, 9.971166937599993, 12.578742764088883, 6.866666666666664, 17.361843834968138, 9.963765333333326, 7.80305388231111, 22.32100876588826, 41.07916138683595], "(2, 0, 0.0)": [12.08932712829987, 24.617282897188755, 11.107953564444442, 21.331577337688554, 7.0457313422222185, 6.01122830222222, 2.8888888888888897, 18.576915042472116, 16.617890059866163], "(1, 1, 200.0)": [22.44713722870922, 15.591505263152827, 7.469980867324177, 5.594723766995421, 8.812258610340447, 20.634479360889593, 7.6766340254710865, 5.960735999999995, 10.399929812862524], "(1, 0, 0.0)": [12.806167210477481, 30.174423003971484, 5.626666666666663, 0.5555555555555556, 21.521432076055348, 8.04021793412763, 4.993713060544403, 3.5999999999999996, 5.019064675555553], "(0, 1, 0.0)": [7.831159045688885, 9.448539519999999, 31.246204515555547, 4.591345493333332, 26.15112419697775, 2.7701757866666665, 5.095907128888886, 1.7777777777777783, 0.6666666666666667], "(4, 0, 200.0)": [0.970189863605535, 8.710828075057224, 0.5555555555555556, 0.7777777777777779, 0.8888888888888891, 4.068839134977547, 17.934367692778657, 0.8888888888888891, 5.62112510469434], "(4, 1, 200.0)": [0.6666666666666667, 42.42947259703623, 0.7777777777777779, 3.0216807019277163, 0.4444444444444444, 0.2222222222222222, 0.5555555555555556, 3.848609926118401, 0.4444444444444444], "(4, 1, 0.0)": [1.2222222222222225, 5.367322319644441, 1.3333333333333337, 0.8888888888888891, 1.3333333333333337, 8.618321684889978, 1.6666666666666672, 49.186811029397, 21.078812500780593]}, "state_action_visits": {"(3, 1, 0.0)": 1073, "(3, 0, 100.0)": 6839, "(3, 0, 200.0)": 877, "(3, 1, 100.0)": 7985, "(4, 1, 100.0)": 1167, "(4, 0, 100.0)": 1110, "(2, 1, 0.0)": 755, "(2, 0, 100.0)": 6293, "(2, 0, 200.0)": 773, "(2, 1, 100.0)": 6485, "(1, 1, 0.0)": 346, "(1, 0, 100.0)": 5620, "(1, 0, 200.0)": 868, "(1, 1, 100.0)": 5353, "(0, 0, 100.0)": 4569, "(0, 1, 100.0)": 4743, "(0, 0, 200.0)": 802, "(0, 1, 200.0)": 361, "(3, 0, 0.0)": 431, "(3, 1, 200.0)": 605, "(4, 0, 0.0)": 40, "(5, 0, 100.0)": 4, "(5, 0, 0.0)": 1, "(0, 0, 0.0)": 138, "(2, 1, 200.0)": 322, "(2, 0, 0.0)": 333, "(1, 1, 200.0)": 275, "(1, 0, 0.0)": 232, "(0, 1, 0.0)": 241, "(4, 0, 200.0)": 105, "(4, 1, 200.0)": 128, "(4, 1, 0.0)": 235}}, "meta": {"recent_avg_return": -134.77499999999606, "epsilon": 0.37682097073745086, "q_summary": {"(3, 1, 0.0)": [8.56128489539674, 8.274323861491544, 8.141117165765724, 8.553220317787506, 8.237549176747226, -8.340687121677357, 4.9090141876904685, 8.290382143771199, 8.10017985844333], "(3, 0, 100.0)": [10.934663683148223, 10.885557770741412, 11.263294437159264, 11.738611041066768, 11.061749996914537, 8.798383169352322, 10.844512369709914, 10.842528605701943, 11.054511307284166], "(3, 0, 200.0)": [8.836066181336282, 13.211074744694972, 13.267946030206495, 13.654308460020214, 14.257787237061883, 12.33182038108589, 13.55352865157002, 14.640734555341444, 14.117714220576591],