{"timestamp": 1764104375, "iso": "2025-11-25T20:59:35Z", "episode": 120, "games_in_episode": 1, "stats": {"total_messages": 3209, "total_updates": 3197, "total_reward": -40.075000000001154, "action_counts": [254, 512, 138, 329, 532, 321, 434, 463, 226], "state_visits": {"(3, 1, 200.0)": 50, "(3, 1, 100.0)": 881, "(3, 1, 0.0)": 136, "(4, 1, 100.0)": 322, "(4, 1, 200.0)": 3, "(3, 0, 100.0)": 55, "(2, 1, 100.0)": 516, "(2, 1, 0.0)": 167, "(2, 0, 100.0)": 70, "(2, 1, 200.0)": 20, "(1, 1, 100.0)": 521, "(0, 1, 100.0)": 330, "(1, 1, 0.0)": 45, "(0, 0, 100.0)": 36, "(0, 1, 200.0)": 34, "(1, 1, 200.0)": 11}, "state_action_prob_sums": {"(3, 1, 0.0)": [616.4645932805076, 574.9488207951338, 628.9576308886271, 568.1804694100464, 445.6947043865241, 748.5012855554526, 642.3109036795693, 488.18565069896334, 945.4295543705081], "(3, 0, 100.0)": [3887.9015554725847, 3537.13363917679, 3893.6664325710267, 4141.324296694597, 3329.0822674244137, 4188.50750932756, 3746.9764229785555, 3871.7004098375874, 4118.5219143377], "(3, 0, 200.0)": [410.6101683339045, 415.74096701100126, 476.38214307520104, 201.75203219297734, 445.69206539817645, 542.2751034345458, 380.1823036279179, 419.37651094325844, 381.50306744681916], "(3, 1, 100.0)": [5798.101879055786, 5791.015847617007, 5432.666109515399, 6301.0553040613195, 6931.626023973788, 5370.512687599494, 6617.119594663063, 5636.936778563672, 5350.738475250186], "(4, 1, 100.0)": [949.6258123567012, 1000.522452987686, 837.4742638254638, 601.6168839627592, 710.0667715968244, 1633.0758397820591, 519.3018598987401, 1095.0592834794697, 622.154295058232], "(4, 0, 100.0)": [396.7169367834341, 403.5489193213226, 836.9043288865363, 630.8139037432711, 550.6177618481194, 339.82399727127614, 637.3248898625562, 388.5155594176542, 870.2622749878336], "(2, 1, 0.0)": [300.3403956201169, 402.1022296885884, 662.6751060062948, 460.00285322057266, 812.8928611823911, 526.1200881560355, 708.5335108790059, 462.10353686088195, 577.2864117050111], "(2, 0, 100.0)": [3605.66721644894, 3721.8838082824623, 3542.7143031872465, 4038.458564218341, 2832.419627157728, 3532.72268963134, 3798.2357480481946, 3830.8609032343115, 3314.4995216142], "(2, 0, 200.0)": [448.70122264765985, 440.75527059763465, 225.99933522899997, 289.5836492583161, 361.360798070112, 304.2524072323336, 266.6277362574392, 459.54310100440466, 387.5157916202429], "(2, 1, 100.0)": [4395.38600744083, 4253.7914876263085, 4721.931221977677, 5930.385112496636, 4476.555946038295, 4292.153354629017, 4494.542087099279, 4281.225498699039, 3884.410273014673], "(1, 1, 0.0)": [426.61999832517705, 422.1277207892019, 382.27195941006795, 614.0889419036149, 437.0081073231864, 356.62576030888147, 244.66469973502316, 386.41592528494317, 862.1628714729208], "(1, 0, 100.0)": [2976.9550820094537, 2832.207261375103, 2809.0714374601034, 2680.4979811009553, 3418.8165372045164, 4045.5859664623295, 3206.7918512411707, 2990.370094645878, 2310.954389692273], "(1, 0, 200.0)": [321.5222259616195, 370.70386266984644, 346.465072032636, 167.76695821474587, 198.0163822284029, 218.19334153750418, 734.0461864875848, 447.2812151132391, 407.43547581688483], "(1, 1, 100.0)": [3874.319738830767, 3600.5754596810684, 3669.8903315451275, 3118.4003813162426, 3082.0172692346064, 3631.337883625113, 3903.898421488249, 4106.398167658294, 4135.120667919256], "(0, 0, 100.0)": [2303.6066062627697, 2607.8662462990546, 2271.957871397909, 2882.955097320204, 2759.0418242637816, 1947.084558030932, 2240.9291739968016, 3041.930398364595, 2249.52792927771], "(0, 1, 100.0)": [3600.276475157021, 3130.881906135531, 3260.602401687971, 3044.383724602841, 3545.578761070996, 3013.1206318305203, 3675.4310882884365, 3698.8730204047965, 2575.4348767721585], "(0, 0, 200.0)": [270.69100542340146, 550.6317496393337, 227.852205420186, 157.04090801742177, 265.00093719436205, 133.85390042388124, 528.7280826382414, 483.3029449837114, 192.00529021779965], "(0, 1, 200.0)": [551.9922096036693, 538.9116372987236, 356.031532876704, 212.23457984904093, 196.92292031539262, 317.7964957427677, 219.17602119286988, 75.85584147004542, 191.0163602524735], "(3, 0, 0.0)": [164.2301958611454, 391.43683773038333, 128.2106729176463, 282.891077340368, 214.01546065018184, 254.33519866861454, 267.56942075646526, 148.4873810178567, 151.50570888001047], "(3, 1, 200.0)": [265.75545108690494, 297.4655289249141, 394.712526649185, 284.8933638455755, 228.29727842128798, 497.46375203984576, 283.1568228283656, 249.31693186456425, 68.4459292229893], "(4, 0, 0.0)": [37.873256689209384, 142.97262126939614, 0.5555555555555556, 2.128888888888889, 0.7777777777777779, 1.2311111111111113, 4.683241046336212, 19.503647090730343, 7.097777777777776], "(5, 0, 100.0)": [3.5711549385408805, 0.1111111111111111, 0.1111111111111111, 0.1111111111111111, 0.1111111111111111, 0.6368565302722016, 0.1111111111111111, 0.0, 0.0], "(5, 0, 0.0)": [0.5644444444444444, 0.0, 0.0, 0.9590273160599947, 0.0, 0.0, 0.0, 0.0, 0.0], "(0, 0, 0.0)": [9.899885803133209, 23.148662429640208, 157.17644376283596, 51.78538671116446, 8.672088499660877, 8.228727095805445, 198.65120839714726, 122.30083469870796, 119.68411330545717], "(2, 1, 200.0)": [239.9010136007876, 142.2185419544241, 151.04267852944912, 309.5945269019256, 67.19950673475407, 158.04109815151665, 227.0922761004935, 274.93701817789156, 454.5965552586255], "(2, 0, 0.0)": [24.266483424126424, 222.50117340455765, 372.0405227497023, 140.06778049403556, 247.9637077752869, 250.8081854641548, 187.62841769949122, 59.43054669616073, 226.35494524374496], "(1, 1, 200.0)": [238.12606286819474, 158.4900661381777, 328.04578711335057, 222.34346090912808, 308.6729803503416, 127.59432597192779, 348.51030548622975, 261.03921810960804, 306.9822007689201], "(1, 0, 0.0)": [96.70327950878823, 92.28828900386478, 111.54402865507349, 196.48740552457895, 69.23818578307922, 20.801225371864984, 146.0919763730173, 197.23811013374257, 161.49872648420595], "(0, 1, 0.0)": [464.81800797906646, 215.77520654346446, 416.39339377810495, 159.90551354194884, 623.9164989433646, 208.69208109961988, 166.84334693549235, 301.1337900202972, 417.79620361530556], "(4, 0, 200.0)": [1.9701898636055355, 32.40216524761611, 95.72150080951918, 63.864153311848284, 49.68862471595004, 96.29198477416367, 68.75676623402556, 23.75871874830084, 83.69779411007413], "(4, 1, 200.0)": [15.308194292526759, 55.50564366180342, 48.96781873668176, 3.9702227745903484, 5.547189240948541, 0.5555555555555556, 27.89303097760242, 24.943416868313008, 1.2222222222222225], "(4, 1, 0.0)": [53.02100927618982, 99.24574316888511, 4.965212219682458, 84.89614283736984, 104.66201080633486, 36.94082191927397, 94.61379657419523, 68.18528842937344, 68.43447751827124], "(5, 1, 100.0)": [9.294759964319564, 0.0, 0.6717470654909317, 0.1111111111111111, 0.0, 0.2222222222222222, 6.796091972169932, 0.0, 0.6717470654909317], "(5, 0, 200.0)": [0.6847458816974908, 0.0, 0.0, 1.7957255714105582, 0.0, 0.0, 3.5677820773374904, 0.0, 0.0], "(5, 1, 200.0)": [1.8721941467664875, 0.0, 0.0, 0.0, 0.0, 0.0, 0.0, 0.0, 0.1111111111111111]}, "state_action_visits": {"(3, 1, 0.0)": 7945, "(3, 0, 100.0)": 49416, "(3, 0, 200.0)": 5307, "(3, 1, 100.0)": 74234, "(4, 1, 100.0)": 10875, "(4, 0, 100.0)": 7113, "(2, 1, 0.0)": 6824, "(2, 0, 100.0)": 46216, "(2, 0, 200.0)": 4622, "(2, 1, 100.0)": 57092, "(1, 1, 0.0)": 5625, "(1, 0, 100.0)": 39256, "(1, 0, 200.0)": 4754, "(1, 1, 100.0)": 46475, "(0, 0, 100.0)": 32496, "(0, 1, 100.0)": 41097, "(0, 0, 200.0)": 4042, "(0, 1, 200.0)": 3743, "(3, 0, 0.0)": 2872, "(3, 1, 200.0)": 3690, "(4, 0, 0.0)": 320, "(5, 0, 100.0)": 10, "(5, 0, 0.0)": 2, "(0, 0, 0.0)": 895, "(2, 1, 200.0)": 2862, "(2, 0, 0.0)": 2411, "(1, 1, 200.0)": 3131, "(1, 0, 0.0)": 1449, "(0, 1, 0.0)": 4024, "(4, 0, 200.0)": 704, "(4, 1, 200.0)": 326, "(4, 1, 0.0)": 992, "(5, 1, 100.0)": 24, "(5, 0, 200.0)": 7, "(5, 1, 200.0)": 3}}, "meta": {"recent_avg_return": -78.11099999999553, "epsilon": 0.04517238404385583,