{"timestamp": 1764102851, "iso": "2025-11-25T20:34:11Z", "episode": 73, "games_in_episode": 1, "stats": {"total_messages": 4162, "total_updates": 4150, "total_reward": -92.25000000000036, "action_counts": [396, 550, 475, 552, 401, 624, 338, 393, 433], "state_visits": {"(3, 1, 100.0)": 365, "(3, 0, 100.0)": 741, "(3, 0, 200.0)": 28, "(4, 1, 100.0)": 158, "(4, 0, 100.0)": 48, "(2, 1, 100.0)": 389, "(2, 0, 100.0)": 553, "(2, 0, 200.0)": 39, "(2, 1, 200.0)": 20, "(1, 1, 100.0)": 359, "(1, 0, 100.0)": 495, "(1, 1, 200.0)": 45, "(1, 0, 200.0)": 10, "(0, 1, 100.0)": 294, "(0, 1, 200.0)": 106, "(0, 0, 100.0)": 425, "(0, 0, 200.0)": 75}, "state_action_prob_sums": {"(3, 1, 0.0)": [326.5483246557198, 273.7307213168944, 327.11961665656764, 327.6014694072218, 204.90452411736706, 292.6406710516138, 238.08010959678762, 228.67262645298504, 420.04437943377405], "(3, 0, 100.0)": [2047.4612559593636, 1881.4675131911367, 2541.196401802361, 2401.9027550665623, 1769.9468130636455, 2149.245883627673, 1650.9929268911617, 2269.560542534695, 1985.9237521320906], "(3, 0, 200.0)": [300.62578096197257, 167.32041361066064, 306.585417475283, 182.0995434440341, 285.8929223506422, 253.93014224053675, 252.2015745630341, 234.43501614863152, 179.63048363775906], "(3, 1, 100.0)": [2913.3913677230457, 3032.760004883567, 2703.7874776718672, 3238.284797401066, 3574.359114350809, 2994.75306080564, 2908.6279595411193, 2513.3450027366553, 2996.5798580417886], "(4, 1, 100.0)": [551.951760734097, 449.95200417403464, 256.57683580044807, 357.8574276137911, 425.8097048316399, 560.2521967940351, 425.04974928075404, 623.8965160464943, 281.42384561315464], "(4, 0, 100.0)": [262.459631944576, 148.3989801737487, 205.45158907327837, 217.50678167942414, 311.02226862971315, 261.54079188044506, 378.77123272838725, 311.4376614519917, 355.6788936747035], "(2, 1, 0.0)": [176.3295616973631, 253.78846521234215, 249.86593474418456, 134.00465027153032, 348.1610865792128, 251.45539207892526, 251.01600192681028, 284.33034663877424, 237.28737369856847], "(2, 0, 100.0)": [2036.3483288439922, 1976.7996884502425, 1977.4247696725708, 2025.1057807658424, 1551.562096653893, 2037.122221753897, 1839.3232314856373, 2200.4876287661964, 1699.0703142150892], "(2, 0, 200.0)": [278.1760224596923, 243.50170255943857, 153.54308565103727, 166.3010325781764, 270.13532667493564, 98.90610586648043, 208.26685567688932, 290.3063104467293, 168.02262789516524], "(2, 1, 100.0)": [1955.847666263788, 2374.7377778637183, 2205.567500958295, 2820.9400704575137, 2311.1737054128635, 2303.5769568399674, 2174.5882154115943, 2285.2450641175838, 2196.6686926802695], "(1, 1, 0.0)": [252.06874890307873, 205.75674155112225, 156.67716713000164, 357.52839478753606, 137.72684959321995, 153.75901763973042, 89.00342145979405, 144.7914303837892, 319.23647680755494], "(1, 0, 100.0)": [1835.7633804493744, 1737.7012470641719, 1581.3870059490523, 1502.2326489869702, 1599.4749681953492, 1785.7198123571238, 1597.4719019441957, 1793.5468379733836, 1587.7866425693205], "(1, 0, 200.0)": [183.1166408979308, 246.44276391634656, 118.31727394592826, 137.45231187175523, 125.96580281870021, 210.37963948089245, 523.2765532832618, 407.4262119188502, 199.84687719944745], "(1, 1, 100.0)": [1780.9538060403388, 1984.3659083238545, 1907.1823528036837, 1468.6550710903798, 1797.8684402430226, 1695.721525303602, 2135.389968495615, 1913.7376985889296, 2000.8527517550342], "(0, 0, 100.0)": [1180.88403989706, 1601.8253003677876, 1264.0447019803516, 1557.5824489015733, 1765.472466442913, 1498.7958285055981, 1553.9782572176657, 1409.9169166899871, 1135.315567782025], "(0, 1, 100.0)": [1848.657838119688, 1286.1687834899508, 1651.1555383234188, 1561.1079297630315, 1509.5475542889899, 1567.2039137904726, 1559.1205902847937, 1429.8457232369642, 1401.9692729457843], "(0, 0, 200.0)": [167.8825211576862, 329.3130676187615, 110.84982948456309, 129.79520491531204, 119.51716317843567, 116.02762764745434, 430.31574647883497, 308.85824607544816, 158.29328179302723], "(0, 1, 200.0)": [231.43554252932756, 215.40159166716293, 285.92959681999196, 100.40288908125797, 117.07627869813007, 144.22501915163718, 70.56014602751303, 55.576714313180304, 177.53985039516712], "(3, 0, 0.0)": [87.46697174310603, 190.0727027561747, 59.87611931648468, 43.22134185871132, 64.72232352395471, 83.01526678446822, 56.74285646053235, 74.53117073279192, 104.06366057142527], "(3, 1, 200.0)": [148.06963505229479, 138.98264259976494, 225.55137737786, 137.45834147822256, 102.77820810544696, 187.9125500987368, 121.51605987837853, 169.2068261972104, 46.90156492842698], "(4, 0, 0.0)": [1.3333333333333337, 48.95573007422036, 0.3333333333333333, 2.128888888888889, 0.5555555555555556, 1.2311111111111113, 0.7777777777777779, 0.8977777777777778, 6.875555555555555], "(5, 0, 100.0)": [0.8172889504428911, 0.0, 0.1111111111111111, 0.1111111111111111, 0.1111111111111111, 0.6368565302722016, 0.1111111111111111, 0.0, 0.0], "(5, 0, 0.0)": [0.5644444444444444, 0.0, 0.0, 0.0, 0.0, 0.0, 0.0, 0.0, 0.0], "(0, 0, 0.0)": [2.6070463938777366, 21.759693747440963, 1.8590787524944241, 51.45205337783112, 8.005421832994212, 7.339838206916559, 43.2374734162456, 1.1111111111111114, 6.478351668154096], "(2, 1, 200.0)": [76.5132939819241, 89.96212282257594, 82.0476032461585, 133.97262343138422, 40.22343419779223, 68.88001977248891, 162.86137297488878, 88.42266632213185, 316.55693135668463], "(2, 0, 0.0)": [22.933150090793095, 76.15674529710999, 55.96506570417145, 63.39059014911742, 46.324125411143086, 35.84236624857245, 54.7878071043726, 41.90143107054597, 112.00234434166192], "(1, 1, 200.0)": [146.3169788943503, 105.62456971683461, 132.85097668384145, 120.18470835402186, 113.76463697414631, 72.51821689568632, 49.679916222839864, 152.6163926114198, 206.33139837791123], "(1, 0, 0.0)": [22.110458583693983, 31.06331189286037, 10.197526690396119, 32.175173613429386, 30.21560841673135, 12.722274332754123, 5.5492686160999565, 91.62210517313571, 42.24251712308041], "(0, 1, 0.0)": [239.83717131595623, 91.07997564227715, 187.33745768650303, 61.373677208293735, 112.62381966995663, 86.07524594148697, 104.22234350241882, 61.175418249931504, 174.60255227640872], "(4, 0, 200.0)": [1.7479676413833132, 10.17335173453249, 50.82685087832643, 4.380266912882676, 29.963677198950897, 4.624394690533101, 21.061131964066153, 23.53649652607862, 41.47013765402562], "(4, 1, 200.0)": [2.265387615878478, 43.096139263702916, 39.77433847145163, 3.9702227745903484, 5.547189240948541, 0.5555555555555556, 27.89303097760242, 24.832305757201897, 1.2222222222222225], "(4, 1, 0.0)": [52.111099457632925, 7.478433430755545, 4.965212219682458, 33.71897077596133, 91.58994001320495, 36.718599697051744, 84.27145523673602, 67.05315638859432, 60.24528915125916], "(5, 1, 100.0)": [9.294759964319564, 0.0, 0.6717470654909317, 0.1111111111111111, 0.0, 0.1111111111111111, 0.0, 0.0, 0.6717470654909317], "(5, 0, 200.0)": [0.6847458816974908, 0.0, 0.0, 0.8755312722325858, 0.0, 0.0, 3.5677820773374904, 0.0, 0.0], "(5, 1, 200.0)": [0.0, 0.0, 0.0, 0.0, 0.0, 0.0, 0.0, 0.0, 0.1111111111111111]}, "state_action_visits": {"(3, 1, 0.0)": 4480, "(3, 0, 100.0)": 31048, "(3, 0, 200.0)": 3569, "(3, 1, 100.0)": 44070, "(4, 1, 100.0)": 6256, "(4, 0, 100.0)": 4119, "(2, 1, 0.0)": 3720, "(2, 0, 100.0)": 29089, "(2, 0, 200.0)": 3121, "(2, 1, 100.0)": 34124, "(1, 1, 0.0)": 2956, "(1, 0, 100.0)": 25174, "(1, 0, 200.0)": 3533, "(1, 1, 100.0)": 27732, "(0, 0, 100.0)": 21792, "(0, 1, 100.0)": 23039, "(0, 0, 200.0)": 2971, "(0, 1, 200.0)": 2303, "(3, 0, 0.0)": 1441, "(3, 1, 200.0)": 2203, "(4, 0, 0.0)": 137, "(5, 0, 100.0)": 6, "(5, 0, 0.0)": 1, "(0, 0, 0.0)": 270, "(2, 1, 200.0)": 1750, "(2, 0, 0.0)": 969, "(1, 1, 200.0)": 1752, "(1, 0, 0.0)": 508, "(0, 1, 0.0)": 1880, "(4, 0, 200.0)": 324, "(4, 1, 200.0)": 287, "(4, 1, 0.0)": 790, "(5, 1, 100.0)": 15, "(5, 0, 200.0)": 6, "(5, 1, 200.0)": 1}}, "meta": {"recent_avg_return": -125.48399999999509, "epsilon": 0.11674746363517707,