{"timestamp": 1764101174, "iso": "2025-11-25T20:06:14Z", "episode": 22, "games_in_episode": 1, "stats": {"total_messages": 4216, "total_updates": 4204, "total_reward": 14.100000000004892, "action_counts": [463, 448, 497, 485, 458, 507, 463, 457, 438], "state_visits": {"(3, 1, 100.0)": 908, "(3, 1, 200.0)": 28, "(3, 0, 100.0)": 308, "(3, 1, 0.0)": 130, "(3, 0, 200.0)": 4, "(4, 0, 100.0)": 100, "(4, 1, 100.0)": 81, "(2, 1, 100.0)": 911, "(2, 1, 0.0)": 259, "(2, 0, 100.0)": 125, "(2, 1, 200.0)": 10, "(1, 1, 100.0)": 554, "(1, 0, 100.0)": 101, "(1, 1, 200.0)": 15, "(2, 0, 0.0)": 15, "(0, 1, 100.0)": 362, "(0, 0, 100.0)": 100, "(0, 1, 200.0)": 1, "(1, 1, 0.0)": 101, "(0, 1, 0.0)": 91}, "state_action_prob_sums": {"(3, 1, 0.0)": [46.17857971356582, 47.27880463991561, 106.24436634005446, 80.1637760846279, 46.509080617126834, 82.54731940494341, 47.142377505650764, 78.21399309646529, 100.50041056559155], "(3, 0, 100.0)": [468.3446242777987, 286.6782627678798, 482.71084694834, 497.732201043962, 337.56900953897946, 547.6811086640954, 546.3022104855347, 489.2132836741374, 572.3116092597958], "(3, 0, 200.0)": [28.72013307662675, 29.52450695804096, 49.9369296782082, 44.58216384997869, 97.09300644585875, 47.95089108686478, 37.509021125642136, 64.01729217049491, 52.194185789035224], "(3, 1, 100.0)": [571.3153761999847, 787.3100816721791, 595.2224541405274, 619.0231204525907, 606.6005128923919, 552.1300191529504, 587.6334640743783, 455.1613887849031, 525.770714907352], "(4, 1, 100.0)": [46.11149988842982, 47.793572412665334, 50.66502790370669, 61.79420304512556, 126.1880445121136, 100.70661050401019, 51.89761308541043, 96.64791071471437, 70.37253667106187], "(4, 0, 100.0)": [69.28712752534922, 71.32757298678828, 34.307803012829005, 58.72635984710448, 85.64323099533823, 72.56363174463057, 53.56728692080451, 57.438678743286836, 80.28682518570659], "(2, 1, 0.0)": [40.36545862133658, 66.59757276070955, 51.31339129913874, 32.1401307568804, 22.343780443032117, 105.4802474041991, 110.77616951770045, 75.29205477524928, 74.1168111624927], "(2, 0, 100.0)": [547.0628096160546, 388.750365617025, 349.3601357238466, 379.7343717574029, 330.5508920987568, 498.06746159868555, 425.96923427601735, 469.3337310552363, 425.7792655520597], "(2, 0, 200.0)": [51.53952211935775, 25.02206961894257, 44.19475240367081, 41.32226093632361, 28.11005474146011, 26.196480543374022, 58.57391586485478, 75.11374804548151, 50.94515578016054], "(2, 1, 100.0)": [506.20264810631653, 421.98553988368724, 534.9407754221725, 537.925838480468, 428.3682250900983, 466.3075583405344, 565.1404751814027, 621.1847021079817, 419.1487551875194], "(1, 1, 0.0)": [31.30423068559615, 24.199267809894895, 36.01729233188142, 66.2683419802764, 44.932351833904846, 42.932643940075096, 41.85843216967301, 59.50015899051131, 26.77260316090692], "(1, 0, 100.0)": [462.9887119115719, 338.9586102227477, 384.43418230331565, 318.52260764787883, 339.75517467648996, 380.8712403664496, 411.5106144999632, 399.78858090223576, 377.145717761383], "(1, 0, 200.0)": [32.49783156984312, 44.72234390944641, 34.48760687542463, 35.55036847421922, 37.152791555452595, 60.49725324308246, 77.95021445346121, 44.38923903639368, 79.97639306227263], "(1, 1, 100.0)": [451.8978593407263, 399.29183973517394, 350.2915742014086, 313.61401263737025, 356.94751407473774, 487.36961828184013, 435.9312124125346, 446.7343379009124, 346.23140981923524], "(0, 0, 100.0)": [389.80683100828577, 362.8141894291744, 276.8504900872038, 298.21719782742053, 285.68600765014764, 292.9606494504079, 321.73145688104626, 411.29962069568415, 310.7776915867131], "(0, 1, 100.0)": [335.34838491195677, 247.4074271818011, 367.2937748061043, 395.205788122623, 312.117781925053, 416.1145071827701, 417.9404504292899, 347.4961553282475, 268.7978193951874], "(0, 0, 200.0)": [40.28882645498532, 17.730427657565624, 24.062483774920928, 19.11931635492136, 17.813110378004616, 14.572621285784445, 124.7454996294807, 72.65707346044238, 44.6521066192865], "(0, 1, 200.0)": [8.551807445120089, 39.483482032538284, 27.444741376291955, 30.84504288372443, 64.069302570122, 27.50739977896675, 6.356120792199084, 10.974736452323047, 11.645180270634755], "(3, 0, 0.0)": [21.642458808888875, 58.14721554605804, 13.960366030558106, 16.16980759852746, 16.98958967960365, 30.15737889789383, 22.070175650363048, 34.37353126187679, 19.660234762508132], "(3, 1, 200.0)": [34.24945109653738, 16.67879426315215, 28.77448077278544, 61.24894805382669, 60.003557831785024, 47.72305176890527, 34.31418639469209, 54.45217588376432, 16.930325210814242], "(4, 0, 0.0)": [0.7777777777777779, 0.1111111111111111, 0.1111111111111111, 1.5733333333333333, 0.2222222222222222, 0.8977777777777778, 0.2222222222222222, 0.7866666666666666, 6.542222222222223], "(5, 0, 100.0)": [0.0, 0.0, 0.1111111111111111, 0.1111111111111111, 0.0, 0.6368565302722016, 0.1111111111111111, 0.0, 0.0], "(5, 0, 0.0)": [0.5644444444444444, 0.0, 0.0, 0.0, 0.0, 0.0, 0.0, 0.0, 0.0], "(0, 0, 0.0)": [2.3848241716555143, 15.179514620749682, 1.747967641383313, 5.911329045238743, 7.67208849966088, 6.895393762472116, 3.3252038988665844, 1.0000000000000002, 2.799458479705494], "(2, 1, 200.0)": [22.607234494073115, 14.839340790531889, 19.586272992858195, 11.099042152443872, 18.361843834968134, 10.408209777777769, 12.165366266423051, 33.495690628604954, 98.65454267731933], "(2, 0, 0.0)": [21.266483424126434, 29.501794824190814, 20.396220971382114, 21.776021782132997, 7.490175786666661, 6.677894968888884, 3.88888888888889, 30.218837378040202, 33.038293610149466], "(1, 1, 200.0)": [33.12096801406755, 16.035949707597272, 13.128368258577845, 7.050813668954309, 20.597567948954932, 38.369951918462405, 10.20618441451998, 25.109946320552876, 26.329615715083648], "(1, 0, 0.0)": [12.806167210477481, 30.174423003971484, 5.626666666666663, 0.5555555555555556, 21.521432076055348, 8.04021793412763, 4.993713060544403, 3.5999999999999996, 5.019064675555553], "(0, 1, 0.0)": [48.959545366141754, 22.906145325621004, 45.39525256273807, 11.303735749418381, 48.70974856853706, 7.911769290723364, 17.97579502270507, 25.468886396814028, 9.441738189921697], "(4, 0, 200.0)": [0.970189863605535, 9.395573956754715, 0.5555555555555556, 0.7777777777777779, 0.8888888888888891, 4.068839134977547, 17.934367692778657, 0.8888888888888891, 5.62112510469434], "(4, 1, 200.0)": [0.6666666666666667, 42.42947259703623, 0.7777777777777779, 3.0216807019277163, 0.4444444444444444, 0.2222222222222222, 0.5555555555555556, 3.848609926118401, 0.4444444444444444], "(4, 1, 0.0)": [5.608906292536909, 5.700655652977773, 3.4250231676801444, 1.3333333333333337, 14.439027894969753, 34.051933030385, 2.0000000000000004, 49.52014436273034, 21.634368056336147], "(5, 1, 100.0)": [0.6717470654909317, 0.0, 0.6717470654909317, 0.1111111111111111, 0.0, 0.0, 0.0, 0.0, 0.6717470654909317], "(5, 0, 200.0)": [0.6847458816974908, 0.0, 0.0, 0.0, 0.0, 0.0, 0.0, 0.0, 0.0]}, "state_action_visits": {"(3, 1, 0.0)": 1554, "(3, 0, 100.0)": 9970, "(3, 0, 200.0)": 1072, "(3, 1, 100.0)": 12274, "(4, 1, 100.0)": 1579, "(4, 0, 100.0)": 1401, "(2, 1, 0.0)": 1321, "(2, 0, 100.0)": 9036, "(2, 0, 200.0)": 1001, "(2, 1, 100.0)": 10462, "(1, 1, 0.0)": 838, "(1, 0, 100.0)": 8038, "(1, 0, 200.0)": 1072, "(1, 1, 100.0)": 8370, "(0, 0, 100.0)": 6970, "(0, 1, 100.0)": 7344, "(0, 0, 200.0)": 886, "(0, 1, 200.0)": 546, "(3, 0, 0.0)": 583, "(3, 1, 200.0)": 844, "(4, 0, 0.0)": 40, "(5, 0, 100.0)": 4, "(5, 0, 0.0)": 1, "(0, 0, 0.0)": 138, "(2, 1, 200.0)": 554, "(2, 0, 0.0)": 447, "(1, 1, 200.0)": 455, "(1, 0, 0.0)": 232, "(0, 1, 0.0)": 539, "(4, 0, 200.0)": 106, "(4, 1, 200.0)": 128, "(4, 1, 0.0)": 326, "(5, 1, 100.0)": 4, "(5, 0, 200.0)": 1}}, "meta": {"recent_avg_return": -113.51904761904345, "epsilon": 0.32712790615999615, "q_summary": {"(3, 1, 0.0)": [15.427901748841276, 16.451467931809084, 16.146444900150374, 15.535462912539746, 16.10485628678443, 16.144290540774875, 16.14860158567383, 17.415578997627904, 16.37351021691202],