{"timestamp": 1764102122, "iso": "2025-11-25T20:22:02Z", "episode": 50, "games_in_episode": 1, "stats": {"total_messages": 3957, "total_updates": 3945, "total_reward": 12.124999999998495, "action_counts": [399, 445, 405, 426, 588, 386, 487, 502, 319], "state_visits": {"(3, 0, 100.0)": 612, "(3, 1, 100.0)": 568, "(4, 1, 100.0)": 100, "(3, 0, 200.0)": 1, "(4, 0, 100.0)": 10, "(2, 0, 100.0)": 589, "(2, 1, 100.0)": 426, "(2, 1, 200.0)": 29, "(1, 0, 100.0)": 500, "(1, 1, 200.0)": 26, "(1, 1, 100.0)": 356, "(0, 0, 100.0)": 390, "(0, 1, 100.0)": 328, "(0, 0, 200.0)": 10}, "state_action_prob_sums": {"(3, 1, 0.0)": [260.7215104387314, 134.64926795103761, 195.26392056096296, 203.12879125283192, 101.47478292813702, 141.26097519227326, 219.70705652257098, 200.76301844211952, 263.0212549892617], "(3, 0, 100.0)": [1253.7213110527175, 1008.7903951341392, 1537.9344879133735, 1413.951514867599, 1009.8736731762872, 1300.4264311555562, 1273.1396141744983, 1411.1535694248275, 1109.5697407817252], "(3, 0, 200.0)": [193.7604671557273, 96.46916751043773, 144.11197501777966, 79.87459673739903, 165.1307628189802, 99.7442979583835, 118.04390805685127, 82.95438249038787, 88.28531581571829], "(3, 1, 100.0)": [1710.9415599076076, 1942.5018483224544, 1586.5887823202027, 1755.189097837907, 2157.353584675522, 1819.9153259736688, 1838.983051012711, 1649.107404984806, 1772.3870663129521], "(4, 1, 100.0)": [171.65871554627574, 204.34593147059906, 161.44963183890232, 111.78951817495073, 343.55433994801444, 322.51143771436654, 221.15534157675157, 431.48531670118354, 191.40448456890692], "(4, 0, 100.0)": [196.49230464239355, 117.73910950715617, 117.80779137916159, 126.57255476471701, 169.76735321658572, 197.33329293625312, 199.9350673274889, 234.50363706229504, 195.41397162784733], "(2, 1, 0.0)": [100.3683632104616, 173.70982877157084, 195.49472160773544, 51.590452377825976, 220.10855071705478, 176.81211923786535, 181.82030442758847, 171.84394289583844, 176.33975847704963], "(2, 0, 100.0)": [1380.2370387097146, 1270.4070665043935, 850.1974395340243, 1282.8152119750487, 1156.055393529351, 1228.0303968047094, 1167.0799792610665, 1585.6960453266383, 1164.1764856636732], "(2, 0, 200.0)": [152.0664581214245, 93.18444669826734, 103.85809318532708, 97.84741869886903, 55.730820468604826, 48.04437470811293, 77.56124557833108, 163.4695894091829, 98.33457873298602], "(2, 1, 100.0)": [1292.8549227262547, 1187.506431926006, 1816.28081717683, 1589.858436606121, 1173.1115285678272, 1485.4840347619563, 1428.4602004738915, 1290.376260926598, 1233.9919361512502], "(1, 1, 0.0)": [177.00492666867157, 47.72847040074526, 117.42501660070508, 143.69252418222936, 122.49324540676729, 95.30825991829636, 66.30471802171598, 85.37689204291163, 220.11035455701227], "(1, 0, 100.0)": [1270.492271585116, 919.8225225136499, 917.2023123347213, 980.9936587246739, 851.2596188767822, 1151.3189693042768, 1175.2833181015294, 1140.9331206632182, 1144.483626928473], "(1, 0, 200.0)": [93.74641783174299, 155.83862174474942, 68.98862884399921, 68.68728004335084, 103.60035633515884, 128.54625527537496, 252.1349578917214, 148.28616976994627, 100.3395388031516], "(1, 1, 100.0)": [1087.7790951224695, 1360.110645310383, 1317.1697213739953, 772.5124828463985, 1050.8100580599425, 1022.0320517449787, 1204.848421344875, 1195.398859740162, 1278.9839044945427], "(0, 0, 100.0)": [851.437389511516, 858.8121723107473, 787.9291403886629, 1015.4958818913775, 1223.430569065145, 726.1478955515132, 897.5648212806526, 1033.5815115393016, 896.5265472676965], "(0, 1, 100.0)": [992.443082838316, 818.5235896767522, 916.406074609577, 935.3618696116905, 835.7361884901845, 804.4484792859848, 1153.0663310524017, 1064.443405540449, 742.6182337886413], "(0, 0, 200.0)": [48.83322692439824, 72.95340980714084, 47.66272035110802, 107.89506512929006, 47.89672444892238, 32.43294421940355, 229.17595945796094, 103.32180088652727, 94.20582139262304], "(0, 1, 200.0)": [69.93740012988563, 123.30771540471935, 192.16072896407493, 88.309110490743, 113.28933102901581, 39.43436221198433, 42.04357525801292, 46.07232036285929, 98.6004590239859], "(3, 0, 0.0)": [54.91535432132856, 164.8710298114845, 46.65041930127081, 21.213269965826388, 45.14685239052991, 67.32220454398936, 36.19678310387107, 72.60155344158726, 93.59706793530843], "(3, 1, 200.0)": [47.682176470400066, 102.5402120778591, 103.25205184934192, 103.38056627765299, 77.51461815206888, 96.34095323409528, 94.50184597815733, 144.29427110496079, 43.07386940584959], "(4, 0, 0.0)": [1.3333333333333337, 48.95573007422036, 0.3333333333333333, 2.128888888888889, 0.5555555555555556, 1.2311111111111113, 0.7777777777777779, 0.8977777777777778, 6.875555555555555], "(5, 0, 100.0)": [0.8172889504428911, 0.0, 0.1111111111111111, 0.1111111111111111, 0.1111111111111111, 0.6368565302722016, 0.1111111111111111, 0.0, 0.0], "(5, 0, 0.0)": [0.5644444444444444, 0.0, 0.0, 0.0, 0.0, 0.0, 0.0, 0.0, 0.0], "(0, 0, 0.0)": [2.4959352827666255, 21.53747152521874, 1.8590787524944241, 14.882287085121913, 7.894310721883102, 7.117615984694337, 3.4363150099776956, 1.1111111111111114, 2.799458479705494], "(2, 1, 200.0)": [52.79537541569766, 50.05566010891266, 74.27839586553152, 28.129150542572567, 38.15354690425466, 57.28281517374688, 48.07116513069249, 42.70662089911226, 156.10940427702928], "(2, 0, 0.0)": [22.488705646348652, 75.71230085266554, 54.14655952407789, 63.16836792689519, 20.602088265295226, 31.462767465005218, 54.56558488215037, 41.45698662610151, 45.142745256869446], "(1, 1, 200.0)": [48.9790593049218, 55.575801828088, 23.576556366423738, 17.441335821943824, 52.027874055026864, 56.05926755121457, 22.803768558314502, 66.70992909030427, 118.13655721403529], "(1, 0, 0.0)": [21.999347472582873, 30.841089670638148, 6.629744613058628, 12.429019209020112, 21.74365429827757, 12.500052110531902, 5.5492686160999565, 70.91114212312425, 5.463509119999996], "(0, 1, 0.0)": [131.18200610806537, 48.7127468300587, 117.96538920547648, 60.040343874960364, 111.95715300328995, 85.29746816370917, 58.00058162098305, 31.14732083016867, 74.95549732366007], "(4, 0, 200.0)": [1.636856530272202, 9.951129512310269, 11.990324303297982, 4.380266912882676, 29.852566087839786, 4.51328357942199, 18.26770102611199, 23.53649652607862, 8.406325289356346], "(4, 1, 200.0)": [2.154276504767367, 43.096139263702916, 22.072801279035513, 3.9702227745903484, 5.547189240948541, 0.5555555555555556, 27.89303097760242, 24.832305757201897, 1.2222222222222225], "(4, 1, 0.0)": [52.111099457632925, 7.478433430755545, 4.965212219682458, 33.71897077596133, 91.58994001320495, 36.718599697051744, 84.27145523673602, 67.05315638859432, 60.24528915125916], "(5, 1, 100.0)": [0.6717470654909317, 0.0, 0.6717470654909317, 0.1111111111111111, 0.0, 0.0, 0.0, 0.0, 0.6717470654909317], "(5, 0, 200.0)": [0.6847458816974908, 0.0, 0.0, 0.0, 0.0, 0.0, 0.0, 0.0, 0.0], "(5, 1, 200.0)": [0.0, 0.0, 0.0, 0.0, 0.0, 0.0, 0.0, 0.0, 0.1111111111111111]}, "state_action_visits": {"(3, 1, 0.0)": 3275, "(3, 0, 100.0)": 21429, "(3, 0, 200.0)": 2118, "(3, 1, 100.0)": 29987, "(4, 1, 100.0)": 3943, "(4, 0, 100.0)": 2935, "(2, 1, 0.0)": 2742, "(2, 0, 100.0)": 20908, "(2, 0, 200.0)": 1810, "(2, 1, 100.0)": 23358, "(1, 1, 0.0)": 1982, "(1, 0, 100.0)": 17983, "(1, 0, 200.0)": 2186, "(1, 1, 100.0)": 19230, "(0, 0, 100.0)": 15597, "(0, 1, 100.0)": 15747, "(0, 0, 200.0)": 1568, "(0, 1, 200.0)": 1561, "(3, 0, 0.0)": 1225, "(3, 1, 200.0)": 1591, "(4, 0, 0.0)": 137, "(5, 0, 100.0)": 6, "(5, 0, 0.0)": 1, "(0, 0, 0.0)": 169, "(2, 1, 200.0)": 1073, "(2, 0, 0.0)": 835, "(1, 1, 200.0)": 898, "(1, 0, 0.0)": 391, "(0, 1, 0.0)": 1342, "(4, 0, 200.0)": 230, "(4, 1, 200.0)": 266, "(4, 1, 0.0)": 790, "(5, 1, 100.0)": 4, "(5, 0, 200.0)": 1, "(5, 1, 200.0)": 1}}, "meta": {"recent_avg_return": -99.52704081632254, "epsilon": 0.18580085718730444, "q_summary": {"(3, 1, 0.0)": [10.968073432398413, 10.93491425817908, 11.17708414675091, 10.901748797458158, 10.708160061205739, 10.524121726526428, 11.220305657328163, 10.892229076222279, 10.172393716300915],