{"timestamp": 1764105161, "iso": "2025-11-25T21:12:41Z", "episode": 144, "games_in_episode": 1, "stats": {"total_messages": 3355, "total_updates": 3343, "total_reward": -112.4249999999966, "action_counts": [514, 543, 285, 223, 263, 320, 347, 353, 507], "state_visits": {"(3, 1, 100.0)": 628, "(3, 0, 100.0)": 337, "(3, 1, 200.0)": 51, "(4, 1, 100.0)": 201, "(4, 0, 100.0)": 49, "(3, 0, 200.0)": 18, "(2, 1, 100.0)": 482, "(2, 0, 100.0)": 397, "(2, 1, 200.0)": 19, "(2, 0, 200.0)": 11, "(1, 0, 100.0)": 338, "(1, 1, 100.0)": 332, "(1, 0, 200.0)": 37, "(0, 0, 100.0)": 90, "(0, 1, 100.0)": 317, "(0, 0, 200.0)": 36}, "state_action_prob_sums": {"(3, 1, 0.0)": [857.4859351249887, 849.7972031586104, 757.1174598011526, 608.2966712223138, 575.0041006957739, 863.6859281340292, 843.2228715466601, 682.405925867571, 1139.2408420359068], "(3, 0, 100.0)": [4664.803676309675, 5178.03881167661, 5356.235599770918, 5244.385872506973, 4321.395972806927, 5392.253606504115, 4512.314178830849, 4946.603622818057, 4937.034419340889], "(3, 0, 200.0)": [573.7977236831177, 458.72486825282124, 541.812717380259, 210.82550835934327, 478.1069030484196, 782.6203489312494, 380.5156369612512, 479.1508466068683, 560.0047315949403], "(3, 1, 100.0)": [6336.681329006281, 8359.094762148552, 5932.790303461205, 8612.665661892612, 8670.171906735246, 6913.99627767568, 8157.812435317504, 7532.249923721866, 7330.412224831367], "(4, 1, 100.0)": [1278.3635543245805, 1300.641009116608, 1059.1163455523126, 756.2846164091197, 817.4185107107546, 1833.3329205183027, 683.7761652245636, 1145.3209133788578, 764.2189962615284], "(4, 0, 100.0)": [672.0777052974771, 574.9774464509727, 989.6169244741292, 786.8979208313168, 704.6761975230215, 462.5201391654646, 766.2672931534236, 466.35364747334984, 981.6111750909356], "(2, 1, 0.0)": [310.5113031603357, 736.6811890137217, 787.3641528066773, 624.6322490984143, 999.6712508701972, 697.4495279606075, 822.806216327328, 658.916412191836, 678.2472184906542], "(2, 0, 100.0)": [4436.526241697231, 4447.453086688157, 4760.285335960454, 4911.247577991699, 4030.2015420088837, 4508.926187586888, 4337.452642983738, 4994.931850269012, 4225.746321630921], "(2, 0, 200.0)": [723.8245091092305, 444.197450455902, 314.4499389697919, 373.1802855048779, 506.7211827153057, 497.87282551268555, 383.10955490465716, 462.89301871495525, 563.1584709031664], "(2, 1, 100.0)": [5935.20233896664, 6061.630066698247, 6973.90261362055, 6851.925392542728, 5203.66855390029, 5934.761830608885, 5575.991011325942, 5250.919191666083, 5515.845810736003], "(1, 1, 0.0)": [589.9506563386801, 544.4209760807747, 389.7481669078786, 729.5503447627215, 439.268849976736, 484.09027554789895, 341.4758212188874, 470.57413700116774, 1277.1703528251483], "(1, 0, 100.0)": [4310.803366169685, 3819.824646627353, 3625.814946943513, 3750.2653849726353, 4310.152439306886, 4588.546538267541, 3668.7775253269406, 4321.574296564572, 3089.811645123875], "(1, 0, 200.0)": [376.17425450097977, 419.13443197590306, 413.71470356227474, 313.90163584260836, 290.8761159712269, 296.83543928445573, 752.9135986795619, 532.4456084098922, 442.6178248688822], "(1, 1, 100.0)": [4849.611119463588, 4485.533858121825, 4290.403086011327, 4057.1805690007714, 4545.701282936096, 5209.476944814818, 4893.461428647541, 5671.764132886064, 4981.138018064054], "(0, 0, 100.0)": [3066.6093547291607, 3102.0547541222886, 3246.2874746381513, 3799.377153745486, 3671.427684754573, 2827.7394028508775, 2549.684749407402, 3216.4261074221777, 3338.114957812703], "(0, 1, 100.0)": [5119.057124208166, 3709.3212946007466, 3653.3201832152135, 3608.810624792697, 4156.910224986784, 4607.041302046305, 4659.302663932396, 4564.80399519465, 3569.518775960045], "(0, 0, 200.0)": [309.6943156811593, 608.8453119091985, 401.09584281231525, 250.34282042126623, 384.4308024373135, 135.0426449802309, 602.7572572045979, 576.4951198593523, 198.12814408426433], "(0, 1, 200.0)": [557.93243135354, 538.9116372987236, 459.9994845015527, 227.79911682345684, 278.4225161169836, 318.129829076101, 263.55473385551386, 77.04718495919566, 191.12747136358462], "(3, 0, 0.0)": [258.7437222457743, 495.64384237047113, 156.90620635117384, 283.00218845147907, 253.98589666763718, 316.8457121487172, 354.09113548890457, 216.54079762044762, 211.8877598811953], "(3, 1, 200.0)": [403.2695139225811, 344.4590896661233, 417.0546452636584, 311.2508528736168, 228.5195006435102, 591.479291187251, 326.1473324385616, 321.28622059877915, 68.77926255632265], "(4, 0, 0.0)": [37.873256689209384, 142.97262126939614, 8.265192836421136, 2.128888888888889, 0.7777777777777779, 1.2311111111111113, 66.33959909903702, 28.17254470437044, 7.097777777777776], "(5, 0, 100.0)": [3.5711549385408805, 0.1111111111111111, 0.1111111111111111, 1.0783029985559862, 0.1111111111111111, 0.6368565302722016, 0.1111111111111111, 0.0, 0.0], "(5, 0, 0.0)": [0.5644444444444444, 0.0, 0.0, 0.9590273160599947, 0.0, 0.0, 0.0, 0.0, 0.0], "(0, 0, 0.0)": [10.01099691424432, 65.08356485258165, 163.109619262493, 51.78538671116446, 175.6826441257536, 8.228727095805445, 205.45973256418935, 122.41194580981907, 119.79522441656829], "(2, 1, 200.0)": [281.47669488075877, 142.3296530655352, 265.23377974575726, 405.9084231448211, 143.85741493971886, 210.59450456805376, 227.0922761004935, 294.52481198813217, 454.92988859195873], "(2, 0, 0.0)": [42.74676330609796, 222.9456178490021, 460.50851989159844, 209.1030226728617, 313.0878712251625, 303.50904286327807, 207.4589558759851, 91.75955541207438, 301.3598221923191], "(1, 1, 200.0)": [306.6011713256407, 160.4364091345789, 328.04578711335057, 224.37587168892725, 308.8952025725638, 127.7054370830389, 479.306149096567, 261.2614403318302, 334.37244979133874], "(1, 0, 0.0)": [245.49883053477515, 102.94862294007292, 111.54402865507349, 196.59851663569006, 69.23818578307922, 101.78422719119591, 225.7821424833378, 210.93403815146084, 213.1600920029215], "(0, 1, 0.0)": [548.5880184353555, 317.9501739545242, 590.1782819853785, 258.5042481009748, 624.2498322766978, 328.3716138606138, 238.91254312299554, 344.0524391324495, 592.7680736815875], "(4, 0, 200.0)": [1.9701898636055355, 46.026872615018775, 105.43064009435234, 74.64904913529375, 49.799735827061156, 98.232672903679, 79.41253115315544, 23.75871874830084, 83.69779411007413], "(4, 1, 200.0)": [15.308194292526759, 94.25656208808947, 58.81086368165192, 8.821481157661161, 5.547189240948541, 2.5019423223273582, 27.89303097760242, 29.772612450595776, 1.2222222222222225], "(4, 1, 0.0)": [53.02100927618982, 99.24574316888511, 5.076323330793569, 84.89614283736984, 104.77312191744598, 36.94082191927397, 94.61379657419523, 132.76438925858992, 68.54558862938235], "(5, 1, 100.0)": [9.294759964319564, 0.0, 0.6717470654909317, 14.63684054859267, 0.0, 0.2222222222222222, 7.765213239097949, 0.0, 0.6717470654909317], "(5, 0, 200.0)": [0.6847458816974908, 0.0, 0.0, 1.7957255714105582, 0.0, 0.0, 3.5677820773374904, 0.0, 0.0], "(5, 1, 200.0)": [1.8721941467664875, 0.0, 0.0, 0.0, 0.0, 0.0, 0.0, 0.0, 0.1111111111111111]}, "state_action_visits": {"(3, 1, 0.0)": 9550, "(3, 0, 100.0)": 59917, "(3, 0, 200.0)": 6152, "(3, 1, 100.0)": 89776, "(4, 1, 100.0)": 12648, "(4, 0, 100.0)": 8558, "(2, 1, 0.0)": 8304, "(2, 0, 100.0)": 55210, "(2, 0, 200.0)": 5778, "(2, 1, 100.0)": 70480, "(1, 1, 0.0)": 6845, "(1, 0, 100.0)": 48009, "(1, 0, 200.0)": 5424, "(1, 1, 100.0)": 56955, "(0, 0, 100.0)": 39435, "(0, 1, 100.0)": 49720, "(0, 0, 200.0)": 4746, "(0, 1, 200.0)": 4017, "(3, 0, 0.0)": 3450, "(3, 1, 200.0)": 4160, "(4, 0, 0.0)": 401, "(5, 0, 100.0)": 11, "(5, 0, 0.0)": 2, "(0, 0, 0.0)": 1128, "(2, 1, 200.0)": 3284, "(2, 0, 0.0)": 2859, "(1, 1, 200.0)": 3379, "(1, 0, 0.0)": 1854, "(0, 1, 0.0)": 4945, "(4, 0, 200.0)": 754, "(4, 1, 200.0)": 389, "(4, 1, 0.0)": 1062, "(5, 1, 100.0)": 40, "(5, 0, 200.0)": 7, "(5, 1, 200.0)": 3}}, "meta": {"recent_avg_return": -59.38999999999382, "epsilon": 0.027816265847442862,