{"timestamp": 1764104717, "iso": "2025-11-25T21:05:17Z", "episode": 131, "games_in_episode": 1, "stats": {"total_messages": 3943, "total_updates": 3931, "total_reward": -113.22499999998507, "action_counts": [820, 310, 342, 523, 250, 734, 226, 400, 338], "state_visits": {"(3, 1, 100.0)": 520, "(3, 0, 200.0)": 123, "(3, 0, 100.0)": 656, "(4, 1, 100.0)": 24, "(2, 0, 200.0)": 200, "(2, 0, 100.0)": 628, "(2, 1, 100.0)": 141, "(1, 0, 100.0)": 769, "(1, 1, 100.0)": 168, "(1, 0, 200.0)": 2, "(0, 0, 100.0)": 309, "(0, 1, 100.0)": 371, "(0, 0, 200.0)": 20}, "state_action_prob_sums": {"(3, 1, 0.0)": [681.083808009735, 673.4689183483915, 683.107443458936, 578.9003167571235, 493.80510943172305, 797.6325757948357, 694.9457098480489, 530.7782862321656, 1043.7098389330238], "(3, 0, 100.0)": [4292.402641471626, 4756.434892445006, 4242.448024447294, 4411.013041258892, 3997.2771504047364, 4738.059826438117, 4195.058410081403, 4205.458700060894, 4640.837304795731], "(3, 0, 200.0)": [553.4179255371239, 424.49950063783456, 486.36547318688963, 201.86314330408845, 446.0253987315097, 706.8303509214219, 380.4045258501401, 456.4998355037263, 411.65096916973226], "(3, 1, 100.0)": [5937.5295622053545, 6806.441501162585, 5762.847875674541, 7112.364498899117, 7744.544348536954, 6160.964944833596, 6967.866335704885, 6710.308841580169, 6633.482697396395], "(4, 1, 100.0)": [1082.3108175098987, 1226.898398035733, 932.8997359040384, 711.3969132042805, 790.8675716488634, 1702.9391320869424, 630.6796774132007, 1104.1920970066922, 764.2189962615284], "(4, 0, 100.0)": [553.4453015764788, 463.7310306358705, 920.2134121353913, 701.8428538353216, 553.7266083730536, 408.63932051118, 751.3787988487251, 444.7327422517428, 870.4844972100558], "(2, 1, 0.0)": [300.5626178423391, 506.43573634189545, 662.6751060062948, 460.11396433168375, 864.1914303903475, 585.0934505138896, 822.2506607717726, 462.3257590831041, 577.5086339272333], "(2, 0, 100.0)": [3968.929480015639, 4122.463903617035, 4239.579994119001, 4288.279466096638, 2975.2091223949933, 4090.8357557122667, 4071.1712581428023, 4751.042047882487, 3947.7576940751173], "(2, 0, 200.0)": [583.4365136593757, 444.197450455902, 314.3388278586808, 367.34988043295505, 491.9444047448865, 412.547221291055, 382.9984437935461, 459.987545448849, 469.9345805452115], "(2, 1, 100.0)": [4753.646318940366, 4724.9540214909675, 6008.404217605843, 6524.374003698424, 4864.7511124986095, 5217.582260982965, 5006.540663524394, 4595.840157721331, 4204.387538750759], "(1, 1, 0.0)": [549.3218246996416, 422.5721652336462, 382.38307052117904, 614.200053014726, 439.04662775451385, 386.7673831537086, 292.21956141365786, 387.49217835162216, 862.496204806254], "(1, 0, 100.0)": [3637.4092190715637, 3503.917702539676, 3398.6919797536207, 3219.7591959741167, 4117.952068430695, 4228.257986859499, 3514.3011761425096, 3661.2604368884195, 2608.1771773415467], "(1, 0, 200.0)": [352.65655706128047, 410.3569621026825, 354.313718243306, 167.9891804369681, 267.5212187312659, 271.32574110077667, 752.5802653462287, 532.3344972987811, 417.21483434040596], "(1, 1, 100.0)": [4351.931629493963, 4004.3009796073115, 3820.03422685454, 3858.0939942284185, 3388.680878635309, 4364.154394794319, 4236.847047689484, 4791.442079369516, 4391.351409987281], "(0, 0, 100.0)": [3034.5389269188763, 3100.721420788953, 2776.341603317051, 3302.5569749954007, 3062.1524662826932, 2237.9319509426978, 2301.4789098063875, 3213.3697036919093, 2933.982951383995], "(0, 1, 100.0)": [3977.984287905196, 3132.881906135535, 3386.44880205582, 3116.460240734931, 3779.107525547947, 3825.9134568917666, 4054.448840492716, 4271.995207363243, 2994.7770494120596], "(0, 0, 200.0)": [270.69100542340146, 608.6230896869763, 313.8202087959261, 241.45423943693453, 321.031229269015, 135.0426449802309, 531.8498718628457, 486.535845319427, 195.85412262141568], "(0, 1, 200.0)": [552.1033207147804, 538.9116372987236, 425.9064194553154, 227.79911682345684, 197.03403142650373, 318.0187179649899, 240.31031754843843, 75.85584147004542, 191.12747136358462], "(3, 0, 0.0)": [164.2301958611454, 391.43683773038333, 128.3217840287574, 283.00218845147907, 214.01546065018184, 254.33519866861454, 282.9768437786402, 164.8577679789171, 151.50570888001047], "(3, 1, 200.0)": [343.0236540311976, 297.5766400360252, 417.0546452636584, 285.0044749566866, 228.29727842128798, 497.46375203984576, 285.0856694440417, 249.31693186456425, 68.55704033410042], "(4, 0, 0.0)": [37.873256689209384, 142.97262126939614, 8.265192836421136, 2.128888888888889, 0.7777777777777779, 1.2311111111111113, 66.33959909903702, 28.17254470437044, 7.097777777777776], "(5, 0, 100.0)": [3.5711549385408805, 0.1111111111111111, 0.1111111111111111, 1.0783029985559862, 0.1111111111111111, 0.6368565302722016, 0.1111111111111111, 0.0, 0.0], "(5, 0, 0.0)": [0.5644444444444444, 0.0, 0.0, 0.9590273160599947, 0.0, 0.0, 0.0, 0.0, 0.0], "(0, 0, 0.0)": [9.899885803133209, 23.148662429640208, 157.17644376283596, 51.78538671116446, 8.672088499660877, 8.228727095805445, 198.65120839714726, 122.30083469870796, 119.68411330545717], "(2, 1, 200.0)": [272.7068558476485, 142.2185419544241, 250.68509352555932, 315.3936609066902, 139.7381730158814, 158.04109815151665, 227.0922761004935, 275.9028572943481, 454.70766636973656], "(2, 0, 0.0)": [24.266483424126424, 222.50117340455765, 372.0405227497023, 140.06778049403556, 247.9637077752869, 250.8081854641548, 187.62841769949122, 59.43054669616073, 226.35494524374496], "(1, 1, 200.0)": [306.3789491034185, 158.4900661381777, 328.04578711335057, 224.26476057781613, 308.7840914614527, 127.7054370830389, 395.81557320106504, 261.15032922071913, 307.0933118800312], "(1, 0, 0.0)": [96.70327950878823, 92.28828900386478, 111.54402865507349, 196.48740552457895, 69.23818578307922, 20.801225371864984, 146.0919763730173, 197.23811013374257, 161.49872648420595], "(0, 1, 0.0)": [498.6415690179131, 215.9974287656867, 425.30189360043823, 189.0819944312081, 623.9164989433646, 212.5526489218915, 166.84334693549235, 342.00308548748234, 421.76788254868825], "(4, 0, 200.0)": [1.9701898636055355, 32.40216524761611, 95.72150080951918, 63.864153311848284, 49.68862471595004, 96.29198477416367, 72.62012269985176, 23.75871874830084, 83.69779411007413], "(4, 1, 200.0)": [15.308194292526759, 77.71227457052909, 49.07892984779287, 5.901901007503458, 5.547189240948541, 0.5555555555555556, 27.89303097760242, 29.772612450595776, 1.2222222222222225], "(4, 1, 0.0)": [53.02100927618982, 99.24574316888511, 5.076323330793569, 84.89614283736984, 104.77312191744598, 36.94082191927397, 94.61379657419523, 132.76438925858992, 68.54558862938235], "(5, 1, 100.0)": [9.294759964319564, 0.0, 0.6717470654909317, 8.797388711222327, 0.0, 0.2222222222222222, 6.796091972169932, 0.0, 0.6717470654909317], "(5, 0, 200.0)": [0.6847458816974908, 0.0, 0.0, 1.7957255714105582, 0.0, 0.0, 3.5677820773374904, 0.0, 0.0], "(5, 1, 200.0)": [1.8721941467664875, 0.0, 0.0, 0.0, 0.0, 0.0, 0.0, 0.0, 0.1111111111111111]}, "state_action_visits": {"(3, 1, 0.0)": 8493, "(3, 0, 100.0)": 54532, "(3, 0, 200.0)": 5733, "(3, 1, 100.0)": 81303, "(4, 1, 100.0)": 11918, "(4, 0, 100.0)": 7775, "(2, 1, 0.0)": 7176, "(2, 0, 100.0)": 50772, "(2, 0, 200.0)": 5421, "(2, 1, 100.0)": 62649, "(1, 1, 0.0)": 5853, "(1, 0, 100.0)": 44201, "(1, 0, 200.0)": 5091, "(1, 1, 100.0)": 50866, "(0, 0, 100.0)": 36415, "(0, 1, 100.0)": 44327, "(0, 0, 200.0)": 4361, "(0, 1, 200.0)": 3863, "(3, 0, 0.0)": 2907, "(3, 1, 200.0)": 3800, "(4, 0, 0.0)": 401, "(5, 0, 100.0)": 11, "(5, 0, 0.0)": 2, "(0, 0, 0.0)": 895, "(2, 1, 200.0)": 3084, "(2, 0, 0.0)": 2411, "(1, 1, 200.0)": 3257, "(1, 0, 0.0)": 1449, "(0, 1, 0.0)": 4159, "(4, 0, 200.0)": 708, "(4, 1, 200.0)": 357, "(4, 1, 0.0)": 1062, "(5, 1, 100.0)": 33, "(5, 0, 200.0)": 7, "(5, 1, 200.0)": 3}}, "meta": {"recent_avg_return": -62.76049999999512, "epsilon": 0.03617094409202521,