{"timestamp": 1764104072, "iso": "2025-11-25T20:54:32Z", "episode": 110, "games_in_episode": 1, "stats": {"total_messages": 4712, "total_updates": 4700, "total_reward": -22.99999999999649, "action_counts": [861, 412, 515, 570, 455, 574, 463, 537, 325], "state_visits": {"(3, 0, 100.0)": 471, "(3, 1, 100.0)": 852, "(3, 1, 200.0)": 80, "(4, 1, 100.0)": 409, "(4, 0, 100.0)": 124, "(3, 0, 200.0)": 44, "(2, 0, 100.0)": 404, "(2, 1, 200.0)": 70, "(2, 1, 100.0)": 591, "(1, 0, 100.0)": 387, "(1, 1, 200.0)": 88, "(1, 1, 100.0)": 474, "(0, 0, 100.0)": 300, "(0, 1, 200.0)": 24, "(0, 1, 100.0)": 382}, "state_action_prob_sums": {"(3, 1, 0.0)": [361.8728186139928, 550.0726119694009, 524.3339852672827, 476.38235100088804, 370.86494691887174, 579.4631750907434, 593.4530868241046, 487.40787292118574, 899.1259496613134], "(3, 0, 100.0)": [3539.6830948322045, 3065.173924304525, 3697.641199099341, 3903.754145118172, 3105.420437800288, 3488.408288607458, 3151.1440449396537, 3760.3026202054275, 3743.175841210756], "(3, 0, 200.0)": [410.3879461116823, 415.5187447887791, 422.69599783096953, 201.75203219297734, 445.58095428706537, 450.29928311329644, 377.1941105686269, 403.13641993420475, 357.56544034883063], "(3, 1, 100.0)": [5303.912730660002, 4484.021677486588, 5080.831821180107, 5402.387131453452, 5904.220089337315, 4621.019544082947, 6024.300401591898, 5115.752774142973, 5097.251965966732], "(4, 1, 100.0)": [942.2962651698043, 784.0291294305645, 744.8948719862933, 595.7465724800552, 565.7214070031558, 1497.0063763308071, 510.44839183197814, 791.8265207329787, 492.7141534566467], "(4, 0, 100.0)": [367.4101022199253, 402.36935920232827, 709.8041990712884, 511.9893979653518, 488.18204186053833, 326.8459170821945, 602.3051700232025, 388.07111497320983, 751.9541581293008], "(2, 1, 0.0)": [236.57667635403607, 401.3244519108108, 472.65153130298086, 348.79339661345796, 558.9500991831796, 429.46874451548814, 579.5612252245905, 388.9727676242727, 566.2001392849618], "(2, 0, 100.0)": [3357.2160358486963, 3529.56578926445, 3247.6583482715673, 3647.1268078722514, 2251.586843743635, 3490.938614621415, 3713.162515831107, 3601.3928800779313, 2941.834856518432], "(2, 0, 200.0)": [419.15393790988355, 440.64415948652356, 223.8696185920265, 289.5836492583161, 361.360798070112, 263.08435330856304, 266.40551403521704, 459.54310100440466, 387.4046805091318], "(2, 1, 100.0)": [4012.204699933879, 3726.4856364792568, 4463.351994902511, 4928.046573953527, 4196.3322661125785, 3707.5885662241894, 3371.3159587456953, 4029.569508705139, 3581.1184424213434], "(1, 1, 0.0)": [426.1755538807327, 422.0166096780908, 381.60529274340144, 613.6444974591706, 371.6479022118068, 308.1202524398136, 244.66469973502316, 269.237872203617, 521.8918863399567], "(1, 0, 100.0)": [2806.2548841164885, 2642.784676538729, 2629.4361766642833, 2486.6088152480784, 3192.198250542053, 3440.3557942911593, 3074.5901107693726, 2747.3124891118932, 2307.6024508330743], "(1, 0, 200.0)": [321.5222259616195, 370.59275155873536, 346.2428498104138, 167.76695821474587, 198.0163822284029, 218.19334153750418, 690.0064201828535, 447.2812151132391, 326.0635084939891], "(1, 1, 100.0)": [3194.9388393118766, 2662.7043479349686, 3433.223764686797, 2988.190769591018, 2445.5201242654252, 3350.3970221113564, 3721.4831799605636, 3610.946699129102, 3478.4852224295114], "(0, 0, 100.0)": [2104.304191554575, 2266.4057352729956, 2180.708329092866, 2545.1250147579103, 2711.897659766218, 1946.5290024753765, 2139.1573619237065, 2732.990551677162, 2086.4651881086897], "(0, 1, 100.0)": [3481.832310944368, 2813.465833713047, 2902.5147197206, 2771.699600771709, 3115.763302276113, 2683.305057263169, 2717.0068142021514, 2894.3943819780825, 2437.3658128542384], "(0, 0, 200.0)": [263.04829605048866, 508.6261700572984, 227.852205420186, 155.0151211127663, 255.42755822664031, 133.85390042388124, 528.6169715271303, 483.3029449837114, 192.00529021779965], "(0, 1, 200.0)": [538.6645221661812, 454.94492743628575, 338.6037441878823, 195.71996525229096, 168.86840220953925, 272.3465287036285, 205.75168452906496, 74.89599470030663, 190.9052491413624], "(3, 0, 0.0)": [164.2301958611454, 297.22993853428375, 127.98845069542408, 228.84124699876347, 213.90434953907072, 245.5928417129634, 170.63861073115984, 140.8218519071629, 134.92753564129717], "(3, 1, 200.0)": [223.618538040096, 285.0687223620881, 390.87313957022974, 245.31742406406207, 227.96394508795464, 445.5266513713324, 255.3425723015898, 210.06354519610744, 49.05988422403248], "(4, 0, 0.0)": [37.873256689209384, 142.97262126939614, 0.5555555555555556, 2.128888888888889, 0.7777777777777779, 1.2311111111111113, 3.7242137302762175, 19.503647090730343, 7.097777777777776], "(5, 0, 100.0)": [3.5711549385408805, 0.1111111111111111, 0.1111111111111111, 0.1111111111111111, 0.1111111111111111, 0.6368565302722016, 0.1111111111111111, 0.0, 0.0], "(5, 0, 0.0)": [0.5644444444444444, 0.0, 0.0, 0.0, 0.0, 0.0, 0.0, 0.0, 0.0], "(0, 0, 0.0)": [8.718636264850993, 22.815329096306876, 9.769377444669074, 51.67427560005335, 8.227644055216434, 8.006504873583223, 198.65120839714726, 1.4444444444444449, 117.32161422889274], "(2, 1, 200.0)": [167.9701510203049, 138.40355312492164, 131.823982860082, 260.0645146423313, 66.75506229030961, 151.2312685547108, 226.75894276716016, 271.014732503392, 454.3743330364033], "(2, 0, 0.0)": [23.93315009079309, 221.54214608849765, 219.4799803344942, 130.1441740001022, 209.48279588889434, 250.36374101971035, 168.39595756906152, 59.31943558504962, 214.73550633991383], "(1, 1, 200.0)": [237.68161842375028, 158.04562169373324, 235.95279289389637, 193.48954581951895, 308.56186923923053, 118.88044975483567, 303.95387728874516, 261.03921810960804, 264.9946490820719], "(1, 0, 0.0)": [96.481057286566, 71.07857693943393, 82.66209806216274, 94.83972241052757, 69.23818578307922, 20.579003149642762, 15.772288771425751, 197.23811013374257, 161.38761537309483], "(0, 1, 0.0)": [407.0683618060406, 191.8282437698575, 237.53627134355096, 159.46106909750438, 578.0644373107682, 172.0467526836725, 161.49265479963677, 301.02267890918614, 348.6236903747455], "(4, 0, 200.0)": [1.9701898636055355, 32.40216524761611, 95.72150080951918, 63.864153311848284, 49.68862471595004, 96.29198477416367, 68.75676623402556, 23.75871874830084, 83.69779411007413], "(4, 1, 200.0)": [15.308194292526759, 51.676772151235035, 48.96781873668176, 3.9702227745903484, 5.547189240948541, 0.5555555555555556, 27.89303097760242, 24.832305757201897, 1.2222222222222225], "(4, 1, 0.0)": [53.02100927618982, 99.24574316888511, 4.965212219682458, 84.89614283736984, 104.66201080633486, 36.94082191927397, 94.61379657419523, 68.18528842937344, 68.43447751827124], "(5, 1, 100.0)": [9.294759964319564, 0.0, 0.6717470654909317, 0.1111111111111111, 0.0, 0.1111111111111111, 1.0472081844943548, 0.0, 0.6717470654909317], "(5, 0, 200.0)": [0.6847458816974908, 0.0, 0.0, 1.7957255714105582, 0.0, 0.0, 3.5677820773374904, 0.0, 0.0], "(5, 1, 200.0)": [1.8721941467664875, 0.0, 0.0, 0.0, 0.0, 0.0, 0.0, 0.0, 0.1111111111111111]}, "state_action_visits": {"(3, 1, 0.0)": 7048, "(3, 0, 100.0)": 45853, "(3, 0, 200.0)": 5101, "(3, 1, 100.0)": 67437, "(4, 1, 100.0)": 9726, "(4, 0, 100.0)": 6558, "(2, 1, 0.0)": 5815, "(2, 0, 100.0)": 43554, "(2, 0, 200.0)": 4540, "(2, 1, 100.0)": 51904, "(1, 1, 0.0)": 4998, "(1, 0, 100.0)": 37130, "(1, 0, 200.0)": 4619, "(1, 1, 100.0)": 41808, "(0, 0, 100.0)": 30759, "(0, 1, 100.0)": 37013, "(0, 0, 200.0)": 3976, "(0, 1, 200.0)": 3501, "(3, 0, 0.0)": 2569, "(3, 1, 200.0)": 3432, "(4, 0, 0.0)": 319, "(5, 0, 100.0)": 10, "(5, 0, 0.0)": 1, "(0, 0, 0.0)": 594, "(2, 1, 200.0)": 2687, "(2, 0, 0.0)": 2152, "(1, 1, 200.0)": 2887, "(1, 0, 0.0)": 1145, "(0, 1, 0.0)": 3565, "(4, 0, 200.0)": 704, "(4, 1, 200.0)": 321, "(4, 1, 0.0)": 992, "(5, 1, 100.0)": 17, "(5, 0, 200.0)": 7, "(5, 1, 200.0)": 3}}, "meta": {"recent_avg_return": -107.46799999999537, "epsilon": 0.05528562897097231,