{"timestamp": 1764105199, "iso": "2025-11-25T21:13:19Z", "episode": 145, "games_in_episode": 1, "stats": {"total_messages": 4625, "total_updates": 4613, "total_reward": -56.675000000001326, "action_counts": [332, 690, 522, 483, 449, 861, 525, 436, 327], "state_visits": {"(3, 1, 100.0)": 732, "(3, 0, 100.0)": 486, "(3, 0, 0.0)": 91, "(3, 1, 200.0)": 47, "(3, 0, 200.0)": 14, "(4, 0, 100.0)": 76, "(4, 1, 100.0)": 55, "(4, 1, 200.0)": 1, "(3, 1, 0.0)": 10, "(2, 1, 100.0)": 778, "(2, 1, 0.0)": 101, "(2, 0, 100.0)": 337, "(2, 1, 200.0)": 33, "(2, 0, 200.0)": 23, "(1, 1, 0.0)": 101, "(1, 1, 100.0)": 591, "(1, 0, 100.0)": 300, "(1, 1, 200.0)": 26, "(1, 0, 200.0)": 76, "(0, 1, 0.0)": 100, "(0, 1, 100.0)": 291, "(0, 0, 100.0)": 248, "(0, 0, 200.0)": 80, "(0, 1, 200.0)": 16}, "state_action_prob_sums": {"(3, 1, 0.0)": [857.4859351249887, 850.772972100361, 757.1174598011526, 608.2966712223138, 575.0041006957739, 863.6859281340292, 851.0290230806652, 682.5170369786821, 1139.2408420359068], "(3, 0, 100.0)": [4670.991623293516, 5304.888774104251, 5356.568933104252, 5245.4727525598355, 4321.507083918038, 5404.073944916239, 4705.738651519787, 5039.523894506633, 4968.259025476924], "(3, 0, 200.0)": [573.9088347942288, 470.4340955538295, 541.812717380259, 210.82550835934327, 478.1069030484196, 782.6203489312494, 380.5156369612512, 480.126615548619, 560.0047315949403], "(3, 1, 100.0)": [6370.0796952480405, 8722.191919591067, 6054.761421180091, 8649.213557181847, 8670.171906735246, 6986.536512698594, 8158.145768650838, 7532.805479277423, 7399.914041917917], "(4, 1, 100.0)": [1278.3635543245805, 1300.641009116608, 1059.1163455523126, 757.2603853508704, 869.2453757346491, 1833.3329205183027, 683.7761652245636, 1145.3209133788578, 764.2189962615284], "(4, 0, 100.0)": [678.9080878897315, 574.9774464509727, 1003.277689658638, 804.4617617828281, 731.2441811725107, 462.5201391654646, 766.2672931534236, 474.15979900735533, 981.6111750909356], "(2, 1, 0.0)": [310.5113031603357, 794.2515565770088, 787.3641528066773, 624.6322490984143, 1040.6535464237238, 697.4495279606075, 822.806216327328, 658.916412191836, 678.2472184906542], "(2, 0, 100.0)": [4436.637352808342, 4447.564197799268, 4789.558404212987, 4911.35868910281, 4032.486413225719, 4647.7075995377645, 4364.02062663324, 4996.0187303218745, 4345.877012577415], "(2, 0, 200.0)": [723.8245091092305, 459.809753523913, 314.4499389697919, 373.1802855048779, 506.8322938264168, 497.87282551268555, 383.10955490465716, 462.89301871495525, 569.0130845536702], "(2, 1, 100.0)": [6121.685317952209, 6061.630066698247, 7028.656785469722, 6897.032986085501, 5236.955809030938, 6180.9889372634925, 5713.574432112845, 5251.363636110528, 5557.272550733994], "(1, 1, 0.0)": [592.877963163932, 547.3482829060266, 429.75469351965677, 731.5018826462227, 439.3799610878471, 523.2321443290368, 350.2577416946436, 470.57413700116774, 1277.2814639362593], "(1, 0, 100.0)": [4322.512593470698, 3819.9357577384644, 3625.814946943513, 3871.2607337497134, 4310.152439306886, 4623.7853312816915, 3668.888636438052, 4441.816098622178, 3089.811645123875], "(1, 0, 200.0)": [379.10156132623183, 438.7609219220279, 413.71470356227474, 331.5765879052318, 290.8761159712269, 329.0358143622284, 752.9135986795619, 532.4456084098922, 442.7289359799933], "(1, 1, 100.0)": [4849.83334168581, 4485.756080344047, 4383.2122465887915, 4114.8620476751785, 4647.403475100431, 5405.828724329009, 5005.897079171138, 5671.986355108286, 4981.471351397388], "(0, 0, 100.0)": [3066.6093547291607, 3102.499198566734, 3251.388541569127, 3919.5078446919247, 3675.3307605215755, 2855.1720443310064, 2549.795860518513, 3292.8694182120607, 3338.114957812703], "(0, 1, 100.0)": [5119.279346430389, 3740.5459007367667, 3771.3882251670398, 3609.143958126031, 4204.834014243698, 4612.253480088394, 4659.302663932396, 4639.073545878844, 3569.518775960045], "(0, 0, 200.0)": [372.14352795320326, 608.8453119091985, 403.0473806958166, 264.9793545475264, 384.4308024373135, 135.0426449802309, 602.868368315709, 576.4951198593523, 198.12814408426433], "(0, 1, 200.0)": [557.93243135354, 538.9116372987236, 476.58755651131435, 227.79911682345684, 278.4225161169836, 318.129829076101, 263.55473385551386, 77.04718495919566, 191.12747136358462], "(3, 0, 0.0)": [258.7437222457743, 529.7957553317441, 157.01731746228495, 283.00218845147907, 275.67503560837446, 316.8457121487172, 354.09113548890457, 245.81386587296737, 211.99887099230642], "(3, 1, 200.0)": [403.2695139225811, 344.4590896661233, 423.8850278559132, 312.2266218153675, 228.5195006435102, 611.9704389640142, 333.9534839725671, 321.39733170989024, 77.5611830320787], "(4, 0, 0.0)": [37.873256689209384, 142.97262126939614, 8.265192836421136, 2.128888888888889, 0.7777777777777779, 1.2311111111111113, 66.33959909903702, 28.17254470437044, 7.097777777777776], "(5, 0, 100.0)": [3.5711549385408805, 0.1111111111111111, 0.1111111111111111, 1.0783029985559862, 0.1111111111111111, 0.6368565302722016, 0.1111111111111111, 0.0, 0.0], "(5, 0, 0.0)": [0.5644444444444444, 0.0, 0.0, 0.9590273160599947, 0.0, 0.0, 0.0, 0.0, 0.0], "(0, 0, 0.0)": [10.01099691424432, 65.08356485258165, 163.109619262493, 51.78538671116446, 175.6826441257536, 8.228727095805445, 205.45973256418935, 122.41194580981907, 119.79522441656829], "(2, 1, 200.0)": [281.47669488075877, 142.3296530655352, 265.23377974575726, 429.32687774683757, 143.85741493971886, 210.59450456805376, 230.99535186749614, 294.52481198813217, 459.80873330071216], "(2, 0, 0.0)": [42.74676330609796, 222.9456178490021, 460.50851989159844, 209.1030226728617, 313.0878712251625, 303.50904286327807, 207.4589558759851, 91.75955541207438, 301.3598221923191], "(1, 1, 200.0)": [306.6011713256407, 160.4364091345789, 328.04578711335057, 224.37587168892725, 308.8952025725638, 127.7054370830389, 479.306149096567, 261.2614403318302, 359.7424422768566], "(1, 0, 0.0)": [245.49883053477515, 102.94862294007292, 111.54402865507349, 196.59851663569006, 69.23818578307922, 101.78422719119591, 225.7821424833378, 210.93403815146084, 213.1600920029215], "(0, 1, 0.0)": [548.5880184353555, 317.9501739545242, 590.1782819853785, 258.5042481009748, 718.8994196265089, 328.3716138606138, 240.97519211760797, 344.27466135467165, 592.7680736815875], "(4, 0, 200.0)": [1.9701898636055355, 46.026872615018775, 105.43064009435234, 74.64904913529375, 49.799735827061156, 98.232672903679, 79.41253115315544, 23.75871874830084, 83.69779411007413], "(4, 1, 200.0)": [15.308194292526759, 94.25656208808947, 59.78663262340259, 8.821481157661161, 5.547189240948541, 2.5019423223273582, 27.89303097760242, 29.772612450595776, 1.2222222222222225], "(4, 1, 0.0)": [53.02100927618982, 99.24574316888511, 5.076323330793569, 84.89614283736984, 104.77312191744598, 36.94082191927397, 94.61379657419523, 132.76438925858992, 68.54558862938235], "(5, 1, 100.0)": [9.294759964319564, 0.0, 0.6717470654909317, 14.63684054859267, 0.0, 0.2222222222222222, 7.765213239097949, 0.0, 0.6717470654909317], "(5, 0, 200.0)": [0.6847458816974908, 0.0, 0.0, 1.7957255714105582, 0.0, 0.0, 3.5677820773374904, 0.0, 0.0], "(5, 1, 200.0)": [1.8721941467664875, 0.0, 0.0, 0.0, 0.0, 0.0, 0.0, 0.0, 0.1111111111111111]}, "state_action_visits": {"(3, 1, 0.0)": 9560, "(3, 0, 100.0)": 60404, "(3, 0, 200.0)": 6166, "(3, 1, 100.0)": 90509, "(4, 1, 100.0)": 12703, "(4, 0, 100.0)": 8634, "(2, 1, 0.0)": 8405, "(2, 0, 100.0)": 55547, "(2, 0, 200.0)": 5801, "(2, 1, 100.0)": 71258, "(1, 1, 0.0)": 6946, "(1, 0, 100.0)": 48309, "(1, 0, 200.0)": 5501, "(1, 1, 100.0)": 57546, "(0, 0, 100.0)": 39685, "(0, 1, 100.0)": 50013, "(0, 0, 200.0)": 4828, "(0, 1, 200.0)": 4034, "(3, 0, 0.0)": 3541, "(3, 1, 200.0)": 4207, "(4, 0, 0.0)": 401, "(5, 0, 100.0)": 11, "(5, 0, 0.0)": 2, "(0, 0, 0.0)": 1128, "(2, 1, 200.0)": 3317, "(2, 0, 0.0)": 2859, "(1, 1, 200.0)": 3405, "(1, 0, 0.0)": 1854, "(0, 1, 0.0)": 5047, "(4, 0, 200.0)": 754, "(4, 1, 200.0)": 390, "(4, 1, 0.0)": 1062, "(5, 1, 100.0)": 40, "(5, 0, 200.0)": 7, "(5, 1, 200.0)": 3}},