{"timestamp": 1764104983, "iso": "2025-11-25T21:09:43Z", "episode": 139, "games_in_episode": 1, "stats": {"total_messages": 4692, "total_updates": 4680, "total_reward": 50.50000000001246, "action_counts": [609, 593, 562, 706, 468, 628, 402, 462, 262], "state_visits": {"(3, 0, 100.0)": 564, "(3, 0, 200.0)": 16, "(3, 1, 100.0)": 478, "(3, 1, 0.0)": 101, "(3, 0, 0.0)": 202, "(3, 1, 200.0)": 33, "(4, 1, 100.0)": 100, "(4, 0, 100.0)": 21, "(2, 0, 100.0)": 303, "(2, 1, 0.0)": 101, "(2, 1, 100.0)": 561, "(2, 0, 0.0)": 202, "(1, 0, 100.0)": 303, "(1, 1, 0.0)": 67, "(1, 1, 100.0)": 586, "(1, 0, 0.0)": 202, "(0, 0, 100.0)": 280, "(0, 1, 100.0)": 325, "(0, 0, 0.0)": 110, "(0, 0, 200.0)": 2, "(0, 1, 0.0)": 123}, "state_action_prob_sums": {"(3, 1, 0.0)": [738.6441589761292, 771.8988419011529, 695.5502780886826, 601.2583423900641, 574.7818784735517, 863.6859281340292, 811.7366272983313, 617.2019691807135, 1118.58155876258], "(3, 0, 100.0)": [4507.035979310021, 5020.836792839822, 4973.475810310837, 4836.994128412721, 4099.800893158874, 5272.776639663173, 4483.799472870976, 4873.6309413025, 4777.120740209615], "(3, 0, 200.0)": [572.822953856222, 458.61375714171015, 512.5701374748771, 210.82550835934327, 476.16051628164786, 780.6718390804418, 380.5156369612512, 456.61094661483736, 411.9843025030655], "(3, 1, 100.0)": [6209.753498019501, 7217.76366438491, 5872.959833708403, 8133.168410019263, 8398.1574016511, 6309.390932610495, 7740.211348678283, 7308.397901098268, 7163.3707293075795], "(4, 1, 100.0)": [1160.3363709196121, 1300.641009116608, 944.7870149782295, 737.6432911212107, 817.3073995996435, 1826.5131360404762, 658.0010927196208, 1118.9956402938756, 764.2189962615284], "(4, 0, 100.0)": [660.1521899109615, 574.8663353398616, 950.6255585001571, 783.8609864291324, 609.2144624369788, 412.5276727951697, 766.0450709312014, 462.3414386408074, 948.485488122253], "(2, 1, 0.0)": [310.5113031603357, 695.6959558004014, 740.422214593943, 621.4904467260343, 918.740589954474, 588.2296467991608, 822.5839941051058, 523.6425319011913, 577.8419672605665], "(2, 0, 100.0)": [4424.512506716299, 4304.978650003354, 4483.87088174092, 4662.462761399494, 3637.635809422129, 4363.183184603343, 4154.754135401851, 4949.079318541794, 4206.220144281818], "(2, 0, 200.0)": [583.4365136593757, 444.197450455902, 314.3388278586808, 370.2590969577234, 506.7211827153057, 497.87282551268555, 383.10955490465716, 462.89301871495525, 554.3810010299463], "(2, 1, 100.0)": [5652.041652034165, 5527.557751467888, 6707.479609492625, 6694.691195303675, 5040.746284545257, 5392.397721648764, 5208.799463864478, 4954.76477074528, 5044.1538560158115], "(1, 1, 0.0)": [589.6173230053469, 544.3098649696636, 386.71586724961304, 701.9525849892781, 439.15773886562494, 484.09027554789895, 341.4758212188874, 464.7349767008525, 1058.021569381352], "(1, 0, 100.0)": [4307.3219873230555, 3819.157979960685, 3595.0370780052995, 3373.2249783112775, 4267.660083245944, 4425.362399065268, 3596.9566305619883, 4154.864841843553, 2647.9459609639957], "(1, 0, 200.0)": [352.76766817239155, 410.3569621026825, 354.313718243306, 304.9206731699133, 290.8761159712269, 280.26438312131756, 752.8024875684508, 532.3344972987811, 442.6178248688822], "(1, 1, 100.0)": [4511.280507686681, 4135.17424775236, 4108.500227812738, 4056.402791222992, 4257.24437958459, 4912.580716735549, 4764.193805226845, 5058.87371578187, 4777.823994094358], "(0, 0, 100.0)": [3066.276021395827, 3101.6103096778434, 3246.17636352704, 3779.7979287985845, 3386.909855709587, 2511.4514832784844, 2499.196346753581, 3216.0927740888437, 2986.82856450535], "(0, 1, 100.0)": [4445.547140437605, 3217.7687301183723, 3578.3879199956355, 3585.760510308153, 3974.2801094918022, 4577.772977066328, 4424.7709764557085, 4394.353902668308, 3337.0384954549204], "(0, 0, 200.0)": [295.0651992257917, 608.7342007980874, 391.34309850873683, 241.45423943693453, 384.3196913262024, 135.0426449802309, 602.7572572045979, 490.5364251916878, 197.9059218620421], "(0, 1, 200.0)": [557.93243135354, 538.9116372987236, 459.9994845015527, 227.79911682345684, 278.4225161169836, 318.129829076101, 263.55473385551386, 77.04718495919566, 191.12747136358462], "(3, 0, 0.0)": [255.82253369861976, 495.64384237047113, 156.90620635117384, 283.00218845147907, 253.98589666763718, 316.8457121487172, 354.09113548890457, 196.9550961949727, 211.8877598811953], "(3, 1, 200.0)": [372.1075239668208, 344.3479785550122, 417.0546452636584, 311.2508528736168, 228.4083895323991, 497.68597426206793, 288.003608372774, 303.75908931585224, 68.77926255632265], "(4, 0, 0.0)": [37.873256689209384, 142.97262126939614, 8.265192836421136, 2.128888888888889, 0.7777777777777779, 1.2311111111111113, 66.33959909903702, 28.17254470437044, 7.097777777777776], "(5, 0, 100.0)": [3.5711549385408805, 0.1111111111111111, 0.1111111111111111, 1.0783029985559862, 0.1111111111111111, 0.6368565302722016, 0.1111111111111111, 0.0, 0.0], "(5, 0, 0.0)": [0.5644444444444444, 0.0, 0.0, 0.9590273160599947, 0.0, 0.0, 0.0, 0.0, 0.0], "(0, 0, 0.0)": [10.01099691424432, 65.08356485258165, 163.109619262493, 51.78538671116446, 175.6826441257536, 8.228727095805445, 205.45973256418935, 122.41194580981907, 119.79522441656829], "(2, 1, 200.0)": [272.7068558476485, 142.3296530655352, 265.23377974575726, 367.8864167405506, 139.8492841269925, 188.17582835243564, 227.0922761004935, 276.0139684054592, 454.81877748084764], "(2, 0, 0.0)": [42.74676330609796, 222.9456178490021, 460.50851989159844, 209.1030226728617, 313.0878712251625, 303.50904286327807, 207.4589558759851, 91.75955541207438, 301.3598221923191], "(1, 1, 200.0)": [306.6011713256407, 159.46215420917508, 328.04578711335057, 224.26476057781613, 308.8952025725638, 127.7054370830389, 476.3833843203555, 261.2614403318302, 307.0933118800312], "(1, 0, 0.0)": [245.49883053477515, 102.94862294007292, 111.54402865507349, 196.59851663569006, 69.23818578307922, 101.78422719119591, 225.7821424833378, 210.93403815146084, 213.1600920029215], "(0, 1, 0.0)": [525.2059002256647, 317.9501739545242, 590.1782819853785, 258.5042481009748, 624.1387211655867, 265.07554963907336, 171.6889532701325, 344.0524391324495, 592.6569625704764], "(4, 0, 200.0)": [1.9701898636055355, 32.40216524761611, 103.48425332758053, 74.64904913529375, 49.799735827061156, 98.232672903679, 79.41253115315544, 23.75871874830084, 83.69779411007413], "(4, 1, 200.0)": [15.308194292526759, 77.71227457052909, 49.07892984779287, 5.901901007503458, 5.547189240948541, 0.5555555555555556, 27.89303097760242, 29.772612450595776, 1.2222222222222225], "(4, 1, 0.0)": [53.02100927618982, 99.24574316888511, 5.076323330793569, 84.89614283736984, 104.77312191744598, 36.94082191927397, 94.61379657419523, 132.76438925858992, 68.54558862938235], "(5, 1, 100.0)": [9.294759964319564, 0.0, 0.6717470654909317, 10.739820846977391, 0.0, 0.2222222222222222, 7.765213239097949, 0.0, 0.6717470654909317], "(5, 0, 200.0)": [0.6847458816974908, 0.0, 0.0, 1.7957255714105582, 0.0, 0.0, 3.5677820773374904, 0.0, 0.0], "(5, 1, 200.0)": [1.8721941467664875, 0.0, 0.0, 0.0, 0.0, 0.0, 0.0, 0.0, 0.1111111111111111]}, "state_action_visits": {"(3, 1, 0.0)": 9146, "(3, 0, 100.0)": 58105, "(3, 0, 200.0)": 5940, "(3, 1, 100.0)": 86090, "(4, 1, 100.0)": 12322, "(4, 0, 100.0)": 8306, "(2, 1, 0.0)": 7763, "(2, 0, 100.0)": 53662, "(2, 0, 200.0)": 5620, "(2, 1, 100.0)": 67219, "(1, 1, 0.0)": 6573, "(1, 0, 100.0)": 46644, "(1, 0, 200.0)": 5300, "(1, 1, 100.0)": 54429, "(0, 0, 100.0)": 38357, "(0, 1, 100.0)": 47502, "(0, 0, 200.0)": 4617, "(0, 1, 200.0)": 4017, "(3, 0, 0.0)": 3426, "(3, 1, 200.0)": 3970, "(4, 0, 0.0)": 401, "(5, 0, 100.0)": 11, "(5, 0, 0.0)": 2, "(0, 0, 0.0)": 1128, "(2, 1, 200.0)": 3188, "(2, 0, 0.0)": 2859, "(1, 1, 200.0)": 3346, "(1, 0, 0.0)": 1854, "(0, 1, 0.0)": 4785, "(4, 0, 200.0)": 738, "(4, 1, 200.0)": 357, "(4, 1, 0.0)": 1062, "(5, 1, 100.0)": 36, "(5, 0, 200.0)": 7, "(5, 1, 200.0)": 3}}, "meta": {"recent_avg_return": -69.11399999999469, "epsilon": 0.030772901725368142,