{"timestamp": 1764104888, "iso": "2025-11-25T21:08:08Z", "episode": 136, "games_in_episode": 1, "stats": {"total_messages": 3725, "total_updates": 3713, "total_reward": -37.175000000001894, "action_counts": [324, 357, 461, 635, 238, 443, 304, 122, 841], "state_visits": {"(3, 1, 100.0)": 721, "(3, 0, 100.0)": 307, "(4, 1, 100.0)": 100, "(3, 0, 0.0)": 97, "(2, 1, 100.0)": 547, "(2, 0, 100.0)": 321, "(2, 0, 0.0)": 100, "(1, 0, 100.0)": 303, "(1, 1, 100.0)": 308, "(1, 0, 0.0)": 1, "(1, 1, 0.0)": 196, "(2, 1, 0.0)": 1, "(0, 0, 100.0)": 291, "(0, 1, 100.0)": 356, "(0, 1, 0.0)": 64}, "state_action_prob_sums": {"(3, 1, 0.0)": [689.8002278080537, 734.7372729810289, 683.6629990144914, 578.9003167571235, 494.0273316539452, 863.5748170229181, 697.8549263728172, 615.2566765615585, 1094.1824866566371], "(3, 0, 100.0)": [4466.618113980608, 4957.206623780545, 4719.940823786287, 4801.450807506917, 4099.245337603317, 4882.456820364137, 4287.820835808015, 4729.241541903531, 4751.416816330557], "(3, 0, 200.0)": [572.822953856222, 424.61061174894564, 497.99736087797805, 204.88528660947253, 446.0253987315097, 779.5892095295375, 380.5156369612512, 456.61094661483736, 411.9843025030655], "(3, 1, 100.0)": [5962.275312815489, 6858.058029265049, 5855.648185144964, 8044.2533445810295, 8145.866226371418, 6282.248966941712, 7463.2444234789045, 6979.559147649281, 7162.815173752023], "(4, 1, 100.0)": [1082.4219286210098, 1295.780568761621, 933.0108470151495, 711.3969132042805, 815.3632234576487, 1794.4158078244225, 635.6425088481002, 1104.1920970066922, 764.2189962615284], "(4, 0, 100.0)": [660.1521899109615, 515.3814882902499, 950.403336277935, 783.6387642069102, 559.5462271659404, 408.63932051118, 766.0450709312014, 444.8438533628539, 870.706719432278], "(2, 1, 0.0)": [300.78484006456125, 695.4737335781792, 662.6751060062948, 475.6297857971149, 864.3025415014586, 586.1754988084632, 822.4728829939947, 462.4368701942152, 577.5086339272333], "(2, 0, 100.0)": [4423.956951160742, 4174.684067960005, 4392.383491956051, 4511.04209270218, 3543.1780062819894, 4183.966392671803, 4154.531913179629, 4832.8735818158, 4205.886810948484], "(2, 0, 200.0)": [583.4365136593757, 444.197450455902, 314.3388278586808, 370.2590969577234, 506.6100716041946, 495.929788633099, 383.10955490465716, 462.89301871495525, 494.1468577627635], "(2, 1, 100.0)": [5247.949255751867, 5096.853205679654, 6516.667960907116, 6635.2246550493865, 4945.199632633088, 5252.622172711242, 5024.256289251833, 4765.8856561915645, 4998.132383345599], "(1, 1, 0.0)": [549.6551580329749, 463.301196580403, 382.7164038545123, 645.3811539966379, 439.04662775451385, 474.1517296653358, 292.5528947469911, 401.1796332449855, 969.4663934831923], "(1, 0, 100.0)": [4069.1223027527485, 3652.3977724045503, 3578.067136353898, 3220.4258626407845, 4267.437861023722, 4422.003399301444, 3596.7344083397657, 4074.776744079176, 2642.9744094978973], "(1, 0, 200.0)": [352.65655706128047, 410.3569621026825, 354.313718243306, 280.62131955099863, 290.8761159712269, 280.1532720102065, 752.8024875684508, 532.3344972987811, 442.6178248688822], "(1, 1, 100.0)": [4463.727016622268, 4066.905860560319, 3957.3229590741926, 3918.9383600018346, 4027.1428845865453, 4527.8092380062135, 4415.780327042172, 4965.833185677749, 4702.199991899414], "(0, 0, 100.0)": [3057.1990221043534, 3101.3880874556207, 3010.9036750215632, 3549.179793145638, 3284.706654932455, 2413.159476996634, 2478.5722372957, 3214.036370358577, 2976.553837133432], "(0, 1, 100.0)": [4333.71026948791, 3198.62178356973, 3531.310590441113, 3270.3476027831093, 3779.4408588812807, 4410.267268188055, 4221.049014061692, 4391.743059859646, 3165.788525898886], "(0, 0, 200.0)": [285.35001482785896, 608.7342007980874, 382.5943058697601, 241.45423943693453, 382.3766544466159, 135.0426449802309, 599.842701885218, 486.64695643053807, 197.9059218620421], "(0, 1, 200.0)": [552.1033207147804, 538.9116372987236, 432.68585707623, 227.79911682345684, 277.45099767719034, 318.129829076101, 263.55473385551386, 76.93607384808455, 191.12747136358462], "(3, 0, 0.0)": [187.5184534153291, 495.53273125936005, 156.79509524006272, 283.00218845147907, 214.01546065018184, 254.55742089083677, 283.0879548897513, 164.8577679789171, 200.22953860367605], "(3, 1, 200.0)": [370.16334782482596, 297.5766400360252, 417.0546452636584, 285.0044749566866, 228.4083895323991, 497.46375203984576, 285.0856694440417, 253.19830812359487, 68.55704033410042], "(4, 0, 0.0)": [37.873256689209384, 142.97262126939614, 8.265192836421136, 2.128888888888889, 0.7777777777777779, 1.2311111111111113, 66.33959909903702, 28.17254470437044, 7.097777777777776], "(5, 0, 100.0)": [3.5711549385408805, 0.1111111111111111, 0.1111111111111111, 1.0783029985559862, 0.1111111111111111, 0.6368565302722016, 0.1111111111111111, 0.0, 0.0], "(5, 0, 0.0)": [0.5644444444444444, 0.0, 0.0, 0.9590273160599947, 0.0, 0.0, 0.0, 0.0, 0.0], "(0, 0, 0.0)": [10.01099691424432, 23.148662429640208, 163.109619262493, 51.78538671116446, 118.29651186068438, 8.228727095805445, 198.65120839714726, 122.41194580981907, 119.68411330545717], "(2, 1, 200.0)": [272.7068558476485, 142.3296530655352, 261.3454274617676, 315.3936609066902, 139.7381730158814, 158.04109815151665, 227.0922761004935, 275.9028572943481, 454.70766636973656], "(2, 0, 0.0)": [24.266483424126424, 222.834506737891, 458.56322727244356, 148.7989514790603, 312.9767601140514, 270.32795722653395, 207.12562254265177, 91.64844430096326, 226.35494524374496], "(1, 1, 200.0)": [306.6011713256407, 158.4900661381777, 328.04578711335057, 224.26476057781613, 308.8952025725638, 127.7054370830389, 456.9416229004072, 261.2614403318302, 307.0933118800312], "(1, 0, 0.0)": [102.5198230268908, 102.94862294007292, 111.54402865507349, 196.59851663569006, 69.23818578307922, 101.6731160800848, 225.67103137222668, 210.93403815146084, 161.60983759531706], "(0, 1, 0.0)": [498.7526801290242, 283.9470285617597, 425.5241158226604, 189.30421665343033, 624.1387211655867, 212.5526489218915, 171.6889532701325, 343.9413280213384, 576.1411490939907], "(4, 0, 200.0)": [1.9701898636055355, 32.40216524761611, 103.48425332758053, 74.64904913529375, 49.799735827061156, 98.232672903679, 79.41253115315544, 23.75871874830084, 83.69779411007413], "(4, 1, 200.0)": [15.308194292526759, 77.71227457052909, 49.07892984779287, 5.901901007503458, 5.547189240948541, 0.5555555555555556, 27.89303097760242, 29.772612450595776, 1.2222222222222225], "(4, 1, 0.0)": [53.02100927618982, 99.24574316888511, 5.076323330793569, 84.89614283736984, 104.77312191744598, 36.94082191927397, 94.61379657419523, 132.76438925858992, 68.54558862938235], "(5, 1, 100.0)": [9.294759964319564, 0.0, 0.6717470654909317, 9.767732775979994, 0.0, 0.2222222222222222, 7.765213239097949, 0.0, 0.6717470654909317], "(5, 0, 200.0)": [0.6847458816974908, 0.0, 0.0, 1.7957255714105582, 0.0, 0.0, 3.5677820773374904, 0.0, 0.0], "(5, 1, 200.0)": [1.8721941467664875, 0.0, 0.0, 0.0, 0.0, 0.0, 0.0, 0.0, 0.1111111111111111]}, "state_action_visits": {"(3, 1, 0.0)": 8786, "(3, 0, 100.0)": 56883, "(3, 0, 200.0)": 5850, "(3, 1, 100.0)": 84405, "(4, 1, 100.0)": 12121, "(4, 0, 100.0)": 8085, "(2, 1, 0.0)": 7395, "(2, 0, 100.0)": 52851, "(2, 0, 200.0)": 5555, "(2, 1, 100.0)": 65384, "(1, 1, 0.0)": 6154, "(1, 0, 100.0)": 45941, "(1, 0, 200.0)": 5273, "(1, 1, 100.0)": 52806, "(0, 0, 100.0)": 37613, "(0, 1, 100.0)": 46203, "(0, 0, 200.0)": 4589, "(0, 1, 200.0)": 3980, "(3, 0, 0.0)": 3127, "(3, 1, 200.0)": 3833, "(4, 0, 0.0)": 401, "(5, 0, 100.0)": 11, "(5, 0, 0.0)": 2, "(0, 0, 0.0)": 1017, "(2, 1, 200.0)": 3096, "(2, 0, 0.0)": 2657, "(1, 1, 200.0)": 3325, "(1, 0, 0.0)": 1652, "(0, 1, 0.0)": 4404, "(4, 0, 200.0)": 738, "(4, 1, 200.0)": 357, "(4, 1, 0.0)": 1062, "(5, 1, 100.0)": 35, "(5, 0, 200.0)": 7, "(5, 1, 200.0)": 3}}, "meta": {"recent_avg_return": -69.02399999999452, "epsilon": 0.03269566860467167,