{"timestamp": 1764101307, "iso": "2025-11-25T20:08:27Z", "episode": 26, "games_in_episode": 1, "stats": {"total_messages": 4671, "total_updates": 4659, "total_reward": -244.02499999998878, "action_counts": [574, 598, 519, 580, 449, 451, 366, 574, 560], "state_visits": {"(3, 0, 100.0)": 330, "(3, 1, 100.0)": 867, "(3, 0, 200.0)": 108, "(4, 0, 100.0)": 27, "(4, 1, 100.0)": 118, "(3, 1, 200.0)": 28, "(2, 1, 100.0)": 906, "(2, 0, 100.0)": 92, "(2, 1, 200.0)": 137, "(2, 0, 200.0)": 16, "(1, 1, 100.0)": 1034, "(1, 1, 200.0)": 167, "(0, 1, 100.0)": 670, "(0, 1, 200.0)": 159}, "state_action_prob_sums": {"(3, 1, 0.0)": [48.49753909483376, 94.27473149416932, 112.67690933684696, 80.60822052907236, 57.186240730446734, 84.21398607161012, 50.74902557389243, 79.81791723154372, 154.6096193208697], "(3, 0, 100.0)": [593.6124415626803, 484.48717617676243, 581.7934088853737, 641.2583172938799, 445.60576533606616, 640.1006823732007, 655.3550287800063, 624.5943317825745, 653.9503117091974], "(3, 0, 200.0)": [38.723876740028174, 41.61251987062608, 76.57409111956918, 52.47974385223171, 106.20786122037137, 78.91403017165995, 81.11846374642478, 75.9650430855599, 66.81091239524852], "(3, 1, 100.0)": [731.6630590881146, 885.6370325194928, 670.7340912497838, 752.0927172149047, 714.7212553196023, 696.9120082130488, 645.4983044662987, 582.4058413056657, 660.3695739176491], "(4, 1, 100.0)": [48.86243580428019, 62.089551942815, 86.33736106928417, 62.68309193401448, 127.07693340100252, 105.20848233571094, 57.97418293508545, 96.75902182582549, 110.40114988799458], "(4, 0, 100.0)": [71.28415216343625, 76.15346791533918, 38.0127546043332, 59.39302651377117, 92.18688510324185, 82.54821411407926, 72.78215041820202, 82.74987711373038, 97.67415215964144], "(2, 1, 0.0)": [63.93327612745947, 67.7086838718207, 91.97366317289546, 41.871559887799215, 78.42721665609271, 107.20098194546486, 120.68992580530801, 81.47115514127532, 97.23453521484487], "(2, 0, 100.0)": [613.1306431750046, 463.28834258840743, 409.29152478681624, 497.5712030269306, 456.8468132856814, 643.5115914253937, 556.7780720006916, 695.212659471732, 579.7531635921969], "(2, 0, 200.0)": [58.527620671705826, 60.768130947413944, 53.75066181386982, 42.10003871410141, 36.09517793189516, 41.71940768938658, 74.67514546097782, 95.5509408458721, 71.36209113808552], "(2, 1, 100.0)": [536.7491313513425, 513.8443768319428, 688.0809789586092, 642.9286271386659, 519.8272268524237, 533.9725061869229, 675.4470557290014, 724.6869638361653, 498.2402418177335], "(1, 1, 0.0)": [69.21547268570589, 25.08815669878378, 45.26438195282229, 97.29982232023607, 46.04346294501599, 44.59931060674181, 42.41398772522858, 71.71850070732135, 81.95580218067616], "(1, 0, 100.0)": [545.8355905806445, 432.5693671333244, 453.9327987847875, 349.61516764479586, 389.82468445144787, 502.33517852413013, 504.47178921470083, 471.81267576159047, 410.05007699233926], "(1, 0, 200.0)": [74.967101629922, 122.85998719890713, 50.15244646883486, 41.84057995135637, 38.81945822211931, 66.82166049067688, 119.60761153680492, 56.10210187976568, 98.45064991426266], "(1, 1, 100.0)": [553.9794793583513, 533.5674096518485, 471.3810025902181, 423.0423143017214, 480.97396902067237, 624.4599553250056, 514.0786166263675, 558.2368490125684, 421.0139916803224], "(0, 0, 100.0)": [445.06919657200643, 426.550630786977, 360.73564456224256, 351.4126285240727, 360.45067228356237, 303.7197503265928, 363.49922918841304, 496.724701243367, 350.4394167624575], "(0, 1, 100.0)": [476.65833902396156, 382.3579996678141, 446.7034666927548, 557.7562659082931, 349.67988200084324, 546.4017484935033, 489.95179964904264, 390.38788568356813, 360.934224306455], "(0, 0, 200.0)": [40.955493121652005, 18.063760990898956, 31.104650201867997, 37.083612011965435, 25.968997863324486, 15.017065730228888, 141.30242140295042, 78.85242352463635, 45.70047519880936], "(0, 1, 200.0)": [18.09196420165832, 122.41882651583043, 65.70646488071374, 40.93830182335763, 73.2987658071111, 35.05105388687037, 30.330500800207076, 19.970918554923937, 82.19619346143718], "(3, 0, 0.0)": [21.975792142222208, 65.4086791190643, 14.51592158611366, 17.280918709638566, 17.434034124048093, 47.04763400469714, 28.838826199402018, 37.185303667112024, 44.415877577396095], "(3, 1, 200.0)": [34.91611776320406, 20.028518109358224, 29.218925217229884, 75.97075571903052, 60.67022449845171, 48.056385102238615, 34.75863083913655, 86.35059611936849, 26.156291096437922], "(4, 0, 0.0)": [1.3333333333333337, 48.95573007422036, 0.3333333333333333, 2.128888888888889, 0.5555555555555556, 1.2311111111111113, 0.7777777777777779, 0.8977777777777778, 6.875555555555555], "(5, 0, 100.0)": [0.0, 0.0, 0.1111111111111111, 0.1111111111111111, 0.0, 0.6368565302722016, 0.1111111111111111, 0.0, 0.0], "(5, 0, 0.0)": [0.5644444444444444, 0.0, 0.0, 0.0, 0.0, 0.0, 0.0, 0.0, 0.0], "(0, 0, 0.0)": [2.3848241716555143, 15.179514620749682, 1.747967641383313, 5.911329045238743, 7.67208849966088, 6.895393762472116, 3.3252038988665844, 1.0000000000000002, 2.799458479705494], "(2, 1, 200.0)": [23.27390116073978, 22.268386435959027, 32.36009503452878, 25.11422887875543, 35.415315486117215, 11.584447675653813, 12.832032933089716, 33.8290239619383, 123.69261552945126], "(2, 0, 0.0)": [21.266483424126434, 29.501794824190814, 20.507332082493225, 21.776021782132997, 7.490175786666661, 6.677894968888884, 7.464065119836462, 30.218837378040202, 33.038293610149466], "(1, 1, 200.0)": [48.201281527144, 18.564663401225413, 22.46544525531263, 15.767208323368587, 42.59735587624917, 38.81439636290686, 22.47043522498117, 26.332168542775094, 46.53248340218131], "(1, 0, 0.0)": [12.806167210477481, 30.174423003971484, 5.626666666666663, 0.5555555555555556, 21.521432076055348, 8.04021793412763, 4.993713060544403, 3.5999999999999996, 5.019064675555553], "(0, 1, 0.0)": [69.42497670389264, 24.780660262444478, 64.65283563033215, 12.240993217830118, 80.23404193246401, 11.820278855004274, 18.753572800482846, 26.135553063480693, 13.683581087535938], "(4, 0, 200.0)": [1.3035231969388685, 9.617796178976937, 0.8888888888888891, 1.0000000000000002, 1.0000000000000002, 4.2910613571997684, 18.15658991500088, 23.425385414967508, 5.73223621580545], "(4, 1, 200.0)": [0.6666666666666667, 42.65169481925846, 1.0000000000000002, 3.748000552368126, 0.7777777777777779, 0.2222222222222222, 16.53459226524457, 3.959721037229512, 0.7777777777777779], "(4, 1, 0.0)": [5.608906292536909, 5.700655652977773, 3.4250231676801444, 1.3333333333333337, 14.439027894969753, 34.051933030385, 2.0000000000000004, 49.52014436273034, 21.634368056336147], "(5, 1, 100.0)": [0.6717470654909317, 0.0, 0.6717470654909317, 0.1111111111111111, 0.0, 0.0, 0.0, 0.0, 0.6717470654909317], "(5, 0, 200.0)": [0.6847458816974908, 0.0, 0.0, 0.0, 0.0, 0.0, 0.0, 0.0, 0.0]}, "state_action_visits": {"(3, 1, 0.0)": 1799, "(3, 0, 100.0)": 11972, "(3, 0, 200.0)": 1372, "(3, 1, 100.0)": 14191, "(4, 1, 100.0)": 1763, "(4, 0, 100.0)": 1578, "(2, 1, 0.0)": 1656, "(2, 0, 100.0)": 11104, "(2, 0, 200.0)": 1263, "(2, 1, 100.0)": 11972, "(1, 1, 0.0)": 1121, "(1, 0, 100.0)": 9291, "(1, 0, 200.0)": 1489, "(1, 1, 100.0)": 10206, "(0, 0, 100.0)": 7926, "(0, 1, 100.0)": 8994, "(0, 0, 200.0)": 1001, "(0, 1, 200.0)": 1031, "(3, 0, 0.0)": 702, "(3, 1, 200.0)": 967, "(4, 0, 0.0)": 137, "(5, 0, 100.0)": 4, "(5, 0, 0.0)": 1, "(0, 0, 0.0)": 138, "(2, 1, 200.0)": 691, "(2, 0, 0.0)": 453, "(1, 1, 200.0)": 622, "(1, 0, 0.0)": 232, "(0, 1, 0.0)": 694, "(4, 0, 200.0)": 155, "(4, 1, 200.0)": 162, "(4, 1, 0.0)": 326, "(5, 1, 100.0)": 4, "(5, 0, 200.0)": 1}}, "meta": {"recent_avg_return": -120.03699999999634, "epsilon": 0.30173236488944827, "q_summary": {"(3, 1, 0.0)": [12.931079679718305, 12.9846244785033, 12.874705895700021, 12.800942633186054, 12.513786508397708, 12.910236260743375, 12.118630660318264, 12.844210942306102, 12.252827477399245],