{"timestamp": 1764101104, "iso": "2025-11-25T20:05:04Z", "episode": 20, "games_in_episode": 1, "stats": {"total_messages": 4434, "total_updates": 4422, "total_reward": -258.4499999999942, "action_counts": [520, 481, 451, 461, 516, 624, 496, 482, 403], "state_visits": {"(3, 1, 100.0)": 456, "(3, 0, 100.0)": 543, "(3, 1, 0.0)": 1, "(3, 0, 200.0)": 116, "(4, 1, 0.0)": 88, "(4, 1, 100.0)": 107, "(2, 1, 100.0)": 437, "(2, 0, 100.0)": 507, "(2, 0, 200.0)": 157, "(1, 1, 100.0)": 234, "(1, 0, 100.0)": 548, "(1, 0, 200.0)": 174, "(1, 1, 200.0)": 54, "(0, 0, 100.0)": 601, "(0, 0, 200.0)": 55, "(0, 1, 100.0)": 255, "(0, 1, 200.0)": 89}, "state_action_prob_sums": {"(3, 1, 0.0)": [45.73413526912136, 43.28826200062671, 73.77392703089886, 67.92737297223675, 38.263220144024594, 77.62533490446339, 46.80904417231742, 74.93267009614527, 99.94485501003598], "(3, 0, 100.0)": [411.02221152332214, 275.9787426423477, 459.776178783868, 468.229580122493, 312.70883380639884, 454.4344537167574, 507.03440683062865, 432.61195914479424, 510.9755442304291], "(3, 0, 200.0)": [28.72013307662675, 29.302284735818738, 49.82581856709709, 44.58216384997869, 88.6417137090547, 47.24167144789589, 37.39791001453102, 63.906181059383805, 52.194185789035224], "(3, 1, 100.0)": [529.5507323836206, 660.6451409799779, 444.02560644544525, 530.4466995493774, 469.73868329792197, 474.54100320539715, 527.1696412066567, 406.9171790710505, 422.83906179882445], "(4, 1, 100.0)": [45.44483322176313, 23.548537319186718, 50.109472348151115, 33.69612697397668, 125.52137784544692, 100.26216605956573, 44.568044972430755, 88.94839058918141, 58.523888450470785], "(4, 0, 100.0)": [62.126372996851416, 62.13145485252178, 22.758522824529617, 56.50539269833349, 43.14182083749307, 51.13111049797291, 52.19140061516894, 53.60773448049351, 79.17571407459545], "(2, 1, 0.0)": [17.755536118936476, 58.992373787767285, 20.526166462445342, 21.211055811315898, 19.814230053983223, 103.70246962642128, 109.5539472954782, 54.21168266189812, 16.064337127620536], "(2, 0, 100.0)": [473.9149571980413, 374.8311334161729, 334.3310474853344, 355.7027290621619, 291.8521530430214, 473.12420576295347, 412.63624201685855, 431.1312046242339, 357.74368039715745], "(2, 0, 200.0)": [50.132951427584494, 25.02206961894257, 40.45610345201545, 41.10003871410138, 24.963580024580285, 23.64218006126971, 55.90850427163933, 75.0026369343704, 50.834044669049426], "(2, 1, 100.0)": [399.1742626197455, 343.6873042971641, 473.2494235758708, 459.8445183598097, 359.65550298709326, 393.6458336498171, 483.30246107711895, 537.6485661828925, 352.92505634271384], "(1, 1, 0.0)": [30.304230685596153, 17.23965170946858, 31.804527470370292, 63.14068306336971, 18.40044483102477, 21.278528007920766, 33.90007114269788, 39.3502158176249, 21.159201900704815], "(1, 0, 100.0)": [451.09422980377497, 319.21094390600456, 369.8861571884679, 300.3513385281175, 320.12884759957075, 336.3806858740433, 387.9676096789205, 350.3324760163207, 362.4499628562041], "(1, 0, 200.0)": [32.49783156984312, 44.72234390944641, 31.674465491878127, 35.55036847421922, 37.04168044434148, 60.49725324308246, 77.95021445346121, 44.167016814171454, 79.97639306227263], "(1, 1, 100.0)": [395.8234318222547, 372.9954218454088, 294.4506099545979, 250.10913402352023, 339.08723942070816, 434.2356056798205, 374.43492146994464, 364.90742161479, 284.3348678619557], "(0, 0, 100.0)": [366.57342234824733, 338.39479184213326, 263.4604228913999, 265.2241553430248, 270.175856287971, 256.2629233153987, 298.63024312626965, 392.4655933608853, 292.49101752021005], "(0, 1, 100.0)": [312.1407392657006, 222.2695947478038, 329.54529341153335, 354.098837917663, 272.8786368148307, 346.12273007362217, 308.3553532351605, 327.9397846948645, 261.35588509764614], "(0, 0, 200.0)": [40.28882645498532, 17.730427657565624, 24.062483774920928, 19.00820524381025, 17.813110378004616, 14.572621285784445, 121.9323582459342, 72.65707346044238, 44.6521066192865], "(0, 1, 200.0)": [8.440696334008978, 39.483482032538284, 27.444741376291955, 30.84504288372443, 64.069302570122, 27.50739977896675, 6.356120792199084, 10.974736452323047, 11.645180270634755], "(3, 0, 0.0)": [21.642458808888875, 58.14721554605804, 13.960366030558106, 16.16980759852746, 16.98958967960365, 30.15737889789383, 22.070175650363048, 34.37353126187679, 19.660234762508132], "(3, 1, 200.0)": [28.95158029042179, 16.567683152041038, 28.66336966167433, 61.13783694271557, 60.003557831785024, 47.61194065779416, 28.64042928294096, 53.74295624479543, 13.38422701596978], "(4, 0, 0.0)": [0.7777777777777779, 0.1111111111111111, 0.1111111111111111, 1.5733333333333333, 0.2222222222222222, 0.8977777777777778, 0.2222222222222222, 0.7866666666666666, 6.542222222222223], "(5, 0, 100.0)": [0.0, 0.0, 0.1111111111111111, 0.1111111111111111, 0.0, 0.6368565302722016, 0.1111111111111111, 0.0, 0.0], "(5, 0, 0.0)": [0.5644444444444444, 0.0, 0.0, 0.0, 0.0, 0.0, 0.0, 0.0, 0.0], "(0, 0, 0.0)": [2.3848241716555143, 15.179514620749682, 1.747967641383313, 5.911329045238743, 7.67208849966088, 6.895393762472116, 3.3252038988665844, 1.0000000000000002, 2.799458479705494], "(2, 1, 200.0)": [22.607234494073115, 14.728229679420778, 19.586272992858195, 9.458380652283864, 18.361843834968134, 10.297098666666658, 11.456146627454158, 33.38457951749384, 97.23610339938155], "(2, 0, 0.0)": [21.155372313015324, 25.95569662934635, 20.285109860271003, 21.776021782132997, 7.490175786666661, 6.677894968888884, 3.666666666666668, 30.10772626692909, 29.492195415305005], "(1, 1, 200.0)": [32.89874579184532, 16.035949707597272, 12.906146036355624, 6.939702557843198, 16.940358642999357, 38.369951918462405, 8.787745136582194, 25.109946320552876, 25.509284965003644], "(1, 0, 0.0)": [12.806167210477481, 30.174423003971484, 5.626666666666663, 0.5555555555555556, 21.521432076055348, 8.04021793412763, 4.993713060544403, 3.5999999999999996, 5.019064675555553], "(0, 1, 0.0)": [42.35434639319952, 22.12836754784323, 44.72858589607139, 11.19262463830727, 32.77358317788815, 7.800658179612253, 13.276032744447273, 8.93461247830727, 8.886182634366143], "(4, 0, 200.0)": [0.970189863605535, 9.395573956754715, 0.5555555555555556, 0.7777777777777779, 0.8888888888888891, 4.068839134977547, 17.934367692778657, 0.8888888888888891, 5.62112510469434], "(4, 1, 200.0)": [0.6666666666666667, 42.42947259703623, 0.7777777777777779, 3.0216807019277163, 0.4444444444444444, 0.2222222222222222, 0.5555555555555556, 3.848609926118401, 0.4444444444444444], "(4, 1, 0.0)": [5.608906292536909, 5.700655652977773, 3.4250231676801444, 1.3333333333333337, 14.439027894969753, 34.051933030385, 2.0000000000000004, 49.52014436273034, 21.634368056336147], "(5, 1, 100.0)": [0.6717470654909317, 0.0, 0.6717470654909317, 0.1111111111111111, 0.0, 0.0, 0.0, 0.0, 0.6717470654909317], "(5, 0, 200.0)": [0.6847458816974908, 0.0, 0.0, 0.0, 0.0, 0.0, 0.0, 0.0, 0.0]}, "state_action_visits": {"(3, 1, 0.0)": 1424, "(3, 0, 100.0)": 9185, "(3, 0, 200.0)": 1054, "(3, 1, 100.0)": 10640, "(4, 1, 100.0)": 1418, "(4, 0, 100.0)": 1210, "(2, 1, 0.0)": 1019, "(2, 0, 100.0)": 8415, "(2, 0, 200.0)": 966, "(2, 1, 100.0)": 9083, "(1, 1, 0.0)": 649, "(1, 0, 100.0)": 7615, "(1, 0, 200.0)": 1065, "(1, 1, 100.0)": 7424, "(0, 0, 100.0)": 6571, "(0, 1, 100.0)": 6606, "(0, 0, 200.0)": 881, "(0, 1, 200.0)": 545, "(3, 0, 0.0)": 583, "(3, 1, 200.0)": 816, "(4, 0, 0.0)": 40, "(5, 0, 100.0)": 4, "(5, 0, 0.0)": 1, "(0, 0, 0.0)": 138, "(2, 1, 200.0)": 544, "(2, 0, 0.0)": 432, "(1, 1, 200.0)": 440, "(1, 0, 0.0)": 232, "(0, 1, 0.0)": 448, "(4, 0, 200.0)": 106, "(4, 1, 200.0)": 128, "(4, 1, 0.0)": 326, "(5, 1, 100.0)": 4, "(5, 0, 200.0)": 1}}, "meta": {"recent_avg_return": -112.64868421052184, "epsilon": 0.34061631211994603, "q_summary": {"(3, 1, 0.0)": [13.59097780896678, 14.07488757789595, 22.18109191899375, 13.709754571614427, 13.50934349628642, 13.638353213190094, 14.420466493182808, 9.516407613918627, 14.392582443444873],