{"timestamp": 1764102731, "iso": "2025-11-25T20:32:11Z", "episode": 70, "games_in_episode": 1, "stats": {"total_messages": 4013, "total_updates": 4001, "total_reward": -68.47500000000007, "action_counts": [407, 372, 433, 527, 556, 284, 313, 743, 378], "state_visits": {"(3, 1, 100.0)": 350, "(3, 0, 100.0)": 577, "(3, 1, 0.0)": 237, "(3, 0, 200.0)": 25, "(4, 1, 100.0)": 91, "(3, 1, 200.0)": 3, "(2, 0, 100.0)": 431, "(2, 1, 100.0)": 394, "(2, 1, 0.0)": 160, "(2, 0, 200.0)": 23, "(2, 1, 200.0)": 14, "(1, 1, 100.0)": 428, "(1, 0, 100.0)": 404, "(1, 1, 0.0)": 102, "(1, 1, 200.0)": 4, "(0, 1, 0.0)": 59, "(0, 0, 100.0)": 245, "(0, 1, 100.0)": 334, "(0, 0, 200.0)": 120}, "state_action_prob_sums": {"(3, 1, 0.0)": [326.21499132238654, 250.8225005376463, 298.2859829480188, 327.37924718499966, 200.43399107262866, 252.40587364896706, 238.08010959678762, 228.4504042307628, 382.3807907468592], "(3, 0, 100.0)": [1864.2713249826395, 1727.1005712452577, 2387.3240605681267, 2120.9103180458396, 1573.0904040436978, 2035.3535283425026, 1557.752720628292, 1994.7635508391318, 1821.1594310216558], "(3, 0, 200.0)": [257.3885994893751, 167.0981913884384, 229.53180294151238, 181.43287677736743, 257.7297034878821, 221.97406643992787, 251.1985179325886, 233.43195951818603, 167.67376438810587], "(3, 1, 100.0)": [2816.6107508941323, 2953.8911150445115, 2649.621764429555, 3156.4500026847318, 3547.548512612102, 2756.805257418396, 2784.6529609372137, 2380.6420093623433, 2728.847557252408], "(4, 1, 100.0)": [492.57872304514075, 352.2427085477974, 249.88877272066313, 350.72492008956164, 425.2541492760845, 556.3339655536271, 397.7185705332476, 612.1451192982876, 259.0255692818163], "(4, 0, 100.0)": [262.459631944576, 147.17370132108098, 152.4227039084716, 162.8758827778053, 310.6889352963799, 260.9852363248896, 346.8108347485509, 289.2034861490824, 347.6513840006939], "(2, 1, 0.0)": [176.10733947514086, 253.4551318790088, 249.75482363307344, 107.63111416760312, 347.9388643569906, 251.12205874559191, 236.7102961836474, 284.33034663877424, 219.40524151961486], "(2, 0, 100.0)": [2034.3483288439927, 1812.874188031012, 1892.5203377775179, 1970.6729810809284, 1545.2026747202665, 1837.3404620146289, 1595.7045119533652, 2041.1680441618664, 1519.9293793885552], "(2, 0, 200.0)": [277.84268912635906, 193.9395590384564, 153.32086342881504, 166.1899214670653, 181.2525161668801, 97.89877027860058, 206.14530912566062, 290.0840882245071, 167.5781834507208], "(2, 1, 100.0)": [1893.3178130411104, 2355.8803996549223, 2082.702261473137, 2693.4368809379926, 2139.33366496779, 2106.5231280351763, 2138.518990204257, 2144.811242322754, 2002.0993817927176], "(1, 1, 0.0)": [252.06874890307873, 205.75674155112225, 156.67716713000164, 357.52839478753606, 137.72684959321995, 153.75901763973042, 89.00342145979405, 144.7914303837892, 319.23647680755494], "(1, 0, 100.0)": [1791.0286902882406, 1490.3685935867197, 1482.4901588493792, 1301.4015784281644, 1432.7398407828632, 1783.386479023791, 1519.0979206147808, 1756.865059783303, 1410.0113103926938], "(1, 0, 200.0)": [182.89441867570858, 210.45843842583042, 118.31727394592826, 128.4217455673004, 125.8546917075891, 210.26852836978134, 515.8845352468902, 406.20093306618253, 178.94909186031745], "(1, 1, 100.0)": [1724.8862616050646, 1798.7183365132973, 1642.1128303456608, 1419.0961692038227, 1796.5351069096896, 1651.5989748954692, 1822.3199333566874, 1856.8007150712865, 1933.3099182519215], "(0, 0, 100.0)": [1112.9985613871065, 1451.4069071268602, 1228.7707904816552, 1396.4480143385172, 1697.1655928205978, 1355.746149883655, 1473.4407799649, 1373.5741217712198, 1042.4152265885523], "(0, 1, 100.0)": [1637.6655538952057, 1155.1899918592164, 1476.3829965751293, 1460.0260000774863, 1404.1770916545752, 1525.3182567803217, 1539.644780929505, 1397.2942967269312, 1400.6359396124512], "(0, 0, 200.0)": [167.66029893546397, 228.8285010787, 101.70815206899715, 112.72848457839464, 118.9616076228801, 115.80540542523211, 430.2046353677239, 307.8551894450027, 158.071059570805], "(0, 1, 200.0)": [198.65402743087648, 123.7521598491638, 285.5962634866587, 96.05732922614268, 114.28933102901584, 43.25321859278775, 64.0943051699502, 55.46560320206919, 177.53985039516712], "(3, 0, 0.0)": [87.46697174310603, 190.0727027561747, 59.87611931648468, 43.22134185871132, 64.72232352395471, 83.01526678446822, 56.74285646053235, 74.53117073279192, 104.06366057142527], "(3, 1, 200.0)": [112.14582007095132, 138.87153148865383, 214.84803114584756, 137.45834147822256, 102.77820810544696, 187.9125500987368, 121.51605987837853, 168.98460397498818, 46.90156492842698], "(4, 0, 0.0)": [1.3333333333333337, 48.95573007422036, 0.3333333333333333, 2.128888888888889, 0.5555555555555556, 1.2311111111111113, 0.7777777777777779, 0.8977777777777778, 6.875555555555555], "(5, 0, 100.0)": [0.8172889504428911, 0.0, 0.1111111111111111, 0.1111111111111111, 0.1111111111111111, 0.6368565302722016, 0.1111111111111111, 0.0, 0.0], "(5, 0, 0.0)": [0.5644444444444444, 0.0, 0.0, 0.0, 0.0, 0.0, 0.0, 0.0, 0.0], "(0, 0, 0.0)": [2.4959352827666255, 21.53747152521874, 1.8590787524944241, 14.882287085121913, 7.894310721883102, 7.117615984694337, 3.4363150099776956, 1.1111111111111114, 2.799458479705494], "(2, 1, 200.0)": [76.40218287081298, 76.10607924391627, 82.0476032461585, 118.36510515825545, 40.00121197557, 67.53935085127571, 116.55926549893243, 75.59561244927738, 253.7874116699435], "(2, 0, 0.0)": [22.933150090793095, 76.15674529710999, 55.96506570417145, 63.39059014911742, 46.324125411143086, 35.84236624857245, 54.7878071043726, 41.90143107054597, 112.00234434166192], "(1, 1, 200.0)": [145.98364556101697, 75.63048984401819, 132.5176433505081, 119.96248613179964, 108.86046493303, 59.74885199870182, 49.457694000617636, 76.47259318537245, 205.88695393346677], "(1, 0, 0.0)": [22.110458583693983, 30.95220078174926, 6.629744613058628, 32.175173613429386, 22.188098742722012, 12.722274332754123, 5.5492686160999565, 91.62210517313571, 42.24251712308041], "(0, 1, 0.0)": [239.83717131595623, 91.07997564227715, 187.33745768650303, 61.373677208293735, 112.62381966995663, 86.07524594148697, 104.22234350241882, 61.175418249931504, 174.60255227640872], "(4, 0, 200.0)": [1.7479676413833132, 10.17335173453249, 36.438128189025434, 4.380266912882676, 29.963677198950897, 4.624394690533101, 18.26770102611199, 23.53649652607862, 40.57819213469125], "(4, 1, 200.0)": [2.265387615878478, 43.096139263702916, 39.77433847145163, 3.9702227745903484, 5.547189240948541, 0.5555555555555556, 27.89303097760242, 24.832305757201897, 1.2222222222222225], "(4, 1, 0.0)": [52.111099457632925, 7.478433430755545, 4.965212219682458, 33.71897077596133, 91.58994001320495, 36.718599697051744, 84.27145523673602, 67.05315638859432, 60.24528915125916], "(5, 1, 100.0)": [9.294759964319564, 0.0, 0.6717470654909317, 0.1111111111111111, 0.0, 0.1111111111111111, 0.0, 0.0, 0.6717470654909317], "(5, 0, 200.0)": [0.6847458816974908, 0.0, 0.0, 0.8755312722325858, 0.0, 0.0, 0.0, 0.0, 0.0], "(5, 1, 200.0)": [0.0, 0.0, 0.0, 0.0, 0.0, 0.0, 0.0, 0.0, 0.1111111111111111]}, "state_action_visits": {"(3, 1, 0.0)": 4316, "(3, 0, 100.0)": 29036, "(3, 0, 200.0)": 3325, "(3, 1, 100.0)": 42692, "(4, 1, 100.0)": 5957, "(4, 0, 100.0)": 3902, "(2, 1, 0.0)": 3640, "(2, 0, 100.0)": 27721, "(2, 0, 200.0)": 2941, "(2, 1, 100.0)": 32770, "(1, 1, 0.0)": 2956, "(1, 0, 100.0)": 23850, "(1, 0, 200.0)": 3436, "(1, 1, 100.0)": 26438, "(0, 0, 100.0)": 20739, "(0, 1, 100.0)": 22029, "(0, 0, 200.0)": 2811, "(0, 1, 200.0)": 2008, "(3, 0, 0.0)": 1441, "(3, 1, 200.0)": 2146, "(4, 0, 0.0)": 137, "(5, 0, 100.0)": 6, "(5, 0, 0.0)": 1, "(0, 0, 0.0)": 169, "(2, 1, 200.0)": 1555, "(2, 0, 0.0)": 969, "(1, 1, 200.0)": 1589, "(1, 0, 0.0)": 494, "(0, 1, 0.0)": 1880, "(4, 0, 200.0)": 302, "(4, 1, 200.0)": 287, "(4, 1, 0.0)": 790, "(5, 1, 100.0)": 15, "(5, 0, 200.0)": 2, "(5, 1, 200.0)": 1}}, "meta": {"recent_avg_return": -123.9029999999953, "epsilon": 0.12404213341717427,