{"timestamp": 1764104616, "iso": "2025-11-25T21:03:36Z", "episode": 128, "games_in_episode": 1, "stats": {"total_messages": 3431, "total_updates": 3419, "total_reward": -206.52499999999054, "action_counts": [246, 140, 432, 222, 315, 412, 298, 729, 637], "state_visits": {"(3, 1, 100.0)": 850, "(3, 0, 200.0)": 12, "(3, 1, 0.0)": 1, "(3, 1, 200.0)": 38, "(3, 0, 100.0)": 143, "(4, 0, 100.0)": 8, "(4, 0, 200.0)": 4, "(4, 1, 100.0)": 68, "(4, 1, 200.0)": 19, "(2, 1, 100.0)": 784, "(2, 0, 100.0)": 19, "(2, 0, 200.0)": 38, "(2, 1, 200.0)": 104, "(1, 1, 100.0)": 676, "(1, 0, 100.0)": 90, "(1, 1, 200.0)": 9, "(1, 0, 200.0)": 11, "(0, 1, 100.0)": 467, "(0, 0, 200.0)": 5, "(0, 0, 100.0)": 11, "(0, 1, 200.0)": 62}, "state_action_prob_sums": {"(3, 1, 0.0)": [681.083808009735, 673.4689183483915, 683.107443458936, 578.9003167571235, 493.80510943172305, 797.6325757948357, 694.9457098480489, 530.7782862321656, 1043.7098389330238], "(3, 0, 100.0)": [4246.055077710586, 4289.865626636638, 4172.444067105389, 4326.035134588705, 3481.2193396886028, 4408.895952240559, 4149.345361036725, 4119.541133535684, 4590.938585706348], "(3, 0, 200.0)": [490.50780230688713, 424.49950063783456, 486.25436207577854, 201.75203219297734, 445.9142876203986, 600.0992278270486, 380.1823036279179, 456.2776132815041, 411.4287469475101], "(3, 1, 100.0)": [5903.011179478124, 6360.149752585087, 5641.218669076381, 6811.937683542283, 7476.162342983871, 6063.636422011102, 6862.602306781777, 6665.884506835747, 6473.380265270595], "(4, 1, 100.0)": [968.0710636802929, 1157.0239243479568, 932.8997359040384, 711.2858020931694, 790.5342383155302, 1702.9391320869424, 605.421577228523, 1104.1920970066922, 764.2189962615284], "(4, 0, 100.0)": [511.76435635144554, 463.7310306358705, 920.2134121353913, 635.8582788000233, 553.7266083730536, 351.3922805754393, 751.267687737614, 424.3106015042895, 870.4844972100558], "(2, 1, 0.0)": [300.5626178423391, 506.43573634189545, 662.6751060062948, 460.11396433168375, 864.1914303903475, 585.0934505138896, 822.2506607717726, 462.3257590831041, 577.5086339272333], "(2, 0, 100.0)": [3966.5519909029385, 4121.575014728144, 4067.75747001947, 4221.728702999116, 2943.720165274131, 3935.398495887251, 3951.459281363535, 4286.01095097781, 3517.707194287057], "(2, 0, 200.0)": [448.70122264765985, 444.08633934479093, 226.2215574512222, 289.91698259164934, 446.18452170756393, 412.21388795772174, 380.5085044631009, 459.76532322662683, 419.495370849909], "(2, 1, 100.0)": [4638.818905735583, 4543.636024640839, 5811.508708899024, 6412.255423104394, 4717.17585521108, 4918.244758605113, 4964.173634586496, 4547.115747618769, 4098.672779539484], "(1, 1, 0.0)": [549.3218246996416, 422.5721652336462, 382.38307052117904, 614.200053014726, 439.04662775451385, 386.7673831537086, 292.21956141365786, 387.49217835162216, 862.496204806254], "(1, 0, 100.0)": [3209.107248448592, 3031.993460910727, 3242.196026884812, 3133.9274527931084, 4109.442111979899, 4202.855967451159, 3214.138258530137, 3490.8828715274044, 2568.948796980771], "(1, 0, 200.0)": [334.2912936062244, 410.2458509915714, 346.465072032636, 167.76695821474587, 267.5212187312659, 271.2146299896656, 746.7771140215594, 448.24705422969566, 408.5087950288999], "(1, 1, 100.0)": [4217.348755599465, 3872.6301452315383, 3738.409611640158, 3655.9247771730115, 3320.537019389612, 4083.2129553241166, 4197.741709879952, 4674.158204500162, 4382.319375646803], "(0, 0, 100.0)": [2695.655825733232, 3079.0134849937003, 2493.558264209654, 3128.010992716799, 3062.041355171582, 2237.598617609364, 2300.923354250831, 3212.925259247464, 2660.870071524814], "(0, 1, 100.0)": [3810.6793665553073, 3131.881906135533, 3376.45024538121, 3084.84343367002, 3745.5724039877655, 3450.1083578957728, 3804.607486624157, 4134.843373455769, 2994.221493856503], "(0, 0, 200.0)": [270.69100542340146, 550.6317496393337, 271.1515699608659, 195.80546751072296, 320.80900704679283, 133.85390042388124, 528.8391937493525, 483.3029449837114, 195.85412262141568], "(0, 1, 200.0)": [552.1033207147804, 538.9116372987236, 425.9064194553154, 227.79911682345684, 197.03403142650373, 318.0187179649899, 240.31031754843843, 75.85584147004542, 191.12747136358462], "(3, 0, 0.0)": [164.2301958611454, 391.43683773038333, 128.3217840287574, 283.00218845147907, 214.01546065018184, 254.33519866861454, 282.9768437786402, 164.8577679789171, 151.50570888001047], "(3, 1, 200.0)": [320.79364034626667, 297.5766400360252, 417.0546452636584, 285.0044749566866, 228.29727842128798, 497.46375203984576, 285.0856694440417, 249.31693186456425, 68.4459292229893], "(4, 0, 0.0)": [37.873256689209384, 142.97262126939614, 8.265192836421136, 2.128888888888889, 0.7777777777777779, 1.2311111111111113, 66.33959909903702, 28.17254470437044, 7.097777777777776], "(5, 0, 100.0)": [3.5711549385408805, 0.1111111111111111, 0.1111111111111111, 0.1111111111111111, 0.1111111111111111, 0.6368565302722016, 0.1111111111111111, 0.0, 0.0], "(5, 0, 0.0)": [0.5644444444444444, 0.0, 0.0, 0.9590273160599947, 0.0, 0.0, 0.0, 0.0, 0.0], "(0, 0, 0.0)": [9.899885803133209, 23.148662429640208, 157.17644376283596, 51.78538671116446, 8.672088499660877, 8.228727095805445, 198.65120839714726, 122.30083469870796, 119.68411330545717], "(2, 1, 200.0)": [272.7068558476485, 142.2185419544241, 180.12896313425674, 309.5945269019256, 139.62706190477027, 158.04109815151665, 227.0922761004935, 275.9028572943481, 454.5965552586255], "(2, 0, 0.0)": [24.266483424126424, 222.50117340455765, 372.0405227497023, 140.06778049403556, 247.9637077752869, 250.8081854641548, 187.62841769949122, 59.43054669616073, 226.35494524374496], "(1, 1, 200.0)": [306.3789491034185, 158.4900661381777, 328.04578711335057, 224.26476057781613, 308.7840914614527, 127.7054370830389, 365.8533808431146, 261.15032922071913, 307.0933118800312], "(1, 0, 0.0)": [96.70327950878823, 92.28828900386478, 111.54402865507349, 196.48740552457895, 69.23818578307922, 20.801225371864984, 146.0919763730173, 197.23811013374257, 161.49872648420595], "(0, 1, 0.0)": [498.6415690179131, 215.9974287656867, 425.30189360043823, 189.0819944312081, 623.9164989433646, 212.5526489218915, 166.84334693549235, 342.00308548748234, 421.76788254868825], "(4, 0, 200.0)": [1.9701898636055355, 32.40216524761611, 95.72150080951918, 63.864153311848284, 49.68862471595004, 96.29198477416367, 72.62012269985176, 23.75871874830084, 83.69779411007413], "(4, 1, 200.0)": [15.308194292526759, 77.71227457052909, 49.07892984779287, 5.901901007503458, 5.547189240948541, 0.5555555555555556, 27.89303097760242, 29.772612450595776, 1.2222222222222225], "(4, 1, 0.0)": [53.02100927618982, 99.24574316888511, 5.076323330793569, 84.89614283736984, 104.77312191744598, 36.94082191927397, 94.61379657419523, 132.76438925858992, 68.54558862938235], "(5, 1, 100.0)": [9.294759964319564, 0.0, 0.6717470654909317, 8.797388711222327, 0.0, 0.2222222222222222, 6.796091972169932, 0.0, 0.6717470654909317], "(5, 0, 200.0)": [0.6847458816974908, 0.0, 0.0, 1.7957255714105582, 0.0, 0.0, 3.5677820773374904, 0.0, 0.0], "(5, 1, 200.0)": [1.8721941467664875, 0.0, 0.0, 0.0, 0.0, 0.0, 0.0, 0.0, 0.1111111111111111]}, "state_action_visits": {"(3, 1, 0.0)": 8493, "(3, 0, 100.0)": 52717, "(3, 0, 200.0)": 5546, "(3, 1, 100.0)": 79626, "(4, 1, 100.0)": 11694, "(4, 0, 100.0)": 7577, "(2, 1, 0.0)": 7176, "(2, 0, 100.0)": 49232, "(2, 0, 200.0)": 4991, "(2, 1, 100.0)": 61315, "(1, 1, 0.0)": 5853, "(1, 0, 100.0)": 42402, "(1, 0, 200.0)": 4957, "(1, 1, 100.0)": 49735, "(0, 0, 100.0)": 35258, "(0, 1, 100.0)": 43240, "(0, 0, 200.0)": 4192, "(0, 1, 200.0)": 3863, "(3, 0, 0.0)": 2907, "(3, 1, 200.0)": 3776, "(4, 0, 0.0)": 401, "(5, 0, 100.0)": 10, "(5, 0, 0.0)": 2, "(0, 0, 0.0)": 895, "(2, 1, 200.0)": 3003, "(2, 0, 0.0)": 2411, "(1, 1, 200.0)": 3226, "(1, 0, 0.0)": 1449, "(0, 1, 0.0)": 4159, "(4, 0, 200.0)": 708, "(4, 1, 200.0)": 357, "(4, 1, 0.0)": 1062, "(5, 1, 100.0)": 33, "(5, 0, 200.0)": 7, "(5, 1, 200.0)": 3}}, "meta": {"recent_avg_return": -63.28149999999596, "epsilon": 0.03843099398637601,