{"timestamp": 1764101275, "iso": "2025-11-25T20:07:55Z", "episode": 25, "games_in_episode": 1, "stats": {"total_messages": 3721, "total_updates": 3709, "total_reward": -170.77499999998884, "action_counts": [441, 410, 463, 361, 335, 368, 426, 535, 382], "state_visits": {"(3, 1, 100.0)": 543, "(3, 0, 200.0)": 38, "(3, 1, 200.0)": 95, "(3, 0, 100.0)": 488, "(4, 1, 200.0)": 34, "(4, 1, 100.0)": 66, "(2, 0, 100.0)": 547, "(2, 1, 100.0)": 297, "(2, 0, 200.0)": 59, "(1, 0, 100.0)": 562, "(1, 1, 100.0)": 202, "(1, 0, 200.0)": 44, "(0, 0, 100.0)": 532, "(0, 1, 100.0)": 192, "(0, 0, 200.0)": 10}, "state_action_prob_sums": {"(3, 1, 0.0)": [48.49753909483376, 94.27473149416932, 112.67690933684696, 80.60822052907236, 57.186240730446734, 84.21398607161012, 50.74902557389243, 79.81791723154372, 154.6096193208697], "(3, 0, 100.0)": [551.4097859482899, 428.6026671693943, 543.6941649825856, 633.4499539907738, 444.16132089162204, 635.7750484393763, 645.1290628943832, 596.119513885508, 652.4407404779882], "(3, 0, 200.0)": [29.720133076626748, 30.302284735818734, 72.07221928786842, 48.487443251740366, 97.20411755696986, 78.5806968383266, 70.76224428727117, 75.1872653077821, 53.19418578903525], "(3, 1, 100.0)": [587.2698271403635, 839.3501076559193, 632.4317675871926, 692.0779546340074, 697.9934176022791, 639.3608325390144, 630.8547359981592, 508.1536697762351, 646.7911322362744], "(4, 1, 100.0)": [46.33372211065205, 61.53399638725943, 66.97739794672906, 61.90531415623668, 126.63248895655806, 100.70661050401019, 52.00872419652154, 96.64791071471437, 76.29420658569622], "(4, 0, 100.0)": [71.06192994121402, 76.15346791533918, 34.97446967949569, 59.281915402660054, 92.07577399213073, 81.59419843842542, 72.5599281959798, 82.74987711373038, 88.16083726503055], "(2, 1, 0.0)": [63.93327612745947, 67.7086838718207, 91.97366317289546, 41.871559887799215, 78.42721665609271, 107.20098194546486, 120.68992580530801, 81.47115514127532, 97.23453521484487], "(2, 0, 100.0)": [613.1306431750046, 461.0929622281127, 408.958191453483, 497.34898080470845, 448.3526408534897, 643.0671469809494, 556.5558497784695, 673.8795382111051, 556.8453443135958], "(2, 0, 200.0)": [58.527620671705826, 60.65701983630283, 51.444170342463906, 42.10003871410141, 36.09517793189516, 41.608296578275464, 74.67514546097782, 89.58548210730814, 71.2509800269744], "(2, 1, 100.0)": [532.8411000000355, 449.4388535304559, 634.1887705517327, 573.2894385520469, 447.41795988753546, 481.4327735757984, 616.673657832745, 650.768125640068, 443.61623995742536], "(1, 1, 0.0)": [69.21547268570589, 25.08815669878378, 45.26438195282229, 97.29982232023607, 46.04346294501599, 44.59931060674181, 42.41398772522858, 71.71850070732135, 81.95580218067616], "(1, 0, 100.0)": [545.8355905806445, 432.5693671333244, 453.9327987847875, 349.61516764479586, 389.82468445144787, 502.33517852413013, 504.47178921470083, 471.81267576159047, 410.05007699233926], "(1, 0, 200.0)": [74.967101629922, 122.85998719890713, 50.15244646883486, 41.84057995135637, 38.81945822211931, 66.82166049067688, 119.60761153680492, 56.10210187976568, 98.45064991426266], "(1, 1, 100.0)": [510.7959662063802, 491.78235661997553, 405.06744793742376, 350.345698327846, 407.7409399536606, 529.2731226550464, 481.98311638698124, 454.3144792257763, 376.9875739638087], "(0, 0, 100.0)": [445.06919657200643, 426.550630786977, 360.73564456224256, 351.4126285240727, 360.45067228356237, 303.7197503265928, 363.49922918841304, 496.724701243367, 350.4394167624575], "(0, 1, 100.0)": [423.2297175239484, 270.1445372086335, 398.26714579323254, 461.79935486006434, 342.95578794692096, 529.0532284338597, 475.86378673645856, 378.36499955774866, 345.29835523782367], "(0, 0, 200.0)": [40.955493121652005, 18.063760990898956, 31.104650201867997, 37.083612011965435, 25.968997863324486, 15.017065730228888, 141.30242140295042, 78.85242352463635, 45.70047519880936], "(0, 1, 200.0)": [10.21847411178675, 114.65644753706991, 65.26202043626928, 40.604968490024284, 71.27962334469231, 34.384387220203685, 22.05855059023722, 18.68356954593678, 16.73324277269124], "(3, 0, 0.0)": [21.975792142222208, 65.4086791190643, 14.51592158611366, 17.280918709638566, 17.434034124048093, 47.04763400469714, 28.838826199402018, 37.185303667112024, 44.415877577396095], "(3, 1, 200.0)": [34.80500665209295, 19.917406998247113, 29.107814106118774, 71.46888388732977, 60.44800227622948, 47.9452739911275, 34.647519728025436, 86.12837389714626, 17.374769655258685], "(4, 0, 0.0)": [1.3333333333333337, 48.95573007422036, 0.3333333333333333, 2.128888888888889, 0.5555555555555556, 1.2311111111111113, 0.7777777777777779, 0.8977777777777778, 6.875555555555555], "(5, 0, 100.0)": [0.0, 0.0, 0.1111111111111111, 0.1111111111111111, 0.0, 0.6368565302722016, 0.1111111111111111, 0.0, 0.0], "(5, 0, 0.0)": [0.5644444444444444, 0.0, 0.0, 0.0, 0.0, 0.0, 0.0, 0.0, 0.0], "(0, 0, 0.0)": [2.3848241716555143, 15.179514620749682, 1.747967641383313, 5.911329045238743, 7.67208849966088, 6.895393762472116, 3.3252038988665844, 1.0000000000000002, 2.799458479705494], "(2, 1, 200.0)": [22.607234494073115, 14.839340790531889, 19.586272992858195, 11.099042152443872, 18.361843834968134, 10.408209777777769, 12.165366266423051, 33.495690628604954, 98.65454267731933], "(2, 0, 0.0)": [21.266483424126434, 29.501794824190814, 20.507332082493225, 21.776021782132997, 7.490175786666661, 6.677894968888884, 7.464065119836462, 30.218837378040202, 33.038293610149466], "(1, 1, 200.0)": [33.12096801406755, 16.035949707597272, 13.128368258577845, 7.050813668954309, 20.597567948954932, 38.369951918462405, 10.20618441451998, 25.109946320552876, 26.329615715083648], "(1, 0, 0.0)": [12.806167210477481, 30.174423003971484, 5.626666666666663, 0.5555555555555556, 21.521432076055348, 8.04021793412763, 4.993713060544403, 3.5999999999999996, 5.019064675555553], "(0, 1, 0.0)": [69.42497670389264, 24.780660262444478, 64.65283563033215, 12.240993217830118, 80.23404193246401, 11.820278855004274, 18.753572800482846, 26.135553063480693, 13.683581087535938], "(4, 0, 200.0)": [1.3035231969388685, 9.617796178976937, 0.8888888888888891, 1.0000000000000002, 1.0000000000000002, 4.2910613571997684, 18.15658991500088, 23.425385414967508, 5.73223621580545], "(4, 1, 200.0)": [0.6666666666666667, 42.65169481925846, 1.0000000000000002, 3.748000552368126, 0.7777777777777779, 0.2222222222222222, 16.53459226524457, 3.959721037229512, 0.7777777777777779], "(4, 1, 0.0)": [5.608906292536909, 5.700655652977773, 3.4250231676801444, 1.3333333333333337, 14.439027894969753, 34.051933030385, 2.0000000000000004, 49.52014436273034, 21.634368056336147], "(5, 1, 100.0)": [0.6717470654909317, 0.0, 0.6717470654909317, 0.1111111111111111, 0.0, 0.0, 0.0, 0.0, 0.6717470654909317], "(5, 0, 200.0)": [0.6847458816974908, 0.0, 0.0, 0.0, 0.0, 0.0, 0.0, 0.0, 0.0]}, "state_action_visits": {"(3, 1, 0.0)": 1799, "(3, 0, 100.0)": 11642, "(3, 0, 200.0)": 1264, "(3, 1, 100.0)": 13323, "(4, 1, 100.0)": 1645, "(4, 0, 100.0)": 1551, "(2, 1, 0.0)": 1656, "(2, 0, 100.0)": 11012, "(2, 0, 200.0)": 1247, "(2, 1, 100.0)": 11066, "(1, 1, 0.0)": 1121, "(1, 0, 100.0)": 9291, "(1, 0, 200.0)": 1489, "(1, 1, 100.0)": 9171, "(0, 0, 100.0)": 7926, "(0, 1, 100.0)": 8315, "(0, 0, 200.0)": 1001, "(0, 1, 200.0)": 871, "(3, 0, 0.0)": 702, "(3, 1, 200.0)": 939, "(4, 0, 0.0)": 137, "(5, 0, 100.0)": 4, "(5, 0, 0.0)": 1, "(0, 0, 0.0)": 138, "(2, 1, 200.0)": 554, "(2, 0, 0.0)": 453, "(1, 1, 200.0)": 455, "(1, 0, 0.0)": 232, "(0, 1, 0.0)": 694, "(4, 0, 200.0)": 155, "(4, 1, 200.0)": 162, "(4, 1, 0.0)": 326, "(5, 1, 100.0)": 4, "(5, 0, 200.0)": 1}}, "meta": {"recent_avg_return": -117.92291666666331, "epsilon": 0.3078901682545391, "q_summary": {"(3, 1, 0.0)": [12.931079679718305, 12.9846244785033, 12.874705895700021, 12.800942633186054, 12.513786508397708, 12.910236260743375, 12.118630660318264, 12.844210942306102, 12.252827477399245],