{"timestamp": 1764102179, "iso": "2025-11-25T20:22:59Z", "episode": 52, "games_in_episode": 1, "stats": {"total_messages": 3833, "total_updates": 3821, "total_reward": -249.47499999998314, "action_counts": [548, 384, 475, 338, 568, 514, 225, 347, 434], "state_visits": {"(3, 0, 100.0)": 402, "(3, 1, 100.0)": 489, "(3, 0, 200.0)": 104, "(3, 1, 0.0)": 58, "(4, 0, 100.0)": 100, "(2, 0, 100.0)": 218, "(2, 1, 100.0)": 484, "(2, 0, 200.0)": 207, "(1, 0, 200.0)": 59, "(1, 1, 100.0)": 524, "(1, 0, 100.0)": 259, "(1, 1, 200.0)": 86, "(0, 0, 100.0)": 262, "(0, 1, 200.0)": 65, "(0, 1, 100.0)": 504}, "state_action_prob_sums": {"(3, 1, 0.0)": [260.9437326609536, 186.647875919543, 225.88165012401402, 211.62137045244486, 101.58589403924813, 154.21506661570405, 221.6563144425323, 201.20746288656397, 263.46569943370605], "(3, 0, 100.0)": [1380.0216316229796, 1013.8225972914983, 1655.7853620548524, 1564.0479404729163, 1052.5610617596992, 1330.1759136346523, 1297.9205848315664, 1461.7283747538204, 1111.5697407817247], "(3, 0, 200.0)": [202.19267732426786, 140.21789182561957, 144.33419724000188, 94.40034479506502, 165.68631837453577, 144.75076795740512, 121.74277688087726, 83.62104915705456, 134.16448938451353], "(3, 1, 100.0)": [1878.5161443139373, 1971.1327788620993, 1650.6224925481417, 1868.995956748299, 2384.331955526779, 1832.1230435568564, 1888.0541780477513, 1669.3125994835575, 1890.0373267378404], "(4, 1, 100.0)": [171.65871554627574, 204.34593147059906, 161.44963183890232, 111.78951817495073, 343.55433994801444, 322.51143771436654, 221.15534157675157, 431.48531670118354, 191.40448456890692], "(4, 0, 100.0)": [199.01645626041304, 135.5192819444037, 118.03001360138381, 144.68606053529788, 186.59503067004897, 199.4605051260439, 200.37951177193335, 240.6155463932294, 200.79560819721965], "(2, 1, 0.0)": [100.59058543268382, 173.82093988268196, 195.49472160773544, 53.822301551081885, 236.70000675187495, 187.93024997513996, 182.59808220536627, 206.20796205869595, 176.67309181038297], "(2, 0, 100.0)": [1381.6307410741201, 1327.0462761481044, 968.5531271510359, 1385.6797082953037, 1157.0553935293508, 1272.436076595084, 1168.6355348166217, 1586.584934215527, 1185.3211426504818], "(2, 0, 200.0)": [206.06069384454185, 93.85111336493402, 104.74698207421599, 108.23851373840441, 56.508598246382626, 75.36778418457672, 78.00569002277554, 210.36705017935182, 136.86351966994502], "(2, 1, 100.0)": [1442.4195031639058, 1336.6384652333752, 1818.7252616212738, 1627.116683603944, 1298.7560288444572, 1590.2450292803112, 1470.0753227120665, 1334.9384549620402, 1351.5732515351624], "(1, 1, 0.0)": [204.88599358294985, 54.43364487154661, 117.6472388229273, 147.1562225287412, 122.71546762898951, 95.6415932516297, 66.30471802171598, 85.59911426513386, 241.17513588937797], "(1, 0, 100.0)": [1307.1162225545027, 993.3983345992491, 917.6467567791657, 1012.6804175691374, 854.6025791611488, 1224.518315285705, 1214.2221467220045, 1157.7629842393733, 1145.9280713729172], "(1, 0, 200.0)": [93.74641783174299, 156.17195507808276, 69.09973995511032, 69.35394671001752, 103.71146744626995, 128.65736638648607, 258.1357561115447, 202.0667592807461, 100.45064991426271], "(1, 1, 100.0)": [1178.5936075266052, 1441.9126306614046, 1458.0594803372533, 823.6805533152641, 1053.6989469488308, 1070.8593480521654, 1365.0457414272205, 1246.310235466311, 1366.4361184718098], "(0, 0, 100.0)": [912.8940199187113, 870.6390515443875, 821.1875558673617, 1016.3847707802662, 1301.0234489301076, 774.3765035323228, 907.33999173356, 1034.025955983746, 907.5120426286635], "(0, 1, 100.0)": [1135.0317948660393, 826.2385595794574, 1024.1982203441764, 961.6681270683454, 972.4147400851434, 875.596200727125, 1241.3867921136189, 1092.1002325906782, 850.5580650370972], "(0, 0, 200.0)": [48.83322692439824, 72.95340980714084, 47.66272035110802, 107.89506512929006, 47.89672444892238, 32.43294421940355, 229.17595945796094, 108.35068173962829, 94.20582139262304], "(0, 1, 200.0)": [109.69495317627752, 123.52993762694157, 201.60256608364918, 88.42022160185411, 113.62266436234916, 39.54547332309544, 50.67963620696685, 47.132689393931685, 98.71157013509702], "(3, 0, 0.0)": [54.91535432132856, 164.8710298114845, 46.65041930127081, 21.213269965826388, 45.14685239052991, 67.32220454398936, 36.19678310387107, 72.60155344158726, 93.59706793530843], "(3, 1, 200.0)": [47.682176470400066, 102.76243430008132, 103.36316296045304, 103.60278849987522, 77.51461815206888, 96.4520643452064, 108.13441714198227, 167.98460397498815, 43.18498051696071], "(4, 0, 0.0)": [1.3333333333333337, 48.95573007422036, 0.3333333333333333, 2.128888888888889, 0.5555555555555556, 1.2311111111111113, 0.7777777777777779, 0.8977777777777778, 6.875555555555555], "(5, 0, 100.0)": [0.8172889504428911, 0.0, 0.1111111111111111, 0.1111111111111111, 0.1111111111111111, 0.6368565302722016, 0.1111111111111111, 0.0, 0.0], "(5, 0, 0.0)": [0.5644444444444444, 0.0, 0.0, 0.0, 0.0, 0.0, 0.0, 0.0, 0.0], "(0, 0, 0.0)": [2.4959352827666255, 21.53747152521874, 1.8590787524944241, 14.882287085121913, 7.894310721883102, 7.117615984694337, 3.4363150099776956, 1.1111111111111114, 2.799458479705494], "(2, 1, 200.0)": [69.55831159270105, 50.166771220023776, 78.58024102089348, 28.240261653683678, 38.264658015365775, 57.616148507080226, 72.59964480956963, 45.22106132566277, 156.10940427702928], "(2, 0, 0.0)": [22.488705646348652, 75.71230085266554, 54.14655952407789, 63.16836792689519, 20.602088265295226, 31.462767465005218, 54.56558488215037, 41.45698662610151, 45.142745256869446], "(1, 1, 200.0)": [89.38814463999475, 56.13135738364357, 92.03495169413497, 31.459033340270036, 79.39660242501262, 56.61482310677014, 23.025990780536723, 67.15437353474873, 136.72897994954906], "(1, 0, 0.0)": [21.999347472582873, 30.841089670638148, 6.629744613058628, 12.429019209020112, 21.74365429827757, 12.500052110531902, 5.5492686160999565, 70.91114212312425, 5.463509119999996], "(0, 1, 0.0)": [131.18200610806537, 48.7127468300587, 117.96538920547648, 60.040343874960364, 111.95715300328995, 85.29746816370917, 58.00058162098305, 31.14732083016867, 74.95549732366007], "(4, 0, 200.0)": [1.636856530272202, 9.951129512310269, 11.990324303297982, 4.380266912882676, 29.852566087839786, 4.51328357942199, 18.26770102611199, 23.53649652607862, 8.406325289356346], "(4, 1, 200.0)": [2.154276504767367, 43.096139263702916, 22.072801279035513, 3.9702227745903484, 5.547189240948541, 0.5555555555555556, 27.89303097760242, 24.832305757201897, 1.2222222222222225], "(4, 1, 0.0)": [52.111099457632925, 7.478433430755545, 4.965212219682458, 33.71897077596133, 91.58994001320495, 36.718599697051744, 84.27145523673602, 67.05315638859432, 60.24528915125916], "(5, 1, 100.0)": [0.6717470654909317, 0.0, 0.6717470654909317, 0.1111111111111111, 0.0, 0.0, 0.0, 0.0, 0.6717470654909317], "(5, 0, 200.0)": [0.6847458816974908, 0.0, 0.0, 0.0, 0.0, 0.0, 0.0, 0.0, 0.0], "(5, 1, 200.0)": [0.0, 0.0, 0.0, 0.0, 0.0, 0.0, 0.0, 0.0, 0.1111111111111111]}, "state_action_visits": {"(3, 1, 0.0)": 3434, "(3, 0, 100.0)": 22206, "(3, 0, 200.0)": 2350, "(3, 1, 100.0)": 31111, "(4, 1, 100.0)": 3943, "(4, 0, 100.0)": 3035, "(2, 1, 0.0)": 2843, "(2, 0, 100.0)": 21387, "(2, 0, 200.0)": 2070, "(2, 1, 100.0)": 24430, "(1, 1, 0.0)": 2065, "(1, 0, 100.0)": 18381, "(1, 0, 200.0)": 2271, "(1, 1, 100.0)": 20241, "(0, 0, 100.0)": 15957, "(0, 1, 100.0)": 16749, "(0, 0, 200.0)": 1574, "(0, 1, 200.0)": 1646, "(3, 0, 0.0)": 1225, "(3, 1, 200.0)": 1646, "(4, 0, 0.0)": 137, "(5, 0, 100.0)": 6, "(5, 0, 0.0)": 1, "(0, 0, 0.0)": 169, "(2, 1, 200.0)": 1139, "(2, 0, 0.0)": 835, "(1, 1, 200.0)": 1136, "(1, 0, 0.0)": 391, "(0, 1, 0.0)": 1342, "(4, 0, 200.0)": 230, "(4, 1, 200.0)": 266, "(4, 1, 0.0)": 790, "(5, 1, 100.0)": 4, "(5, 0, 200.0)": 1, "(5, 1, 200.0)": 1}}, "meta": {"recent_avg_return": -99.75699999999651, "epsilon": 0.17844314324268717,