{"timestamp": 1764102027, "iso": "2025-11-25T20:20:27Z", "episode": 47, "games_in_episode": 1, "stats": {"total_messages": 3839, "total_updates": 3827, "total_reward": -117.82499999999055, "action_counts": [440, 442, 377, 586, 439, 464, 302, 421, 368], "state_visits": {"(3, 0, 200.0)": 67, "(3, 1, 100.0)": 724, "(3, 0, 100.0)": 363, "(3, 1, 200.0)": 4, "(4, 1, 100.0)": 182, "(2, 0, 100.0)": 426, "(2, 1, 100.0)": 451, "(2, 0, 200.0)": 53, "(1, 0, 100.0)": 292, "(1, 1, 100.0)": 497, "(1, 0, 200.0)": 90, "(1, 1, 200.0)": 7, "(1, 1, 0.0)": 1, "(0, 0, 100.0)": 259, "(0, 1, 100.0)": 367, "(0, 0, 200.0)": 41, "(0, 1, 200.0)": 3}, "state_action_prob_sums": {"(3, 1, 0.0)": [260.7215104387314, 134.64926795103761, 195.26392056096296, 203.12879125283192, 101.47478292813702, 141.26097519227326, 219.70705652257098, 200.76301844211952, 263.0212549892617], "(3, 0, 100.0)": [1121.447388424593, 833.5316424832266, 1343.2113776045176, 1255.599126685325, 956.7745495702659, 1172.4731523772243, 1225.0167893431305, 1279.3201854659146, 1086.3027406570611], "(3, 0, 200.0)": [193.7604671557273, 94.81309986674725, 144.11197501777966, 79.87459673739903, 165.1307628189802, 99.7442979583835, 118.04390805685127, 82.95438249038787, 88.17420470460718], "(3, 1, 100.0)": [1622.481410401879, 1688.9028023059789, 1424.51029271927, 1677.060409952399, 2134.3843971985866, 1675.0763906953744, 1570.8796947865399, 1512.9266847844176, 1550.543045956348], "(4, 1, 100.0)": [145.21638137195012, 203.45704258171014, 160.67185406112452, 111.23396261939516, 328.25088623440104, 251.52183016734804, 197.75600809418427, 368.77519506853747, 140.16180950376287], "(4, 0, 100.0)": [173.63247850755457, 116.35208080619226, 114.86892749849211, 126.35033254249478, 127.90429030154618, 196.77773738069754, 134.7172085496154, 207.6732214299136, 194.74730496118065], "(2, 1, 0.0)": [100.3683632104616, 173.70982877157084, 195.49472160773544, 51.590452377825976, 220.10855071705478, 176.81211923786535, 181.82030442758847, 171.84394289583844, 176.33975847704963], "(2, 0, 100.0)": [1219.6026168480453, 1166.5103464095328, 775.6050948185671, 1232.3925587282563, 1003.5923010483832, 1136.6735076051439, 969.2621080612504, 1404.05484846749, 1132.6921557282333], "(2, 0, 200.0)": [103.69789790746952, 92.74000225382288, 103.85809318532708, 97.73630758775792, 55.61970935749371, 47.93326359700182, 77.33902335610885, 161.48018843215905, 98.00124539965267], "(2, 1, 100.0)": [1289.1311901548663, 1068.8092516618196, 1703.4288496331005, 1482.4571763165375, 1009.5356289395882, 1381.59986657769, 1307.4748108015272, 1252.989763072499, 1144.5348728895008], "(1, 1, 0.0)": [177.00492666867157, 47.72847040074526, 117.42501660070508, 143.69252418222936, 122.49324540676729, 95.30825991829636, 66.30471802171598, 85.37689204291163, 220.11035455701227], "(1, 0, 100.0)": [1192.7416610120806, 879.6244426171421, 829.8326589587476, 879.842524339046, 740.4774997086294, 1037.873724352318, 1023.2013386849999, 1080.482829733365, 977.701741350809], "(1, 0, 200.0)": [93.74641783174299, 155.6163995225272, 68.04948391104286, 63.48309759580478, 103.3781341129366, 128.54625527537496, 227.1828321252527, 135.36962814437652, 100.3395388031516], "(1, 1, 100.0)": [980.7583078590594, 1258.8942803899693, 1219.6476785225177, 724.4481265156047, 1025.059237522029, 958.1345407109937, 1119.3415926915777, 1114.347484607531, 1150.4835518566506], "(0, 0, 100.0)": [814.6348828920296, 792.4361524754221, 749.323252370468, 885.5761289909864, 1033.2257352852407, 674.9563438881404, 813.8898516251726, 921.5113952287801, 831.6277024243287], "(0, 1, 100.0)": [851.9489472740261, 730.4169816732865, 883.3221297633295, 899.9921078301302, 683.5030314634553, 776.8882929263641, 1113.9307302318189, 987.0346578231904, 729.7082000114173], "(0, 0, 200.0)": [48.83322692439824, 72.84229869602973, 47.55160923999691, 107.89506512929006, 47.89672444892238, 32.43294421940355, 229.17595945796094, 94.97336406152549, 94.20582139262304], "(0, 1, 200.0)": [61.622668675802245, 123.19660429360823, 182.0719401080636, 88.309110490743, 111.51527362708802, 36.93994277575931, 40.87876877927124, 36.703893541145334, 98.48934791287479], "(3, 0, 0.0)": [54.91535432132856, 164.8710298114845, 46.65041930127081, 21.213269965826388, 45.14685239052991, 67.32220454398936, 36.19678310387107, 72.60155344158726, 93.59706793530843], "(3, 1, 200.0)": [47.57106535928895, 99.83388839010115, 87.18607590094905, 103.26945516654187, 77.40350704095776, 96.11873101187305, 94.50184597815733, 119.35007674271034, 39.754855471342424], "(4, 0, 0.0)": [1.3333333333333337, 48.95573007422036, 0.3333333333333333, 2.128888888888889, 0.5555555555555556, 1.2311111111111113, 0.7777777777777779, 0.8977777777777778, 6.875555555555555], "(5, 0, 100.0)": [0.8172889504428911, 0.0, 0.1111111111111111, 0.1111111111111111, 0.1111111111111111, 0.6368565302722016, 0.1111111111111111, 0.0, 0.0], "(5, 0, 0.0)": [0.5644444444444444, 0.0, 0.0, 0.0, 0.0, 0.0, 0.0, 0.0, 0.0], "(0, 0, 0.0)": [2.4959352827666255, 21.53747152521874, 1.8590787524944241, 14.882287085121913, 7.894310721883102, 7.117615984694337, 3.4363150099776956, 1.1111111111111114, 2.799458479705494], "(2, 1, 200.0)": [52.79537541569766, 46.60517426780086, 67.5996464055301, 28.018039431461457, 38.15354690425466, 57.17170406263577, 47.96005401958138, 42.595509788001145, 146.09128008702714], "(2, 0, 0.0)": [22.488705646348652, 75.71230085266554, 54.14655952407789, 63.16836792689519, 20.602088265295226, 31.462767465005218, 54.56558488215037, 41.45698662610151, 45.142745256869446], "(1, 1, 200.0)": [48.9790593049218, 55.46469071697688, 23.243223033090405, 17.441335821943824, 52.027874055026864, 55.94815644010345, 22.69265744720339, 66.48770686808204, 83.1405332908646], "(1, 0, 0.0)": [21.999347472582873, 30.841089670638148, 6.629744613058628, 12.429019209020112, 21.74365429827757, 12.500052110531902, 5.5492686160999565, 70.91114212312425, 5.463509119999996], "(0, 1, 0.0)": [131.18200610806537, 48.7127468300587, 117.96538920547648, 60.040343874960364, 111.95715300328995, 85.29746816370917, 58.00058162098305, 31.14732083016867, 74.95549732366007], "(4, 0, 200.0)": [1.636856530272202, 9.951129512310269, 9.506222837762245, 4.380266912882676, 29.852566087839786, 4.402172468310879, 18.26770102611199, 23.53649652607862, 8.406325289356346], "(4, 1, 200.0)": [2.0431653936562557, 43.096139263702916, 22.072801279035513, 3.9702227745903484, 5.547189240948541, 0.5555555555555556, 27.78191986649131, 24.832305757201897, 1.2222222222222225], "(4, 1, 0.0)": [52.111099457632925, 7.478433430755545, 4.965212219682458, 33.71897077596133, 91.58994001320495, 36.718599697051744, 84.27145523673602, 67.05315638859432, 60.24528915125916], "(5, 1, 100.0)": [0.6717470654909317, 0.0, 0.6717470654909317, 0.1111111111111111, 0.0, 0.0, 0.0, 0.0, 0.6717470654909317], "(5, 0, 200.0)": [0.6847458816974908, 0.0, 0.0, 0.0, 0.0, 0.0, 0.0, 0.0, 0.0], "(5, 1, 200.0)": [0.0, 0.0, 0.0, 0.0, 0.0, 0.0, 0.0, 0.0, 0.1111111111111111]}, "state_action_visits": {"(3, 1, 0.0)": 3275, "(3, 0, 100.0)": 19922, "(3, 0, 200.0)": 2115, "(3, 1, 100.0)": 28050, "(4, 1, 100.0)": 3582, "(4, 0, 100.0)": 2701, "(2, 1, 0.0)": 2742, "(2, 0, 100.0)": 19390, "(2, 0, 200.0)": 1733, "(2, 1, 100.0)": 22133, "(1, 1, 0.0)": 1982, "(1, 0, 100.0)": 16670, "(1, 0, 200.0)": 2122, "(1, 1, 100.0)": 18194, "(0, 0, 100.0)": 14498, "(0, 1, 100.0)": 14884, "(0, 0, 200.0)": 1556, "(0, 1, 200.0)": 1513, "(3, 0, 0.0)": 1225, "(3, 1, 200.0)": 1525, "(4, 0, 0.0)": 137, "(5, 0, 100.0)": 6, "(5, 0, 0.0)": 1, "(0, 0, 0.0)": 169, "(2, 1, 200.0)": 1044, "(2, 0, 0.0)": 835, "(1, 1, 200.0)": 848, "(1, 0, 0.0)": 391, "(0, 1, 0.0)": 1342, "(4, 0, 200.0)": 226, "(4, 1, 200.0)": 264, "(4, 1, 0.0)": 790, "(5, 1, 100.0)": 4, "(5, 0, 200.0)": 1, "(5, 1, 200.0)": 1}}, "meta": {"recent_avg_return": -100.94945652173509, "epsilon": 0.19741015349397834,