{"timestamp": 1764105230, "iso": "2025-11-25T21:13:50Z", "episode": 146, "games_in_episode": 1, "stats": {"total_messages": 4316, "total_updates": 4304, "total_reward": -9.90000000000017, "action_counts": [698, 692, 498, 578, 410, 325, 268, 441, 406], "state_visits": {"(3, 0, 100.0)": 716, "(3, 1, 200.0)": 4, "(3, 0, 200.0)": 75, "(3, 1, 100.0)": 417, "(4, 0, 100.0)": 153, "(3, 0, 0.0)": 66, "(2, 1, 100.0)": 257, "(2, 0, 100.0)": 764, "(2, 1, 200.0)": 2, "(2, 0, 200.0)": 44, "(1, 0, 100.0)": 782, "(1, 0, 200.0)": 26, "(1, 1, 100.0)": 101, "(0, 0, 100.0)": 753, "(0, 1, 100.0)": 144}, "state_action_prob_sums": {"(3, 1, 0.0)": [857.4859351249887, 850.772972100361, 757.1174598011526, 608.2966712223138, 575.0041006957739, 863.6859281340292, 851.0290230806652, 682.5170369786821, 1139.2408420359068], "(3, 0, 100.0)": [4671.213845515738, 5367.591224353104, 5594.020771115087, 5458.518251497768, 4330.626699317617, 5404.740611582907, 4705.849762630898, 5193.771957447377, 4975.092800417337], "(3, 0, 200.0)": [586.6001311121322, 528.0330557658525, 541.812717380259, 210.82550835934327, 478.1069030484196, 782.6203489312494, 384.42065121291375, 480.126615548619, 560.0047315949403], "(3, 1, 100.0)": [6370.190806359152, 8770.028344173956, 6111.384127829225, 8649.43577940407, 8670.394128957469, 7020.705387400658, 8239.285925483986, 7561.227943713101, 7551.344455281023], "(4, 1, 100.0)": [1278.3635543245805, 1300.641009116608, 1059.1163455523126, 757.2603853508704, 869.2453757346491, 1833.3329205183027, 683.7761652245636, 1145.3209133788578, 764.2189962615284], "(4, 0, 100.0)": [678.9080878897315, 575.0885575620838, 1003.277689658638, 808.3667760344907, 734.2840529723687, 462.5201391654646, 794.5786464779773, 474.15979900735533, 1093.8803348262347], "(2, 1, 0.0)": [310.5113031603357, 794.2515565770088, 787.3641528066773, 624.6322490984143, 1040.6535464237238, 697.4495279606075, 822.806216327328, 658.916412191836, 678.2472184906542], "(2, 0, 100.0)": [4464.083563681104, 4568.952972934198, 4795.749258923817, 5057.153803310643, 4032.7086354479416, 4905.438540147615, 4364.996880196156, 5132.051308900546, 4378.648935709203], "(2, 0, 200.0)": [749.2071017450372, 460.78600708682865, 330.0699959764422, 373.1802855048779, 506.8322938264168, 497.87282551268555, 384.0858084675728, 462.89301871495525, 569.0130845536702], "(2, 1, 100.0)": [6241.875617302, 6061.630066698247, 7028.656785469722, 6906.906632825773, 5272.212048407029, 6181.211159485715, 5788.857067568496, 5251.585858332751, 5557.605884067328], "(1, 1, 0.0)": [592.877963163932, 547.3482829060266, 429.75469351965677, 731.5018826462227, 439.3799610878471, 523.2321443290368, 350.2577416946436, 470.57413700116774, 1277.2814639362593], "(1, 0, 100.0)": [4322.957037915144, 4169.545644373411, 3655.324776053205, 3888.079266541502, 4565.17684145021, 4631.174661777661, 3674.2143486970754, 4445.0781926442605, 3163.475106786994], "(1, 0, 200.0)": [379.10156132623183, 464.14351455783464, 413.71470356227474, 331.5765879052318, 290.8761159712269, 329.0358143622284, 752.9135986795619, 532.4456084098922, 442.7289359799933], "(1, 1, 100.0)": [4849.944452796922, 4485.867191455159, 4469.122560125408, 4125.600836867256, 4647.403475100431, 5405.828724329009, 5005.897079171138, 5671.986355108286, 4981.471351397388], "(0, 0, 100.0)": [3548.2356945799074, 3102.499198566734, 3276.5726584197973, 4072.890765180792, 3675.7752049660207, 2857.3467736790603, 2550.0180827407357, 3348.0951732908934, 3338.559402257148], "(0, 1, 100.0)": [5119.3904575415, 3740.5459007367667, 3787.9845357366057, 3609.2550692371424, 4283.910552839902, 4612.364591199505, 4659.302663932396, 4679.211053069515, 3569.7409981822675], "(0, 0, 200.0)": [372.14352795320326, 608.8453119091985, 403.0473806958166, 264.9793545475264, 384.4308024373135, 135.0426449802309, 602.868368315709, 576.4951198593523, 198.12814408426433], "(0, 1, 200.0)": [557.93243135354, 538.9116372987236, 476.58755651131435, 227.79911682345684, 278.4225161169836, 318.129829076101, 263.55473385551386, 77.04718495919566, 191.12747136358462], "(3, 0, 0.0)": [258.7437222457743, 529.7957553317441, 157.12842857339606, 283.00218845147907, 280.5563034229527, 316.9568232598283, 411.6900957009276, 245.81386587296737, 211.99887099230642], "(3, 1, 200.0)": [403.3806250336922, 347.38785035487024, 423.8850278559132, 312.2266218153675, 228.5195006435102, 611.9704389640142, 333.9534839725671, 321.39733170989024, 77.5611830320787], "(4, 0, 0.0)": [37.873256689209384, 142.97262126939614, 8.265192836421136, 2.128888888888889, 0.7777777777777779, 1.2311111111111113, 66.33959909903702, 28.17254470437044, 7.097777777777776], "(5, 0, 100.0)": [3.5711549385408805, 0.1111111111111111, 0.1111111111111111, 1.0783029985559862, 0.1111111111111111, 0.6368565302722016, 0.1111111111111111, 0.0, 0.0], "(5, 0, 0.0)": [0.5644444444444444, 0.0, 0.0, 0.9590273160599947, 0.0, 0.0, 0.0, 0.0, 0.0], "(0, 0, 0.0)": [10.01099691424432, 65.08356485258165, 163.109619262493, 51.78538671116446, 175.6826441257536, 8.228727095805445, 205.45973256418935, 122.41194580981907, 119.79522441656829], "(2, 1, 200.0)": [281.47669488075877, 142.3296530655352, 265.23377974575726, 429.32687774683757, 143.85741493971886, 210.59450456805376, 230.99535186749614, 294.52481198813217, 461.76124042654345], "(2, 0, 0.0)": [42.74676330609796, 222.9456178490021, 460.50851989159844, 209.1030226728617, 313.0878712251625, 303.50904286327807, 207.4589558759851, 91.75955541207438, 301.3598221923191], "(1, 1, 200.0)": [306.6011713256407, 160.4364091345789, 328.04578711335057, 224.37587168892725, 308.8952025725638, 127.7054370830389, 479.306149096567, 261.2614403318302, 359.7424422768566], "(1, 0, 0.0)": [245.49883053477515, 102.94862294007292, 111.54402865507349, 196.59851663569006, 69.23818578307922, 101.78422719119591, 225.7821424833378, 210.93403815146084, 213.1600920029215], "(0, 1, 0.0)": [548.5880184353555, 317.9501739545242, 590.1782819853785, 258.5042481009748, 718.8994196265089, 328.3716138606138, 240.97519211760797, 344.27466135467165, 592.7680736815875], "(4, 0, 200.0)": [1.9701898636055355, 46.026872615018775, 105.43064009435234, 74.64904913529375, 49.799735827061156, 98.232672903679, 79.41253115315544, 23.75871874830084, 83.69779411007413], "(4, 1, 200.0)": [15.308194292526759, 94.25656208808947, 59.78663262340259, 8.821481157661161, 5.547189240948541, 2.5019423223273582, 27.89303097760242, 29.772612450595776, 1.2222222222222225], "(4, 1, 0.0)": [53.02100927618982, 99.24574316888511, 5.076323330793569, 84.89614283736984, 104.77312191744598, 36.94082191927397, 94.61379657419523, 132.76438925858992, 68.54558862938235], "(5, 1, 100.0)": [9.294759964319564, 0.0, 0.6717470654909317, 14.63684054859267, 0.0, 0.2222222222222222, 7.765213239097949, 0.0, 0.6717470654909317], "(5, 0, 200.0)": [0.6847458816974908, 0.0, 0.0, 1.7957255714105582, 0.0, 0.0, 3.5677820773374904, 0.0, 0.0], "(5, 1, 200.0)": [1.8721941467664875, 0.0, 0.0, 0.0, 0.0, 0.0, 0.0, 0.0, 0.1111111111111111]}, "state_action_visits": {"(3, 1, 0.0)": 9560, "(3, 0, 100.0)": 61121, "(3, 0, 200.0)": 6242, "(3, 1, 100.0)": 90926, "(4, 1, 100.0)": 12703, "(4, 0, 100.0)": 8787, "(2, 1, 0.0)": 8405, "(2, 0, 100.0)": 56311, "(2, 0, 200.0)": 5845, "(2, 1, 100.0)": 71515, "(1, 1, 0.0)": 6946, "(1, 0, 100.0)": 49092, "(1, 0, 200.0)": 5527, "(1, 1, 100.0)": 57647, "(0, 0, 100.0)": 40446, "(0, 1, 100.0)": 50158, "(0, 0, 200.0)": 4828, "(0, 1, 200.0)": 4034, "(3, 0, 0.0)": 3607, "(3, 1, 200.0)": 4211, "(4, 0, 0.0)": 401, "(5, 0, 100.0)": 11, "(5, 0, 0.0)": 2, "(0, 0, 0.0)": 1128, "(2, 1, 200.0)": 3319, "(2, 0, 0.0)": 2859, "(1, 1, 200.0)": 3405, "(1, 0, 0.0)": 1854, "(0, 1, 0.0)": 5047, "(4, 0, 200.0)": 754, "(4, 1, 200.0)": 390, "(4, 1, 0.0)": 1062, "(5, 1, 100.0)": 40, "(5, 0, 200.0)": 7, "(5, 1, 200.0)": 3}}, "meta": {"recent_avg_return": -58.16199999999402, "epsilon": 0.02671474171988412,