{"timestamp": 1764102294, "iso": "2025-11-25T20:24:54Z", "episode": 56, "games_in_episode": 1, "stats": {"total_messages": 3819, "total_updates": 3807, "total_reward": -146.3249999999901, "action_counts": [479, 405, 616, 398, 474, 477, 256, 319, 395], "state_visits": {"(3, 1, 100.0)": 560, "(3, 1, 200.0)": 73, "(3, 0, 100.0)": 401, "(3, 0, 200.0)": 105, "(3, 0, 0.0)": 101, "(4, 1, 100.0)": 187, "(4, 0, 100.0)": 100, "(2, 0, 100.0)": 421, "(2, 1, 100.0)": 161, "(2, 0, 0.0)": 101, "(2, 1, 200.0)": 50, "(2, 0, 200.0)": 39, "(1, 0, 100.0)": 332, "(1, 1, 100.0)": 201, "(1, 1, 200.0)": 13, "(1, 0, 200.0)": 72, "(1, 0, 0.0)": 56, "(1, 1, 0.0)": 45, "(0, 0, 100.0)": 319, "(0, 1, 100.0)": 323, "(0, 0, 200.0)": 47, "(0, 1, 0.0)": 100}, "state_action_prob_sums": {"(3, 1, 0.0)": [261.05484377206466, 187.09232036398745, 273.7082900314385, 254.38378206464677, 101.91922737258147, 162.99396190123434, 228.34598558684797, 213.98691692597052, 291.85200247059936], "(3, 0, 100.0)": [1559.6102380850919, 1142.518692097565, 1790.139381647191, 1658.9246248472666, 1098.512393554477, 1471.222907361811, 1356.9564505331223, 1586.9459834043816, 1221.852395989969], "(3, 0, 200.0)": [217.14102256125662, 160.90284589766944, 144.66753057333523, 108.22164418617271, 166.13076281898023, 144.97299017962735, 146.611116492234, 85.54463398508331, 163.52353889054876], "(3, 1, 100.0)": [2002.972130150462, 2099.4085384182754, 1853.516060492983, 2140.3446752823324, 2771.658042566403, 2092.835973466789, 1978.362712149614, 1982.7321362356543, 2018.118391183725], "(4, 1, 100.0)": [210.852882376159, 213.21624014884472, 165.1977553102006, 130.71716639926638, 344.33211772579205, 327.744734032425, 234.24935145842016, 451.5648044389262, 238.5318114827395], "(4, 0, 100.0)": [199.4609007048575, 140.62653832834002, 118.25223582360604, 144.797171646409, 225.0353058389724, 199.79383845937724, 258.00377643967704, 249.37474396036396, 207.32704649421385], "(2, 1, 0.0)": [100.59058543268382, 173.82093988268196, 195.71694382995767, 65.91183477171846, 268.90817058576096, 188.04136108625107, 182.59808220536627, 214.684612771849, 176.67309181038297], "(2, 0, 100.0)": [1562.1417848083008, 1359.8145787441838, 1121.2820222369214, 1591.2838700000323, 1228.5982121784118, 1395.5994723851031, 1243.7014462956868, 1605.8512494815495, 1255.6096439224214], "(2, 0, 200.0)": [206.17180495565296, 129.68067790625994, 105.08031540754934, 111.24405078632252, 85.75653664130633, 75.47889529568783, 78.00569002277554, 210.36705017935182, 137.19685300327836], "(2, 1, 100.0)": [1496.237648257736, 1450.1123915753471, 1892.827398809515, 1993.3042024271313, 1443.0118828824811, 1728.1190954862552, 1771.6798154490434, 1469.6520195643943, 1522.109128451318], "(1, 1, 0.0)": [238.1801974281079, 64.93895906066369, 117.86946104514954, 147.26733363985232, 122.82657874010063, 95.86381547385193, 76.47669887749964, 85.71022537624498, 241.28624700048908], "(1, 0, 100.0)": [1354.634774046307, 1281.4046531879599, 956.9470371320385, 1096.8405709535252, 1004.2105322288951, 1308.4592410378723, 1234.0257880966174, 1254.8586573637076, 1230.026123453608], "(1, 0, 200.0)": [133.07353203624928, 156.61639952252722, 69.87751773288812, 69.79839115446198, 103.93368966849218, 138.15915037700074, 266.8675296608646, 209.0454310647259, 139.86087071510244], "(1, 1, 100.0)": [1293.9805195545864, 1506.7860993855, 1540.0946039121159, 925.6242632500544, 1322.4034895869509, 1200.0603767239152, 1405.4045344383164, 1329.3287701988734, 1593.3165322924679], "(0, 0, 100.0)": [955.3501584578443, 947.6110023572618, 882.5251261993164, 1200.621776432289, 1452.6408063670876, 874.1696628746645, 985.9244450096662, 1111.148991075191, 934.8816456269908], "(0, 1, 100.0)": [1208.113260394801, 964.576281237855, 1158.2969074225066, 1017.8195964290197, 1042.3987476841505, 1082.595798712185, 1293.8010087592859, 1167.2799111635009, 982.2798576099858], "(0, 0, 200.0)": [66.68495539200052, 73.3978542515853, 54.30526975921328, 108.33950957373452, 56.54481090494574, 60.96282012859399, 229.50929279129429, 201.05295780338176, 97.91737950683522], "(0, 1, 200.0)": [115.62860867548466, 123.52993762694157, 201.60256608364918, 88.42022160185411, 113.62266436234916, 39.54547332309544, 54.070296492228096, 47.132689393931685, 98.82268124620813], "(3, 0, 0.0)": [87.46697174310603, 189.96159164506358, 46.76153041238192, 26.55767739499596, 45.70240794608548, 67.32220454398936, 36.4190053260933, 74.30894851056969, 104.06366057142527], "(3, 1, 200.0)": [66.81747972601275, 111.10043571876011, 160.67517347725013, 136.37662814387497, 101.47146237111964, 96.89650878965085, 121.07161543393407, 168.4290484194326, 43.629424961405164], "(4, 0, 0.0)": [1.3333333333333337, 48.95573007422036, 0.3333333333333333, 2.128888888888889, 0.5555555555555556, 1.2311111111111113, 0.7777777777777779, 0.8977777777777778, 6.875555555555555], "(5, 0, 100.0)": [0.8172889504428911, 0.0, 0.1111111111111111, 0.1111111111111111, 0.1111111111111111, 0.6368565302722016, 0.1111111111111111, 0.0, 0.0], "(5, 0, 0.0)": [0.5644444444444444, 0.0, 0.0, 0.0, 0.0, 0.0, 0.0, 0.0, 0.0], "(0, 0, 0.0)": [2.4959352827666255, 21.53747152521874, 1.8590787524944241, 14.882287085121913, 7.894310721883102, 7.117615984694337, 3.4363150099776956, 1.1111111111111114, 2.799458479705494], "(2, 1, 200.0)": [75.95773842636852, 63.93704288299449, 78.91357435422682, 48.3197493914263, 39.556767531125544, 64.59482029106007, 73.66642322701156, 75.26227911594404, 167.36333735270233], "(2, 0, 0.0)": [22.933150090793095, 76.15674529710999, 55.96506570417145, 63.39059014911742, 46.324125411143086, 35.73125513746134, 54.7878071043726, 41.790319959434854, 85.37764048906796], "(1, 1, 200.0)": [89.8325890844392, 56.24246849475468, 92.47939613857943, 35.06258921946668, 79.61882464723485, 56.72593421788125, 23.359324113870056, 67.15437353474873, 193.89356270823663], "(1, 0, 0.0)": [22.110458583693983, 30.841089670638148, 6.629744613058628, 32.175173613429386, 22.0769876316109, 12.500052110531902, 5.5492686160999565, 91.5109940620246, 5.796842453333328], "(0, 1, 0.0)": [131.29311721917648, 54.279376481450505, 164.33806476957707, 60.595899430515935, 111.95715300328995, 85.5196903859314, 90.44108793164938, 31.369543052390892, 74.95549732366007], "(4, 0, 200.0)": [1.636856530272202, 9.951129512310269, 11.990324303297982, 4.380266912882676, 29.852566087839786, 4.51328357942199, 18.26770102611199, 23.53649652607862, 8.406325289356346], "(4, 1, 200.0)": [2.154276504767367, 43.096139263702916, 22.072801279035513, 3.9702227745903484, 5.547189240948541, 0.5555555555555556, 27.89303097760242, 24.832305757201897, 1.2222222222222225], "(4, 1, 0.0)": [52.111099457632925, 7.478433430755545, 4.965212219682458, 33.71897077596133, 91.58994001320495, 36.718599697051744, 84.27145523673602, 67.05315638859432, 60.24528915125916], "(5, 1, 100.0)": [0.6717470654909317, 0.0, 0.6717470654909317, 0.1111111111111111, 0.0, 0.0, 0.0, 0.0, 0.6717470654909317], "(5, 0, 200.0)": [0.6847458816974908, 0.0, 0.0, 0.0, 0.0, 0.0, 0.0, 0.0, 0.0], "(5, 1, 200.0)": [0.0, 0.0, 0.0, 0.0, 0.0, 0.0, 0.0, 0.0, 0.1111111111111111]}, "state_action_visits": {"(3, 1, 0.0)": 3636, "(3, 0, 100.0)": 23610, "(3, 0, 200.0)": 2496, "(3, 1, 100.0)": 33762, "(4, 1, 100.0)": 4161, "(4, 0, 100.0)": 3199, "(2, 1, 0.0)": 2910, "(2, 0, 100.0)": 22650, "(2, 0, 200.0)": 2166, "(2, 1, 100.0)": 26502, "(1, 1, 0.0)": 2139, "(1, 0, 100.0)": 19618, "(1, 0, 200.0)": 2419, "(1, 1, 100.0)": 21794, "(0, 0, 100.0)": 17066, "(0, 1, 100.0)": 18051, "(0, 0, 200.0)": 1794, "(0, 1, 200.0)": 1658, "(3, 0, 0.0)": 1328, "(3, 1, 200.0)": 1857, "(4, 0, 0.0)": 137, "(5, 0, 100.0)": 6, "(5, 0, 0.0)": 1, "(0, 0, 0.0)": 169, "(2, 1, 200.0)": 1269, "(2, 0, 0.0)": 937, "(1, 1, 200.0)": 1226, "(1, 0, 0.0)": 447, "(0, 1, 0.0)": 1457, "(4, 0, 200.0)": 230, "(4, 1, 200.0)": 266, "(4, 1, 0.0)": 790, "(5, 1, 100.0)": 4, "(5, 0, 200.0)": 1, "(5, 1, 200.0)": 1}}, "meta": {"recent_avg_return": -105.08099999999602, "epsilon": 0.1645902736973738,