{"timestamp": 1764101484, "iso": "2025-11-25T20:11:24Z", "episode": 31, "games_in_episode": 1, "stats": {"total_messages": 4747, "total_updates": 4735, "total_reward": -47.62500000000371, "action_counts": [439, 482, 638, 536, 522, 552, 427, 528, 623], "state_visits": {"(3, 0, 100.0)": 759, "(3, 1, 100.0)": 479, "(3, 0, 200.0)": 81, "(4, 0, 100.0)": 116, "(2, 0, 100.0)": 739, "(2, 1, 100.0)": 387, "(2, 0, 200.0)": 32, "(2, 1, 0.0)": 17, "(1, 0, 100.0)": 587, "(1, 1, 100.0)": 303, "(1, 1, 0.0)": 136, "(1, 0, 200.0)": 120, "(0, 0, 100.0)": 637, "(0, 1, 100.0)": 250, "(0, 1, 0.0)": 29, "(0, 0, 200.0)": 63}, "state_action_prob_sums": {"(3, 1, 0.0)": [77.86443237426246, 95.9712688851175, 115.87898757549877, 80.71933164018347, 57.51957406378008, 84.21398607161012, 50.74902557389243, 79.81791723154372, 154.94295265420305], "(3, 0, 100.0)": [664.0917055575217, 619.4846260884636, 759.8506684952023, 837.5419678864364, 635.3322695712637, 764.2719565075668, 743.9192905119471, 741.9677353190307, 740.1696973758789], "(3, 0, 200.0)": [77.48964203539319, 51.77532418735906, 91.32818196325911, 53.66134588103913, 130.9080150310977, 88.58055127690145, 96.97272654479544, 77.3892722769455, 86.95198248238492], "(3, 1, 100.0)": [938.7680945731597, 1060.9982033922065, 917.4546240555451, 891.1941942989953, 845.5673786633829, 956.8446697209139, 815.8795958172241, 850.4027469118955, 952.655809146846], "(4, 1, 100.0)": [79.68278980867596, 81.10343630769071, 88.52421994640437, 82.76364496136088, 136.24349216043527, 109.44982581308139, 92.36849645364155, 102.65795286632427, 122.59734359920115], "(4, 0, 100.0)": [73.0417146881552, 96.1195311836114, 84.95957869018413, 75.49479997237792, 93.93949992438363, 124.7544409796934, 73.78215041820205, 108.11019835183747, 109.59314558598082], "(2, 1, 0.0)": [64.26660946079281, 68.04201720515404, 91.97366317289546, 42.20489322113256, 78.53832776720382, 111.87769076374138, 121.02325913864135, 81.91559958571978, 116.10293233941054], "(2, 0, 100.0)": [732.3619619759173, 672.7256622190653, 500.4846918848701, 682.4864392777175, 599.3001474575176, 803.9122035961454, 734.6937408808133, 775.7163130141345, 738.2606764900137], "(2, 0, 200.0)": [65.93981670875036, 61.545908725191744, 54.195106258314276, 42.65559426965698, 52.98377569793349, 41.83051880049769, 74.78625657208893, 122.42194721627257, 72.21035983355961], "(2, 1, 100.0)": [741.2219439869151, 664.3440797418971, 811.2005960446613, 920.0140301988612, 572.9754456973325, 706.2234257064729, 857.5756691855229, 857.7046456712656, 606.5725936294787], "(1, 1, 0.0)": [111.6903293885617, 25.532601143228224, 84.10230017431587, 97.85537787579165, 46.82124072279379, 45.04375505118627, 42.96954328078415, 72.0518340406547, 106.62455650162704], "(1, 0, 100.0)": [734.8198619659295, 517.9290724844238, 579.3755565674587, 464.17733682403286, 424.02506995224513, 631.7968730591306, 610.7460140376583, 650.9573226912132, 565.5034715013503], "(1, 0, 200.0)": [81.36093516100671, 145.16263374908885, 50.70800202439043, 42.17391328468971, 45.10218064209285, 76.35685523174838, 120.05205598124938, 81.43499852882333, 98.783983247596], "(1, 1, 100.0)": [670.4751289107395, 690.2921449506867, 741.1946004864365, 479.5815301648429, 639.3966317590613, 672.7848663174086, 622.8007738153713, 627.0726181277699, 517.3041064398303], "(0, 0, 100.0)": [509.0844416226131, 493.96608451765377, 496.40365079108807, 520.9359608217087, 518.0122726227668, 392.9305819942743, 489.27441154254046, 586.7576314983778, 516.177571599231], "(0, 1, 100.0)": [527.8815116457134, 451.6091278443664, 519.0086752239397, 640.3874049749919, 394.1692469220601, 616.52057016202, 630.077331176422, 471.55946653895785, 493.8727074053889], "(0, 0, 200.0)": [41.511048677207576, 18.5082054353434, 31.77131686853466, 42.073431604723375, 26.080108974435596, 26.602725823234866, 145.43265376920968, 85.82017511723647, 67.36575674471482], "(0, 1, 200.0)": [46.85926819889082, 122.86327096027489, 104.34737872495305, 42.352534634046506, 87.90060158585901, 35.82883166464817, 30.77494524465152, 29.965942935734454, 82.64063790588163], "(3, 0, 0.0)": [22.642458808888872, 92.0179386042858, 15.182588252780324, 19.432414241656648, 28.56662680702548, 47.71430067136382, 29.28327064384646, 39.33679919913013, 92.81929015753063], "(3, 1, 200.0)": [36.40094662855548, 20.028518109358224, 29.330036328340995, 76.08186683014164, 60.67022449845171, 48.80395124626081, 34.75863083913655, 90.88465273665746, 29.216032545000907], "(4, 0, 0.0)": [1.3333333333333337, 48.95573007422036, 0.3333333333333333, 2.128888888888889, 0.5555555555555556, 1.2311111111111113, 0.7777777777777779, 0.8977777777777778, 6.875555555555555], "(5, 0, 100.0)": [0.0, 0.0, 0.1111111111111111, 0.1111111111111111, 0.0, 0.6368565302722016, 0.1111111111111111, 0.0, 0.0], "(5, 0, 0.0)": [0.5644444444444444, 0.0, 0.0, 0.0, 0.0, 0.0, 0.0, 0.0, 0.0], "(0, 0, 0.0)": [2.3848241716555143, 15.179514620749682, 1.747967641383313, 5.911329045238743, 7.67208849966088, 6.895393762472116, 3.3252038988665844, 1.0000000000000002, 2.799458479705494], "(2, 1, 200.0)": [23.496123382962, 22.71283088040347, 32.58231725675101, 25.33645110097765, 35.97087104167279, 54.507826167504746, 13.054255155311937, 34.273468406382754, 123.69261552945126], "(2, 0, 0.0)": [21.377594535237545, 29.724017046413035, 21.285109860271, 21.887132893244107, 8.045731342222215, 22.073662293777236, 24.045163417656727, 38.66428718450656, 33.14940472126058], "(1, 1, 200.0)": [48.645725971588455, 55.35357960586577, 22.798778588645963, 15.878319434479698, 43.041800320693625, 43.29979322704003, 22.58154633609228, 43.773655463105584, 46.865816735514656], "(1, 0, 0.0)": [12.806167210477481, 30.174423003971484, 5.626666666666663, 0.5555555555555556, 21.521432076055348, 8.04021793412763, 4.993713060544403, 3.5999999999999996, 5.019064675555553], "(0, 1, 0.0)": [83.0511057681365, 25.0028824846667, 64.76394674144326, 13.867229378379063, 84.08298376368613, 11.931389966115384, 19.08690613381618, 26.357775285702914, 14.01691442086927], "(4, 0, 200.0)": [1.3035231969388685, 9.617796178976937, 0.8888888888888891, 1.0000000000000002, 1.0000000000000002, 4.2910613571997684, 18.15658991500088, 23.425385414967508, 5.73223621580545], "(4, 1, 200.0)": [1.0000000000000002, 42.762805930369574, 6.419123250952193, 3.748000552368126, 0.8888888888888891, 0.3333333333333333, 27.6708087553802, 9.156622065959485, 0.8888888888888891], "(4, 1, 0.0)": [5.608906292536909, 5.700655652977773, 3.4250231676801444, 1.3333333333333337, 14.439027894969753, 34.051933030385, 2.0000000000000004, 49.52014436273034, 21.634368056336147], "(5, 1, 100.0)": [0.6717470654909317, 0.0, 0.6717470654909317, 0.1111111111111111, 0.0, 0.0, 0.0, 0.0, 0.6717470654909317], "(5, 0, 200.0)": [0.6847458816974908, 0.0, 0.0, 0.0, 0.0, 0.0, 0.0, 0.0, 0.0]}, "state_action_visits": {"(3, 1, 0.0)": 1857, "(3, 0, 100.0)": 14044, "(3, 0, 200.0)": 1615, "(3, 1, 100.0)": 17527, "(4, 1, 100.0)": 2014, "(4, 0, 100.0)": 1865, "(2, 1, 0.0)": 1707, "(2, 0, 100.0)": 13464, "(2, 0, 200.0)": 1362, "(2, 1, 100.0)": 14435, "(1, 1, 0.0)": 1303, "(1, 0, 100.0)": 11276, "(1, 0, 200.0)": 1609, "(1, 1, 100.0)": 12125, "(0, 0, 100.0)": 9816, "(0, 1, 100.0)": 10327, "(0, 0, 200.0)": 1098, "(0, 1, 200.0)": 1197, "(3, 0, 0.0)": 871, "(3, 1, 200.0)": 984, "(4, 0, 0.0)": 137, "(5, 0, 100.0)": 4, "(5, 0, 0.0)": 1, "(0, 0, 0.0)": 138, "(2, 1, 200.0)": 772, "(2, 0, 0.0)": 531, "(1, 1, 200.0)": 721, "(1, 0, 0.0)": 232, "(0, 1, 0.0)": 733, "(4, 0, 200.0)": 155, "(4, 1, 200.0)": 200, "(4, 1, 0.0)": 326, "(5, 1, 100.0)": 4, "(5, 0, 200.0)": 1}}, "meta": {"recent_avg_return": -120.78333333332927, "epsilon": 0.27274215969121846, "q_summary": {"(3, 1, 0.0)": [12.94429962811272, 12.64055763387542, 12.430190609348587, 12.599817634090995, 12.176239415832697, 12.737385040262804, 11.064705770755886, 12.419157862619919, 12.418555015544182],