{"timestamp": 1764104559, "iso": "2025-11-25T21:02:39Z", "episode": 126, "games_in_episode": 1, "stats": {"total_messages": 3983, "total_updates": 3971, "total_reward": 62.275000000015844, "action_counts": [536, 589, 476, 197, 357, 791, 182, 326, 529], "state_visits": {"(3, 0, 100.0)": 411, "(3, 1, 100.0)": 726, "(3, 1, 0.0)": 97, "(3, 0, 200.0)": 5, "(4, 0, 100.0)": 174, "(4, 1, 100.0)": 200, "(4, 1, 0.0)": 17, "(2, 0, 100.0)": 431, "(2, 1, 100.0)": 509, "(1, 0, 100.0)": 426, "(1, 1, 100.0)": 438, "(0, 0, 100.0)": 402, "(0, 1, 100.0)": 135}, "state_action_prob_sums": {"(3, 1, 0.0)": [647.3031424039698, 673.4689183483915, 641.6063393695163, 578.7892056460124, 493.80510943172305, 778.3297366834777, 694.6123765147156, 530.7782862321656, 1043.7098389330238], "(3, 0, 100.0)": [4163.641454178885, 4255.727924227321, 4172.332955994278, 4216.862982498459, 3476.3936299107627, 4271.705402681512, 4045.7418384576386, 4119.541133535684, 4590.160807928569], "(3, 0, 200.0)": [489.5426603513192, 424.49950063783456, 478.53322643123533, 201.75203219297734, 445.9142876203986, 593.3383540118527, 380.1823036279179, 419.4876220543695, 411.4287469475101], "(3, 1, 100.0)": [5902.122290589234, 6319.995490415697, 5627.671823654001, 6606.883144517515, 7087.366389357667, 5936.582434313508, 6813.456320114508, 6417.084332350854, 6121.158617627038], "(4, 1, 100.0)": [954.5590763023423, 1140.6165111033006, 928.0740261261989, 711.1746909820583, 790.312016093308, 1633.2980620042813, 598.6607034133272, 1095.392616812803, 659.7614428379729], "(4, 0, 100.0)": [511.76435635144554, 463.7310306358705, 919.1364619078237, 635.8582788000233, 553.7266083730536, 345.5972458767, 751.267687737614, 424.3106015042895, 870.4844972100558], "(2, 1, 0.0)": [300.5626178423391, 410.77557162956214, 662.6751060062948, 460.11396433168375, 864.1914303903475, 585.0934505138896, 822.2506607717726, 462.21464797199303, 577.5086339272333], "(2, 0, 100.0)": [3966.329768680716, 3998.882509329238, 3916.8619916175257, 4200.1622466432955, 2943.4979430519084, 3927.34054110493, 3951.459281363535, 4284.934000750242, 3508.055774731377], "(2, 0, 200.0)": [448.70122264765985, 443.86411712256876, 226.2215574512222, 289.80587148053826, 437.491969659455, 412.21388795772174, 275.29060228398345, 459.65421211551575, 419.495370849909], "(2, 1, 100.0)": [4517.371194237184, 4542.9693579741715, 5454.641481516762, 6268.004827280382, 4716.064744099966, 4809.744415837524, 4738.247020206759, 4358.499559447514, 4070.0037501044594], "(1, 1, 0.0)": [489.3719123433206, 422.1277207892019, 382.27195941006795, 614.0889419036149, 439.04662775451385, 356.84798253110364, 292.10845030254677, 386.52703639605426, 862.496204806254], "(1, 0, 100.0)": [3208.996137337481, 3026.091498066208, 3183.322367595163, 3100.779292970462, 3918.344004777438, 4056.0119068537497, 3208.2362956856177, 3488.7303653940457, 2530.093010100282], "(1, 0, 200.0)": [321.5222259616195, 391.90536519222667, 346.465072032636, 167.76695821474587, 266.55537961480934, 243.22272463464185, 746.5548917993373, 447.2812151132391, 408.5087950288999], "(1, 1, 100.0)": [4216.682088932797, 3790.353427763818, 3737.9651671957126, 3471.3383948186774, 3297.362457881761, 4029.1175988718783, 4181.9661052575375, 4286.414365839262, 4285.360735645601], "(0, 0, 100.0)": [2645.349664162809, 3056.5929977934134, 2452.800079853575, 2974.331199559262, 3061.5969107271367, 2230.3981794759425, 2265.2131018948144, 3203.1627285806726, 2660.758960413703], "(0, 1, 100.0)": [3719.6794219603767, 3131.6596839133103, 3290.3794529054558, 3045.1615023806203, 3734.7336202542947, 3402.690650583167, 3768.449304019252, 4041.076543127462, 2789.019156723245], "(0, 0, 200.0)": [270.69100542340146, 550.6317496393337, 271.1515699608659, 190.0111299728723, 320.80900704679283, 133.85390042388124, 528.8391937493525, 483.3029449837114, 195.85412262141568], "(0, 1, 200.0)": [552.1033207147804, 538.9116372987236, 384.2642263365727, 212.34569096015204, 196.92292031539262, 317.9076068538788, 240.31031754843843, 75.85584147004542, 191.12747136358462], "(3, 0, 0.0)": [164.2301958611454, 391.43683773038333, 128.3217840287574, 283.00218845147907, 214.01546065018184, 254.33519866861454, 282.9768437786402, 164.8577679789171, 151.50570888001047], "(3, 1, 200.0)": [265.75545108690494, 297.5766400360252, 416.83242304143624, 284.8933638455755, 228.29727842128798, 497.46375203984576, 284.1205274884738, 249.31693186456425, 68.4459292229893], "(4, 0, 0.0)": [37.873256689209384, 142.97262126939614, 8.265192836421136, 2.128888888888889, 0.7777777777777779, 1.2311111111111113, 66.33959909903702, 28.17254470437044, 7.097777777777776], "(5, 0, 100.0)": [3.5711549385408805, 0.1111111111111111, 0.1111111111111111, 0.1111111111111111, 0.1111111111111111, 0.6368565302722016, 0.1111111111111111, 0.0, 0.0], "(5, 0, 0.0)": [0.5644444444444444, 0.0, 0.0, 0.9590273160599947, 0.0, 0.0, 0.0, 0.0, 0.0], "(0, 0, 0.0)": [9.899885803133209, 23.148662429640208, 157.17644376283596, 51.78538671116446, 8.672088499660877, 8.228727095805445, 198.65120839714726, 122.30083469870796, 119.68411330545717], "(2, 1, 200.0)": [241.82231326947564, 142.2185419544241, 151.04267852944912, 309.5945269019256, 69.12080640344212, 158.04109815151665, 227.0922761004935, 274.93701817789156, 454.5965552586255], "(2, 0, 0.0)": [24.266483424126424, 222.50117340455765, 372.0405227497023, 140.06778049403556, 247.9637077752869, 250.8081854641548, 187.62841769949122, 59.43054669616073, 226.35494524374496], "(1, 1, 200.0)": [306.3789491034185, 158.4900661381777, 328.04578711335057, 224.26476057781613, 308.7840914614527, 127.7054370830389, 357.16082879500567, 261.15032922071913, 307.0933118800312], "(1, 0, 0.0)": [96.70327950878823, 92.28828900386478, 111.54402865507349, 196.48740552457895, 69.23818578307922, 20.801225371864984, 146.0919763730173, 197.23811013374257, 161.49872648420595], "(0, 1, 0.0)": [494.66989008453044, 215.77520654346446, 416.39339377810495, 160.01662465305995, 623.9164989433646, 208.69208109961988, 166.84334693549235, 301.1337900202972, 417.90731472641664], "(4, 0, 200.0)": [1.9701898636055355, 32.40216524761611, 95.72150080951918, 63.864153311848284, 49.68862471595004, 96.29198477416367, 68.75676623402556, 23.75871874830084, 83.69779411007413], "(4, 1, 200.0)": [15.308194292526759, 55.50564366180342, 48.96781873668176, 3.9702227745903484, 5.547189240948541, 0.5555555555555556, 27.89303097760242, 24.943416868313008, 1.2222222222222225], "(4, 1, 0.0)": [53.02100927618982, 99.24574316888511, 5.076323330793569, 84.89614283736984, 104.77312191744598, 36.94082191927397, 94.61379657419523, 132.76438925858992, 68.54558862938235], "(5, 1, 100.0)": [9.294759964319564, 0.0, 0.6717470654909317, 0.1111111111111111, 0.0, 0.2222222222222222, 6.796091972169932, 0.0, 0.6717470654909317], "(5, 0, 200.0)": [0.6847458816974908, 0.0, 0.0, 1.7957255714105582, 0.0, 0.0, 3.5677820773374904, 0.0, 0.0], "(5, 1, 200.0)": [1.8721941467664875, 0.0, 0.0, 0.0, 0.0, 0.0, 0.0, 0.0, 0.1111111111111111]}, "state_action_visits": {"(3, 1, 0.0)": 8391, "(3, 0, 100.0)": 52211, "(3, 0, 200.0)": 5491, "(3, 1, 100.0)": 78099, "(4, 1, 100.0)": 11455, "(4, 0, 100.0)": 7569, "(2, 1, 0.0)": 7075, "(2, 0, 100.0)": 48893, "(2, 0, 200.0)": 4869, "(2, 1, 100.0)": 60051, "(1, 1, 0.0)": 5751, "(1, 0, 100.0)": 41892, "(1, 0, 200.0)": 4890, "(1, 1, 100.0)": 48830, "(0, 0, 100.0)": 34911, "(0, 1, 100.0)": 42592, "(0, 0, 200.0)": 4186, "(0, 1, 200.0)": 3801, "(3, 0, 0.0)": 2907, "(3, 1, 200.0)": 3715, "(4, 0, 0.0)": 401, "(5, 0, 100.0)": 10, "(5, 0, 0.0)": 2, "(0, 0, 0.0)": 895, "(2, 1, 200.0)": 2866, "(2, 0, 0.0)": 2411, "(1, 1, 200.0)": 3217, "(1, 0, 0.0)": 1449, "(0, 1, 0.0)": 4057, "(4, 0, 200.0)": 704, "(4, 1, 200.0)": 326, "(4, 1, 0.0)": 1062, "(5, 1, 100.0)": 24, "(5, 0, 200.0)": 7, "(5, 1, 200.0)": 3}}, "meta": {"recent_avg_return": -70.22849999999623, "epsilon": 0.04001561223071221,