{"timestamp": 1764101957, "iso": "2025-11-25T20:19:17Z", "episode": 45, "games_in_episode": 1, "stats": {"total_messages": 4921, "total_updates": 4908, "total_reward": 22.200000000021866, "action_counts": [712, 497, 504, 509, 652, 408, 510, 644, 485], "state_visits": {"(3, 1, 100.0)": 448, "(3, 0, 100.0)": 488, "(3, 1, 0.0)": 202, "(3, 0, 200.0)": 120, "(4, 0, 100.0)": 174, "(4, 0, 200.0)": 27, "(5, 0, 100.0)": 1, "(0, 0, 100.0)": 481, "(0, 0, 200.0)": 19, "(4, 1, 100.0)": 57, "(2, 1, 100.0)": 392, "(2, 0, 100.0)": 545, "(2, 1, 0.0)": 201, "(2, 0, 200.0)": 61, "(1, 1, 100.0)": 467, "(1, 0, 100.0)": 521, "(1, 1, 0.0)": 111, "(1, 0, 200.0)": 31, "(1, 1, 200.0)": 9, "(0, 1, 100.0)": 412, "(0, 1, 0.0)": 96, "(0, 1, 200.0)": 45}, "state_action_prob_sums": {"(3, 1, 0.0)": [213.70552744476916, 134.4270457288154, 194.7083650054074, 159.88419078270636, 101.25256070591479, 110.92924324287009, 219.37372318923764, 200.42968510878617, 260.71270197972717], "(3, 0, 100.0)": [1120.3362773134822, 813.1875035355421, 1308.5348977702693, 1228.8166509149398, 898.613403565445, 1083.9443671798977, 1222.034407393787, 1271.7239910018727, 1063.1516954520303], "(3, 0, 200.0)": [169.5803893485224, 88.59698526626534, 143.88975279555743, 59.863791123048365, 165.0196517078691, 92.10135696411311, 117.71057472351792, 82.73216026816564, 88.06309359349606], "(3, 1, 100.0)": [1547.6116165383087, 1539.901024589931, 1321.3162168116403, 1543.9612367343575, 1848.3605054758343, 1615.553645774258, 1398.6011485758586, 1452.5291837658963, 1416.3466067864758], "(4, 1, 100.0)": [137.62018690790728, 186.03817915302935, 139.52477350226312, 110.45618484161736, 318.88717801529367, 213.35716523059406, 131.01628567597837, 278.18505116248815, 139.7173650593184], "(4, 0, 100.0)": [173.63247850755457, 116.35208080619226, 114.86892749849211, 126.35033254249478, 127.90429030154618, 196.77773738069754, 134.7172085496154, 207.6732214299136, 194.74730496118065], "(2, 1, 0.0)": [100.14614098823937, 154.71702471747685, 195.2724993855132, 51.034896822270404, 204.88712918679764, 174.127067501341, 160.96339180840417, 133.30277923209488, 176.00642514371629], "(2, 0, 100.0)": [1197.6848249071506, 1130.8945541421947, 767.8977892434132, 1133.2741660756299, 938.7705959986359, 1124.850742763107, 967.5954413945841, 1348.5251330280316, 1087.2179790079467], "(2, 0, 200.0)": [74.09380782384576, 92.62889114271177, 103.74698207421596, 97.6251964766468, 55.175264913049254, 47.71104137477959, 76.67235668944217, 161.36907732104794, 75.62797797239708], "(2, 1, 100.0)": [1261.1552371322284, 974.7280126585035, 1551.5908454253274, 1321.2770465864867, 1004.1300017330274, 1185.588788753822, 1286.4140610299796, 1235.0337291581218, 985.2367574073934], "(1, 1, 0.0)": [166.93138638924088, 33.76885534979541, 104.99975791808339, 143.69252418222936, 121.93768985121172, 82.17316917535175, 66.19360691060487, 85.1546698206894, 213.43169807442885], "(1, 0, 100.0)": [1111.9921876309347, 853.8349004510118, 812.8260097453697, 874.4976805767972, 722.4958225738499, 1012.1773876144439, 1021.8680053516669, 1061.390041487477, 885.6777046552297], "(1, 0, 200.0)": [82.69426849434008, 155.50528841141607, 66.29648645706366, 63.03865315136032, 103.15591189071438, 98.36154168019644, 196.5643216179436, 133.61663069039733, 100.11731658092937], "(1, 1, 100.0)": [890.2581717542956, 1225.0710698336954, 1145.5804427605233, 643.56634283611, 912.902732446076, 879.2028128743049, 1087.0530261358326, 1030.4614486496732, 1029.3360643972142], "(0, 0, 100.0)": [738.8361364954766, 703.6849533010648, 747.6565857038017, 828.7774447990707, 1020.4563998595725, 674.2896772214739, 813.2231849585061, 920.5113952287803, 815.0728516833378], "(0, 1, 100.0)": [828.6044248167423, 667.513293992, 764.8705333275216, 851.7791623247471, 661.0473978950602, 734.486601834101, 997.6011800716424, 939.2664443944502, 684.3953661916378], "(0, 0, 200.0)": [48.61100470217601, 72.73118758491862, 45.56922729065286, 107.89506512929006, 47.67450222670015, 32.09961088607021, 208.47680860271524, 89.09058279437691, 93.98359917040081], "(0, 1, 200.0)": [61.622668675802245, 123.19660429360823, 182.0719401080636, 88.19799937963188, 111.51527362708802, 36.93994277575931, 35.94236634095309, 36.703893541145334, 98.48934791287479], "(3, 0, 0.0)": [54.80424321021744, 155.84065492571008, 46.65041930127081, 21.213269965826388, 45.14685239052991, 67.21109343287824, 36.19678310387107, 66.85495124154899, 93.59706793530843], "(3, 1, 200.0)": [47.57106535928895, 99.83388839010115, 78.14137646888938, 103.26945516654187, 77.40350704095776, 96.11873101187305, 92.03901646385522, 119.23896563159923, 39.754855471342424], "(4, 0, 0.0)": [1.3333333333333337, 48.95573007422036, 0.3333333333333333, 2.128888888888889, 0.5555555555555556, 1.2311111111111113, 0.7777777777777779, 0.8977777777777778, 6.875555555555555], "(5, 0, 100.0)": [0.8172889504428911, 0.0, 0.1111111111111111, 0.1111111111111111, 0.1111111111111111, 0.6368565302722016, 0.1111111111111111, 0.0, 0.0], "(5, 0, 0.0)": [0.5644444444444444, 0.0, 0.0, 0.0, 0.0, 0.0, 0.0, 0.0, 0.0], "(0, 0, 0.0)": [2.4959352827666255, 21.53747152521874, 1.8590787524944241, 14.882287085121913, 7.894310721883102, 7.117615984694337, 3.4363150099776956, 1.1111111111111114, 2.799458479705494], "(2, 1, 200.0)": [52.79537541569766, 46.60517426780086, 67.5996464055301, 28.018039431461457, 38.15354690425466, 57.17170406263577, 47.96005401958138, 42.595509788001145, 146.09128008702714], "(2, 0, 0.0)": [22.488705646348652, 75.71230085266554, 54.14655952407789, 63.16836792689519, 20.602088265295226, 31.462767465005218, 54.56558488215037, 41.45698662610151, 45.142745256869446], "(1, 1, 200.0)": [48.9790593049218, 55.46469071697688, 23.132111921979295, 17.441335821943824, 49.56504454072477, 55.94815644010345, 22.69265744720339, 66.37659575697093, 70.80489889992614], "(1, 0, 0.0)": [21.999347472582873, 30.841089670638148, 6.629744613058628, 12.429019209020112, 21.74365429827757, 12.500052110531902, 5.5492686160999565, 70.91114212312425, 5.463509119999996], "(0, 1, 0.0)": [131.18200610806537, 48.7127468300587, 117.96538920547648, 60.040343874960364, 111.95715300328995, 85.29746816370917, 58.00058162098305, 31.14732083016867, 74.95549732366007], "(4, 0, 200.0)": [1.636856530272202, 9.951129512310269, 9.506222837762245, 4.380266912882676, 29.852566087839786, 4.402172468310879, 18.26770102611199, 23.53649652607862, 8.406325289356346], "(4, 1, 200.0)": [1.1111111111111114, 42.762805930369574, 12.931315282150027, 3.9702227745903484, 5.547189240948541, 0.4444444444444444, 27.6708087553802, 15.690819760316407, 1.2222222222222225], "(4, 1, 0.0)": [52.111099457632925, 7.478433430755545, 4.965212219682458, 33.71897077596133, 91.58994001320495, 36.718599697051744, 84.27145523673602, 67.05315638859432, 60.24528915125916], "(5, 1, 100.0)": [0.6717470654909317, 0.0, 0.6717470654909317, 0.1111111111111111, 0.0, 0.0, 0.0, 0.0, 0.6717470654909317], "(5, 0, 200.0)": [0.6847458816974908, 0.0, 0.0, 0.0, 0.0, 0.0, 0.0, 0.0, 0.0], "(5, 1, 200.0)": [0.0, 0.0, 0.0, 0.0, 0.0, 0.0, 0.0, 0.0, 0.1111111111111111]}, "state_action_visits": {"(3, 1, 0.0)": 3093, "(3, 0, 100.0)": 19542, "(3, 0, 200.0)": 2026, "(3, 1, 100.0)": 26312, "(4, 1, 100.0)": 3214, "(4, 0, 100.0)": 2701, "(2, 1, 0.0)": 2598, "(2, 0, 100.0)": 18889, "(2, 0, 200.0)": 1653, "(2, 1, 100.0)": 20918, "(1, 1, 0.0)": 1902, "(1, 0, 100.0)": 16246, "(1, 0, 200.0)": 2012, "(1, 1, 100.0)": 17140, "(0, 0, 100.0)": 14123, "(0, 1, 100.0)": 14097, "(0, 0, 200.0)": 1507, "(0, 1, 200.0)": 1506, "(3, 0, 0.0)": 1205, "(3, 1, 200.0)": 1510, "(4, 0, 0.0)": 137, "(5, 0, 100.0)": 6, "(5, 0, 0.0)": 1, "(0, 0, 0.0)": 169, "(2, 1, 200.0)": 1044, "(2, 0, 0.0)": 835, "(1, 1, 200.0)": 828, "(1, 0, 0.0)": 391, "(0, 1, 0.0)": 1342, "(4, 0, 200.0)": 226, "(4, 1, 200.0)": 233, "(4, 1, 0.0)": 790, "(5, 1, 100.0)": 4, "(5, 0, 200.0)": 1, "(5, 1, 200.0)": 1}}, "meta": {"recent_avg_return": -104.33693181817809, "epsilon": 0.20554993075174754,