{"timestamp": 1764104762, "iso": "2025-11-25T21:06:02Z", "episode": 132, "games_in_episode": 1, "stats": {"total_messages": 4380, "total_updates": 4368, "total_reward": -117.80000000000372, "action_counts": [558, 239, 425, 276, 871, 618, 356, 375, 662], "state_visits": {"(3, 1, 100.0)": 813, "(3, 0, 100.0)": 357, "(3, 1, 0.0)": 101, "(3, 0, 200.0)": 5, "(4, 0, 100.0)": 40, "(4, 1, 100.0)": 60, "(2, 1, 100.0)": 846, "(2, 0, 100.0)": 310, "(2, 1, 0.0)": 44, "(2, 0, 200.0)": 40, "(1, 1, 100.0)": 659, "(1, 0, 100.0)": 221, "(1, 1, 200.0)": 68, "(1, 0, 200.0)": 65, "(0, 1, 100.0)": 548, "(0, 0, 200.0)": 63, "(0, 0, 100.0)": 37, "(0, 1, 200.0)": 91}, "state_action_prob_sums": {"(3, 1, 0.0)": [689.8002278080537, 710.2715797190706, 683.2185545700471, 578.9003167571235, 493.80510943172305, 797.6325757948357, 694.9457098480489, 530.8893973432766, 1094.071375545526], "(3, 0, 100.0)": [4334.158869396912, 4756.546003556117, 4266.771412775949, 4498.28835035316, 3997.3882615158477, 4738.170937549228, 4195.169521192514, 4383.994393715348, 4645.790871350351], "(3, 0, 200.0)": [554.386416625826, 424.49950063783456, 489.2709464529959, 201.86314330408845, 446.0253987315097, 706.8303509214219, 380.4045258501401, 456.4998355037263, 411.76208028084335], "(3, 1, 100.0)": [5937.8628955386885, 6806.774834495919, 5766.197793385091, 7113.031165565785, 7957.945721384671, 6222.424327866251, 7151.244484802848, 6710.753286024615, 6928.3484328061695], "(4, 1, 100.0)": [1082.3108175098987, 1283.070881180447, 932.8997359040384, 711.3969132042805, 790.8675716488634, 1703.0502431980535, 630.7907885243118, 1104.1920970066922, 764.2189962615284], "(4, 0, 100.0)": [565.0671946409037, 463.7310306358705, 921.1819032240934, 726.0551310528737, 553.7266083730536, 408.63932051118, 751.4899099598362, 444.7327422517428, 870.5956083211669], "(2, 1, 0.0)": [300.5626178423391, 549.049344244787, 662.6751060062948, 460.11396433168375, 864.1914303903475, 585.0934505138896, 822.2506607717726, 462.3257590831041, 577.5086339272333], "(2, 0, 100.0)": [4081.2744463050935, 4173.158773562859, 4239.691105230112, 4288.612799429972, 3041.0665164267425, 4090.946866823378, 4133.376910041948, 4751.042047882487, 3947.8688051862287], "(2, 0, 200.0)": [583.4365136593757, 444.197450455902, 314.3388278586808, 367.34988043295505, 491.9444047448865, 424.16911435547996, 382.9984437935461, 462.89301871495525, 494.1468577627635], "(2, 1, 100.0)": [5101.667953117624, 4733.035283533915, 6285.614891196763, 6593.581315440692, 4864.862223609721, 5232.554071757936, 5006.98510796884, 4596.173491054665, 4284.883410224114], "(1, 1, 0.0)": [549.3218246996416, 422.5721652336462, 382.38307052117904, 614.200053014726, 439.04662775451385, 386.7673831537086, 292.21956141365786, 387.49217835162216, 862.496204806254], "(1, 0, 100.0)": [3637.7425524048977, 3504.25103587301, 3402.5659441084294, 3219.7591959741167, 4127.636979317713, 4228.369097970611, 3514.3011761425096, 3826.015033078904, 2635.4060389363194], "(1, 0, 200.0)": [352.65655706128047, 410.3569621026825, 354.313718243306, 171.97425590288742, 290.7650048601158, 280.0421608990954, 752.6913764573397, 532.3344972987811, 442.50671375777114], "(1, 1, 100.0)": [4352.900120582664, 4017.0024748715514, 3820.2564490767627, 3889.196820178, 3852.8103323458827, 4364.154394794319, 4237.069269911706, 4791.553190480628, 4510.6980361198175], "(0, 0, 100.0)": [3034.5389269188763, 3100.721420788953, 2776.341603317051, 3337.4226541886796, 3062.1524662826932, 2237.9319509426978, 2301.4789098063875, 3213.3697036919093, 2934.0940624951063], "(0, 1, 100.0)": [3978.4287323496415, 3143.6464192223702, 3406.151957163198, 3116.682462957154, 3779.107525547947, 4314.366298930904, 4054.5599516038274, 4272.328540696577, 2994.999271634282], "(0, 0, 200.0)": [270.80211653451255, 608.6230896869763, 373.8666562954551, 241.45423943693453, 321.1423403801261, 135.0426449802309, 531.8498718628457, 486.535845319427, 195.85412262141568], "(0, 1, 200.0)": [552.1033207147804, 538.9116372987236, 432.68585707623, 227.79911682345684, 256.1119878373289, 318.0187179649899, 262.58561258858583, 75.96695258115653, 191.12747136358462], "(3, 0, 0.0)": [164.2301958611454, 391.43683773038333, 128.3217840287574, 283.00218845147907, 214.01546065018184, 254.33519866861454, 282.9768437786402, 164.8577679789171, 151.50570888001047], "(3, 1, 200.0)": [343.0236540311976, 297.5766400360252, 417.0546452636584, 285.0044749566866, 228.29727842128798, 497.46375203984576, 285.0856694440417, 249.31693186456425, 68.55704033410042], "(4, 0, 0.0)": [37.873256689209384, 142.97262126939614, 8.265192836421136, 2.128888888888889, 0.7777777777777779, 1.2311111111111113, 66.33959909903702, 28.17254470437044, 7.097777777777776], "(5, 0, 100.0)": [3.5711549385408805, 0.1111111111111111, 0.1111111111111111, 1.0783029985559862, 0.1111111111111111, 0.6368565302722016, 0.1111111111111111, 0.0, 0.0], "(5, 0, 0.0)": [0.5644444444444444, 0.0, 0.0, 0.9590273160599947, 0.0, 0.0, 0.0, 0.0, 0.0], "(0, 0, 0.0)": [9.899885803133209, 23.148662429640208, 157.17644376283596, 51.78538671116446, 8.672088499660877, 8.228727095805445, 198.65120839714726, 122.30083469870796, 119.68411330545717], "(2, 1, 200.0)": [272.7068558476485, 142.2185419544241, 250.68509352555932, 315.3936609066902, 139.7381730158814, 158.04109815151665, 227.0922761004935, 275.9028572943481, 454.70766636973656], "(2, 0, 0.0)": [24.266483424126424, 222.50117340455765, 372.0405227497023, 140.06778049403556, 247.9637077752869, 250.8081854641548, 187.62841769949122, 59.43054669616073, 226.35494524374496], "(1, 1, 200.0)": [306.6011713256407, 158.4900661381777, 328.04578711335057, 224.26476057781613, 308.8952025725638, 127.7054370830389, 456.9416229004072, 261.2614403318302, 307.0933118800312], "(1, 0, 0.0)": [96.70327950878823, 92.28828900386478, 111.54402865507349, 196.48740552457895, 69.23818578307922, 20.801225371864984, 146.0919763730173, 197.23811013374257, 161.49872648420595], "(0, 1, 0.0)": [498.6415690179131, 215.9974287656867, 425.30189360043823, 189.0819944312081, 623.9164989433646, 212.5526489218915, 166.84334693549235, 342.00308548748234, 421.76788254868825], "(4, 0, 200.0)": [1.9701898636055355, 32.40216524761611, 95.72150080951918, 63.864153311848284, 49.68862471595004, 96.29198477416367, 72.62012269985176, 23.75871874830084, 83.69779411007413], "(4, 1, 200.0)": [15.308194292526759, 77.71227457052909, 49.07892984779287, 5.901901007503458, 5.547189240948541, 0.5555555555555556, 27.89303097760242, 29.772612450595776, 1.2222222222222225], "(4, 1, 0.0)": [53.02100927618982, 99.24574316888511, 5.076323330793569, 84.89614283736984, 104.77312191744598, 36.94082191927397, 94.61379657419523, 132.76438925858992, 68.54558862938235], "(5, 1, 100.0)": [9.294759964319564, 0.0, 0.6717470654909317, 8.797388711222327, 0.0, 0.2222222222222222, 6.796091972169932, 0.0, 0.6717470654909317], "(5, 0, 200.0)": [0.6847458816974908, 0.0, 0.0, 1.7957255714105582, 0.0, 0.0, 3.5677820773374904, 0.0, 0.0], "(5, 1, 200.0)": [1.8721941467664875, 0.0, 0.0, 0.0, 0.0, 0.0, 0.0, 0.0, 0.1111111111111111]}, "state_action_visits": {"(3, 1, 0.0)": 8594, "(3, 0, 100.0)": 54890, "(3, 0, 200.0)": 5738, "(3, 1, 100.0)": 82116, "(4, 1, 100.0)": 11978, "(4, 0, 100.0)": 7815, "(2, 1, 0.0)": 7220, "(2, 0, 100.0)": 51083, "(2, 0, 200.0)": 5461, "(2, 1, 100.0)": 63496, "(1, 1, 0.0)": 5853, "(1, 0, 100.0)": 44422, "(1, 0, 200.0)": 5157, "(1, 1, 100.0)": 51525, "(0, 0, 100.0)": 36452, "(0, 1, 100.0)": 44881, "(0, 0, 200.0)": 4425, "(0, 1, 200.0)": 3955, "(3, 0, 0.0)": 2907, "(3, 1, 200.0)": 3800, "(4, 0, 0.0)": 401, "(5, 0, 100.0)": 11, "(5, 0, 0.0)": 2, "(0, 0, 0.0)": 895, "(2, 1, 200.0)": 3084, "(2, 0, 0.0)": 2411, "(1, 1, 200.0)": 3325, "(1, 0, 0.0)": 1449, "(0, 1, 0.0)": 4159, "(4, 0, 200.0)": 708, "(4, 1, 200.0)": 357, "(4, 1, 0.0)": 1062, "(5, 1, 100.0)": 33, "(5, 0, 200.0)": 7, "(5, 1, 200.0)": 3}}, "meta": {"recent_avg_return": -62.29199999999476, "epsilon": 0.035447525210184704,