{"timestamp": 1764100537, "iso": "2025-11-25T19:55:37Z", "episode": 2, "games_in_episode": 1, "stats": {"total_messages": 4207, "total_updates": 4194, "total_reward": 165.3500000000191, "action_counts": [381, 436, 510, 506, 441, 646, 399, 430, 458], "state_visits": {"(3, 1, 100.0)": 503, "(3, 0, 100.0)": 458, "(3, 0, 200.0)": 45, "(3, 0, 0.0)": 156, "(3, 1, 200.0)": 36, "(4, 0, 100.0)": 174, "(4, 1, 100.0)": 148, "(4, 0, 0.0)": 40, "(5, 0, 100.0)": 1, "(0, 0, 100.0)": 136, "(5, 0, 0.0)": 1, "(0, 0, 0.0)": 42, "(2, 1, 100.0)": 541, "(2, 0, 100.0)": 307, "(2, 1, 200.0)": 38, "(2, 0, 200.0)": 13, "(2, 0, 0.0)": 101, "(1, 1, 100.0)": 457, "(1, 0, 100.0)": 299, "(1, 1, 200.0)": 18, "(1, 0, 0.0)": 101, "(0, 1, 100.0)": 518, "(0, 1, 0.0)": 61}, "state_action_prob_sums": {"(3, 1, 0.0)": [0.8888888888888891, 2.2222222222222228, 0.6666666666666667, 0.3333333333333333, 1.0000000000000002, 0.8888888888888891, 0.3333333333333333, 0.7777777777777779, 22.333333333333346], "(3, 0, 100.0)": [60.231111111111375, 33.83111111111115, 56.502222222222414, 34.71555555555556, 32.41777777777776, 32.19999999999997, 48.635555555555634, 42.008888888888976, 62.33777777777804], "(3, 0, 200.0)": [11.231111111111106, 11.333333333333329, 2.0088888888888894, 2.333333333333334, 1.2222222222222225, 8.680000000000001, 1.2222222222222225, 8.839999999999998, 5.48], "(3, 1, 100.0)": [32.7111111111111, 39.23111111111115, 28.81777777777775, 25.942222222222195, 19.097777777777758, 28.3333333333333, 31.333333333333304, 34.97333333333333, 33.679999999999986], "(4, 1, 100.0)": [0.6666666666666667, 7.7644444444444405, 8.680000000000001, 5.395555555555553, 2.1111111111111116, 7.2088888888888905, 0.7777777777777779, 3.711111111111111, 13.639999999999993], "(4, 0, 100.0)": [2.9155555555555557, 8.43111111111111, 2.1200000000000006, 9.235555555555557, 3.137777777777778, 13.751111111111104, 4.488888888888888, 7.986666666666667, 39.64000000000007], "(2, 1, 0.0)": [0.6666666666666667, 0.4444444444444444, 0.6666666666666667, 0.6666666666666667, 0.5555555555555556, 0.1111111111111111, 31.88888888888893, 0.6666666666666667, 0.8888888888888891], "(2, 0, 100.0)": [39.22222222222233, 27.564444444444444, 47.52888888888907, 46.96000000000005, 13.666666666666655, 60.41333333333348, 54.11111111111127, 25.666666666666668, 14.444444444444422], "(2, 0, 200.0)": [6.44444444444444, 7.333333333333331, 13.999999999999995, 2.555555555555556, 2.1111111111111116, 4.6177777777777775, 4.8888888888888875, 2.777777777777778, 1.4444444444444449], "(2, 1, 100.0)": [40.05333333333351, 11.77333333333332, 39.755555555555624, 37.4977777777778, 14.133333333333326, 59.471111111111306, 9.377777777777766, 49.76888888888906, 6.462222222222219], "(1, 1, 0.0)": [0.0, 0.0, 0.0, 0.0, 0.0, 0.0, 0.0, 0.0, 0.1111111111111111], "(1, 0, 100.0)": [26.77777777777777, 36.68444444444459, 49.26222222222233, 35.96444444444447, 20.453333333333312, 39.302222222222234, 62.91555555555576, 18.999999999999993, 18.2622222222222], "(1, 0, 200.0)": [4.444444444444445, 5.999999999999999, 2.1111111111111116, 3.444444444444444, 1.3333333333333337, 3.666666666666667, 7.222222222222218, 8.222222222222221, 16.111111111111107], "(1, 1, 100.0)": [30.12444444444442, 37.27111111111116, 24.635555555555534, 19.59555555555553, 41.182222222222244, 22.06666666666664, 23.688888888888865, 44.09777777777788, 14.04888888888888], "(0, 0, 100.0)": [22.55555555555555, 24.671111111111095, 10.026666666666658, 9.231111111111101, 17.44444444444443, 14.271111111111104, 5.333333333333329, 86.08000000000028, 16.888888888888882], "(0, 1, 100.0)": [33.31999999999997, 20.5422222222222, 45.07555555555563, 28.95999999999997, 28.595555555555528, 31.111111111111082, 46.524444444444526, 48.04888888888909, 21.555555555555536], "(0, 0, 200.0)": [2.4444444444444446, 2.8888888888888893, 0.5555555555555556, 0.3333333333333333, 0.2222222222222222, 0.5555555555555556, 12.999999999999996, 12.33333333333333, 0.3333333333333333], "(0, 1, 200.0)": [0.6666666666666667, 0.3333333333333333, 13.333333333333329, 0.8888888888888891, 0.2222222222222222, 2.4444444444444446, 0.3333333333333333, 0.6666666666666667, 0.3333333333333333], "(3, 0, 0.0)": [5.071111111111111, 8.679999999999998, 2.128888888888889, 1.4444444444444449, 4.386666666666667, 1.9066666666666667, 1.675555555555556, 18.71999999999999, 7.319999999999997], "(3, 1, 200.0)": [0.7866666666666666, 0.3333333333333333, 0.1111111111111111, 0.0, 12.98222222222222, 0.1111111111111111, 0.2222222222222222, 0.2222222222222222, 0.1111111111111111], "(4, 0, 0.0)": [0.7777777777777779, 0.1111111111111111, 0.1111111111111111, 1.5733333333333333, 0.2222222222222222, 0.8977777777777778, 0.2222222222222222, 0.7866666666666666, 6.542222222222223], "(5, 0, 100.0)": [0.0, 0.0, 0.0, 0.1111111111111111, 0.0, 0.0, 0.0, 0.0, 0.0], "(5, 0, 0.0)": [0.5644444444444444, 0.0, 0.0, 0.0, 0.0, 0.0, 0.0, 0.0, 0.0], "(0, 0, 0.0)": [0.3333333333333333, 4.96, 0.4444444444444444, 1.12, 0.2222222222222222, 3.044444444444444, 0.4444444444444444, 0.3333333333333333, 0.2222222222222222], "(2, 1, 200.0)": [4.173333333333333, 0.2222222222222222, 0.7866666666666666, 5.866666666666667, 0.3333333333333333, 1.9155555555555552, 0.0, 0.3333333333333333, 0.1111111111111111], "(2, 0, 0.0)": [2.471111111111111, 1.9066666666666667, 7.8933333333333335, 2.471111111111111, 3.942222222222222, 3.4977777777777774, 0.8888888888888891, 10.15111111111111, 0.6666666666666667], "(1, 1, 200.0)": [0.6755555555555555, 0.2222222222222222, 0.1111111111111111, 0.1111111111111111, 0.5644444444444444, 2.0266666666666664, 0.1111111111111111, 0.3333333333333333, 0.1111111111111111], "(1, 0, 0.0)": [1.4533333333333336, 7.551111111111111, 5.293333333333331, 0.2222222222222222, 7.773333333333334, 2.36, 3.4977777777777774, 3.155555555555555, 2.582222222222222], "(0, 1, 0.0)": [0.6755555555555555, 0.6666666666666667, 0.1111111111111111, 1.3422222222222224, 18.173333333333325, 0.2222222222222222, 0.4444444444444444, 0.3333333333333333, 0.3333333333333333]}, "state_action_visits": {"(3, 1, 0.0)": 101, "(3, 0, 100.0)": 1158, "(3, 0, 200.0)": 153, "(3, 1, 100.0)": 807, "(4, 1, 100.0)": 156, "(4, 0, 100.0)": 266, "(2, 1, 0.0)": 101, "(2, 0, 100.0)": 977, "(2, 0, 200.0)": 151, "(2, 1, 100.0)": 846, "(1, 1, 0.0)": 1, "(1, 0, 100.0)": 914, "(1, 0, 200.0)": 157, "(1, 1, 100.0)": 764, "(0, 0, 100.0)": 621, "(0, 1, 100.0)": 904, "(0, 0, 200.0)": 82, "(0, 1, 200.0)": 57, "(3, 0, 0.0)": 156, "(3, 1, 200.0)": 36, "(4, 0, 0.0)": 40, "(5, 0, 100.0)": 1, "(5, 0, 0.0)": 1, "(0, 0, 0.0)": 43, "(2, 1, 200.0)": 38, "(2, 0, 0.0)": 101, "(1, 1, 200.0)": 18, "(1, 0, 0.0)": 101, "(0, 1, 0.0)": 62}}, "meta": {"recent_avg_return": -216.64999999998915, "epsilon": 0.49, "q_summary": {"(3, 1, 0.0)": [0.25794323873307234, 0.2471986882392489, 0.2218670017094765, 0.11170865569975849, 0.26591074445574336, 0.1396463868317514, 0.1736213973764495, 0.22755552099820814, 0.2683975811944055], "(3, 0, 100.0)": [4.572510343142174, 4.526174717941081, 4.614238428034793, 3.6924820721930356, 4.603477472725656, 4.553447341944417, 4.8894496065546385, 4.641245947302286, 4.561526295567042], "(3, 0, 200.0)": [5.271614598852836, 5.558843941973128, 4.62198254340582, 5.741140788562896, 4.3026732423497585, 6.209669097592139, 6.8199704845964, 7.076605874025175, 2.7354494672232144], "(3, 1, 100.0)": [8.986729679460911, 6.6990149278965045, 6.869362948000088, 6.591636038932981, 6.7422328066733375, 6.935449304815284, 6.810072157893341, 6.864044286120329, 6.619692376222465], "(4, 1, 100.0)": [0.8621219532111242, 0.8480384511694179, 1.0850881617607055, 1.0564250498824883, 4.5139472681129025, 1.0656127222032792, 0.9890938903029016, 0.677621485833428, 0.737684992313592], "(4, 0, 100.0)": [9.091788406013208, 7.1073776010295635, 4.838677879978197, 9.769470545150098, 4.838905887543448, 4.839565524007348, 7.107572098797678, 7.188233806664776, 8.241475344953566],