{"timestamp": 1764103395, "iso": "2025-11-25T20:43:15Z", "episode": 89, "games_in_episode": 1, "stats": {"total_messages": 3893, "total_updates": 3881, "total_reward": -97.97499999999982, "action_counts": [544, 278, 275, 514, 304, 327, 583, 656, 412], "state_visits": {"(3, 1, 100.0)": 845, "(3, 0, 100.0)": 300, "(3, 0, 200.0)": 83, "(4, 1, 100.0)": 83, "(4, 0, 200.0)": 12, "(4, 0, 100.0)": 87, "(3, 1, 200.0)": 3, "(2, 1, 100.0)": 727, "(2, 0, 100.0)": 244, "(1, 1, 100.0)": 562, "(1, 0, 100.0)": 147, "(2, 0, 200.0)": 59, "(0, 1, 100.0)": 546, "(0, 0, 100.0)": 100, "(1, 0, 200.0)": 15, "(1, 1, 200.0)": 34, "(0, 1, 200.0)": 34}, "state_action_prob_sums": {"(3, 1, 0.0)": [358.5462582192329, 281.80601010365007, 346.8269292579669, 331.1916374777041, 263.10411467280943, 546.8668143395156, 246.86666580037272, 432.1178112445085, 649.640432226345], "(3, 0, 100.0)": [2480.1511360482064, 2658.962303653242, 3135.113714372389, 3158.8323659674243, 2538.1308759447775, 2637.889186802846, 2245.3047910257565, 2763.7577831493763, 2520.891597017427], "(3, 0, 200.0)": [314.01802731409674, 296.1372460150364, 338.4458247200208, 195.69023100907262, 373.7823777151972, 335.7434365794519, 278.5733029065033, 398.19520913947446, 224.32106043945888], "(3, 1, 100.0)": [3764.8872295292613, 3967.895838496336, 3356.2447048561285, 4171.14700433868, 4221.387894912103, 3904.029641937041, 3941.6133976594515, 3524.290753311082, 3975.2348826376833], "(4, 1, 100.0)": [617.6943340128527, 663.8027511923798, 563.6878549122821, 441.38766891512137, 461.6574768176882, 767.694414007772, 489.6678792195076, 692.2606797234362, 429.1703043346462], "(4, 0, 100.0)": [333.08304856402594, 240.1486271923552, 377.1951113967024, 416.82207244188845, 375.8068020545851, 308.3002383617372, 526.876166577905, 361.62019229073536, 567.5251587283221], "(2, 1, 0.0)": [234.0514002314148, 294.28071164105444, 257.1781985778513, 286.6947205016104, 448.70352792997363, 323.0275023833048, 421.9720434155887, 372.1380622439691, 373.5856166951066], "(2, 0, 100.0)": [2785.5114623594886, 2856.0620168668925, 2642.568731310689, 2569.3244603123135, 2015.5565314510557, 2664.687387363262, 2582.1240412831926, 2526.4224650223996, 2161.114312007047], "(2, 0, 200.0)": [278.62046690413666, 313.7006276354341, 218.47478316036134, 177.23533047054934, 315.32894039853437, 211.503323934926, 220.66723146025802, 310.4406248303144, 306.92653238365995], "(2, 1, 100.0)": [2561.151652699146, 2868.427285740043, 3485.9003204732403, 3752.860010383463, 2830.9013521059587, 2738.5340388958734, 2628.195406890116, 3145.338186140979, 2543.223253404649], "(1, 1, 0.0)": [401.3499817612821, 332.0250098358395, 165.09206663039325, 520.2122407909458, 221.9486980168635, 307.4535857731471, 188.92376471182678, 247.80803633648887, 470.06498621910424], "(1, 0, 100.0)": [2430.4328593108803, 2146.9649245538935, 2062.554049218692, 1765.712354292647, 2392.509463443601, 2717.3026063030975, 1998.788759637324, 2234.374550896329, 1800.1256247648248], "(1, 0, 200.0)": [213.8452966774044, 336.3115358885774, 119.31727394592829, 137.89675631619968, 131.8298786312, 215.524296253727, 683.1657003421444, 443.1138961351237, 286.87125306286913], "(1, 1, 100.0)": [2240.562551122303, 2228.1622395140043, 2712.9930603174116, 2013.8578099324764, 2255.8091864527846, 2504.7990057875, 2426.6650531617393, 2736.079558426281, 2405.760622140147], "(0, 0, 100.0)": [1393.157594067753, 2049.5219832627577, 1702.0849197946354, 1904.8263195897855, 2219.87747153604, 1638.7426842731704, 1781.6229611771846, 1812.4514559219158, 1582.8944804328792], "(0, 1, 100.0)": [2510.4541716368262, 1772.036853070037, 2197.7490166674315, 2141.32239384519, 2107.896150049736, 2197.615728788755, 2220.271651839988, 1881.3433576656114, 1783.146327456434], "(0, 0, 200.0)": [207.47463067060303, 380.5160033621009, 121.10063514081277, 135.64122136672103, 177.83530501967056, 116.4720720918988, 448.58360039705985, 475.1855453881984, 158.7377262374717], "(0, 1, 200.0)": [347.3587896107547, 271.13278548074885, 304.68596950508186, 145.5025296176234, 150.4504527034197, 159.10529975055752, 112.47649730971281, 55.91004764651365, 182.72792086975454], "(3, 0, 0.0)": [164.00797363892318, 215.51036870238516, 124.09924263329374, 228.73013588765235, 84.1415999279671, 216.83984193779096, 170.41638850893762, 138.72237442638612, 106.28588279364756], "(3, 1, 200.0)": [214.71681687967808, 143.48865453499045, 251.19666576467174, 181.83927227012867, 141.48903976524477, 300.0477078301695, 252.44085786420482, 192.82628699553888, 47.79045381731589], "(4, 0, 0.0)": [35.04308045118448, 74.8261693345762, 0.3333333333333333, 2.128888888888889, 0.7777777777777779, 1.2311111111111113, 3.6131026191651063, 19.17031375739701, 7.097777777777776], "(5, 0, 100.0)": [3.5711549385408805, 0.0, 0.1111111111111111, 0.1111111111111111, 0.1111111111111111, 0.6368565302722016, 0.1111111111111111, 0.0, 0.0], "(5, 0, 0.0)": [0.5644444444444444, 0.0, 0.0, 0.0, 0.0, 0.0, 0.0, 0.0, 0.0], "(0, 0, 0.0)": [2.829268616099959, 21.759693747440963, 2.081300974716646, 51.45205337783112, 8.005421832994212, 7.673171540249891, 43.348584527356714, 1.3333333333333337, 89.93041133400338], "(2, 1, 200.0)": [100.83674091137193, 96.01858941264277, 82.49204769060296, 213.56529676321085, 41.47855794431999, 80.06472224483184, 194.74631697250027, 152.99474009819772, 363.6894495183839], "(2, 0, 0.0)": [23.59981675745976, 138.21917060559443, 178.21527241532507, 130.03306288899108, 120.3017119631738, 234.10385344868033, 130.53218090808767, 59.09721336282739, 214.40217300658048], "(1, 1, 200.0)": [177.22616485415318, 157.60117724928878, 178.71003502955574, 121.43823598653319, 169.219629023158, 75.54645019071974, 142.16638659467782, 177.87523717139786, 207.10917615568903], "(1, 0, 0.0)": [93.9220797257636, 69.46412361638633, 23.565992033212527, 36.13328753217254, 31.104497305620235, 13.61116322164301, 6.215935282766621, 177.18087891866972, 96.77709827123647], "(0, 1, 0.0)": [376.5799845806954, 173.6066943603164, 194.17221313048591, 158.19427358863663, 297.46788433037113, 171.38008601700582, 161.27043257741454, 156.43825745737766, 310.6600107758901], "(4, 0, 200.0)": [1.9701898636055355, 13.267267965399737, 91.93896579752034, 4.713600246216008, 49.3552913826167, 45.0913700065053, 29.496230690664504, 23.64760763718973, 60.69409397603789], "(4, 1, 200.0)": [2.265387615878478, 43.20725037481403, 48.04142897410648, 3.9702227745903484, 5.547189240948541, 0.5555555555555556, 27.89303097760242, 24.832305757201897, 1.2222222222222225], "(4, 1, 0.0)": [53.02100927618982, 7.478433430755545, 4.965212219682458, 84.89614283736984, 104.43978858411263, 36.94082191927397, 94.50268546308412, 68.18528842937344, 68.43447751827124], "(5, 1, 100.0)": [9.294759964319564, 0.0, 0.6717470654909317, 0.1111111111111111, 0.0, 0.1111111111111111, 0.0, 0.0, 0.6717470654909317], "(5, 0, 200.0)": [0.6847458816974908, 0.0, 0.0, 1.7957255714105582, 0.0, 0.0, 3.5677820773374904, 0.0, 0.0], "(5, 1, 200.0)": [0.0, 0.0, 0.0, 0.0, 0.0, 0.0, 0.0, 0.0, 0.1111111111111111]}, "state_action_visits": {"(3, 1, 0.0)": 5475, "(3, 0, 100.0)": 37562, "(3, 0, 200.0)": 4273, "(3, 1, 100.0)": 53614, "(4, 1, 100.0)": 7696, "(4, 0, 100.0)": 5383, "(2, 1, 0.0)": 4709, "(2, 0, 100.0)": 35637, "(2, 0, 200.0)": 3675, "(2, 1, 100.0)": 41203, "(1, 1, 0.0)": 4207, "(1, 0, 100.0)": 30579, "(1, 0, 200.0)": 4034, "(1, 1, 100.0)": 33497, "(0, 0, 100.0)": 25515, "(0, 1, 100.0)": 29065, "(0, 0, 200.0)": 3386, "(0, 1, 200.0)": 2699, "(3, 0, 0.0)": 2260, "(3, 1, 200.0)": 2745, "(4, 0, 0.0)": 236, "(5, 0, 100.0)": 9, "(5, 0, 0.0)": 1, "(0, 0, 0.0)": 373, "(2, 1, 200.0)": 2074, "(2, 0, 0.0)": 1851, "(1, 1, 200.0)": 2120, "(1, 0, 0.0)": 846, "(0, 1, 0.0)": 2942, "(4, 0, 200.0)": 486, "(4, 1, 200.0)": 297, "(4, 1, 0.0)": 891, "(5, 1, 100.0)": 15, "(5, 0, 200.0)": 7, "(5, 1, 200.0)": 1}}, "meta": {"recent_avg_return": -113.3569999999947, "epsilon": 0.08450154806409646,