{"timestamp": 1764101218, "iso": "2025-11-25T20:06:58Z", "episode": 23, "games_in_episode": 1, "stats": {"total_messages": 5267, "total_updates": 5255, "total_reward": 50.87500000000799, "action_counts": [430, 732, 475, 500, 618, 662, 624, 581, 645], "state_visits": {"(3, 0, 0.0)": 119, "(3, 1, 100.0)": 298, "(3, 1, 0.0)": 143, "(3, 0, 100.0)": 620, "(3, 0, 200.0)": 106, "(4, 0, 200.0)": 6, "(4, 0, 100.0)": 94, "(4, 0, 0.0)": 97, "(2, 1, 100.0)": 171, "(2, 1, 0.0)": 287, "(2, 0, 100.0)": 970, "(2, 0, 200.0)": 38, "(2, 0, 0.0)": 6, "(1, 1, 0.0)": 282, "(1, 1, 100.0)": 350, "(1, 0, 100.0)": 537, "(1, 0, 200.0)": 68, "(0, 1, 0.0)": 154, "(0, 1, 100.0)": 417, "(0, 0, 100.0)": 396, "(0, 0, 200.0)": 42, "(0, 1, 200.0)": 54}, "state_action_prob_sums": {"(3, 1, 0.0)": [48.16420576150042, 64.39128196894114, 106.79992189561003, 80.38599830685013, 56.85290739711339, 83.65843051605455, 47.58682195009522, 79.59569500932149, 143.020823424106], "(3, 0, 100.0)": [494.0518985131638, 420.46697028897495, 503.19065223815625, 504.9113014099874, 356.85534051070385, 578.504740733896, 572.5022977448652, 536.927170850742, 584.9887693731145], "(3, 0, 200.0)": [29.275688632182305, 30.080062513596513, 50.49248523376377, 45.471052738867606, 97.20411755696986, 58.89864200192974, 68.36664782290241, 74.85393197444876, 52.749741344590795], "(3, 1, 100.0)": [572.982042866651, 788.532303894401, 618.3885467724008, 641.3630667271635, 652.9183242040735, 597.0805025038412, 588.633464074378, 461.65944853219696, 542.168156990187], "(4, 1, 100.0)": [46.11149988842982, 47.793572412665334, 50.66502790370669, 61.79420304512556, 126.1880445121136, 100.70661050401019, 51.89761308541043, 96.64791071471437, 70.37253667106187], "(4, 0, 100.0)": [69.50934974757145, 71.99423965345497, 34.64113634616235, 59.17080429154894, 86.08767543978269, 80.8734638971597, 63.800002589679956, 82.41654378039703, 80.73126963015105], "(2, 1, 0.0)": [54.840017187826284, 67.37535053848735, 91.86255206178434, 36.71530698782801, 68.94655650852714, 106.14691407086579, 120.68992580530801, 81.3600440301642, 97.12342410373375], "(2, 0, 100.0)": [574.0550486052279, 421.1779218219061, 353.2490246127346, 434.1829148555904, 362.88171114459186, 588.9684283004682, 510.99043931765544, 598.7354899401415, 469.4879060053392], "(2, 0, 200.0)": [51.76174434157998, 25.02206961894257, 44.41697462589304, 41.43337204743472, 28.22116585257122, 40.71940768938655, 62.97523845310299, 75.33597026770374, 51.056266891271655], "(2, 1, 100.0)": [510.11115767059744, 427.2130088292361, 559.80752934817, 566.2566575263018, 446.3068487764246, 466.9742250072009, 565.6960307369582, 626.0932116722621, 427.8402892529048], "(1, 1, 0.0)": [69.21547268570589, 25.08815669878378, 45.26438195282229, 97.29982232023607, 46.04346294501599, 44.59931060674181, 42.41398772522858, 71.71850070732135, 81.95580218067616], "(1, 0, 100.0)": [491.22279379836186, 355.7037595909822, 414.00159752343865, 330.59584362611986, 343.0741340577575, 491.2860069855125, 440.68195385516486, 428.80044056680333, 394.4804173126309], "(1, 0, 200.0)": [32.608942680954236, 49.34588871991684, 34.70982909764686, 40.28502439580077, 37.37501377767482, 60.608364354193576, 96.76335307661084, 44.83368348083814, 86.0300083651221], "(1, 1, 100.0)": [452.56452600739283, 490.11568995330924, 357.2340783931468, 315.16956819292545, 392.26920589183493, 488.3696182818399, 470.8228337372525, 448.2898934564676, 362.13603887810405], "(0, 0, 100.0)": [393.3963811912985, 412.54769728117327, 307.1669351809743, 332.21993026324975, 332.0809354454861, 294.6273161170742, 336.92105069372553, 415.3336153231412, 336.3738547109671], "(0, 1, 100.0)": [365.61646142620424, 253.63489612734986, 380.1787831895809, 423.2176477871908, 340.5113435024771, 438.51719598893277, 460.1419039065372, 349.38504421713594, 322.0581348986109], "(0, 0, 200.0)": [40.62215978831866, 17.730427657565624, 24.17359488603204, 19.34153857714358, 17.924221489115727, 14.905954619117777, 141.30242140295042, 73.32374012710906, 45.47825297658713], "(0, 1, 200.0)": [9.107363000675642, 47.459980851734066, 34.21339192533093, 31.178376217057764, 64.51374701456646, 27.50739977896675, 12.187513872826315, 11.196958674545268, 14.345841564758855], "(3, 0, 0.0)": [21.975792142222208, 65.4086791190643, 14.51592158611366, 17.280918709638566, 17.434034124048093, 47.04763400469714, 28.838826199402018, 37.185303667112024, 44.415877577396095], "(3, 1, 200.0)": [34.24945109653738, 16.67879426315215, 28.77448077278544, 61.24894805382669, 60.003557831785024, 47.72305176890527, 34.31418639469209, 54.45217588376432, 16.930325210814242], "(4, 0, 0.0)": [1.3333333333333337, 48.95573007422036, 0.3333333333333333, 2.128888888888889, 0.5555555555555556, 1.2311111111111113, 0.7777777777777779, 0.8977777777777778, 6.875555555555555], "(5, 0, 100.0)": [0.0, 0.0, 0.1111111111111111, 0.1111111111111111, 0.0, 0.6368565302722016, 0.1111111111111111, 0.0, 0.0], "(5, 0, 0.0)": [0.5644444444444444, 0.0, 0.0, 0.0, 0.0, 0.0, 0.0, 0.0, 0.0], "(0, 0, 0.0)": [2.3848241716555143, 15.179514620749682, 1.747967641383313, 5.911329045238743, 7.67208849966088, 6.895393762472116, 3.3252038988665844, 1.0000000000000002, 2.799458479705494], "(2, 1, 200.0)": [22.607234494073115, 14.839340790531889, 19.586272992858195, 11.099042152443872, 18.361843834968134, 10.408209777777769, 12.165366266423051, 33.495690628604954, 98.65454267731933], "(2, 0, 0.0)": [21.266483424126434, 29.501794824190814, 20.507332082493225, 21.776021782132997, 7.490175786666661, 6.677894968888884, 7.464065119836462, 30.218837378040202, 33.038293610149466], "(1, 1, 200.0)": [33.12096801406755, 16.035949707597272, 13.128368258577845, 7.050813668954309, 20.597567948954932, 38.369951918462405, 10.20618441451998, 25.109946320552876, 26.329615715083648], "(1, 0, 0.0)": [12.806167210477481, 30.174423003971484, 5.626666666666663, 0.5555555555555556, 21.521432076055348, 8.04021793412763, 4.993713060544403, 3.5999999999999996, 5.019064675555553], "(0, 1, 0.0)": [69.42497670389264, 24.780660262444478, 64.65283563033215, 12.240993217830118, 80.23404193246401, 11.820278855004274, 18.753572800482846, 26.135553063480693, 13.683581087535938], "(4, 0, 200.0)": [0.970189863605535, 9.395573956754715, 0.6666666666666667, 0.7777777777777779, 0.8888888888888891, 4.068839134977547, 17.934367692778657, 4.464065119836461, 5.62112510469434], "(4, 1, 200.0)": [0.6666666666666667, 42.42947259703623, 0.7777777777777779, 3.0216807019277163, 0.4444444444444444, 0.2222222222222222, 0.5555555555555556, 3.848609926118401, 0.4444444444444444], "(4, 1, 0.0)": [5.608906292536909, 5.700655652977773, 3.4250231676801444, 1.3333333333333337, 14.439027894969753, 34.051933030385, 2.0000000000000004, 49.52014436273034, 21.634368056336147], "(5, 1, 100.0)": [0.6717470654909317, 0.0, 0.6717470654909317, 0.1111111111111111, 0.0, 0.0, 0.0, 0.0, 0.6717470654909317], "(5, 0, 200.0)": [0.6847458816974908, 0.0, 0.0, 0.0, 0.0, 0.0, 0.0, 0.0, 0.0]}, "state_action_visits": {"(3, 1, 0.0)": 1697, "(3, 0, 100.0)": 10591, "(3, 0, 200.0)": 1178, "(3, 1, 100.0)": 12572, "(4, 1, 100.0)": 1579, "(4, 0, 100.0)": 1495, "(2, 1, 0.0)": 1608, "(2, 0, 100.0)": 10006, "(2, 0, 200.0)": 1039, "(2, 1, 100.0)": 10633, "(1, 1, 0.0)": 1121, "(1, 0, 100.0)": 8575, "(1, 0, 200.0)": 1140, "(1, 1, 100.0)": 8720, "(0, 0, 100.0)": 7370, "(0, 1, 100.0)": 7765, "(0, 0, 200.0)": 928, "(0, 1, 200.0)": 601, "(3, 0, 0.0)": 702, "(3, 1, 200.0)": 844, "(4, 0, 0.0)": 137, "(5, 0, 100.0)": 4, "(5, 0, 0.0)": 1, "(0, 0, 0.0)": 138, "(2, 1, 200.0)": 554, "(2, 0, 0.0)": 453, "(1, 1, 200.0)": 455, "(1, 0, 0.0)": 232, "(0, 1, 0.0)": 694, "(4, 0, 200.0)": 112, "(4, 1, 200.0)": 128, "(4, 1, 0.0)": 326, "(5, 1, 100.0)": 4, "(5, 0, 200.0)": 1}}, "meta": {"recent_avg_return": -107.71818181817761, "epsilon": 0.3205853480367962, "q_summary": {"(3, 1, 0.0)": [14.026299554152963, 15.786946372066245, 13.682520700664252, 13.570323735570021, 13.244869015622982, 13.548814287939692, 15.826620065442823, 13.442577249148318, 14.583828094473361],