{"timestamp": 1764104825, "iso": "2025-11-25T21:07:05Z", "episode": 134, "games_in_episode": 1, "stats": {"total_messages": 3698, "total_updates": 3686, "total_reward": -129.34999999999886, "action_counts": [619, 253, 309, 975, 276, 443, 186, 228, 409], "state_visits": {"(3, 0, 200.0)": 39, "(3, 1, 100.0)": 637, "(3, 1, 0.0)": 192, "(3, 0, 100.0)": 422, "(3, 1, 200.0)": 3, "(2, 0, 100.0)": 416, "(2, 1, 100.0)": 401, "(2, 1, 0.0)": 164, "(2, 0, 200.0)": 79, "(1, 0, 100.0)": 352, "(1, 1, 100.0)": 218, "(1, 1, 0.0)": 105, "(1, 0, 200.0)": 52, "(0, 0, 100.0)": 292, "(0, 1, 100.0)": 106, "(0, 1, 0.0)": 100, "(0, 0, 200.0)": 108}, "state_action_prob_sums": {"(3, 1, 0.0)": [689.8002278080537, 734.7372729810289, 683.6629990144914, 578.9003167571235, 494.0273316539452, 863.5748170229181, 697.8549263728172, 615.2566765615585, 1094.1824866566371], "(3, 0, 100.0)": [4422.619297733198, 4801.352127079648, 4295.325932133256, 4737.373105229334, 4091.6751513722356, 4838.212650265003, 4276.9183045677055, 4562.534929052265, 4646.235315794796], "(3, 0, 200.0)": [554.386416625826, 424.61061174894564, 497.99736087797805, 201.86314330408845, 446.0253987315097, 733.9830384859264, 380.5156369612512, 456.4998355037263, 411.9843025030655], "(3, 1, 100.0)": [5938.196228872022, 6857.724695931715, 5834.702948736697, 7613.811446297593, 8028.313827489423, 6249.0350465177435, 7264.031086855533, 6945.02079067254, 7077.068431090551], "(4, 1, 100.0)": [1082.3108175098987, 1295.780568761621, 932.8997359040384, 711.3969132042805, 790.9786827599745, 1703.0502431980535, 630.7907885243118, 1104.1920970066922, 764.2189962615284], "(4, 0, 100.0)": [660.0410787998504, 463.7310306358705, 921.1819032240934, 726.0551310528737, 555.6648509069097, 408.63932051118, 751.4899099598362, 444.7327422517428, 870.5956083211669], "(2, 1, 0.0)": [300.78484006456125, 695.4737335781792, 662.6751060062948, 475.6297857971149, 864.3025415014586, 585.2045616250007, 822.4728829939947, 462.4368701942152, 577.5086339272333], "(2, 0, 100.0)": [4267.398223401495, 4174.684067960005, 4281.6966530413365, 4448.828961446606, 3329.146163361038, 4174.455518311209, 4133.932465597504, 4796.729649398994, 3948.313249630674], "(2, 0, 200.0)": [583.4365136593757, 444.197450455902, 314.3388278586808, 370.2590969577234, 492.914143586476, 495.929788633099, 383.10955490465716, 462.89301871495525, 494.1468577627635], "(2, 1, 100.0)": [5200.899826501226, 4807.132944264865, 6392.241698395968, 6593.914648774026, 4887.7217725218425, 5241.726165776689, 5009.256683836029, 4627.296482707462, 4747.527782563058], "(1, 1, 0.0)": [549.4329358107527, 463.301196580403, 382.4941816322901, 614.3111641258371, 439.04662775451385, 386.7673831537086, 292.21956141365786, 401.0685221338744, 907.1041915193686], "(1, 0, 100.0)": [3849.2567309824835, 3514.2755818756254, 3482.5289735632, 3219.870307085228, 4257.7344203761495, 4248.8323732618655, 3526.382486686027, 4074.443410745842, 2638.6485887944214], "(1, 0, 200.0)": [352.65655706128047, 410.3569621026825, 354.313718243306, 222.40067566553864, 290.7650048601158, 280.0421608990954, 752.6913764573397, 532.3344972987811, 442.50671375777114], "(1, 1, 100.0)": [4378.22444157511, 4050.4100114594385, 3957.2118479630813, 3918.4939155573893, 3853.1436656792166, 4374.290051908041, 4376.74434222966, 4853.910284897333, 4590.499313341222], "(0, 0, 100.0)": [3038.528993396345, 3101.054754122287, 2830.9469627476833, 3480.06314232562, 3140.8735111260953, 2400.3227819325616, 2301.8122431397214, 3213.8141481363546, 2968.568862393148], "(0, 1, 100.0)": [4279.144627808347, 3167.874450895574, 3530.532812663334, 3157.496667279247, 3779.3297477701694, 4319.211905265543, 4056.609305248795, 4311.093391373684, 2995.7770494120614], "(0, 0, 200.0)": [282.4389826335859, 608.7342007980874, 382.5943058697601, 241.45423943693453, 334.8297952734894, 135.0426449802309, 599.842701885218, 486.64695643053807, 195.85412262141568], "(0, 1, 200.0)": [552.1033207147804, 538.9116372987236, 432.68585707623, 227.79911682345684, 262.8958367058251, 318.129829076101, 263.55473385551386, 76.93607384808455, 191.12747136358462], "(3, 0, 0.0)": [164.2301958611454, 391.43683773038333, 128.3217840287574, 283.00218845147907, 214.01546065018184, 254.33519866861454, 282.9768437786402, 164.8577679789171, 171.85725548549905], "(3, 1, 200.0)": [368.2226596953106, 297.5766400360252, 417.0546452636584, 285.0044749566866, 228.4083895323991, 497.46375203984576, 285.0856694440417, 249.31693186456425, 68.55704033410042], "(4, 0, 0.0)": [37.873256689209384, 142.97262126939614, 8.265192836421136, 2.128888888888889, 0.7777777777777779, 1.2311111111111113, 66.33959909903702, 28.17254470437044, 7.097777777777776], "(5, 0, 100.0)": [3.5711549385408805, 0.1111111111111111, 0.1111111111111111, 1.0783029985559862, 0.1111111111111111, 0.6368565302722016, 0.1111111111111111, 0.0, 0.0], "(5, 0, 0.0)": [0.5644444444444444, 0.0, 0.0, 0.9590273160599947, 0.0, 0.0, 0.0, 0.0, 0.0], "(0, 0, 0.0)": [9.899885803133209, 23.148662429640208, 157.17644376283596, 51.78538671116446, 28.054513838221215, 8.228727095805445, 198.65120839714726, 122.41194580981907, 119.68411330545717], "(2, 1, 200.0)": [272.7068558476485, 142.3296530655352, 261.3454274617676, 315.3936609066902, 139.7381730158814, 158.04109815151665, 227.0922761004935, 275.9028572943481, 454.70766636973656], "(2, 0, 0.0)": [24.266483424126424, 222.50117340455765, 373.1207551277414, 143.94426556174767, 247.9637077752869, 250.91929657526592, 204.1034792372677, 79.78209330164901, 226.35494524374496], "(1, 1, 200.0)": [306.6011713256407, 158.4900661381777, 328.04578711335057, 224.26476057781613, 308.8952025725638, 127.7054370830389, 456.9416229004072, 261.2614403318302, 307.0933118800312], "(1, 0, 0.0)": [101.5488858434283, 102.94862294007292, 111.54402865507349, 196.59851663569006, 69.23818578307922, 20.912336482976094, 225.55992026111556, 197.34922124485368, 161.49872648420595], "(0, 1, 0.0)": [498.7526801290242, 283.8359174506486, 425.5241158226604, 189.30421665343033, 624.1387211655867, 212.5526489218915, 171.6889532701325, 343.9413280213384, 515.8319326082031], "(4, 0, 200.0)": [1.9701898636055355, 32.40216524761611, 95.72150080951918, 63.864153311848284, 49.68862471595004, 96.29198477416367, 72.62012269985176, 23.75871874830084, 83.69779411007413], "(4, 1, 200.0)": [15.308194292526759, 77.71227457052909, 49.07892984779287, 5.901901007503458, 5.547189240948541, 0.5555555555555556, 27.89303097760242, 29.772612450595776, 1.2222222222222225], "(4, 1, 0.0)": [53.02100927618982, 99.24574316888511, 5.076323330793569, 84.89614283736984, 104.77312191744598, 36.94082191927397, 94.61379657419523, 132.76438925858992, 68.54558862938235], "(5, 1, 100.0)": [9.294759964319564, 0.0, 0.6717470654909317, 8.797388711222327, 0.0, 0.2222222222222222, 7.765213239097949, 0.0, 0.6717470654909317], "(5, 0, 200.0)": [0.6847458816974908, 0.0, 0.0, 1.7957255714105582, 0.0, 0.0, 3.5677820773374904, 0.0, 0.0], "(5, 1, 200.0)": [1.8721941467664875, 0.0, 0.0, 0.0, 0.0, 0.0, 0.0, 0.0, 0.1111111111111111]}, "state_action_visits": {"(3, 1, 0.0)": 8786, "(3, 0, 100.0)": 55796, "(3, 0, 200.0)": 5779, "(3, 1, 100.0)": 83403, "(4, 1, 100.0)": 11993, "(4, 0, 100.0)": 7915, "(2, 1, 0.0)": 7394, "(2, 0, 100.0)": 51937, "(2, 0, 200.0)": 5540, "(2, 1, 100.0)": 64352, "(1, 1, 0.0)": 5958, "(1, 0, 100.0)": 45180, "(1, 0, 200.0)": 5209, "(1, 1, 100.0)": 52079, "(0, 0, 100.0)": 36968, "(0, 1, 100.0)": 45449, "(0, 0, 200.0)": 4534, "(0, 1, 200.0)": 3965, "(3, 0, 0.0)": 2928, "(3, 1, 200.0)": 3827, "(4, 0, 0.0)": 401, "(5, 0, 100.0)": 11, "(5, 0, 0.0)": 2, "(0, 0, 0.0)": 916, "(2, 1, 200.0)": 3096, "(2, 0, 0.0)": 2456, "(1, 1, 200.0)": 3325, "(1, 0, 0.0)": 1550, "(0, 1, 0.0)": 4340, "(4, 0, 200.0)": 708, "(4, 1, 200.0)": 357, "(4, 1, 0.0)": 1062, "(5, 1, 100.0)": 34, "(5, 0, 200.0)": 7, "(5, 1, 200.0)": 3}}, "meta": {"recent_avg_return": -66.44749999999487, "epsilon": 0.03404380321186139,