{"timestamp": 1764100847, "iso": "2025-11-25T20:00:47Z", "episode": 12, "games_in_episode": 1, "stats": {"total_messages": 2950, "total_updates": 2938, "total_reward": -113.54999999999455, "action_counts": [349, 259, 327, 329, 344, 395, 315, 360, 272], "state_visits": {"(3, 1, 100.0)": 797, "(3, 1, 200.0)": 3, "(3, 1, 0.0)": 122, "(3, 0, 100.0)": 261, "(4, 1, 100.0)": 100, "(4, 1, 0.0)": 80, "(3, 0, 200.0)": 12, "(2, 0, 200.0)": 51, "(2, 1, 100.0)": 427, "(2, 0, 100.0)": 136, "(2, 1, 200.0)": 2, "(1, 0, 100.0)": 26, "(1, 1, 200.0)": 11, "(2, 1, 0.0)": 134, "(1, 1, 100.0)": 367, "(0, 1, 100.0)": 392, "(1, 1, 0.0)": 17}, "state_action_prob_sums": {"(3, 1, 0.0)": [28.738703100550847, 21.618586748965896, 45.577329158817385, 42.26631816233737, 28.00393155949902, 57.62318990775255, 15.632916157953956, 43.20407187864102, 37.22866285557995], "(3, 0, 100.0)": [240.9512459687807, 170.37883722870484, 292.0905703102415, 205.86684372997482, 162.61868112043757, 207.06481530904253, 232.1197328763583, 218.0048345361719, 317.81421964125076], "(3, 0, 200.0)": [25.004073918821952, 22.21892940853571, 25.671628551478566, 28.724934957961644, 33.126853901326704, 23.719880289384808, 23.81416290943327, 40.84096936656161, 45.85774892954343], "(3, 1, 100.0)": [266.90995730472525, 306.57456714692404, 276.32873470864234, 288.17439029703485, 317.1193009000983, 282.20834318512266, 262.6031880445712, 176.5437895539987, 244.73914196264806], "(4, 1, 100.0)": [39.5528408067158, 18.031824317159778, 26.698441037229493, 27.032951639710763, 88.6672954420424, 64.24806773331159, 24.766131060317747, 84.19361086135444, 46.05804809893634], "(4, 0, 100.0)": [53.149723853734564, 35.63986366450112, 17.77923786048661, 50.61913963037073, 18.84455135882567, 44.0248308017047, 27.418214978274555, 42.65256009599473, 45.583972728236525], "(2, 1, 0.0)": [4.212584550343112, 31.685272313133808, 18.85949979577868, 16.606107764622212, 4.000000000000001, 44.82989964280941, 99.19197958308249, 26.36440493832533, 11.516349967022581], "(2, 0, 100.0)": [232.09313328490998, 206.30261270339375, 162.54279412099248, 195.98761338748392, 149.62286544728389, 229.6952667056453, 181.41950893851487, 248.0048173713654, 222.0672140013036], "(2, 0, 200.0)": [34.724848300784025, 11.650698524444435, 23.20163935322283, 8.797351111111102, 16.9412960218777, 15.823912964111193, 39.13309474882858, 49.75427497857521, 37.703317262222214], "(2, 1, 100.0)": [206.0326587101913, 161.6006073806853, 222.27490959318163, 250.37866188563672, 187.62071595163516, 268.52138474670465, 229.95008626627794, 237.0491710113068, 166.69564032518363], "(1, 1, 0.0)": [22.702951540622212, 4.316421623466667, 9.999568729599995, 16.728978396366955, 2.533008288555647, 8.538129791999996, 14.318455929998228, 19.454085296355547, 4.99128711822222], "(1, 0, 100.0)": [156.06352192225162, 198.77677022084524, 193.9916069525995, 174.99872031409734, 211.73361834128227, 213.0217221293225, 217.30246197956663, 179.4416647631842, 128.58518092735508], "(1, 0, 200.0)": [22.828653440759823, 34.026298092147606, 6.666666666666658, 30.535530882967695, 13.734252650174055, 23.936887252622217, 53.658739224016195, 30.124707806793758, 64.06032060761719], "(1, 1, 100.0)": [172.93202871930671, 173.81106737507665, 169.51668952763745, 157.52062487558229, 193.50826481190853, 174.33703451833824, 166.44179020424642, 192.15234344103794, 126.07643005945731], "(0, 0, 100.0)": [231.77138423832884, 193.62773093548185, 142.12174427584605, 140.82683728400045, 108.03227292583553, 107.99572409371108, 125.32592202908297, 214.07905358296915, 142.98905298786298], "(0, 1, 100.0)": [178.86764080153353, 115.15103509876748, 192.22014654414525, 178.79747243694553, 116.03132031344909, 158.81505712330167, 190.58604557023708, 173.63492705503967, 136.820583549225], "(0, 0, 200.0)": [20.860143632203464, 12.5672744952788, 11.324787909806075, 7.2202034248694975, 14.388087210324482, 8.701898636055345, 68.33997525451511, 50.44404222021269, 36.013140504797065], "(0, 1, 200.0)": [6.268458666666663, 15.557932601022658, 20.725227428807095, 25.199139555555554, 30.63252692362384, 13.785813408573135, 2.444444444444445, 8.913609896091842, 9.139609269959108], "(3, 0, 0.0)": [20.53134769777777, 16.615088995555553, 10.606711101927715, 15.836474265194125, 9.938785691361, 29.490712231227167, 8.413012118322177, 29.903684823310996, 16.639913167211066], "(3, 1, 200.0)": [5.408238799333516, 13.42163566838659, 15.631588680334783, 49.96689336259219, 38.855275119459556, 13.864754283626132, 11.066181551884304, 7.424012193284538, 2.333333333333334], "(4, 0, 0.0)": [0.7777777777777779, 0.1111111111111111, 0.1111111111111111, 1.5733333333333333, 0.2222222222222222, 0.8977777777777778, 0.2222222222222222, 0.7866666666666666, 6.542222222222223], "(5, 0, 100.0)": [0.0, 0.0, 0.1111111111111111, 0.1111111111111111, 0.0, 0.6368565302722016, 0.1111111111111111, 0.0, 0.0], "(5, 0, 0.0)": [0.5644444444444444, 0.0, 0.0, 0.0, 0.0, 0.0, 0.0, 0.0, 0.0], "(0, 0, 0.0)": [2.3848241716555143, 15.179514620749682, 1.747967641383313, 5.911329045238743, 7.67208849966088, 6.895393762472116, 3.3252038988665844, 1.0000000000000002, 2.799458479705494], "(2, 1, 200.0)": [4.951111111111108, 9.63783360426666, 12.24540943075555, 6.866666666666664, 17.250732723857027, 9.630431999999994, 7.580831660088888, 9.067071050431043, 25.497573737244434], "(2, 0, 0.0)": [12.08932712829987, 24.617282897188755, 11.107953564444442, 21.331577337688554, 7.0457313422222185, 6.01122830222222, 2.8888888888888897, 18.576915042472116, 16.617890059866163], "(1, 1, 200.0)": [15.906149439053259, 15.258171929819495, 7.247758645101956, 5.0391682114398675, 7.605466043111472, 9.660377611377774, 4.905330810315357, 5.738513777777774, 3.97688888888889], "(1, 0, 0.0)": [12.806167210477481, 30.174423003971484, 5.626666666666663, 0.5555555555555556, 21.521432076055348, 8.04021793412763, 4.993713060544403, 3.5999999999999996, 5.019064675555553], "(0, 1, 0.0)": [7.831159045688885, 9.448539519999999, 31.246204515555547, 4.591345493333332, 26.15112419697775, 2.7701757866666665, 5.095907128888886, 1.7777777777777783, 0.6666666666666667], "(4, 0, 200.0)": [0.970189863605535, 0.8122808177777778, 0.4444444444444444, 0.4444444444444444, 0.5555555555555556, 0.2222222222222222, 17.165044310227593, 0.5555555555555556, 5.398902882472118], "(4, 1, 200.0)": [0.6666666666666667, 42.42947259703623, 0.7777777777777779, 3.0216807019277163, 0.4444444444444444, 0.2222222222222222, 0.5555555555555556, 3.848609926118401, 0.4444444444444444], "(4, 1, 0.0)": [1.2222222222222225, 5.367322319644441, 1.3333333333333337, 0.8888888888888891, 1.3333333333333337, 8.618321684889978, 1.6666666666666672, 49.186811029397, 21.078812500780593]}, "state_action_visits": {"(3, 1, 0.0)": 876, "(3, 0, 100.0)": 5372, "(3, 0, 200.0)": 705, "(3, 1, 100.0)": 6272, "(4, 1, 100.0)": 1104, "(4, 0, 100.0)": 888, "(2, 1, 0.0)": 654, "(2, 0, 100.0)": 4846, "(2, 0, 200.0)": 656, "(2, 1, 100.0)": 5086, "(1, 1, 0.0)": 290, "(1, 0, 100.0)": 4442, "(1, 0, 200.0)": 721, "(1, 1, 100.0)": 4035, "(0, 0, 100.0)": 3714, "(0, 1, 100.0)": 3810, "(0, 0, 200.0)": 574, "(0, 1, 200.0)": 361, "(3, 0, 0.0)": 431, "(3, 1, 200.0)": 408, "(4, 0, 0.0)": 40, "(5, 0, 100.0)": 4, "(5, 0, 0.0)": 1, "(0, 0, 0.0)": 138, "(2, 1, 200.0)": 259, "(2, 0, 0.0)": 333, "(1, 1, 200.0)": 206, "(1, 0, 0.0)": 232, "(0, 1, 0.0)": 241, "(4, 0, 200.0)": 69, "(4, 1, 200.0)": 128, "(4, 1, 0.0)": 235}}, "meta": {"recent_avg_return": -119.12045454545078, "epsilon": 0.40036567537489787, "q_summary": {"(3, 1, 0.0)": [12.320339577132026, 11.559026685541278, 11.81619680322115, 11.444636083056889, 11.843447599278853, 12.361236497548129, 11.52691970964657, 6.3389847669224, 12.166873307803195], "(3, 0, 100.0)": [8.651094580156833, 8.227279698326743, 8.705312658432618, 8.10543337501164, 8.47861627848279, 9.84939778827915, 8.069972383941831, 8.109129704827911, 8.327604170902251],