{"timestamp": 1764102262, "iso": "2025-11-25T20:24:22Z", "episode": 55, "games_in_episode": 1, "stats": {"total_messages": 3894, "total_updates": 3882, "total_reward": -101.94999999999871, "action_counts": [371, 429, 353, 677, 327, 428, 317, 474, 518], "state_visits": {"(3, 0, 100.0)": 492, "(3, 1, 100.0)": 589, "(3, 1, 200.0)": 45, "(3, 0, 200.0)": 20, "(4, 1, 100.0)": 20, "(4, 0, 100.0)": 64, "(2, 0, 100.0)": 566, "(2, 1, 200.0)": 9, "(2, 1, 100.0)": 418, "(1, 0, 100.0)": 513, "(1, 1, 100.0)": 372, "(1, 1, 200.0)": 37, "(1, 0, 200.0)": 19, "(0, 0, 100.0)": 369, "(0, 0, 200.0)": 34, "(0, 1, 100.0)": 315}, "state_action_prob_sums": {"(3, 1, 0.0)": [261.05484377206466, 187.09232036398745, 273.7082900314385, 254.38378206464677, 101.91922737258147, 162.99396190123434, 228.34598558684797, 213.98691692597052, 291.85200247059936], "(3, 0, 100.0)": [1512.1013181325218, 1112.9374203693096, 1699.5011405256178, 1658.4801804028223, 1080.3273317535427, 1418.3695799800716, 1356.2897838664558, 1536.133384424958, 1209.5672971737592], "(3, 0, 200.0)": [204.7448126339349, 152.886234753915, 144.33419724000188, 108.1105330750616, 165.7974294856469, 144.75076795740512, 121.74277688087726, 84.57982533948098, 134.49782271784687], "(3, 1, 100.0)": [2001.3054634837956, 2080.5920013050654, 1772.8999675630816, 2085.3395083871496, 2699.1344805369467, 2012.7402447380316, 1959.1017305919663, 1923.2362594458102, 2010.6980639978426], "(4, 1, 100.0)": [171.88093776849797, 204.34593147059906, 161.44963183890232, 112.23396261939519, 343.66545105912553, 322.51143771436654, 234.02712923619794, 431.48531670118354, 198.18580513942936], "(4, 0, 100.0)": [199.12756737152415, 139.7728407938488, 118.03001360138381, 144.68606053529788, 222.02976879105424, 199.68272734826613, 205.59489350237857, 240.72665750434052, 201.01783041944188], "(2, 1, 0.0)": [100.59058543268382, 173.82093988268196, 195.71694382995767, 65.91183477171846, 268.90817058576096, 188.04136108625107, 182.59808220536627, 214.684612771849, 176.67309181038297], "(2, 0, 100.0)": [1490.6182227788668, 1328.7129428147707, 1108.9969234207117, 1532.4546598768547, 1170.1023353885676, 1341.1498610454926, 1231.1941252572549, 1596.5364963588602, 1247.037477223112], "(2, 0, 200.0)": [206.06069384454185, 129.68067790625994, 105.08031540754934, 108.57184707173775, 56.730820468604854, 75.47889529568783, 78.00569002277554, 210.36705017935182, 137.19685300327836], "(2, 1, 100.0)": [1479.6840617690705, 1428.7699532130678, 1854.7091517363478, 1993.081980204909, 1428.38791368502, 1726.9320646184308, 1771.6798154490434, 1441.0355564817412, 1520.1795111601134], "(1, 1, 0.0)": [204.88599358294985, 64.82784794955258, 117.75834993403842, 147.1562225287412, 122.82657874010063, 95.75270436274081, 76.47669887749964, 85.59911426513386, 241.17513588937797], "(1, 0, 100.0)": [1353.8569962685294, 1216.377338101122, 934.5286790130458, 1096.2850153979698, 953.8071863395182, 1258.2781173707176, 1232.7276461176818, 1254.191990697041, 1177.2839071829799], "(1, 0, 200.0)": [128.693933252682, 156.394177300305, 69.54418439955478, 69.57616893223975, 103.82257855738106, 128.65736638648607, 260.89164691942597, 208.82320884250367, 109.7592347856874], "(1, 1, 100.0)": [1291.1972047288907, 1455.9735004060763, 1533.5631656151222, 924.8464854722768, 1321.9590451425065, 1176.566098848209, 1380.202861493628, 1313.8159121125236, 1576.9851680260244], "(0, 0, 100.0)": [946.3687386684882, 941.8221504836482, 825.5144222562324, 1186.0737269915414, 1391.5838369737698, 802.1257366440725, 985.591111676333, 1110.4823244085244, 916.9188060482786], "(0, 1, 100.0)": [1147.1674021125943, 963.7985034600774, 1047.9477032509228, 964.1125715127893, 1041.620969906373, 1074.6902986795421, 1292.689897648175, 1166.5021333857233, 981.168746498875], "(0, 0, 200.0)": [49.499893591064925, 73.06452091825196, 48.32938701777471, 108.2283984626234, 48.00783556003349, 57.436918879517975, 229.50929279129429, 201.05295780338176, 97.8062683957241], "(0, 1, 200.0)": [115.62860867548466, 123.52993762694157, 201.60256608364918, 88.42022160185411, 113.62266436234916, 39.54547332309544, 54.070296492228096, 47.132689393931685, 98.82268124620813], "(3, 0, 0.0)": [54.91535432132856, 164.8710298114845, 46.65041930127081, 21.213269965826388, 45.14685239052991, 67.32220454398936, 36.19678310387107, 72.60155344158726, 93.59706793530843], "(3, 1, 200.0)": [60.73048587346309, 106.60972582408179, 150.43080306335534, 103.71389961098633, 101.36035126000853, 96.67428656742862, 121.07161543393407, 168.4290484194326, 43.29609162807182], "(4, 0, 0.0)": [1.3333333333333337, 48.95573007422036, 0.3333333333333333, 2.128888888888889, 0.5555555555555556, 1.2311111111111113, 0.7777777777777779, 0.8977777777777778, 6.875555555555555], "(5, 0, 100.0)": [0.8172889504428911, 0.0, 0.1111111111111111, 0.1111111111111111, 0.1111111111111111, 0.6368565302722016, 0.1111111111111111, 0.0, 0.0], "(5, 0, 0.0)": [0.5644444444444444, 0.0, 0.0, 0.0, 0.0, 0.0, 0.0, 0.0, 0.0], "(0, 0, 0.0)": [2.4959352827666255, 21.53747152521874, 1.8590787524944241, 14.882287085121913, 7.894310721883102, 7.117615984694337, 3.4363150099776956, 1.1111111111111114, 2.799458479705494], "(2, 1, 200.0)": [75.84662731525741, 50.27788233113489, 78.6913521320046, 28.57359498701701, 39.334545308903316, 64.59482029106007, 73.55531211590045, 75.15116800483293, 165.43372006149764], "(2, 0, 0.0)": [22.488705646348652, 75.71230085266554, 54.14655952407789, 63.16836792689519, 20.602088265295226, 31.462767465005218, 54.56558488215037, 41.45698662610151, 45.142745256869446], "(1, 1, 200.0)": [89.61036686221698, 56.24246849475468, 92.36828502746832, 35.06258921946668, 79.50771353612373, 56.72593421788125, 23.248213002758945, 67.15437353474873, 187.06398243230677], "(1, 0, 0.0)": [21.999347472582873, 30.841089670638148, 6.629744613058628, 12.429019209020112, 21.74365429827757, 12.500052110531902, 5.5492686160999565, 70.91114212312425, 5.463509119999996], "(0, 1, 0.0)": [131.29311721917648, 48.82385794116981, 126.44203991862953, 60.15145498607148, 111.95715300328995, 85.29746816370917, 58.00058162098305, 31.14732083016867, 74.95549732366007], "(4, 0, 200.0)": [1.636856530272202, 9.951129512310269, 11.990324303297982, 4.380266912882676, 29.852566087839786, 4.51328357942199, 18.26770102611199, 23.53649652607862, 8.406325289356346], "(4, 1, 200.0)": [2.154276504767367, 43.096139263702916, 22.072801279035513, 3.9702227745903484, 5.547189240948541, 0.5555555555555556, 27.89303097760242, 24.832305757201897, 1.2222222222222225], "(4, 1, 0.0)": [52.111099457632925, 7.478433430755545, 4.965212219682458, 33.71897077596133, 91.58994001320495, 36.718599697051744, 84.27145523673602, 67.05315638859432, 60.24528915125916], "(5, 1, 100.0)": [0.6717470654909317, 0.0, 0.6717470654909317, 0.1111111111111111, 0.0, 0.0, 0.0, 0.0, 0.6717470654909317], "(5, 0, 200.0)": [0.6847458816974908, 0.0, 0.0, 0.0, 0.0, 0.0, 0.0, 0.0, 0.0], "(5, 1, 200.0)": [0.0, 0.0, 0.0, 0.0, 0.0, 0.0, 0.0, 0.0, 0.1111111111111111]}, "state_action_visits": {"(3, 1, 0.0)": 3636, "(3, 0, 100.0)": 23209, "(3, 0, 200.0)": 2391, "(3, 1, 100.0)": 33202, "(4, 1, 100.0)": 3974, "(4, 0, 100.0)": 3099, "(2, 1, 0.0)": 2910, "(2, 0, 100.0)": 22229, "(2, 0, 200.0)": 2127, "(2, 1, 100.0)": 26341, "(1, 1, 0.0)": 2094, "(1, 0, 100.0)": 19286, "(1, 0, 200.0)": 2347, "(1, 1, 100.0)": 21593, "(0, 0, 100.0)": 16745, "(0, 1, 100.0)": 17725, "(0, 0, 200.0)": 1746, "(0, 1, 200.0)": 1658, "(3, 0, 0.0)": 1225, "(3, 1, 200.0)": 1784, "(4, 0, 0.0)": 137, "(5, 0, 100.0)": 6, "(5, 0, 0.0)": 1, "(0, 0, 0.0)": 169, "(2, 1, 200.0)": 1218, "(2, 0, 0.0)": 835, "(1, 1, 200.0)": 1213, "(1, 0, 0.0)": 391, "(0, 1, 0.0)": 1355, "(4, 0, 200.0)": 230, "(4, 1, 200.0)": 266, "(4, 1, 0.0)": 790, "(5, 1, 100.0)": 4, "(5, 0, 200.0)": 1, "(5, 1, 200.0)": 1}}, "meta": {"recent_avg_return": -109.90699999999624, "epsilon": 0.16794925887487122,