{"timestamp": 1764100594, "iso": "2025-11-25T19:56:34Z", "episode": 4, "games_in_episode": 1, "stats": {"total_messages": 3980, "total_updates": 3968, "total_reward": -291.3000000000003, "action_counts": [430, 457, 460, 422, 415, 470, 418, 484, 424], "state_visits": {"(3, 1, 100.0)": 877, "(3, 0, 100.0)": 243, "(4, 1, 100.0)": 100, "(3, 0, 200.0)": 74, "(3, 1, 200.0)": 19, "(2, 1, 100.0)": 761, "(2, 0, 100.0)": 266, "(2, 1, 200.0)": 84, "(2, 0, 200.0)": 78, "(1, 1, 100.0)": 452, "(1, 0, 100.0)": 308, "(1, 1, 200.0)": 82, "(1, 0, 200.0)": 24, "(0, 0, 100.0)": 276, "(0, 1, 100.0)": 210, "(0, 1, 200.0)": 90, "(0, 0, 200.0)": 24}, "state_action_prob_sums": {"(3, 1, 0.0)": [0.8888888888888891, 2.5555555555555562, 1.1111111111111114, 3.0704000000000002, 13.129777777777772, 1.4444444444444449, 0.6666666666666667, 4.900977777777779, 26.900977777777786], "(3, 0, 100.0)": [75.56682666666697, 51.903367111111216, 67.81691733333362, 54.58424177777788, 56.50422755555567, 49.71630577777787, 80.96039466666693, 77.06265244444468, 89.99134577777818], "(3, 0, 200.0)": [14.695128888888881, 14.104547555555548, 4.198410666666667, 5.104547555555554, 2.7189404444444447, 11.228992, 5.267932444444443, 17.043057777777772, 6.83947022222222], "(3, 1, 100.0)": [98.35855288888922, 125.95528177777815, 79.92172444444469, 102.01665422222263, 69.8425173333333, 98.72914133333347, 104.64429866666696, 76.12796088888915, 105.85424355555585], "(4, 1, 100.0)": [6.0718471111111105, 12.587932444444435, 18.73872, 20.107946666666663, 17.807480888888882, 27.84944711111111, 6.156821333333333, 24.87307733333332, 21.851199999999984], "(4, 0, 100.0)": [2.9155555555555557, 8.43111111111111, 2.1200000000000006, 9.235555555555557, 3.137777777777778, 13.751111111111104, 4.488888888888888, 7.986666666666667, 39.64000000000007], "(2, 1, 0.0)": [0.6666666666666667, 0.4444444444444444, 0.6666666666666667, 0.6666666666666667, 0.5555555555555556, 0.1111111111111111, 31.88888888888893, 0.6666666666666667, 0.8888888888888891], "(2, 0, 100.0)": [48.53586488888904, 48.59664711111125, 57.311665777778074, 56.691950222222346, 37.906912, 69.00803555555576, 56.555555555555785, 96.79363555555567, 26.57106488888887], "(2, 0, 200.0)": [6.999999999999994, 8.137247999999998, 15.692803555555546, 6.464017777777776, 2.8888888888888897, 11.742951111111106, 10.756639999999994, 10.091420444444442, 6.0547733333333325], "(2, 1, 100.0)": [97.00900977777832, 70.89292088888904, 116.19878400000039, 89.73083022222252, 73.9046186666669, 156.83964088888993, 66.80403555555571, 101.25003733333388, 66.95165866666663], "(1, 1, 0.0)": [0.0, 0.0, 0.0, 0.0, 0.0, 0.0, 0.0, 0.0, 0.1111111111111111], "(1, 0, 100.0)": [41.31916799999997, 46.78598044444464, 79.32031288888902, 49.3237973333334, 41.05041777777778, 58.36738844444448, 79.93711644444471, 36.45733688888891, 28.54224355555553], "(1, 0, 200.0)": [5.137248, 6.333333333333331, 2.333333333333334, 3.888888888888889, 1.6666666666666672, 6.078410666666665, 10.130684444444439, 8.333333333333332, 30.131751111111107], "(1, 1, 100.0)": [76.07288533333343, 87.38517333333367, 59.67578311111132, 79.5052728888892, 89.963082666667, 58.28039466666685, 92.50418844444458, 81.57733333333367, 50.62142933333333], "(0, 0, 100.0)": [59.876856888888994, 40.28985955555554, 18.039676444444428, 18.10030933333332, 31.05215644444445, 23.927150222222224, 18.718823111111103, 103.09289244444473, 25.48359111111111], "(0, 1, 100.0)": [60.03936355555569, 46.098727111111096, 94.95400533333368, 44.935324444444504, 48.16518755555563, 61.05730133333346, 67.9674702222225, 80.63009777777815, 50.89391644444448], "(0, 0, 200.0)": [2.555555555555556, 2.8888888888888893, 0.7777777777777779, 0.5555555555555556, 5.209095111111111, 0.5555555555555556, 14.377070222222217, 13.359470222222217, 2.292096], "(0, 1, 200.0)": [5.601791999999999, 3.3861333333333343, 16.531918222222213, 24.42136177777778, 10.195967999999997, 5.728003555555553, 1.6666666666666672, 2.2483591111111116, 6.431843555555554], "(3, 0, 0.0)": [5.071111111111111, 8.679999999999998, 2.128888888888889, 1.4444444444444449, 4.386666666666667, 1.9066666666666667, 1.675555555555556, 18.71999999999999, 7.319999999999997], "(3, 1, 200.0)": [1.2311111111111113, 7.578680888888888, 1.3856071111111112, 1.274496, 14.932447999999996, 0.8039146666666667, 5.038225777777777, 0.5555555555555556, 0.3333333333333333], "(4, 0, 0.0)": [0.7777777777777779, 0.1111111111111111, 0.1111111111111111, 1.5733333333333333, 0.2222222222222222, 0.8977777777777778, 0.2222222222222222, 0.7866666666666666, 6.542222222222223], "(5, 0, 100.0)": [0.0, 0.0, 0.0, 0.1111111111111111, 0.0, 0.0, 0.0, 0.0, 0.0], "(5, 0, 0.0)": [0.5644444444444444, 0.0, 0.0, 0.0, 0.0, 0.0, 0.0, 0.0, 0.0], "(0, 0, 0.0)": [0.3333333333333333, 4.96, 0.4444444444444444, 1.12, 0.2222222222222222, 3.044444444444444, 0.4444444444444444, 0.3333333333333333, 0.2222222222222222], "(2, 1, 200.0)": [4.506666666666665, 6.843061333333331, 8.211420444444443, 6.533333333333331, 6.705813333333332, 9.07487644444444, 0.1111111111111111, 3.2071217777777776, 4.156821333333332], "(2, 0, 0.0)": [2.471111111111111, 1.9066666666666667, 7.8933333333333335, 2.471111111111111, 3.942222222222222, 3.4977777777777774, 0.8888888888888891, 10.15111111111111, 0.6666666666666667], "(1, 1, 200.0)": [14.610037333333327, 2.7450773333333336, 4.618865777777777, 3.3358328888888895, 4.251210666666667, 4.207651555555556, 0.7777777777777779, 5.405180444444442, 3.421333333333334], "(1, 0, 0.0)": [1.4533333333333336, 7.551111111111111, 5.293333333333331, 0.2222222222222222, 7.773333333333334, 2.36, 3.4977777777777774, 3.155555555555555, 2.582222222222222], "(0, 1, 0.0)": [0.6755555555555555, 0.6666666666666667, 0.1111111111111111, 1.3422222222222224, 18.173333333333325, 0.2222222222222222, 0.4444444444444444, 0.3333333333333333, 0.3333333333333333]}, "state_action_visits": {"(3, 1, 0.0)": 170, "(3, 0, 100.0)": 1719, "(3, 0, 200.0)": 235, "(3, 1, 100.0)": 2460, "(4, 1, 100.0)": 441, "(4, 0, 100.0)": 266, "(2, 1, 0.0)": 101, "(2, 0, 100.0)": 1484, "(2, 0, 200.0)": 251, "(2, 1, 100.0)": 2430, "(1, 1, 0.0)": 1, "(1, 0, 100.0)": 1320, "(1, 0, 200.0)": 212, "(1, 1, 100.0)": 1946, "(0, 0, 100.0)": 996, "(0, 1, 100.0)": 1603, "(0, 0, 200.0)": 112, "(0, 1, 200.0)": 226, "(3, 0, 0.0)": 156, "(3, 1, 200.0)": 83, "(4, 0, 0.0)": 40, "(5, 0, 100.0)": 1, "(5, 0, 0.0)": 1, "(0, 0, 0.0)": 43, "(2, 1, 200.0)": 130, "(2, 0, 0.0)": 101, "(1, 1, 200.0)": 121, "(1, 0, 0.0)": 101, "(0, 1, 0.0)": 62}}, "meta": {"recent_avg_return": -30.208333333323893, "epsilon": 0.47059599999999996, "q_summary": {"(3, 1, 0.0)": [0.28563102325491085, 0.2670541769370567, 0.2908633856847591, -12.337862223410937, 0.2971027655079865, 0.29484823019246814, 0.26770593237141665, 0.2966917533280861, 0.294352555091766], "(3, 0, 100.0)": [3.2948391410029876, 5.2344873451890646, 3.4062918183312902, 3.311634868476744, 3.380970663089923, 3.3432595952535475, 3.275519699286063, 3.404290062461703, 3.372523032243981], "(3, 0, 200.0)": [4.115354053532973, 3.3944606081418125, 3.561207025921397, 3.5358648859594077, 3.7460913774332574, 3.534834472045281, 3.4969511067715313, 4.772135592712073, 3.973007451172662], "(3, 1, 100.0)": [3.492309088058712, 3.411285423072929, 3.409870862201657, 3.4154390188772465, 3.4424686022882987, 3.5299919227180943, 3.5237178368201727, 2.5686272376061257, 3.471044746448764], "(4, 1, 100.0)": [1.8570460626135925, 1.8710806432432565, 1.8680047740314139, 1.93268999467744, 2.6673518432896053, 1.8863925812068416, 1.898703066632636, 1.929963859348, 1.8810714271956401], "(4, 0, 100.0)": [9.091788406013208, 7.1073776010295635, 4.838677879978197, 9.769470545150098, 4.838905887543448, 4.839565524007348, 7.107572098797678, 7.188233806664776, 8.241475344953566], "(2, 1, 0.0)": [0.11087337052133421, 0.23108642236706375, 0.26510710547031435, 0.2549549650738229, 0.19678767889835036, 0.09271215012983516, 0.2843905226285469, 0.2527975609039079, 0.2785855201572959],