{"timestamp": 1764103256, "iso": "2025-11-25T20:40:56Z", "episode": 85, "games_in_episode": 1, "stats": {"total_messages": 3590, "total_updates": 3578, "total_reward": 11.949999999997857, "action_counts": [340, 350, 446, 539, 393, 317, 393, 612, 200], "state_visits": {"(3, 1, 100.0)": 688, "(3, 0, 100.0)": 445, "(3, 0, 200.0)": 51, "(3, 1, 200.0)": 2, "(4, 1, 100.0)": 166, "(4, 1, 200.0)": 10, "(2, 0, 100.0)": 604, "(2, 1, 100.0)": 184, "(2, 0, 200.0)": 13, "(1, 0, 100.0)": 659, "(1, 1, 100.0)": 135, "(0, 0, 100.0)": 187, "(0, 1, 100.0)": 421, "(1, 0, 200.0)": 13}, "state_action_prob_sums": {"(3, 1, 0.0)": [337.0868800836087, 281.4726767703168, 346.3824848135226, 330.5249708110376, 245.33815495690723, 448.88011510576905, 246.31111024481714, 365.1918352450665, 649.5293211152339], "(3, 0, 100.0)": [2373.1239383137745, 2640.700834191079, 2940.8910174676507, 3015.057925378497, 2260.023825770865, 2614.6429076333097, 2107.0746953943753, 2654.13059419623, 2486.8182532535443], "(3, 0, 200.0)": [310.9100314422678, 277.22943671743286, 338.0013802755765, 195.4680087868504, 353.2340909212925, 265.3370669351017, 278.5733029065033, 375.88679772039774, 199.95003819980394], "(3, 1, 100.0)": [3601.4376519426355, 3699.6296175603848, 3179.523571887341, 3786.3992968067923, 4095.1625965025537, 3416.5073683203454, 3475.2206946974948, 3250.786854417947, 3638.2607820452654], "(4, 1, 100.0)": [593.0165906364999, 451.2853375073677, 482.01792487693797, 440.4987800262327, 440.1516940331793, 738.4057880375157, 458.7203739668161, 625.3409604909384, 343.00253334444193], "(4, 0, 100.0)": [332.7497152306927, 198.51766150712393, 377.1951113967024, 331.9069347534832, 375.5845798323629, 308.078016139515, 526.5428332445717, 349.0863093171035, 508.1101356848582], "(2, 1, 0.0)": [195.9716392070411, 293.24624592501283, 256.844865244518, 233.02904230452893, 448.59241681886255, 323.0275023833048, 368.1952541073962, 304.6220649729298, 373.14117225066224], "(2, 0, 100.0)": [2573.2592110960104, 2732.418765036515, 2562.7439016022777, 2520.1978666562795, 1861.1501772509664, 2551.3490489474293, 2477.70838721649, 2366.585858404721, 2070.786606186441], "(2, 0, 200.0)": [278.5093557930256, 313.47840541321193, 201.90809354712488, 168.4714971343219, 315.2178292874233, 158.4636656333853, 220.33389812692468, 310.4406248303144, 237.50433311894054], "(2, 1, 100.0)": [2315.9631392101346, 2855.8920094149225, 3086.6600256822235, 3409.6800246218772, 2585.9646208707577, 2531.837503286792, 2400.7568600545637, 2653.1293255651926, 2491.62193420432], "(1, 1, 0.0)": [401.3499817612821, 315.8835371075763, 164.6476221859488, 517.8099760255293, 221.72647579464126, 294.4597544735443, 132.37691158884263, 247.69692522537775, 372.1893980964688], "(1, 0, 100.0)": [2318.0803686028526, 2026.0376377376995, 1924.6664921415122, 1758.9689662753578, 2256.3874894578653, 2576.017837006937, 1876.3800038827749, 2165.1638792514846, 1735.7212690216184], "(1, 0, 200.0)": [185.04757164615575, 336.0893136663552, 118.98394061259495, 137.89675631619968, 126.07691392981133, 213.56960431622707, 682.9434781199222, 443.1138961351237, 223.13428082915553], "(1, 1, 100.0)": [2168.562844119883, 2080.701631068946, 2644.669512127771, 1738.0310122173003, 1961.0273293770083, 2242.81975054637, 2329.8770547808717, 2432.4070802271367, 2347.4298596077792], "(0, 0, 100.0)": [1388.90248846087, 1931.8565419921435, 1518.4513098329628, 1901.1720594613134, 2066.0517966277325, 1580.7527162126655, 1747.5875556349902, 1739.0944300863277, 1549.8090845996912], "(0, 1, 100.0)": [2127.7353174893565, 1719.6186159403323, 1884.3802156473528, 1980.0128176718304, 1999.7278195959047, 2082.1542234934223, 2191.4653293686115, 1814.794799030197, 1698.0716521629074], "(0, 0, 200.0)": [188.01709368052445, 380.2937811398787, 110.84982948456309, 131.04024987083113, 172.89621184839805, 116.36096098078768, 430.9824131455015, 465.04585084306, 158.62661512636058], "(0, 1, 200.0)": [347.3587896107547, 215.62381388938516, 286.15181904221413, 141.59953019868925, 146.54745328448556, 158.9941886394464, 74.51623146415567, 55.91004764651365, 182.72792086975454], "(3, 0, 0.0)": [164.00797363892318, 215.51036870238516, 124.09924263329374, 228.73013588765235, 84.1415999279671, 216.83984193779096, 170.41638850893762, 138.72237442638612, 106.28588279364756], "(3, 1, 200.0)": [214.71681687967808, 143.26643231276822, 251.08555465356062, 166.75738745408026, 141.48903976524477, 300.0477078301695, 225.61547715303206, 192.82628699553888, 47.45712048398255], "(4, 0, 0.0)": [35.04308045118448, 74.8261693345762, 0.3333333333333333, 2.128888888888889, 0.7777777777777779, 1.2311111111111113, 3.6131026191651063, 19.17031375739701, 7.097777777777776], "(5, 0, 100.0)": [1.7307663401849356, 0.0, 0.1111111111111111, 0.1111111111111111, 0.1111111111111111, 0.6368565302722016, 0.1111111111111111, 0.0, 0.0], "(5, 0, 0.0)": [0.5644444444444444, 0.0, 0.0, 0.0, 0.0, 0.0, 0.0, 0.0, 0.0], "(0, 0, 0.0)": [2.829268616099959, 21.759693747440963, 2.081300974716646, 51.45205337783112, 8.005421832994212, 7.673171540249891, 43.348584527356714, 1.3333333333333337, 89.93041133400338], "(2, 1, 200.0)": [81.47914223428921, 96.01858941264277, 82.49204769060296, 206.19097345765564, 40.334545308903344, 80.06472224483184, 194.63520586138915, 152.99474009819772, 363.6894495183839], "(2, 0, 0.0)": [23.59981675745976, 138.21917060559443, 178.21527241532507, 130.03306288899108, 120.3017119631738, 234.10385344868033, 130.53218090808767, 59.09721336282739, 214.40217300658048], "(1, 1, 200.0)": [174.46079361456998, 157.60117724928878, 174.80224726857233, 120.51804168735521, 169.219629023158, 75.2131168573864, 54.30519896850334, 173.15677010833116, 207.10917615568903], "(1, 0, 0.0)": [93.9220797257636, 69.46412361638633, 23.565992033212527, 36.13328753217254, 31.104497305620235, 13.61116322164301, 6.215935282766621, 177.18087891866972, 96.77709827123647], "(0, 1, 0.0)": [361.3618664573627, 115.28847895576023, 193.9499909082637, 62.707010541627106, 196.89391860570854, 162.62545012818666, 148.9334893799844, 155.8827019018221, 310.32667744255684], "(4, 0, 200.0)": [1.8590787524944243, 10.395573956754712, 91.82785468640922, 4.713600246216008, 36.45676966536234, 45.0913700065053, 21.172243075177263, 23.64760763718973, 60.69409397603789], "(4, 1, 200.0)": [2.265387615878478, 43.20725037481403, 48.04142897410648, 3.9702227745903484, 5.547189240948541, 0.5555555555555556, 27.89303097760242, 24.832305757201897, 1.2222222222222225], "(4, 1, 0.0)": [53.02100927618982, 7.478433430755545, 4.965212219682458, 84.89614283736984, 104.43978858411263, 36.94082191927397, 94.50268546308412, 68.18528842937344, 68.43447751827124], "(5, 1, 100.0)": [9.294759964319564, 0.0, 0.6717470654909317, 0.1111111111111111, 0.0, 0.1111111111111111, 0.0, 0.0, 0.6717470654909317], "(5, 0, 200.0)": [0.6847458816974908, 0.0, 0.0, 0.8755312722325858, 0.0, 0.0, 3.5677820773374904, 0.0, 0.0], "(5, 1, 200.0)": [0.0, 0.0, 0.0, 0.0, 0.0, 0.0, 0.0, 0.0, 0.1111111111111111]}, "state_action_visits": {"(3, 1, 0.0)": 5227, "(3, 0, 100.0)": 36334, "(3, 0, 200.0)": 4081, "(3, 1, 100.0)": 50473, "(4, 1, 100.0)": 7036, "(4, 0, 100.0)": 5149, "(2, 1, 0.0)": 4463, "(2, 0, 100.0)": 34355, "(2, 0, 200.0)": 3500, "(2, 1, 100.0)": 38592, "(1, 1, 0.0)": 3988, "(1, 0, 100.0)": 29506, "(1, 0, 200.0)": 3913, "(1, 1, 100.0)": 31657, "(0, 0, 100.0)": 24733, "(0, 1, 100.0)": 27507, "(0, 0, 200.0)": 3304, "(0, 1, 200.0)": 2561, "(3, 0, 0.0)": 2260, "(3, 1, 200.0)": 2690, "(4, 0, 0.0)": 236, "(5, 0, 100.0)": 7, "(5, 0, 0.0)": 1, "(0, 0, 0.0)": 373, "(2, 1, 200.0)": 2041, "(2, 0, 0.0)": 1851, "(1, 1, 200.0)": 2004, "(1, 0, 0.0)": 846, "(0, 1, 0.0)": 2598, "(4, 0, 200.0)": 457, "(4, 1, 200.0)": 297, "(4, 1, 0.0)": 891, "(5, 1, 100.0)": 15, "(5, 0, 200.0)": 6, "(5, 1, 200.0)": 1}}, "meta": {"recent_avg_return": -117.30099999999487, "epsilon": 0.09161368716814386,