{"timestamp": 1764103009, "iso": "2025-11-25T20:36:49Z", "episode": 78, "games_in_episode": 1, "stats": {"total_messages": 4885, "total_updates": 4873, "total_reward": 14.324999999998045, "action_counts": [630, 396, 492, 679, 339, 828, 480, 536, 505], "state_visits": {"(3, 1, 100.0)": 353, "(3, 0, 0.0)": 275, "(3, 0, 100.0)": 327, "(3, 0, 200.0)": 89, "(4, 1, 100.0)": 100, "(4, 0, 200.0)": 64, "(4, 0, 100.0)": 36, "(3, 1, 0.0)": 118, "(2, 1, 100.0)": 303, "(2, 1, 0.0)": 289, "(2, 0, 100.0)": 403, "(2, 0, 0.0)": 210, "(1, 1, 100.0)": 311, "(1, 1, 0.0)": 353, "(1, 0, 100.0)": 428, "(2, 0, 200.0)": 25, "(1, 0, 0.0)": 76, "(0, 1, 100.0)": 426, "(0, 1, 0.0)": 229, "(0, 0, 100.0)": 382, "(0, 0, 0.0)": 6, "(1, 0, 200.0)": 30, "(0, 0, 200.0)": 40}, "state_action_prob_sums": {"(3, 1, 0.0)": [336.08688008360895, 281.13934343698355, 331.1572610499455, 330.1916374777043, 243.07756802561195, 400.08567253755575, 242.22886510127657, 276.8293070964809, 476.33958961873674], "(3, 0, 100.0)": [2245.1454645318117, 1976.9095885387783, 2687.1217145562455, 2571.0889564060994, 1996.616489608444, 2261.819944633486, 1896.9242441948693, 2384.0152953339802, 2088.6626393319184], "(3, 0, 200.0)": [310.7989203311567, 211.17033461114414, 313.0398946108612, 182.43287677736745, 344.9843120043359, 265.2259558239906, 254.34729818907232, 297.18470346917246, 179.74159474887017], "(3, 1, 100.0)": [3284.485733671538, 3330.7731157740864, 2979.282833706916, 3497.875682343237, 3912.5148523331836, 3295.8443067305216, 3235.549864030742, 2694.1134385925548, 3192.029526147079], "(4, 1, 100.0)": [553.9746509312965, 450.72978195181224, 302.9173768634603, 380.01609664486426, 439.59613847762387, 684.737655918842, 429.6822641997857, 624.6742938242719, 324.13163599906875], "(4, 0, 100.0)": [262.5707430556871, 163.4536580709434, 281.07895246224075, 292.6514722516543, 324.04233401198064, 268.07930525683963, 411.0934692048029, 347.86408709488154, 417.5879832079118], "(2, 1, 0.0)": [195.52719476259665, 287.0781571476968, 256.844865244518, 232.58459786008447, 360.7802304687074, 322.9163912721937, 311.17277189658967, 284.99701330544076, 350.3282800539159], "(2, 0, 100.0)": [2210.469266986301, 2250.0495156606557, 2179.1660966496306, 2260.412990880045, 1569.0554758412275, 2169.460775982023, 1902.958730715269, 2233.2044852003564, 1838.5399089654045], "(2, 0, 200.0)": [278.2871335708034, 276.96009073805135, 157.27131980848498, 166.41214368928752, 291.9932069137371, 99.23943919981377, 209.28224754958458, 303.84903387819384, 173.44831246467012], "(2, 1, 100.0)": [2204.8574185156485, 2610.9578807500457, 2778.034060481649, 3147.4720006506113, 2454.3726453520308, 2453.4572621079037, 2259.795902739849, 2503.0208468613064, 2389.3507823962987], "(1, 1, 0.0)": [395.2077480588321, 315.6613148853541, 157.45494490777943, 418.35631735459316, 151.75690495727568, 154.4256843063971, 128.7475905307276, 176.07866932413688, 346.8521430912226], "(1, 0, 100.0)": [2002.8753194516441, 1785.5299382857631, 1673.2131124885495, 1550.3487786158532, 1637.184745462457, 2132.5059321153303, 1661.7225195769292, 1985.9973306902991, 1590.4647543345866], "(1, 0, 200.0)": [183.22775200904192, 246.55387502745768, 118.53949616815049, 137.78564520508857, 125.96580281870021, 210.8240839253369, 646.2137520443125, 408.0928785855167, 199.84687719944745], "(1, 1, 100.0)": [1860.5241070747363, 2023.7049813501033, 2195.0636770240594, 1733.6416492915287, 1850.0057244043692, 2049.884680322591, 2215.2881385669907, 2138.8759841753267, 2189.8115299010747], "(0, 0, 100.0)": [1341.9304687466297, 1684.1030701651014, 1389.082325919533, 1576.2057042145605, 1864.6097056748285, 1514.4591554902563, 1600.1769034241795, 1488.6281762666447, 1295.3952119324247], "(0, 1, 100.0)": [1940.3294592016302, 1360.4864746219255, 1778.0638809552916, 1787.1187550233171, 1635.6611231392515, 1958.0898999368585, 1864.016260948208, 1468.888833837405, 1549.559179441134], "(0, 0, 200.0)": [167.8825211576862, 380.07155891765655, 110.84982948456309, 129.90631602642316, 119.62827428954678, 116.13873875856545, 430.53796870105714, 340.7972984200059, 158.29328179302723], "(0, 1, 200.0)": [347.1365673885325, 215.51270277827405, 286.15181904221413, 114.3004338383533, 120.91562396668883, 145.34554136109276, 73.49521053448765, 55.79893653540253, 182.61680975864343], "(3, 0, 0.0)": [136.21840504717403, 193.10093605120807, 84.6299295300635, 123.85749844928564, 83.91937770574488, 192.88710171533702, 57.076189793865694, 75.5484769902555, 105.28588279364753], "(3, 1, 200.0)": [214.71681687967808, 142.71087675721265, 225.88471071119335, 154.9138076702229, 115.84706224521032, 188.13477232095903, 136.9328487767974, 192.38184255109442, 47.12378715064921], "(4, 0, 0.0)": [1.3333333333333337, 48.95573007422036, 0.3333333333333333, 2.128888888888889, 0.5555555555555556, 1.2311111111111113, 0.7777777777777779, 0.8977777777777778, 6.875555555555555], "(5, 0, 100.0)": [0.8172889504428911, 0.0, 0.1111111111111111, 0.1111111111111111, 0.1111111111111111, 0.6368565302722016, 0.1111111111111111, 0.0, 0.0], "(5, 0, 0.0)": [0.5644444444444444, 0.0, 0.0, 0.0, 0.0, 0.0, 0.0, 0.0, 0.0], "(0, 0, 0.0)": [2.6070463938777366, 21.759693747440963, 1.8590787524944241, 51.45205337783112, 8.005421832994212, 7.339838206916559, 43.2374734162456, 1.1111111111111114, 11.915522546268829], "(2, 1, 200.0)": [81.3680311231781, 95.90747830153165, 82.38093657949184, 163.13183002429915, 40.334545308903344, 79.95361113372073, 194.63520586138915, 152.99474009819772, 363.6894495183839], "(2, 0, 0.0)": [22.933150090793095, 76.60118974155445, 75.4396082220175, 122.62660799536062, 101.9353626719763, 36.28681069301691, 55.010029326594825, 42.123653292768196, 148.36126130687109], "(1, 1, 200.0)": [174.46079361456998, 157.49006613817767, 141.1006146492099, 120.4069305762441, 169.219629023158, 75.2131168573864, 53.38829528339508, 173.15677010833116, 207.10917615568903], "(1, 0, 0.0)": [22.332680805916205, 68.32842400442206, 10.30863780150723, 35.799954198839195, 30.43783063895357, 12.833385443865234, 5.660379727211067, 91.84432739535794, 59.68244712599923], "(0, 1, 0.0)": [240.28161576040068, 105.78610877134422, 187.44856879761414, 62.04034387496042, 191.0010467007116, 162.1810056837422, 104.66678794686328, 130.15004420815407, 177.30383145800252], "(4, 0, 200.0)": [1.7479676413833132, 10.284462845643601, 91.605632464187, 4.602489135104897, 29.963677198950897, 11.985066972463855, 21.172243075177263, 23.53649652607862, 46.907308532140334], "(4, 1, 200.0)": [2.265387615878478, 43.096139263702916, 39.77433847145163, 3.9702227745903484, 5.547189240948541, 0.5555555555555556, 27.89303097760242, 24.832305757201897, 1.2222222222222225], "(4, 1, 0.0)": [52.111099457632925, 7.478433430755545, 4.965212219682458, 33.71897077596133, 91.58994001320495, 36.718599697051744, 84.27145523673602, 67.05315638859432, 60.24528915125916], "(5, 1, 100.0)": [9.294759964319564, 0.0, 0.6717470654909317, 0.1111111111111111, 0.0, 0.1111111111111111, 0.0, 0.0, 0.6717470654909317], "(5, 0, 200.0)": [0.6847458816974908, 0.0, 0.0, 0.8755312722325858, 0.0, 0.0, 3.5677820773374904, 0.0, 0.0], "(5, 1, 200.0)": [0.0, 0.0, 0.0, 0.0, 0.0, 0.0, 0.0, 0.0, 0.1111111111111111]}, "state_action_visits": {"(3, 1, 0.0)": 4822, "(3, 0, 100.0)": 32756, "(3, 0, 200.0)": 3808, "(3, 1, 100.0)": 47200, "(4, 1, 100.0)": 6569, "(4, 0, 100.0)": 4501, "(2, 1, 0.0)": 4227, "(2, 0, 100.0)": 30631, "(2, 0, 200.0)": 3216, "(2, 1, 100.0)": 36764, "(1, 1, 0.0)": 3477, "(1, 0, 100.0)": 26392, "(1, 0, 200.0)": 3688, "(1, 1, 100.0)": 29654, "(0, 0, 100.0)": 22751, "(0, 1, 100.0)": 24907, "(0, 0, 200.0)": 3070, "(0, 1, 200.0)": 2480, "(3, 0, 0.0)": 1791, "(3, 1, 200.0)": 2378, "(4, 0, 0.0)": 137, "(5, 0, 100.0)": 6, "(5, 0, 0.0)": 1, "(0, 0, 0.0)": 276, "(2, 1, 200.0)": 1990, "(2, 0, 0.0)": 1179, "(1, 1, 200.0)": 1964, "(1, 0, 0.0)": 584, "(0, 1, 0.0)": 2178, "(4, 0, 200.0)": 388, "(4, 1, 200.0)": 287, "(4, 1, 0.0)": 790, "(5, 1, 100.0)": 15, "(5, 0, 200.0)": 6, "(5, 1, 200.0)": 1}},