{"timestamp": 1764102326, "iso": "2025-11-25T20:25:26Z", "episode": 57, "games_in_episode": 1, "stats": {"total_messages": 3979, "total_updates": 3967, "total_reward": -153.32499999999408, "action_counts": [466, 590, 276, 513, 391, 598, 329, 406, 410], "state_visits": {"(3, 1, 100.0)": 1178, "(3, 1, 200.0)": 28, "(3, 0, 100.0)": 30, "(4, 1, 100.0)": 207, "(3, 0, 200.0)": 72, "(2, 1, 100.0)": 686, "(2, 0, 100.0)": 208, "(2, 0, 200.0)": 54, "(1, 1, 100.0)": 528, "(1, 0, 200.0)": 77, "(1, 0, 100.0)": 226, "(0, 1, 100.0)": 484, "(0, 0, 100.0)": 120, "(0, 0, 200.0)": 69}, "state_action_prob_sums": {"(3, 1, 0.0)": [261.05484377206466, 187.09232036398745, 273.7082900314385, 254.38378206464677, 101.91922737258147, 162.99396190123434, 228.34598558684797, 213.98691692597052, 291.85200247059936], "(3, 0, 100.0)": [1559.6102380850919, 1142.518692097565, 1790.139381647191, 1659.0357359583777, 1098.512393554477, 1471.5562406951442, 1356.9564505331223, 1607.7271716378366, 1221.852395989969], "(3, 0, 200.0)": [217.25213367236773, 161.01395700878055, 145.00086390666857, 108.55497751950605, 178.12349299219974, 161.24883827185383, 169.73995325487164, 86.62347979110693, 164.38016247435016], "(3, 1, 100.0)": [2159.1643752347395, 2338.915493353543, 1855.5160604929824, 2295.045895421242, 2836.001607266789, 2155.132957666238, 2052.5413154111525, 2004.2445217459504, 2114.680318735227], "(4, 1, 100.0)": [211.29732682060344, 213.54957348217806, 206.01461930442167, 154.40155871745958, 344.8876732813475, 370.05262297202796, 236.2959319593563, 494.5070947401084, 238.86514481607284], "(4, 0, 100.0)": [199.4609007048575, 140.62653832834002, 118.25223582360604, 144.797171646409, 225.0353058389724, 199.79383845937724, 258.00377643967704, 249.37474396036396, 207.32704649421385], "(2, 1, 0.0)": [100.59058543268382, 173.82093988268196, 195.71694382995767, 65.91183477171846, 268.90817058576096, 188.04136108625107, 182.59808220536627, 214.684612771849, 176.67309181038297], "(2, 0, 100.0)": [1562.364007030523, 1393.6673429568814, 1161.8766640089189, 1592.584938028278, 1234.9279105983546, 1424.3124950949925, 1245.2247365461546, 1622.4604309071087, 1280.039548713304], "(2, 0, 200.0)": [229.3006417182906, 129.68067790625994, 105.19142651866045, 111.68849523076697, 103.00011942844532, 75.47889529568783, 78.11680113388665, 210.36705017935182, 137.19685300327836], "(2, 1, 100.0)": [1522.9363557717768, 1524.0687726146614, 1906.5656414554242, 2110.9161209352446, 1532.910778680688, 1814.8925649775026, 1802.8838631043131, 1476.4261624287815, 1586.420427846595], "(1, 1, 0.0)": [238.1801974281079, 64.93895906066369, 117.86946104514954, 147.26733363985232, 122.82657874010063, 95.86381547385193, 76.47669887749964, 85.71022537624498, 241.28624700048908], "(1, 0, 100.0)": [1355.3014407129735, 1289.4475987755054, 980.853651672453, 1097.2850153979696, 1018.9953553757405, 1333.7457694125562, 1280.7279060663354, 1293.5178297458801, 1237.6568899017966], "(1, 0, 200.0)": [133.2957542584715, 161.12173966375641, 70.09973995511035, 70.02061337668421, 104.04480077960329, 159.5747399720356, 276.29038908268024, 232.17426782736354, 139.86087071510244], "(1, 1, 100.0)": [1315.127306426462, 1551.3627910482583, 1564.5567740080858, 983.2725308920553, 1350.1810429070151, 1291.7513654957486, 1444.8414845982666, 1411.930232882225, 1593.8720878480233], "(0, 0, 100.0)": [955.5723806800664, 953.9407007772046, 911.1270377980948, 1224.4172798615923, 1452.6408063670876, 895.9185858030319, 988.6054268721814, 1113.417793798349, 934.8816456269908], "(0, 1, 100.0)": [1296.789933970786, 983.7875987199056, 1168.0531001776549, 1018.4862630956862, 1086.5309949024645, 1142.2906468551218, 1294.9121198703967, 1205.1147252669593, 1088.0101570559743], "(0, 0, 200.0)": [101.1721209662785, 73.50896536269642, 54.416380870324396, 108.56173179595675, 65.11104674295974, 64.50042557491071, 229.84262612462763, 203.84505077700817, 98.02849061794633], "(0, 1, 200.0)": [115.62860867548466, 123.52993762694157, 201.60256608364918, 88.42022160185411, 113.62266436234916, 39.54547332309544, 54.070296492228096, 47.132689393931685, 98.82268124620813], "(3, 0, 0.0)": [87.46697174310603, 189.96159164506358, 46.76153041238192, 26.55767739499596, 45.70240794608548, 67.32220454398936, 36.4190053260933, 74.30894851056969, 104.06366057142527], "(3, 1, 200.0)": [66.81747972601275, 130.80277814619217, 163.2450442286543, 136.48773925498608, 101.47146237111964, 96.89650878965085, 121.07161543393407, 168.54015953054372, 43.629424961405164], "(4, 0, 0.0)": [1.3333333333333337, 48.95573007422036, 0.3333333333333333, 2.128888888888889, 0.5555555555555556, 1.2311111111111113, 0.7777777777777779, 0.8977777777777778, 6.875555555555555], "(5, 0, 100.0)": [0.8172889504428911, 0.0, 0.1111111111111111, 0.1111111111111111, 0.1111111111111111, 0.6368565302722016, 0.1111111111111111, 0.0, 0.0], "(5, 0, 0.0)": [0.5644444444444444, 0.0, 0.0, 0.0, 0.0, 0.0, 0.0, 0.0, 0.0], "(0, 0, 0.0)": [2.4959352827666255, 21.53747152521874, 1.8590787524944241, 14.882287085121913, 7.894310721883102, 7.117615984694337, 3.4363150099776956, 1.1111111111111114, 2.799458479705494], "(2, 1, 200.0)": [75.95773842636852, 63.93704288299449, 78.91357435422682, 48.3197493914263, 39.556767531125544, 64.59482029106007, 73.66642322701156, 75.26227911594404, 167.36333735270233], "(2, 0, 0.0)": [22.933150090793095, 76.15674529710999, 55.96506570417145, 63.39059014911742, 46.324125411143086, 35.73125513746134, 54.7878071043726, 41.790319959434854, 85.37764048906796], "(1, 1, 200.0)": [89.8325890844392, 56.24246849475468, 92.47939613857943, 35.06258921946668, 79.61882464723485, 56.72593421788125, 23.359324113870056, 67.15437353474873, 193.89356270823663], "(1, 0, 0.0)": [22.110458583693983, 30.841089670638148, 6.629744613058628, 32.175173613429386, 22.0769876316109, 12.500052110531902, 5.5492686160999565, 91.5109940620246, 5.796842453333328], "(0, 1, 0.0)": [131.29311721917648, 54.279376481450505, 164.33806476957707, 60.595899430515935, 111.95715300328995, 85.5196903859314, 90.44108793164938, 31.369543052390892, 74.95549732366007], "(4, 0, 200.0)": [1.636856530272202, 9.951129512310269, 11.990324303297982, 4.380266912882676, 29.852566087839786, 4.51328357942199, 18.26770102611199, 23.53649652607862, 8.406325289356346], "(4, 1, 200.0)": [2.154276504767367, 43.096139263702916, 22.072801279035513, 3.9702227745903484, 5.547189240948541, 0.5555555555555556, 27.89303097760242, 24.832305757201897, 1.2222222222222225], "(4, 1, 0.0)": [52.111099457632925, 7.478433430755545, 4.965212219682458, 33.71897077596133, 91.58994001320495, 36.718599697051744, 84.27145523673602, 67.05315638859432, 60.24528915125916], "(5, 1, 100.0)": [0.6717470654909317, 0.0, 0.6717470654909317, 0.1111111111111111, 0.0, 0.0, 0.0, 0.0, 0.6717470654909317], "(5, 0, 200.0)": [0.6847458816974908, 0.0, 0.0, 0.0, 0.0, 0.0, 0.0, 0.0, 0.0], "(5, 1, 200.0)": [0.0, 0.0, 0.0, 0.0, 0.0, 0.0, 0.0, 0.0, 0.1111111111111111]}, "state_action_visits": {"(3, 1, 0.0)": 3636, "(3, 0, 100.0)": 23640, "(3, 0, 200.0)": 2568, "(3, 1, 100.0)": 34941, "(4, 1, 100.0)": 4368, "(4, 0, 100.0)": 3199, "(2, 1, 0.0)": 2910, "(2, 0, 100.0)": 22858, "(2, 0, 200.0)": 2220, "(2, 1, 100.0)": 27189, "(1, 1, 0.0)": 2139, "(1, 0, 100.0)": 19845, "(1, 0, 200.0)": 2496, "(1, 1, 100.0)": 22324, "(0, 0, 100.0)": 17186, "(0, 1, 100.0)": 18541, "(0, 0, 200.0)": 1864, "(0, 1, 200.0)": 1658, "(3, 0, 0.0)": 1328, "(3, 1, 200.0)": 1885, "(4, 0, 0.0)": 137, "(5, 0, 100.0)": 6, "(5, 0, 0.0)": 1, "(0, 0, 0.0)": 169, "(2, 1, 200.0)": 1269, "(2, 0, 0.0)": 937, "(1, 1, 200.0)": 1226, "(1, 0, 0.0)": 447, "(0, 1, 0.0)": 1457, "(4, 0, 200.0)": 230, "(4, 1, 200.0)": 266, "(4, 1, 0.0)": 790, "(5, 1, 100.0)": 4, "(5, 0, 200.0)": 1, "(5, 1, 200.0)": 1}}, "meta": {"recent_avg_return": -104.71649999999596, "epsilon": 0.16129846822342633,