{"timestamp": 1764101641, "iso": "2025-11-25T20:14:01Z", "episode": 36, "games_in_episode": 1, "stats": {"total_messages": 3413, "total_updates": 3401, "total_reward": -83.97499999999943, "action_counts": [445, 301, 373, 438, 501, 338, 391, 350, 276], "state_visits": {"(3, 1, 100.0)": 302, "(3, 0, 0.0)": 101, "(3, 0, 100.0)": 588, "(3, 1, 200.0)": 24, "(3, 0, 200.0)": 18, "(4, 0, 100.0)": 100, "(2, 0, 0.0)": 101, "(2, 0, 100.0)": 409, "(2, 1, 100.0)": 353, "(1, 0, 0.0)": 43, "(1, 0, 100.0)": 398, "(1, 1, 100.0)": 202, "(1, 1, 0.0)": 58, "(1, 0, 200.0)": 6, "(0, 0, 0.0)": 13, "(0, 0, 200.0)": 65, "(0, 0, 100.0)": 315, "(0, 1, 100.0)": 218, "(0, 1, 0.0)": 87}, "state_action_prob_sums": {"(3, 1, 0.0)": [140.82660130511886, 96.30460221845084, 116.32343201994323, 81.16377608462793, 57.964018508224534, 84.54731940494347, 50.97124779611466, 80.15125056487706, 155.2762859875364], "(3, 0, 100.0)": [817.8751140673045, 703.9130549037776, 919.2093660109741, 1004.9407238147617, 727.8152658281252, 817.985006339964, 874.9775923490222, 958.5831848434834, 823.8277228624836], "(3, 0, 200.0)": [83.41533893212907, 69.45156535657152, 105.61844265810399, 56.78476877771809, 134.97974517244992, 88.91388461023479, 97.41717098923989, 77.72260561027885, 87.28531581571826], "(3, 1, 100.0)": [1116.9594654005757, 1167.455104605427, 1176.5602664640926, 1139.1020267536614, 1301.9553652302814, 1157.191376344529, 1027.8598318455006, 1041.1292849186088, 1085.1995514947394], "(4, 1, 100.0)": [114.04287303464186, 123.65434689872961, 118.9276523559401, 99.80634638952704, 196.72482940387727, 167.23698726434145, 118.62926520683352, 183.25401546681857, 124.59734359920121], "(4, 0, 100.0)": [95.12789718713015, 96.23064229472251, 103.92411593823961, 75.93924441682238, 94.05061103549474, 128.1000860985946, 74.22659486264651, 145.92460644531866, 109.92647891931416], "(2, 1, 0.0)": [64.82216501634838, 68.70868387182072, 102.44056529336996, 42.98267099891036, 138.02177366027084, 130.50889467846358, 132.25257253334047, 84.64727785283783, 119.59702188075313], "(2, 0, 100.0)": [862.3837104384905, 847.7442422666945, 590.18535157455, 881.2339399891367, 672.7886435771537, 889.8051648509157, 764.1105077554083, 861.8982535501085, 863.1349890204126], "(2, 0, 200.0)": [66.05092781986147, 61.65701983630286, 54.30621736942539, 88.21667515583874, 54.84193157971591, 46.822152485890676, 76.56124557833105, 125.63859189542347, 73.09924872244852], "(2, 1, 100.0)": [801.1260079088167, 802.495373480968, 1041.5943446170018, 1098.649878377623, 734.9899642775616, 888.9532162553214, 923.133454752808, 1047.6513333666642, 737.4922013065711], "(1, 1, 0.0)": [125.52043225500285, 27.83520146945508, 90.2169568716654, 98.63315565356945, 64.80114447440266, 47.553211096082116, 61.60074719550646, 84.04355870957826, 145.27930014401738], "(1, 0, 100.0)": [888.8020392698563, 672.113156971889, 643.4785866946902, 508.379395774105, 593.4060774437708, 676.452969666073, 737.379869291476, 725.220510646726, 696.2397041824808], "(1, 0, 200.0)": [81.80537960545117, 151.53603744352662, 53.370485533753595, 42.50724661802305, 63.348121043146556, 80.59446718593043, 150.2434495889645, 96.18628297701233, 98.89509435870711], "(1, 1, 100.0)": [699.4621739612893, 822.4473753107399, 863.8714864797668, 594.7205165465488, 710.7376715337658, 771.2856369527419, 776.8944763691571, 785.3813180423016, 625.0764902970349], "(0, 0, 100.0)": [548.285309079045, 607.6407494637459, 630.7062387101373, 625.2849037590549, 600.7320401727474, 512.5073006529495, 551.8082629909396, 679.699594854612, 577.6580750276346], "(0, 1, 100.0)": [583.9469042555922, 507.22100260435747, 618.8761512717779, 727.7476666348983, 429.2789838580296, 669.2078301507768, 779.5197204271387, 617.7865691041796, 543.1468914401247], "(0, 0, 200.0)": [48.05544914662044, 26.650096010374167, 32.21576131297911, 67.85269734412913, 26.63566452999115, 29.126437191677233, 159.9325012487097, 86.15350845056982, 82.97979328171768], "(0, 1, 200.0)": [47.081490421113045, 122.974382071386, 104.7918231693975, 86.63498299216774, 99.80022224173351, 36.38438722020374, 31.10827857798485, 30.299276269067786, 83.30730457254832], "(3, 0, 0.0)": [54.13757654355076, 102.33331835592696, 40.70930458902193, 21.102158854715277, 44.48018572386322, 66.21109343287822, 35.97456088164884, 41.00962175858072, 93.48595682419732], "(3, 1, 200.0)": [37.40094662855551, 26.11161410311569, 42.32253753830283, 97.15672391128918, 69.8771084772278, 87.42757392118597, 59.86667570879803, 114.30130044927586, 39.19929991578685], "(4, 0, 0.0)": [1.3333333333333337, 48.95573007422036, 0.3333333333333333, 2.128888888888889, 0.5555555555555556, 1.2311111111111113, 0.7777777777777779, 0.8977777777777778, 6.875555555555555], "(5, 0, 100.0)": [0.0, 0.0, 0.1111111111111111, 0.1111111111111111, 0.1111111111111111, 0.6368565302722016, 0.1111111111111111, 0.0, 0.0], "(5, 0, 0.0)": [0.5644444444444444, 0.0, 0.0, 0.0, 0.0, 0.0, 0.0, 0.0, 0.0], "(0, 0, 0.0)": [2.3848241716555143, 21.42636041410763, 1.8590787524944241, 6.244662378572075, 7.67208849966088, 6.895393762472116, 3.3252038988665844, 1.1111111111111114, 2.799458479705494], "(2, 1, 200.0)": [24.162790049628665, 41.34742667440989, 48.55442954139427, 25.780895545422094, 36.193093263895015, 56.39392628485797, 31.466628727096122, 34.829023961938326, 144.94438660018065], "(2, 0, 0.0)": [21.710927868570877, 30.057350379746367, 21.50733208249322, 59.81265209783613, 8.267953564444436, 27.09212997212903, 41.55732268272438, 39.10873162895102, 33.260515832371695], "(1, 1, 200.0)": [48.86794819381068, 55.35357960586577, 22.909889699757073, 16.21165276781303, 43.041800320693625, 45.74005451418096, 22.58154633609228, 56.953732440734775, 46.97692784662577], "(1, 0, 0.0)": [13.028389432699703, 30.285534115082594, 6.407522390836407, 2.228378115006153, 21.521432076055348, 12.16671877719857, 5.327046393877735, 21.78190387812632, 5.130175786666664], "(0, 1, 0.0)": [118.40875763160508, 36.497184072227604, 78.71091955306775, 14.200562711712395, 94.00880800927858, 40.21299491016268, 19.642461689371732, 28.013827223331848, 50.516910976089335], "(4, 0, 200.0)": [1.3035231969388685, 9.617796178976937, 0.8888888888888891, 1.0000000000000002, 1.0000000000000002, 4.2910613571997684, 18.15658991500088, 23.425385414967508, 5.73223621580545], "(4, 1, 200.0)": [1.0000000000000002, 42.762805930369574, 7.971890034972077, 3.8591116634792373, 5.547189240948541, 0.4444444444444444, 27.6708087553802, 9.156622065959485, 1.0000000000000002], "(4, 1, 0.0)": [17.1561865170161, 5.700655652977773, 4.409656664126905, 1.4444444444444449, 14.439027894969753, 34.163044141496115, 2.0000000000000004, 49.52014436273034, 21.634368056336147], "(5, 1, 100.0)": [0.6717470654909317, 0.0, 0.6717470654909317, 0.1111111111111111, 0.0, 0.0, 0.0, 0.0, 0.6717470654909317], "(5, 0, 200.0)": [0.6847458816974908, 0.0, 0.0, 0.0, 0.0, 0.0, 0.0, 0.0, 0.0]}, "state_action_visits": {"(3, 1, 0.0)": 1969, "(3, 0, 100.0)": 15911, "(3, 0, 200.0)": 1700, "(3, 1, 100.0)": 20884, "(4, 1, 100.0)": 2608, "(4, 0, 100.0)": 1995, "(2, 1, 0.0)": 1888, "(2, 0, 100.0)": 15120, "(2, 0, 200.0)": 1458, "(2, 1, 100.0)": 16650, "(1, 1, 0.0)": 1489, "(1, 0, 100.0)": 12875, "(1, 0, 200.0)": 1727, "(1, 1, 100.0)": 13739, "(0, 0, 100.0)": 11157, "(0, 1, 100.0)": 11564, "(0, 0, 200.0)": 1224, "(0, 1, 200.0)": 1299, "(3, 0, 0.0)": 1062, "(3, 1, 200.0)": 1239, "(4, 0, 0.0)": 137, "(5, 0, 100.0)": 5, "(5, 0, 0.0)": 1, "(0, 0, 0.0)": 151, "(2, 1, 200.0)": 909, "(2, 0, 0.0)": 632, "(1, 1, 200.0)": 749, "(1, 0, 0.0)": 275, "(0, 1, 0.0)": 961, "(4, 0, 200.0)": 155, "(4, 1, 200.0)": 211, "(4, 1, 0.0)": 347, "(5, 1, 100.0)": 4, "(5, 0, 200.0)": 1}}, "meta": {"recent_avg_return": -117.25857142856763, "epsilon": 0.246537310309039, "q_summary": {"(3, 1, 0.0)": [11.953966537268684, 11.480963381294242, 11.701451744645755, 11.245779106106156, 10.605954412610716, 11.303738534636164, 11.451044627103327, 11.933756120779318, 11.483446796023756],