{"timestamp": 1764103754, "iso": "2025-11-25T20:49:14Z", "episode": 100, "games_in_episode": 1, "stats": {"total_messages": 4616, "total_updates": 4604, "total_reward": 123.10000000002361, "action_counts": [578, 539, 345, 936, 412, 415, 512, 471, 408], "state_visits": {"(3, 1, 100.0)": 496, "(3, 0, 100.0)": 796, "(3, 0, 200.0)": 8, "(3, 1, 0.0)": 101, "(4, 1, 100.0)": 100, "(4, 0, 100.0)": 263, "(2, 1, 100.0)": 615, "(2, 0, 100.0)": 491, "(2, 1, 0.0)": 99, "(1, 0, 100.0)": 491, "(1, 1, 100.0)": 329, "(0, 0, 100.0)": 284, "(0, 1, 100.0)": 516, "(1, 1, 200.0)": 15}, "state_action_prob_sums": {"(3, 1, 0.0)": [359.5462582192327, 543.1518728099628, 408.84663491494206, 401.7812850269883, 266.44325613033624, 578.7965084240769, 484.4536419031746, 433.34003346673046, 650.5293211152336], "(3, 0, 100.0)": [3266.9119690457887, 2894.786409546017, 3457.555130656906, 3658.8408463521755, 2908.7249900497327, 2799.8838501328714, 2512.28578779849, 3500.7981683223497, 3068.4179232496144], "(3, 0, 200.0)": [316.3152512836917, 306.8940438467432, 339.2236024977984, 200.6975290025246, 441.4810549489168, 400.81535414095674, 336.3636883458693, 399.2384245113349, 339.7114296087268], "(3, 1, 100.0)": [4772.515388558763, 4212.111350981443, 4235.637399292844, 4844.372021099568, 5218.199743491396, 4292.246998910029, 4816.842164140572, 4454.2543679036435, 4380.040840809749], "(4, 1, 100.0)": [619.963764419569, 664.6916400812685, 722.1370933423685, 444.6112826472916, 502.52023956137367, 1153.9161782530016, 493.0238213016663, 692.8162352789916, 444.7723658098636], "(4, 0, 100.0)": [367.18787999770313, 313.890386759658, 563.5141894373567, 478.19562748110195, 376.91791316569595, 326.7348059710834, 601.8607255787582, 362.2868589574019, 663.8355464470193], "(2, 1, 0.0)": [236.24334302070272, 389.80953398669396, 447.7395795044314, 296.75993793519433, 517.5275717320355, 332.0953286297812, 531.9696804851314, 373.1380622439689, 440.94000155391626], "(2, 0, 100.0)": [2974.5248356995085, 3008.8974381873672, 3013.982600512824, 3259.546714093838, 2163.106116356484, 3015.751184846732, 3429.0718785869226, 2961.1775709404023, 2793.7221434409057], "(2, 0, 200.0)": [279.064911348581, 384.1899036487986, 218.9192276048058, 260.8813033349919, 348.40089261444945, 239.5172390344063, 235.7924109962726, 348.85694912835766, 340.9267568248011], "(2, 1, 100.0)": [3768.780724243817, 3281.3436198278955, 3739.106144114055, 3994.2747203211306, 3652.433072248251, 3240.707723962636, 2890.932970490835, 3790.029758057878, 3223.4915382019644], "(1, 1, 0.0)": [425.84222054739945, 332.46945428028386, 266.53627465601807, 586.0272859514623, 292.34460136058965, 308.0091413287025, 244.2202552905787, 248.1413696698222, 470.3983195524375], "(1, 0, 100.0)": [2574.1243226060647, 2429.992598244004, 2423.706953996414, 2112.3372396722857, 2706.037273496562, 3057.395239528246, 2576.5808614435127, 2711.1827820533777, 2087.2806518009174], "(1, 0, 200.0)": [321.3000037393973, 352.6015389196244, 184.2820275852363, 138.23008964953303, 131.9409897423111, 215.85762958706033, 683.2768114532555, 446.94788177990586, 306.59527787843973], "(1, 1, 100.0)": [2658.58966971481, 2395.0804838434706, 3007.2270474255797, 2541.7565365102196, 2339.613863217773, 3133.250039367681, 3225.568844610105, 3016.869672090201, 3030.1126295620343], "(0, 0, 100.0)": [1778.7551475030755, 2152.5944381623476, 2133.6504961340656, 2153.9689390648555, 2598.9239725049088, 1761.990809944355, 1880.1027849012528, 2361.888993338462, 1810.6063867507487], "(0, 1, 100.0)": [3018.417002576445, 2530.2780617644526, 2363.668770373346, 2509.8513303723375, 2604.224550919928, 2419.693592854408, 2331.6312660391163, 2510.3231617485844, 2296.2607343762365], "(0, 0, 200.0)": [263.04829605048866, 457.4374525957947, 162.30622882012355, 140.66769284644076, 255.42755822664031, 133.631678201659, 448.9169337303931, 477.5072450911973, 159.67635386674897], "(0, 1, 200.0)": [480.3329564645469, 356.2758746030189, 316.34792913381057, 155.94710384759588, 161.0808538439688, 171.8140214622676, 112.92094175415727, 74.78488358919552, 187.85285068111526], "(3, 0, 0.0)": [164.00797363892318, 287.78469615673555, 124.09924263329374, 228.84124699876347, 84.25271103907822, 217.0620641600132, 170.41638850893762, 140.7107407960518, 107.55784375625817], "(3, 1, 200.0)": [223.618538040096, 193.69663185567634, 390.65091734800757, 192.2849423857606, 183.32287010312015, 361.00562393238584, 252.9964134197604, 209.95243408499633, 48.72655089069914], "(4, 0, 0.0)": [35.04308045118448, 74.8261693345762, 0.3333333333333333, 2.128888888888889, 0.7777777777777779, 1.2311111111111113, 3.6131026191651063, 19.17031375739701, 7.097777777777776], "(5, 0, 100.0)": [3.5711549385408805, 0.1111111111111111, 0.1111111111111111, 0.1111111111111111, 0.1111111111111111, 0.6368565302722016, 0.1111111111111111, 0.0, 0.0], "(5, 0, 0.0)": [0.5644444444444444, 0.0, 0.0, 0.0, 0.0, 0.0, 0.0, 0.0, 0.0], "(0, 0, 0.0)": [2.829268616099959, 21.759693747440963, 2.081300974716646, 51.45205337783112, 8.005421832994212, 7.673171540249891, 43.348584527356714, 1.3333333333333337, 89.93041133400338], "(2, 1, 200.0)": [140.36721536753316, 133.43337779017472, 82.71426991282519, 247.81904281920396, 48.57766402404159, 108.46140565926942, 225.81670595150544, 231.58514209255605, 413.8581499632502], "(2, 0, 0.0)": [23.59981675745976, 138.21917060559443, 178.21527241532507, 130.03306288899108, 120.3017119631738, 234.10385344868033, 130.53218090808767, 59.09721336282739, 214.40217300658048], "(1, 1, 200.0)": [205.89554054022798, 157.7122883603999, 178.71003502955574, 145.03028150934847, 284.7565511268805, 85.44993506651242, 230.050351891481, 190.23912145801393, 218.0585650746167], "(1, 0, 0.0)": [93.9220797257636, 69.46412361638633, 23.565992033212527, 36.13328753217254, 31.104497305620235, 13.61116322164301, 6.215935282766621, 177.18087891866972, 96.77709827123647], "(0, 1, 0.0)": [376.6910956918065, 191.38379932541304, 194.39443535270814, 159.12773576417104, 335.01298950146224, 171.71341935033917, 161.27043257741454, 226.9464407642846, 310.8822329981123], "(4, 0, 200.0)": [1.9701898636055355, 13.267267965399737, 91.93896579752034, 57.27674748574306, 49.68862471595004, 53.627354778065616, 68.75676623402556, 23.64760763718973, 60.805205087149005], "(4, 1, 200.0)": [14.367136317368871, 43.20725037481403, 48.96781873668176, 3.9702227745903484, 5.547189240948541, 0.5555555555555556, 27.89303097760242, 24.832305757201897, 1.2222222222222225], "(4, 1, 0.0)": [53.02100927618982, 59.43870360088674, 4.965212219682458, 84.89614283736984, 104.43978858411263, 36.94082191927397, 94.61379657419523, 68.18528842937344, 68.43447751827124], "(5, 1, 100.0)": [9.294759964319564, 0.0, 0.6717470654909317, 0.1111111111111111, 0.0, 0.1111111111111111, 0.9360970733832438, 0.0, 0.6717470654909317], "(5, 0, 200.0)": [0.6847458816974908, 0.0, 0.0, 1.7957255714105582, 0.0, 0.0, 3.5677820773374904, 0.0, 0.0], "(5, 1, 200.0)": [1.8721941467664875, 0.0, 0.0, 0.0, 0.0, 0.0, 0.0, 0.0, 0.1111111111111111]}, "state_action_visits": {"(3, 1, 0.0)": 6250, "(3, 0, 100.0)": 42059, "(3, 0, 200.0)": 4652, "(3, 1, 100.0)": 60972, "(4, 1, 100.0)": 8405, "(4, 0, 100.0)": 6013, "(2, 1, 0.0)": 5342, "(2, 0, 100.0)": 40017, "(2, 0, 200.0)": 4023, "(2, 1, 100.0)": 46961, "(1, 1, 0.0)": 4571, "(1, 0, 100.0)": 34154, "(1, 0, 200.0)": 4277, "(1, 1, 100.0)": 37862, "(0, 0, 100.0)": 28425, "(0, 1, 100.0)": 33385, "(0, 0, 200.0)": 3702, "(0, 1, 200.0)": 3031, "(3, 0, 0.0)": 2348, "(3, 1, 200.0)": 3126, "(4, 0, 0.0)": 236, "(5, 0, 100.0)": 10, "(5, 0, 0.0)": 1, "(0, 0, 0.0)": 373, "(2, 1, 200.0)": 2428, "(2, 0, 0.0)": 1851, "(1, 1, 200.0)": 2456, "(1, 0, 0.0)": 846, "(0, 1, 0.0)": 3086, "(4, 0, 200.0)": 598, "(4, 1, 200.0)": 311, "(4, 1, 0.0)": 948, "(5, 1, 100.0)": 16, "(5, 0, 200.0)": 7, "(5, 1, 200.0)": 3}}, "meta": {"recent_avg_return": -121.72049999999484, "epsilon": 0.06766303872181276,