{"timestamp": 1764103180, "iso": "2025-11-25T20:39:40Z", "episode": 83, "games_in_episode": 1, "stats": {"total_messages": 4409, "total_updates": 4397, "total_reward": 67.92500000000427, "action_counts": [355, 652, 343, 383, 527, 540, 560, 363, 686], "state_visits": {"(3, 0, 100.0)": 695, "(3, 0, 200.0)": 52, "(3, 1, 0.0)": 101, "(3, 1, 100.0)": 204, "(3, 0, 0.0)": 101, "(4, 0, 100.0)": 166, "(4, 1, 100.0)": 86, "(2, 0, 100.0)": 884, "(2, 1, 0.0)": 17, "(2, 1, 100.0)": 86, "(2, 0, 0.0)": 185, "(1, 0, 100.0)": 664, "(1, 0, 0.0)": 202, "(2, 0, 200.0)": 7, "(1, 1, 100.0)": 47, "(0, 1, 100.0)": 200, "(0, 0, 100.0)": 472, "(0, 0, 0.0)": 97, "(0, 1, 0.0)": 67, "(0, 0, 200.0)": 64}, "state_action_prob_sums": {"(3, 1, 0.0)": [337.0868800836087, 281.4726767703168, 346.3824848135226, 330.5249708110376, 245.33815495690723, 448.88011510576905, 246.31111024481714, 365.1918352450665, 649.5293211152339], "(3, 0, 100.0)": [2356.619434030983, 2488.453036354845, 2814.328156298528, 2954.9363929151814, 2199.5392832517, 2567.427827666017, 2088.0367164995887, 2528.432879046137, 2335.469077913141], "(3, 0, 200.0)": [310.9100314422678, 277.1183256063218, 321.24497704804435, 195.4680087868504, 346.8041316414497, 265.2259558239906, 278.5733029065033, 375.88679772039774, 179.74159474887017], "(3, 1, 100.0)": [3554.0649269278915, 3628.9594189271584, 3115.757691651762, 3589.535894765486, 4093.6070409469953, 3381.7426629205465, 3413.0383848136917, 2899.8852952047805, 3402.480019065217], "(4, 1, 100.0)": [587.9793181350253, 451.2853375073677, 380.8645965111549, 418.81621540833675, 439.9294718109571, 738.2946769264046, 458.49815174459394, 625.1187382687162, 334.5132206195648], "(4, 0, 100.0)": [332.7497152306927, 198.51766150712393, 377.1951113967024, 331.9069347534832, 375.5845798323629, 308.078016139515, 526.5428332445717, 349.0863093171035, 508.1101356848582], "(2, 1, 0.0)": [195.63830587370776, 287.63371270325223, 256.844865244518, 232.91793119341781, 405.4979436187747, 323.0275023833048, 347.80115081279246, 304.6220649729298, 373.14117225066224], "(2, 0, 100.0)": [2543.929688705791, 2638.1263070338077, 2489.265300394993, 2414.1433057946183, 1728.6979550208473, 2482.2640825922767, 2249.4893478658873, 2276.6443010720923, 2069.5643839642166], "(2, 0, 200.0)": [278.3982446819145, 313.47840541321193, 199.15239671290664, 166.63436591150975, 315.2178292874233, 152.03370635354273, 220.33389812692468, 310.4406248303144, 237.50433311894054], "(2, 1, 100.0)": [2223.691810347611, 2759.6335037907065, 3004.4767751838776, 3363.1532163631246, 2585.409065315201, 2462.2919491259067, 2338.213202041209, 2537.55933705958, 2432.4956539129576], "(1, 1, 0.0)": [401.1277595390599, 315.8835371075763, 158.92397785307705, 517.5877538033071, 221.72647579464126, 185.23710483455116, 132.1546893666204, 247.69692522537775, 360.0474279678393], "(1, 0, 100.0)": [2253.5882303047297, 1978.0796804448742, 1859.1150003983412, 1660.6691504445166, 1990.3256379010672, 2436.536651906861, 1862.853418656422, 2111.8056394013443, 1721.0538959616372], "(1, 0, 200.0)": [185.04757164615575, 336.0893136663552, 118.87282950148384, 137.89675631619968, 126.07691392981133, 212.651038704821, 682.9434781199222, 443.1138961351237, 213.03005910368864], "(1, 1, 100.0)": [2067.5488796122922, 2029.4675597894523, 2471.5138415496726, 1735.1972048470839, 1916.349285825143, 2185.6664035325525, 2286.7956390403288, 2196.4772197819725, 2330.1478154980546], "(0, 0, 100.0)": [1388.6802662386478, 1889.4914127563488, 1402.2908653195116, 1815.3444611906853, 2065.82957440551, 1580.3082717682212, 1747.5875556349902, 1711.1196081204641, 1549.2535290441358], "(0, 1, 100.0)": [2019.5967122390314, 1591.4192407287194, 1814.5293429493383, 1905.083124314893, 1734.9589392395535, 2048.9514834035263, 1960.448096952562, 1812.7947990301975, 1583.7996206366595], "(0, 0, 200.0)": [188.01709368052445, 380.2937811398787, 110.84982948456309, 131.04024987083113, 172.89621184839805, 116.36096098078768, 430.9824131455015, 465.04585084306, 158.62661512636058], "(0, 1, 200.0)": [347.3587896107547, 215.62381388938516, 286.15181904221413, 141.59953019868925, 146.54745328448556, 158.9941886394464, 74.51623146415567, 55.91004764651365, 182.72792086975454], "(3, 0, 0.0)": [164.00797363892318, 215.39925759127405, 124.09924263329374, 228.73013588765235, 84.1415999279671, 216.83984193779096, 170.41638850893762, 111.10415276202718, 106.17477168253644], "(3, 1, 200.0)": [214.71681687967808, 143.044210090546, 226.2180440445267, 163.0864488610516, 132.20889180305113, 239.42095350191374, 220.80873650526857, 192.71517588442777, 47.45712048398255], "(4, 0, 0.0)": [35.04308045118448, 74.8261693345762, 0.3333333333333333, 2.128888888888889, 0.7777777777777779, 1.2311111111111113, 3.6131026191651063, 19.17031375739701, 7.097777777777776], "(5, 0, 100.0)": [1.7307663401849356, 0.0, 0.1111111111111111, 0.1111111111111111, 0.1111111111111111, 0.6368565302722016, 0.1111111111111111, 0.0, 0.0], "(5, 0, 0.0)": [0.5644444444444444, 0.0, 0.0, 0.0, 0.0, 0.0, 0.0, 0.0, 0.0], "(0, 0, 0.0)": [2.829268616099959, 21.759693747440963, 2.081300974716646, 51.45205337783112, 8.005421832994212, 7.673171540249891, 43.348584527356714, 1.3333333333333337, 89.93041133400338], "(2, 1, 200.0)": [81.47914223428921, 95.90747830153165, 82.38093657949184, 166.7641149980008, 40.334545308903344, 79.95361113372073, 194.63520586138915, 152.99474009819772, 363.6894495183839], "(2, 0, 0.0)": [23.48870564634865, 138.21917060559443, 168.1293318791343, 129.81084066676885, 117.43988979673789, 194.67699498902547, 121.61338107544661, 58.986102251716275, 214.17995078435825], "(1, 1, 200.0)": [174.46079361456998, 157.60117724928878, 170.21772884303107, 120.4069305762441, 169.219629023158, 75.2131168573864, 53.38829528339508, 173.15677010833116, 207.10917615568903], "(1, 0, 0.0)": [93.9220797257636, 69.46412361638633, 23.565992033212527, 36.13328753217254, 31.104497305620235, 13.61116322164301, 6.215935282766621, 177.18087891866972, 96.77709827123647], "(0, 1, 0.0)": [361.3618664573627, 106.11944210467756, 188.33745768650306, 62.707010541627106, 196.89391860570854, 162.62545012818666, 147.0996820097679, 143.9629539954148, 310.21556633144576], "(4, 0, 200.0)": [1.8590787524944243, 10.395573956754712, 91.82785468640922, 4.713600246216008, 36.45676966536234, 45.0913700065053, 21.172243075177263, 23.64760763718973, 60.69409397603789], "(4, 1, 200.0)": [2.265387615878478, 43.096139263702916, 39.77433847145163, 3.9702227745903484, 5.547189240948541, 0.5555555555555556, 27.89303097760242, 24.832305757201897, 1.2222222222222225], "(4, 1, 0.0)": [53.02100927618982, 7.478433430755545, 4.965212219682458, 84.89614283736984, 104.43978858411263, 36.94082191927397, 94.50268546308412, 68.18528842937344, 68.43447751827124], "(5, 1, 100.0)": [9.294759964319564, 0.0, 0.6717470654909317, 0.1111111111111111, 0.0, 0.1111111111111111, 0.0, 0.0, 0.6717470654909317], "(5, 0, 200.0)": [0.6847458816974908, 0.0, 0.0, 0.8755312722325858, 0.0, 0.0, 3.5677820773374904, 0.0, 0.0], "(5, 1, 200.0)": [0.0, 0.0, 0.0, 0.0, 0.0, 0.0, 0.0, 0.0, 0.1111111111111111]}, "state_action_visits": {"(3, 1, 0.0)": 5227, "(3, 0, 100.0)": 35432, "(3, 0, 200.0)": 4030, "(3, 1, 100.0)": 49204, "(4, 1, 100.0)": 6870, "(4, 0, 100.0)": 5149, "(2, 1, 0.0)": 4381, "(2, 0, 100.0)": 33372, "(2, 0, 200.0)": 3487, "(2, 1, 100.0)": 37854, "(1, 1, 0.0)": 3839, "(1, 0, 100.0)": 28613, "(1, 0, 200.0)": 3900, "(1, 1, 100.0)": 30800, "(0, 0, 100.0)": 24411, "(0, 1, 100.0)": 26267, "(0, 0, 200.0)": 3304, "(0, 1, 200.0)": 2561, "(3, 0, 0.0)": 2227, "(3, 1, 200.0)": 2570, "(4, 0, 0.0)": 236, "(5, 0, 100.0)": 7, "(5, 0, 0.0)": 1, "(0, 0, 0.0)": 373, "(2, 1, 200.0)": 1995, "(2, 0, 0.0)": 1772, "(1, 1, 200.0)": 1997, "(1, 0, 0.0)": 846, "(0, 1, 0.0)": 2565, "(4, 0, 200.0)": 457, "(4, 1, 200.0)": 287, "(4, 1, 0.0)": 891, "(5, 1, 100.0)": 15, "(5, 0, 200.0)": 6, "(5, 1, 200.0)": 1}}, "meta": {"recent_avg_return": -123.1979999999949, "epsilon": 0.09539117780939593,