{"timestamp": 1764100879, "iso": "2025-11-25T20:01:19Z", "episode": 13, "games_in_episode": 1, "stats": {"total_messages": 3926, "total_updates": 3914, "total_reward": -316.6499999999938, "action_counts": [456, 388, 411, 395, 405, 452, 501, 464, 454], "state_visits": {"(3, 1, 0.0)": 197, "(3, 0, 100.0)": 470, "(3, 1, 100.0)": 320, "(3, 0, 200.0)": 108, "(3, 1, 200.0)": 99, "(4, 1, 100.0)": 63, "(4, 0, 100.0)": 37, "(2, 1, 0.0)": 101, "(2, 0, 100.0)": 493, "(2, 1, 100.0)": 351, "(2, 0, 200.0)": 84, "(2, 1, 200.0)": 30, "(1, 1, 0.0)": 56, "(1, 1, 100.0)": 391, "(1, 0, 100.0)": 330, "(1, 0, 200.0)": 100, "(1, 1, 200.0)": 1, "(0, 1, 100.0)": 332, "(0, 0, 100.0)": 223, "(0, 0, 200.0)": 128}, "state_action_prob_sums": {"(3, 1, 0.0)": [31.26339934611991, 35.85011954966333, 57.96626203560569, 49.667577167960516, 36.81877569958011, 63.29296010057765, 32.80273033867842, 49.1917457498062, 54.0651437029711], "(3, 0, 100.0)": [254.02227516722908, 178.23997033376577, 308.22642165481994, 217.31749522673624, 187.74530986234103, 263.24402804404133, 246.71545832037577, 245.418507646429, 346.19703344151964], "(3, 0, 200.0)": [27.609021965515645, 28.635618069152073, 28.60990993150559, 32.53667557188432, 37.81205374914504, 32.408183663361534, 28.721584979473807, 52.785457798905455, 50.74974134459074], "(3, 1, 100.0)": [297.8822894966946, 321.37708515816945, 288.39976390708995, 289.61883474147896, 321.93104151402054, 298.29790556472176, 278.6927504241703, 213.37725485103064, 259.0972155294497], "(4, 1, 100.0)": [44.33372211065199, 18.47626876160422, 28.22313728279856, 29.971233019737788, 93.01916195652736, 67.94869723612312, 27.59330132923366, 86.36954411859692, 50.29880350231022], "(4, 0, 100.0)": [53.59416829817902, 39.76950795676389, 18.112571193819942, 50.84136185259296, 20.258136493283626, 47.28101586007182, 30.13427413607936, 44.177256341563805, 46.457431962132176], "(2, 1, 0.0)": [4.879251217009776, 51.666827107780954, 19.526166462445346, 19.76661136687146, 4.5555555555555545, 52.97807711622383, 99.74753513863806, 30.938493675032532, 13.596601768147202], "(2, 0, 100.0)": [267.86177643580993, 240.54655960872523, 194.73734853518582, 213.52162021152844, 172.25565725360474, 236.92059245402606, 214.69431515383283, 259.9955947686888, 239.15677638090366], "(2, 0, 200.0)": [38.4254778035956, 19.25875009729653, 28.633757668832438, 15.754165672289776, 17.274629355211033, 16.268357408555637, 49.8862202689367, 50.73884532358198, 38.3699839288889], "(2, 1, 100.0)": [228.31668752818555, 163.267274047352, 232.5341981777073, 272.47132779139406, 205.45719679902652, 304.48139080983907, 236.1599823596654, 263.8918589110147, 179.86235097974986], "(1, 1, 0.0)": [22.925173762844434, 4.538643845688888, 10.110679840711105, 27.482103916475058, 6.773763691929513, 8.538129791999996, 14.429567041109339, 27.71337388088107, 7.278331486575819], "(1, 0, 100.0)": [183.55744683363332, 200.44343688751195, 211.92376925610873, 196.4247195531892, 231.841713902034, 216.21308504155832, 237.21919462808265, 180.9972203187398, 158.90627610765273], "(1, 0, 200.0)": [30.2144827913897, 40.01397196331279, 6.8888888888888795, 33.04479747354353, 19.07068950966579, 28.177642655996088, 72.65572367365648, 30.45804114012709, 66.34736497597078], "(1, 1, 100.0)": [197.18519822731452, 181.76788193625543, 186.60625190723752, 165.159535758421, 200.59162013919166, 202.17972241804654, 205.1332850801808, 218.15243141683706, 139.68758515846795], "(0, 0, 100.0)": [233.54916201610666, 207.4456786017215, 146.71126266754658, 151.3731702368797, 125.74221300712215, 109.32905742704445, 126.54814425130523, 218.76425343078753, 180.79165897490844], "(0, 1, 100.0)": [190.63619597663504, 136.33938246064358, 209.30970892374532, 194.7913533604277, 141.23820085647688, 171.99719743286116, 196.16013430694437, 195.17203740524263, 148.9070424026666], "(0, 0, 200.0)": [23.9095361233416, 15.934570664757025, 23.06248377492093, 15.050477219943815, 15.276976099213368, 9.146343080499788, 98.7413222359367, 51.87305700966391, 36.67980717146375], "(0, 1, 200.0)": [6.268458666666663, 15.557932601022658, 20.725227428807095, 25.199139555555554, 30.63252692362384, 13.785813408573135, 2.444444444444445, 8.913609896091842, 9.139609269959108], "(3, 0, 0.0)": [20.53134769777777, 16.615088995555553, 10.606711101927715, 15.836474265194125, 9.938785691361, 29.490712231227167, 8.413012118322177, 29.903684823310996, 16.639913167211066], "(3, 1, 200.0)": [12.158260793283208, 13.866080112831034, 23.23964025318688, 56.81259681265976, 43.858378645617975, 14.753643172515018, 19.769914580854266, 7.868456637728981, 5.922851725033778], "(4, 0, 0.0)": [0.7777777777777779, 0.1111111111111111, 0.1111111111111111, 1.5733333333333333, 0.2222222222222222, 0.8977777777777778, 0.2222222222222222, 0.7866666666666666, 6.542222222222223], "(5, 0, 100.0)": [0.0, 0.0, 0.1111111111111111, 0.1111111111111111, 0.0, 0.6368565302722016, 0.1111111111111111, 0.0, 0.0], "(5, 0, 0.0)": [0.5644444444444444, 0.0, 0.0, 0.0, 0.0, 0.0, 0.0, 0.0, 0.0], "(0, 0, 0.0)": [2.3848241716555143, 15.179514620749682, 1.747967641383313, 5.911329045238743, 7.67208849966088, 6.895393762472116, 3.3252038988665844, 1.0000000000000002, 2.799458479705494], "(2, 1, 200.0)": [5.173333333333329, 9.860055826488882, 12.356520541866661, 6.866666666666664, 17.250732723857027, 9.741543111111104, 7.691942771199999, 21.662796494448305, 25.719795959466655], "(2, 0, 0.0)": [12.08932712829987, 24.617282897188755, 11.107953564444442, 21.331577337688554, 7.0457313422222185, 6.01122830222222, 2.8888888888888897, 18.576915042472116, 16.617890059866163], "(1, 1, 200.0)": [15.906149439053259, 15.258171929819495, 7.247758645101956, 5.0391682114398675, 8.256703054784893, 9.660377611377774, 4.905330810315357, 5.738513777777774, 3.97688888888889], "(1, 0, 0.0)": [12.806167210477481, 30.174423003971484, 5.626666666666663, 0.5555555555555556, 21.521432076055348, 8.04021793412763, 4.993713060544403, 3.5999999999999996, 5.019064675555553], "(0, 1, 0.0)": [7.831159045688885, 9.448539519999999, 31.246204515555547, 4.591345493333332, 26.15112419697775, 2.7701757866666665, 5.095907128888886, 1.7777777777777783, 0.6666666666666667], "(4, 0, 200.0)": [0.970189863605535, 0.8122808177777778, 0.4444444444444444, 0.4444444444444444, 0.5555555555555556, 0.2222222222222222, 17.165044310227593, 0.5555555555555556, 5.398902882472118], "(4, 1, 200.0)": [0.6666666666666667, 42.42947259703623, 0.7777777777777779, 3.0216807019277163, 0.4444444444444444, 0.2222222222222222, 0.5555555555555556, 3.848609926118401, 0.4444444444444444], "(4, 1, 0.0)": [1.2222222222222225, 5.367322319644441, 1.3333333333333337, 0.8888888888888891, 1.3333333333333337, 8.618321684889978, 1.6666666666666672, 49.186811029397, 21.078812500780593]}, "state_action_visits": {"(3, 1, 0.0)": 1073, "(3, 0, 100.0)": 5842, "(3, 0, 200.0)": 813, "(3, 1, 100.0)": 6593, "(4, 1, 100.0)": 1167, "(4, 0, 100.0)": 925, "(2, 1, 0.0)": 755, "(2, 0, 100.0)": 5339, "(2, 0, 200.0)": 740, "(2, 1, 100.0)": 5438, "(1, 1, 0.0)": 346, "(1, 0, 100.0)": 4772, "(1, 0, 200.0)": 821, "(1, 1, 100.0)": 4429, "(0, 0, 100.0)": 3938, "(0, 1, 100.0)": 4145, "(0, 0, 200.0)": 704, "(0, 1, 200.0)": 361, "(3, 0, 0.0)": 431, "(3, 1, 200.0)": 508, "(4, 0, 0.0)": 40, "(5, 0, 100.0)": 4, "(5, 0, 0.0)": 1, "(0, 0, 0.0)": 138, "(2, 1, 200.0)": 289, "(2, 0, 0.0)": 333, "(1, 1, 200.0)": 207, "(1, 0, 0.0)": 232, "(0, 1, 0.0)": 241, "(4, 0, 200.0)": 69, "(4, 1, 200.0)": 128, "(4, 1, 0.0)": 235}}, "meta": {"recent_avg_return": -118.65624999999612, "epsilon": 0.3923583618673999, "q_summary": {"(3, 1, 0.0)": [8.56128489539674, 8.274323861491544, 8.141117165765724, 8.553220317787506, 8.237549176747226, -8.340687121677357, 4.9090141876904685, 8.290382143771199, 8.10017985844333], "(3, 0, 100.0)": [8.184135573126374, 8.015532841209252, 8.23112676732654, 8.149903805567781, 8.26631306294225, 7.141384677746936, 8.151693390768203, 8.472031934067148, 8.182843808711826],