{"timestamp": 1764103613, "iso": "2025-11-25T20:46:53Z", "episode": 96, "games_in_episode": 1, "stats": {"total_messages": 4348, "total_updates": 4336, "total_reward": -169.1000000000009, "action_counts": [615, 211, 407, 364, 640, 369, 659, 557, 526], "state_visits": {"(3, 1, 200.0)": 50, "(3, 1, 100.0)": 1108, "(3, 0, 200.0)": 71, "(3, 0, 100.0)": 366, "(4, 1, 100.0)": 51, "(2, 1, 100.0)": 798, "(2, 0, 100.0)": 167, "(2, 0, 200.0)": 57, "(2, 1, 200.0)": 97, "(2, 1, 0.0)": 25, "(1, 1, 100.0)": 493, "(1, 0, 100.0)": 269, "(1, 1, 200.0)": 86, "(0, 1, 100.0)": 320, "(0, 0, 100.0)": 244, "(0, 0, 200.0)": 56, "(0, 1, 200.0)": 78}, "state_action_prob_sums": {"(3, 1, 0.0)": [359.21292488589944, 488.50190416681926, 403.00016190122636, 401.55906280476614, 266.33214501922515, 578.7965084240769, 330.3774144041725, 432.8955890222861, 650.4182100041226], "(3, 0, 100.0)": [2890.273067499715, 2776.1729480415356, 3434.9906575282075, 3356.9526032933527, 2686.8457446120456, 2688.109409768786, 2422.017938033738, 3149.9310788799376, 2746.4191319143965], "(3, 0, 200.0)": [316.3152512836917, 296.47057934836965, 338.89026916446517, 200.47530678030236, 396.3072255005951, 389.3599670381359, 334.2692719768807, 399.2384245113349, 279.6619885133774], "(3, 1, 100.0)": [4603.91785903482, 4080.7774094172223, 3980.4336690130262, 4578.96492711795, 4939.064620674639, 4169.730651629798, 4718.539178912049, 3901.7653949004634, 4273.508373042862], "(4, 1, 100.0)": [619.0276673461857, 664.5805289701574, 709.9678313883859, 444.5001715361805, 502.52023956137367, 1067.0050667529274, 492.80159907944414, 692.7051241678805, 444.7723658098636], "(4, 0, 100.0)": [338.7949327283436, 272.092318940777, 377.30622250781346, 427.0444244496387, 376.25124649902943, 326.51258374886123, 593.1798076663104, 361.73130340184645, 622.7551114826078], "(2, 1, 0.0)": [236.24334302070272, 389.80953398669396, 317.23108576757375, 287.2502760571658, 517.1942383987023, 331.9842175186701, 528.8204642639665, 372.69361779952453, 440.8288904428052], "(2, 0, 100.0)": [2825.839654438076, 2998.105409163803, 3002.151879775604, 2885.0822060107757, 2133.0583985892786, 2948.882358983178, 2847.385482095929, 2785.937736489264, 2350.6726139980165], "(2, 0, 200.0)": [278.84268912635883, 324.04964371414064, 218.69700538258357, 177.56866380388269, 333.2011172180957, 239.29501681218406, 235.68129988516148, 344.8903386126026, 330.2963556842524], "(2, 1, 100.0)": [3255.333598702148, 3222.0429635474343, 3690.31488568999, 3915.8948241085204, 3425.616636690993, 2817.835253754254, 2760.037751528259, 3643.5465415100416, 3141.3653875], "(1, 1, 0.0)": [425.84222054739945, 332.2472320580617, 192.273580832002, 520.2122407909458, 292.23349024947856, 307.67580799536927, 243.99803306835648, 248.1413696698222, 470.2872084413264], "(1, 0, 100.0)": [2528.08679406095, 2375.7438261287593, 2325.578548496068, 1840.6360854107954, 2617.4380000988012, 2810.844408359443, 2364.7800628789428, 2517.7918044284147, 1994.4094667483334], "(1, 0, 200.0)": [278.23953836376904, 336.4226469996885, 119.31727394592829, 138.0078674273108, 131.8298786312, 215.74651847594922, 683.2768114532555, 446.83677066879477, 306.59527787843973], "(1, 1, 100.0)": [2383.1263779941637, 2351.203409974163, 2873.4566231598415, 2272.3720998492486, 2337.564124477383, 2903.2908860309653, 2987.1410296929025, 2806.2093264055543, 2882.440530687568], "(0, 0, 100.0)": [1672.295519690681, 2066.5207155955786, 1927.5439461941269, 2024.4939872073617, 2418.5257303164813, 1759.7213795376388, 1878.2777989389808, 2083.5259186873277, 1713.5467125023279], "(0, 1, 100.0)": [2792.8786603370063, 2120.358169342768, 2330.624279909024, 2292.4579194309763, 2368.420041030938, 2365.4943789671634, 2230.2283669753547, 2223.6297340955443, 2044.3531798187482], "(0, 0, 200.0)": [261.9985573101003, 391.73351854638526, 162.19511770901244, 135.97455470005437, 255.3164471155292, 133.5205670905479, 448.58360039705985, 475.4077676104206, 158.7377262374717], "(0, 1, 200.0)": [395.96802207598694, 303.63221627133623, 316.1257069115884, 155.83599273648477, 150.5615638145308, 168.77591635221353, 112.80983064304615, 74.78488358919552, 183.172365314199], "(3, 0, 0.0)": [164.00797363892318, 215.51036870238516, 124.09924263329374, 228.73013588765235, 84.1415999279671, 216.83984193779096, 170.41638850893762, 138.72237442638612, 106.28588279364756], "(3, 1, 200.0)": [223.39631581787378, 191.6022154866876, 287.4529048195014, 192.17383127464947, 163.16975043857624, 322.4621324127357, 252.66308008642704, 209.7302118627741, 47.79045381731589], "(4, 0, 0.0)": [35.04308045118448, 74.8261693345762, 0.3333333333333333, 2.128888888888889, 0.7777777777777779, 1.2311111111111113, 3.6131026191651063, 19.17031375739701, 7.097777777777776], "(5, 0, 100.0)": [3.5711549385408805, 0.0, 0.1111111111111111, 0.1111111111111111, 0.1111111111111111, 0.6368565302722016, 0.1111111111111111, 0.0, 0.0], "(5, 0, 0.0)": [0.5644444444444444, 0.0, 0.0, 0.0, 0.0, 0.0, 0.0, 0.0, 0.0], "(0, 0, 0.0)": [2.829268616099959, 21.759693747440963, 2.081300974716646, 51.45205337783112, 8.005421832994212, 7.673171540249891, 43.348584527356714, 1.3333333333333337, 89.93041133400338], "(2, 1, 200.0)": [106.55660961462532, 130.40286434780273, 82.71426991282519, 214.6112008063457, 48.466552912930474, 94.08661622518751, 225.5944837292832, 231.36291987033383, 364.0227828517172], "(2, 0, 0.0)": [23.59981675745976, 138.21917060559443, 178.21527241532507, 130.03306288899108, 120.3017119631738, 234.10385344868033, 130.53218090808767, 59.09721336282739, 214.40217300658048], "(1, 1, 200.0)": [205.67331831800576, 157.7122883603999, 178.71003502955574, 144.91917039823736, 178.7897805656175, 85.44993506651242, 229.71701855814766, 190.23912145801393, 217.72523174128335], "(1, 0, 0.0)": [93.9220797257636, 69.46412361638633, 23.565992033212527, 36.13328753217254, 31.104497305620235, 13.61116322164301, 6.215935282766621, 177.18087891866972, 96.77709827123647], "(0, 1, 0.0)": [376.5799845806954, 183.87477829119481, 194.17221313048591, 159.12773576417104, 297.46788433037113, 171.38008601700582, 161.27043257741454, 156.43825745737766, 310.6600107758901], "(4, 0, 200.0)": [1.9701898636055355, 13.267267965399737, 91.93896579752034, 4.713600246216008, 49.46640249372781, 45.202481117616415, 50.9658607279559, 23.64760763718973, 60.69409397603789], "(4, 1, 200.0)": [14.367136317368871, 43.20725037481403, 48.96781873668176, 3.9702227745903484, 5.547189240948541, 0.5555555555555556, 27.89303097760242, 24.832305757201897, 1.2222222222222225], "(4, 1, 0.0)": [53.02100927618982, 59.43870360088674, 4.965212219682458, 84.89614283736984, 104.43978858411263, 36.94082191927397, 94.61379657419523, 68.18528842937344, 68.43447751827124], "(5, 1, 100.0)": [9.294759964319564, 0.0, 0.6717470654909317, 0.1111111111111111, 0.0, 0.1111111111111111, 0.0, 0.0, 0.6717470654909317], "(5, 0, 200.0)": [0.6847458816974908, 0.0, 0.0, 1.7957255714105582, 0.0, 0.0, 3.5677820773374904, 0.0, 0.0], "(5, 1, 200.0)": [0.0, 0.0, 0.0, 0.0, 0.0, 0.0, 0.0, 0.0, 0.1111111111111111]}, "state_action_visits": {"(3, 1, 0.0)": 6005, "(3, 0, 100.0)": 39881, "(3, 0, 200.0)": 4503, "(3, 1, 100.0)": 58729, "(4, 1, 100.0)": 8290, "(4, 0, 100.0)": 5602, "(2, 1, 0.0)": 5177, "(2, 0, 100.0)": 37905, "(2, 0, 200.0)": 3824, "(2, 1, 100.0)": 45019, "(1, 1, 0.0)": 4411, "(1, 0, 100.0)": 32675, "(1, 0, 200.0)": 4136, "(1, 1, 100.0)": 36114, "(0, 0, 100.0)": 27185, "(0, 1, 100.0)": 31333, "(0, 0, 200.0)": 3614, "(0, 1, 200.0)": 2855, "(3, 0, 0.0)": 2260, "(3, 1, 200.0)": 2934, "(4, 0, 0.0)": 236, "(5, 0, 100.0)": 9, "(5, 0, 0.0)": 1, "(0, 0, 0.0)": 373, "(2, 1, 200.0)": 2269, "(2, 0, 0.0)": 1851, "(1, 1, 200.0)": 2333, "(1, 0, 0.0)": 846, "(0, 1, 0.0)": 2954, "(4, 0, 200.0)": 511, "(4, 1, 200.0)": 311, "(4, 1, 0.0)": 948, "(5, 1, 100.0)": 15, "(5, 0, 200.0)": 7, "(5, 1, 200.0)": 1}}, "meta": {"recent_avg_return": -121.38899999999525, "epsilon": 0.07335795147331707,