{"timestamp": 1764100502, "iso": "2025-11-25T19:55:02Z", "episode": 1, "games_in_episode": 1, "stats": {"total_messages": 4606, "total_updates": 4594, "total_reward": -216.64999999998915, "action_counts": [631, 503, 536, 389, 394, 342, 601, 731, 479], "state_visits": {"(3, 1, 0.0)": 101, "(3, 0, 100.0)": 700, "(3, 0, 200.0)": 108, "(3, 1, 100.0)": 304, "(4, 1, 100.0)": 8, "(4, 0, 100.0)": 92, "(2, 1, 0.0)": 101, "(2, 0, 100.0)": 670, "(2, 0, 200.0)": 138, "(2, 1, 100.0)": 303, "(1, 1, 0.0)": 1, "(1, 0, 100.0)": 615, "(1, 0, 200.0)": 157, "(1, 1, 100.0)": 304, "(0, 0, 100.0)": 480, "(0, 1, 100.0)": 375, "(0, 0, 200.0)": 81, "(0, 1, 200.0)": 56}, "state_action_prob_sums": {"(3, 1, 0.0)": [0.8888888888888891, 2.2222222222222228, 0.6666666666666667, 0.3333333333333333, 1.0000000000000002, 0.8888888888888891, 0.3333333333333333, 0.7777777777777779, 22.333333333333346], "(3, 0, 100.0)": [42.222222222222314, 28.333333333333353, 43.222222222222285, 22.222222222222214, 17.555555555555543, 9.999999999999993, 12.888888888888873, 24.555555555555564, 38.11111111111118], "(3, 0, 200.0)": [10.111111111111109, 11.333333333333329, 1.2222222222222225, 2.333333333333334, 1.1111111111111114, 0.7777777777777779, 0.6666666666666667, 4.444444444444444, 3.1111111111111116], "(3, 1, 100.0)": [12.111111111111105, 7.333333333333332, 16.444444444444436, 5.555555555555554, 10.222222222222218, 10.111111111111105, 14.666666666666659, 19.77777777777778, 8.222222222222216], "(4, 1, 100.0)": [0.1111111111111111, 0.2222222222222222, 0.0, 0.1111111111111111, 1.3333333333333335, 0.0, 0.0, 0.0, 0.0], "(4, 0, 100.0)": [0.1111111111111111, 0.7777777777777779, 0.3333333333333333, 0.7777777777777779, 0.6666666666666667, 0.5555555555555556, 0.4444444444444444, 0.6666666666666667, 26.333333333333357], "(2, 1, 0.0)": [0.6666666666666667, 0.4444444444444444, 0.6666666666666667, 0.6666666666666667, 0.5555555555555556, 0.1111111111111111, 31.88888888888893, 0.6666666666666667, 0.8888888888888891], "(2, 0, 100.0)": [37.333333333333385, 24.888888888888896, 32.88888888888894, 12.111111111111095, 12.222222222222216, 11.666666666666659, 53.00000000000013, 23.666666666666675, 12.888888888888872], "(2, 0, 200.0)": [6.3333333333333295, 7.2222222222222205, 13.999999999999995, 2.4444444444444446, 2.0000000000000004, 0.6666666666666667, 4.8888888888888875, 2.666666666666667, 1.3333333333333337], "(2, 1, 100.0)": [33.00000000000006, 1.8888888888888895, 2.1111111111111116, 2.2222222222222228, 1.8888888888888895, 11.55555555555555, 2.8888888888888897, 34.11111111111115, 1.3333333333333337], "(1, 1, 0.0)": [0.0, 0.0, 0.0, 0.0, 0.0, 0.0, 0.0, 0.0, 0.1111111111111111], "(1, 0, 100.0)": [25.11111111111111, 33.33333333333341, 24.111111111111114, 22.111111111111107, 17.666666666666654, 4.333333333333333, 59.11111111111125, 17.999999999999996, 5.888888888888883], "(1, 0, 200.0)": [4.444444444444445, 5.999999999999999, 2.1111111111111116, 3.444444444444444, 1.3333333333333337, 3.666666666666667, 7.222222222222218, 8.222222222222221, 16.111111111111107], "(1, 1, 100.0)": [19.55555555555555, 24.222222222222236, 2.0000000000000004, 7.7777777777777715, 5.44444444444444, 7.555555555555551, 12.44444444444444, 21.111111111111118, 1.4444444444444449], "(0, 0, 100.0)": [21.999999999999996, 2.7777777777777786, 7.999999999999994, 7.666666666666661, 15.99999999999999, 2.8888888888888897, 4.777777777777775, 80.22222222222246, 15.555555555555552], "(0, 1, 100.0)": [9.888888888888879, 10.999999999999996, 16.111111111111097, 7.33333333333333, 15.222222222222216, 14.666666666666659, 9.999999999999998, 34.222222222222264, 4.666666666666665], "(0, 0, 200.0)": [2.4444444444444446, 2.8888888888888893, 0.5555555555555556, 0.3333333333333333, 0.2222222222222222, 0.5555555555555556, 12.999999999999996, 12.33333333333333, 0.3333333333333333], "(0, 1, 200.0)": [0.6666666666666667, 0.3333333333333333, 13.333333333333329, 0.8888888888888891, 0.2222222222222222, 2.4444444444444446, 0.3333333333333333, 0.6666666666666667, 0.3333333333333333]}, "state_action_visits": {"(3, 1, 0.0)": 101, "(3, 0, 100.0)": 700, "(3, 0, 200.0)": 108, "(3, 1, 100.0)": 304, "(4, 1, 100.0)": 8, "(4, 0, 100.0)": 92, "(2, 1, 0.0)": 101, "(2, 0, 100.0)": 670, "(2, 0, 200.0)": 138, "(2, 1, 100.0)": 303, "(1, 1, 0.0)": 1, "(1, 0, 100.0)": 615, "(1, 0, 200.0)": 157, "(1, 1, 100.0)": 306, "(0, 0, 100.0)": 483, "(0, 1, 100.0)": 380, "(0, 0, 200.0)": 82, "(0, 1, 200.0)": 57}}, "meta": {"recent_avg_return": 0.0, "epsilon": 0.5, "q_summary": {"(3, 1, 0.0)": [0.25794323873307234, 0.2471986882392489, 0.2218670017094765, 0.11170865569975849, 0.26591074445574336, 0.1396463868317514, 0.1736213973764495, 0.22755552099820814, 0.2683975811944055], "(3, 0, 100.0)": [0.3043906328358213, 0.30750865851409115, 0.29330337481207175, 0.3075503990561905, 0.29244795433631554, 0.30799708109801344, 0.30564925269887366, 0.3003372627950074, 0.2817901968931944], "(3, 0, 200.0)": [-0.3651984961969737, -0.43343796996319817, -0.39286957203429884, -0.4902211010047929, -0.5869934655451873, -0.4979919214803406, -0.6170916471674468, -0.5681015842802233, -0.49330352546134143], "(3, 1, 100.0)": [2.1944819254499563, 2.2411806347519985, 2.2133925353625603, 2.2747068758593847, 2.1851678723985337, 0.5797210782687227, 2.2935673495989564, 1.1660085328052308, 2.2402236230705315], "(4, 1, 100.0)": [0.02377, 0.11121712312661171, 0.0, 0.0851996048168969, 0.03051, 0.0, 0.0, 0.0, 0.0], "(4, 0, 100.0)": [0.12125381390265198, 0.23369743438775467, 0.18541558365650618, 0.25098349482607735, 0.25629120245465203, 0.24177976614430413, 0.17658561252703572, 0.1949295036852003, 0.2770165645299527], "(2, 1, 0.0)": [0.11087337052133421, 0.23108642236706375, 0.26510710547031435, 0.2549549650738229, 0.19678767889835036, 0.09271215012983516, 0.2843905226285469, 0.2527975609039079, 0.2785855201572959], "(2, 0, 100.0)": [0.2982561934170107, 0.29967658700418376, 0.2976406245175921, 0.2883859018215602, 0.2922497579609146, 0.30505228816906443, 0.30172182408162185, 0.29794981750027133, 0.29566795047093375], "(2, 0, 200.0)": [-0.11632019596384185, -0.15301824380078263, -0.21733278093969519, -0.36103484572144645, -0.30038842536482374, -0.4491308330679381, -0.3714762430858045, -0.45997469918749134, -0.13970741754263716], "(2, 1, 100.0)": [0.31119384458213695, 0.3117420056445215, 0.3117377950097321, 0.31114219046456026, 0.16837773882418489, 0.31125478154941516, 0.31166566317896127, 0.09671794100427925, 0.31011185584006046], "(1, 1, 0.0)": [0.0, 0.0, 0.0, 0.0, 0.0, 0.0, 0.0, 0.0, -12.4875], "(1, 0, 100.0)": [0.3120465186576156, 0.2903886207107855, 0.3121881680813947, 0.308530736001867, 0.3030914824561385, 0.27625631975641546, 0.3119807146065378, 0.30488678322433377, 0.3120289262720083], "(1, 0, 200.0)": [0.10290197055540315, -0.437088164871258, -0.4962054739963352, -0.5179776782392291, -0.5429550250130535, -0.5909020266218109, 0.08847745692629352, -0.28373792931229186, -0.22018496290499914], "(1, 1, 100.0)": [0.3053209619585499, 0.3075089739628445, 0.30340477915797737, 0.2907506978223504, 0.3032523055845858, 0.2871307619040484, 0.3063470172022587, 2.823532632617188, 0.3017968104484766], "(0, 0, 100.0)": [0.30714156357467437, 0.30875132633679947, 0.22912750999260673, 0.293425973746132, 0.3112466084509309, -0.040332816784841546, 0.31139384629987465, 0.31199493414095975, 0.3103168449945476], "(0, 1, 100.0)": [2.687296583070129, 2.645986633616176, 2.7949012409536103, 2.748395957655389, 2.6948684336207656, 2.7297748429503903, 2.7050031813613753, 2.6992967015943976, -0.3931138800580465], "(0, 0, 200.0)": [-0.22275296229195285, 0.13220256287038942, 0.11789336812226361, -0.22924064997671562, -0.23926049955878115, -0.21888418298965856, 0.24558728444844993, 0.17799611848225896, 0.24243088806543844], "(0, 1, 200.0)": [3.3361836924307933, 3.7843467233064203, 4.123684267653616, 3.3254702325497076, 3.209293235257893, 3.559956120280507, 3.4114047141602164, 3.3327732785255737, 1.7916890027660626]}}}