{"timestamp": 1764104407, "iso": "2025-11-25T21:00:07Z", "episode": 121, "games_in_episode": 1, "stats": {"total_messages": 4467, "total_updates": 4455, "total_reward": -21.625000000005237, "action_counts": [349, 709, 468, 492, 485, 645, 357, 449, 513], "state_visits": {"(3, 0, 100.0)": 423, "(3, 0, 200.0)": 13, "(3, 1, 100.0)": 867, "(4, 1, 100.0)": 100, "(2, 0, 100.0)": 446, "(2, 0, 200.0)": 19, "(2, 1, 100.0)": 693, "(2, 1, 200.0)": 4, "(1, 0, 100.0)": 348, "(1, 1, 100.0)": 752, "(1, 1, 200.0)": 53, "(0, 0, 100.0)": 254, "(0, 1, 100.0)": 457, "(0, 1, 200.0)": 26}, "state_action_prob_sums": {"(3, 1, 0.0)": [616.4645932805076, 574.9488207951338, 628.9576308886271, 568.1804694100464, 445.6947043865241, 748.5012855554526, 642.3109036795693, 488.18565069896334, 945.4295543705081], "(3, 0, 100.0)": [3888.2348888059187, 3696.085306288023, 4085.9075105509714, 4152.963205817833, 3329.3044896466363, 4188.618620438671, 3773.247301839182, 3871.92263205981, 4118.7441365599225], "(3, 0, 200.0)": [410.6101683339045, 422.46551585140924, 476.38214307520104, 201.75203219297734, 445.69206539817645, 547.0783526062661, 380.1823036279179, 419.4876220543695, 381.50306744681916], "(3, 1, 100.0)": [5890.546485375005, 5851.131692901874, 5529.064426283104, 6301.277526283542, 6950.433926381875, 5382.373818944952, 6617.452927996397, 5935.9210992667895, 5583.437957383587], "(4, 1, 100.0)": [949.6258123567012, 1004.3650523250623, 851.8840113406246, 678.4688707102835, 710.1778827079355, 1633.0758397820591, 519.3018598987401, 1095.0592834794697, 622.154295058232], "(4, 0, 100.0)": [396.7169367834341, 403.5489193213226, 836.9043288865363, 630.8139037432711, 550.6177618481194, 339.82399727127614, 637.3248898625562, 388.5155594176542, 870.2622749878336], "(2, 1, 0.0)": [300.3403956201169, 402.1022296885884, 662.6751060062948, 460.00285322057266, 812.8928611823911, 526.1200881560355, 708.5335108790059, 462.10353686088195, 577.2864117050111], "(2, 0, 100.0)": [3764.3966613379503, 3722.106030504685, 3554.686545643822, 4038.5696753294524, 2842.470569945615, 3649.0724306980956, 3882.995155692704, 3857.2428932060493, 3315.682393670767], "(2, 0, 200.0)": [448.70122264765985, 440.75527059763465, 225.99933522899997, 289.5836492583161, 361.360798070112, 321.65521536163664, 266.6277362574392, 459.54310100440466, 387.5157916202429], "(2, 1, 100.0)": [4395.608229663053, 4499.090528717289, 4754.8155385675855, 6063.288122969402, 4572.732040583777, 4292.597799073462, 4586.137154695266, 4282.11438758793, 3925.090899390462], "(1, 1, 0.0)": [426.61999832517705, 422.1277207892019, 382.27195941006795, 614.0889419036149, 437.0081073231864, 356.62576030888147, 244.66469973502316, 386.41592528494317, 862.1628714729208], "(1, 0, 100.0)": [2976.9550820094537, 2832.207261375103, 2825.624706866177, 2680.6090922120666, 3519.168564420755, 4053.382276248194, 3207.1251845745046, 2990.370094645878, 2510.7695552358596], "(1, 0, 200.0)": [321.5222259616195, 370.70386266984644, 346.465072032636, 167.76695821474587, 198.0163822284029, 218.19334153750418, 734.0461864875848, 447.2812151132391, 407.43547581688483], "(1, 1, 100.0)": [3895.0489409075512, 3601.131015236625, 3732.9992374441663, 3355.164685009353, 3293.8046772347684, 3782.38212983937, 3904.342865932694, 4114.305588555267, 4135.565112363702], "(0, 0, 100.0)": [2307.4492056001463, 2794.232314161823, 2272.291204731243, 2882.955097320204, 2759.264046486004, 1947.084558030932, 2262.0634703523733, 3067.2406273908773, 2250.5996902231655], "(0, 1, 100.0)": [3601.792680546922, 3131.215239468865, 3260.602401687971, 3044.4948357139524, 3547.9445051841294, 3308.3734643075136, 3748.773809031927, 3748.199495289683, 2575.7682101054925], "(0, 0, 200.0)": [270.69100542340146, 550.6317496393337, 227.852205420186, 157.04090801742177, 265.00093719436205, 133.85390042388124, 528.7280826382414, 483.3029449837114, 192.00529021779965], "(0, 1, 200.0)": [551.9922096036693, 538.9116372987236, 359.02459349084705, 212.34569096015204, 196.92292031539262, 317.7964957427677, 240.31031754843843, 75.85584147004542, 191.12747136358462], "(3, 0, 0.0)": [164.2301958611454, 391.43683773038333, 128.2106729176463, 282.891077340368, 214.01546065018184, 254.33519866861454, 267.56942075646526, 148.4873810178567, 151.50570888001047], "(3, 1, 200.0)": [265.75545108690494, 297.4655289249141, 394.712526649185, 284.8933638455755, 228.29727842128798, 497.46375203984576, 283.1568228283656, 249.31693186456425, 68.4459292229893], "(4, 0, 0.0)": [37.873256689209384, 142.97262126939614, 0.5555555555555556, 2.128888888888889, 0.7777777777777779, 1.2311111111111113, 4.683241046336212, 19.503647090730343, 7.097777777777776], "(5, 0, 100.0)": [3.5711549385408805, 0.1111111111111111, 0.1111111111111111, 0.1111111111111111, 0.1111111111111111, 0.6368565302722016, 0.1111111111111111, 0.0, 0.0], "(5, 0, 0.0)": [0.5644444444444444, 0.0, 0.0, 0.9590273160599947, 0.0, 0.0, 0.0, 0.0, 0.0], "(0, 0, 0.0)": [9.899885803133209, 23.148662429640208, 157.17644376283596, 51.78538671116446, 8.672088499660877, 8.228727095805445, 198.65120839714726, 122.30083469870796, 119.68411330545717], "(2, 1, 200.0)": [241.82231326947564, 142.2185419544241, 151.04267852944912, 309.5945269019256, 69.12080640344212, 158.04109815151665, 227.0922761004935, 274.93701817789156, 454.5965552586255], "(2, 0, 0.0)": [24.266483424126424, 222.50117340455765, 372.0405227497023, 140.06778049403556, 247.9637077752869, 250.8081854641548, 187.62841769949122, 59.43054669616073, 226.35494524374496], "(1, 1, 200.0)": [277.51270607629914, 158.4900661381777, 328.04578711335057, 224.26476057781613, 308.7840914614527, 127.7054370830389, 354.27420449229373, 261.15032922071913, 307.0933118800312], "(1, 0, 0.0)": [96.70327950878823, 92.28828900386478, 111.54402865507349, 196.48740552457895, 69.23818578307922, 20.801225371864984, 146.0919763730173, 197.23811013374257, 161.49872648420595], "(0, 1, 0.0)": [464.81800797906646, 215.77520654346446, 416.39339377810495, 159.90551354194884, 623.9164989433646, 208.69208109961988, 166.84334693549235, 301.1337900202972, 417.79620361530556], "(4, 0, 200.0)": [1.9701898636055355, 32.40216524761611, 95.72150080951918, 63.864153311848284, 49.68862471595004, 96.29198477416367, 68.75676623402556, 23.75871874830084, 83.69779411007413], "(4, 1, 200.0)": [15.308194292526759, 55.50564366180342, 48.96781873668176, 3.9702227745903484, 5.547189240948541, 0.5555555555555556, 27.89303097760242, 24.943416868313008, 1.2222222222222225], "(4, 1, 0.0)": [53.02100927618982, 99.24574316888511, 4.965212219682458, 84.89614283736984, 104.66201080633486, 36.94082191927397, 94.61379657419523, 68.18528842937344, 68.43447751827124], "(5, 1, 100.0)": [9.294759964319564, 0.0, 0.6717470654909317, 0.1111111111111111, 0.0, 0.2222222222222222, 6.796091972169932, 0.0, 0.6717470654909317], "(5, 0, 200.0)": [0.6847458816974908, 0.0, 0.0, 1.7957255714105582, 0.0, 0.0, 3.5677820773374904, 0.0, 0.0], "(5, 1, 200.0)": [1.8721941467664875, 0.0, 0.0, 0.0, 0.0, 0.0, 0.0, 0.0, 0.1111111111111111]}, "state_action_visits": {"(3, 1, 0.0)": 7945, "(3, 0, 100.0)": 49839, "(3, 0, 200.0)": 5320, "(3, 1, 100.0)": 75103, "(4, 1, 100.0)": 10975, "(4, 0, 100.0)": 7113, "(2, 1, 0.0)": 6824, "(2, 0, 100.0)": 46662, "(2, 0, 200.0)": 4641, "(2, 1, 100.0)": 57785, "(1, 1, 0.0)": 5625, "(1, 0, 100.0)": 39604, "(1, 0, 200.0)": 4754, "(1, 1, 100.0)": 47228, "(0, 0, 100.0)": 32752, "(0, 1, 100.0)": 41559, "(0, 0, 200.0)": 4042, "(0, 1, 200.0)": 3771, "(3, 0, 0.0)": 2872, "(3, 1, 200.0)": 3690, "(4, 0, 0.0)": 320, "(5, 0, 100.0)": 10, "(5, 0, 0.0)": 2, "(0, 0, 0.0)": 895, "(2, 1, 200.0)": 2866, "(2, 0, 0.0)": 2411, "(1, 1, 200.0)": 3184, "(1, 0, 0.0)": 1449, "(0, 1, 0.0)": 4024, "(4, 0, 200.0)": 704, "(4, 1, 200.0)": 326, "(4, 1, 0.0)": 992, "(5, 1, 100.0)": 24, "(5, 0, 200.0)": 7, "(5, 1, 200.0)": 3}}, "meta": {"recent_avg_return": -77.54299999999556, "epsilon": 0.04426893636297871,