{"timestamp": 1764101926, "iso": "2025-11-25T20:18:46Z", "episode": 44, "games_in_episode": 1, "stats": {"total_messages": 3992, "total_updates": 3980, "total_reward": -1.0000000000006715, "action_counts": [475, 332, 432, 364, 460, 474, 428, 579, 448], "state_visits": {"(3, 0, 100.0)": 550, "(3, 1, 0.0)": 210, "(3, 0, 200.0)": 4, "(3, 1, 200.0)": 54, "(3, 1, 100.0)": 624, "(4, 0, 200.0)": 4, "(4, 0, 100.0)": 96, "(4, 1, 100.0)": 22, "(2, 0, 100.0)": 555, "(2, 1, 0.0)": 121, "(2, 1, 100.0)": 289, "(2, 1, 200.0)": 72, "(2, 0, 200.0)": 22, "(1, 0, 100.0)": 568, "(1, 1, 100.0)": 130, "(1, 1, 0.0)": 18, "(1, 0, 200.0)": 41, "(0, 0, 100.0)": 600}, "state_action_prob_sums": {"(3, 1, 0.0)": [213.37219411143582, 118.93806684306551, 146.52782810194134, 110.84685375613259, 76.77340336529328, 110.48479879842563, 219.1515009670154, 200.42968510878617, 259.93492420194957], "(3, 0, 100.0)": [1081.5187633708895, 791.533057552249, 1250.4752935230467, 1185.5398477141343, 851.0279333902031, 1041.7465863244224, 1191.723116288956, 1263.7412349538859, 1024.818137126547], "(3, 0, 200.0)": [134.21474225725544, 87.81920748848754, 137.61317458690155, 57.45143544438478, 140.16764986124872, 91.76802363077977, 117.04390805685124, 82.3988269348323, 87.84087137127383], "(3, 1, 100.0)": [1422.9787627992173, 1538.7899134788202, 1296.2815039154648, 1540.3587475992529, 1846.9160610313902, 1525.2074167811008, 1387.2381256149893, 1409.6647362437545, 1415.5688290086982], "(4, 1, 100.0)": [137.62018690790728, 144.84039829755096, 139.52477350226312, 110.45618484161736, 318.7760669041826, 213.35716523059406, 131.01628567597837, 278.07394005137706, 139.49514283709618], "(4, 0, 100.0)": [131.99025320763172, 115.79652525063669, 114.53559416515877, 108.63170902763859, 127.68206807932395, 196.77773738069754, 134.38387521628206, 148.4950836646914, 194.4139716278473], "(2, 1, 0.0)": [69.12867204407476, 110.95626589955894, 163.06489698490674, 50.36823015560372, 204.33157363124207, 173.46040083467432, 159.7016584135168, 132.7472236765393, 154.2013568766453], "(2, 0, 100.0)": [1079.8125049938242, 1113.6993974171144, 766.2311225767469, 1128.6716769405255, 908.387704955359, 1101.3394966567062, 911.6148594926916, 1230.430590892483, 1086.5513123412802], "(2, 0, 200.0)": [74.09380782384576, 92.62889114271177, 63.47760128029228, 94.24492956376415, 55.06415380193814, 47.48881915255736, 76.67235668944217, 161.1468550988257, 75.62797797239708], "(2, 1, 100.0)": [1256.552747997124, 968.1181011165149, 1550.0352898697722, 1276.1434432625733, 938.675285759154, 1164.2676761038622, 1277.3522826366625, 1181.72723632978, 931.2240867397198], "(1, 1, 0.0)": [160.87703040280724, 33.435522016462066, 91.10584576055432, 135.186301344467, 111.90800022367485, 48.44209998497103, 65.97138468838264, 85.04355870957829, 210.42427566754458], "(1, 0, 100.0)": [1109.9921876309352, 797.6320963268971, 766.208450804347, 769.8130949816673, 712.8389774523121, 1009.8045431084458, 972.6479572755393, 1016.3675492746747, 848.3836575024116], "(1, 0, 200.0)": [82.58315738322896, 155.50528841141607, 54.03715220042028, 63.03865315136032, 101.41022287871749, 98.36154168019644, 196.11987717349913, 127.6733858150748, 100.11731658092937], "(1, 1, 100.0)": [826.9219892984175, 1152.633597811835, 1144.6915538716346, 634.0601199983486, 901.87304281854, 864.0866784945546, 1049.8700900941255, 1010.2193583450437, 948.7257028709253], "(0, 0, 100.0)": [715.9915570557422, 702.1293977455096, 743.1652076798084, 825.6984224537409, 897.0136795769224, 673.2896772214741, 717.1954444849142, 893.6914821479428, 769.272581692758], "(0, 1, 100.0)": [827.3822025945203, 627.3945354818547, 752.6507102435442, 850.5569401025251, 583.8173032816537, 700.7950438163874, 964.5046887821495, 872.0660394085801, 667.3829205161144], "(0, 0, 200.0)": [48.38878247995378, 72.73118758491862, 45.56922729065286, 107.89506512929006, 47.67450222670015, 32.09961088607021, 195.40018539562882, 88.9794716832658, 93.8724880592897], "(0, 1, 200.0)": [61.51155756469113, 123.19660429360823, 168.17802795053427, 88.08688826852077, 109.76958461509113, 36.93994277575931, 34.90285516828797, 34.14091557870554, 88.94361390244747], "(3, 0, 0.0)": [54.80424321021744, 155.84065492571008, 46.65041930127081, 21.213269965826388, 45.14685239052991, 67.21109343287824, 36.19678310387107, 66.85495124154899, 93.59706793530843], "(3, 1, 200.0)": [47.57106535928895, 99.83388839010115, 78.14137646888938, 103.26945516654187, 77.40350704095776, 96.11873101187305, 92.03901646385522, 119.23896563159923, 39.754855471342424], "(4, 0, 0.0)": [1.3333333333333337, 48.95573007422036, 0.3333333333333333, 2.128888888888889, 0.5555555555555556, 1.2311111111111113, 0.7777777777777779, 0.8977777777777778, 6.875555555555555], "(5, 0, 100.0)": [0.0, 0.0, 0.1111111111111111, 0.1111111111111111, 0.1111111111111111, 0.6368565302722016, 0.1111111111111111, 0.0, 0.0], "(5, 0, 0.0)": [0.5644444444444444, 0.0, 0.0, 0.0, 0.0, 0.0, 0.0, 0.0, 0.0], "(0, 0, 0.0)": [2.4959352827666255, 21.53747152521874, 1.8590787524944241, 14.882287085121913, 7.894310721883102, 7.117615984694337, 3.4363150099776956, 1.1111111111111114, 2.799458479705494], "(2, 1, 200.0)": [52.79537541569766, 46.60517426780086, 67.5996464055301, 28.018039431461457, 38.15354690425466, 57.17170406263577, 47.96005401958138, 42.595509788001145, 146.09128008702714], "(2, 0, 0.0)": [22.488705646348652, 75.71230085266554, 54.14655952407789, 63.16836792689519, 20.602088265295226, 31.462767465005218, 54.56558488215037, 41.45698662610151, 45.142745256869446], "(1, 1, 200.0)": [48.9790593049218, 55.46469071697688, 23.132111921979295, 17.330224710832713, 44.66131083806741, 55.94815644010345, 22.69265744720339, 66.37659575697093, 70.58267667770392], "(1, 0, 0.0)": [21.999347472582873, 30.841089670638148, 6.629744613058628, 12.429019209020112, 21.74365429827757, 12.500052110531902, 5.5492686160999565, 70.91114212312425, 5.463509119999996], "(0, 1, 0.0)": [125.23876123274287, 48.49052460783647, 117.74316698325426, 14.97834048949017, 97.13484078420687, 85.29746816370917, 57.667248287649706, 31.03620971905756, 74.51105287921561], "(4, 0, 200.0)": [1.4146343080499797, 9.840018401199158, 1.1111111111111114, 1.1111111111111114, 26.583410286068226, 4.402172468310879, 18.26770102611199, 23.53649652607862, 5.843347326916561], "(4, 1, 200.0)": [1.1111111111111114, 42.762805930369574, 12.931315282150027, 3.9702227745903484, 5.547189240948541, 0.4444444444444444, 27.6708087553802, 15.690819760316407, 1.2222222222222225], "(4, 1, 0.0)": [52.111099457632925, 7.478433430755545, 4.965212219682458, 33.71897077596133, 91.58994001320495, 36.718599697051744, 84.27145523673602, 67.05315638859432, 60.24528915125916], "(5, 1, 100.0)": [0.6717470654909317, 0.0, 0.6717470654909317, 0.1111111111111111, 0.0, 0.0, 0.0, 0.0, 0.6717470654909317], "(5, 0, 200.0)": [0.6847458816974908, 0.0, 0.0, 0.0, 0.0, 0.0, 0.0, 0.0, 0.0], "(5, 1, 200.0)": [0.0, 0.0, 0.0, 0.0, 0.0, 0.0, 0.0, 0.0, 0.1111111111111111]}, "state_action_visits": {"(3, 1, 0.0)": 2891, "(3, 0, 100.0)": 19054, "(3, 0, 200.0)": 1906, "(3, 1, 100.0)": 25864, "(4, 1, 100.0)": 3157, "(4, 0, 100.0)": 2527, "(2, 1, 0.0)": 2397, "(2, 0, 100.0)": 18343, "(2, 0, 200.0)": 1592, "(2, 1, 100.0)": 20526, "(1, 1, 0.0)": 1791, "(1, 0, 100.0)": 15725, "(1, 0, 200.0)": 1980, "(1, 1, 100.0)": 16673, "(0, 0, 100.0)": 13638, "(0, 1, 100.0)": 13679, "(0, 0, 200.0)": 1487, "(0, 1, 200.0)": 1461, "(3, 0, 0.0)": 1205, "(3, 1, 200.0)": 1510, "(4, 0, 0.0)": 137, "(5, 0, 100.0)": 5, "(5, 0, 0.0)": 1, "(0, 0, 0.0)": 169, "(2, 1, 200.0)": 1044, "(2, 0, 0.0)": 835, "(1, 1, 200.0)": 819, "(1, 0, 0.0)": 391, "(0, 1, 0.0)": 1246, "(4, 0, 200.0)": 199, "(4, 1, 200.0)": 233, "(4, 1, 0.0)": 790, "(5, 1, 100.0)": 4, "(5, 0, 200.0)": 1, "(5, 1, 200.0)": 1}}, "meta": {"recent_avg_return": -106.74011627906593, "epsilon": 0.20974482729770158,