{"timestamp": 1764101732, "iso": "2025-11-25T20:15:32Z", "episode": 39, "games_in_episode": 1, "stats": {"total_messages": 3563, "total_updates": 3551, "total_reward": -73.22500000000035, "action_counts": [323, 296, 453, 318, 409, 266, 485, 415, 598], "state_visits": {"(3, 0, 200.0)": 25, "(3, 0, 100.0)": 518, "(3, 1, 100.0)": 550, "(3, 0, 0.0)": 8, "(4, 1, 100.0)": 111, "(4, 0, 100.0)": 78, "(2, 0, 100.0)": 409, "(2, 1, 100.0)": 468, "(1, 0, 100.0)": 269, "(1, 1, 100.0)": 448, "(1, 0, 200.0)": 42, "(0, 0, 100.0)": 140, "(0, 1, 100.0)": 452, "(0, 0, 200.0)": 15, "(0, 1, 200.0)": 18}, "state_action_prob_sums": {"(3, 1, 0.0)": [175.4882112424298, 96.52682444067307, 116.8789875754988, 81.27488719573904, 60.090051283152796, 87.79938495479996, 102.23397964794935, 80.59569500932152, 172.2107412353944], "(3, 0, 100.0)": [893.3335219843171, 729.3521330231175, 1087.6705316390119, 1119.6530494368053, 795.186879843558, 871.1356111638705, 916.1041887107833, 1107.6720289099992, 919.3924316596473], "(3, 0, 200.0)": [95.32148634327054, 70.35221030517526, 106.41218581884675, 56.89587988882921, 134.97974517244992, 89.13610683245702, 97.528282100351, 78.05593894361219, 87.39642692682938], "(3, 1, 100.0)": [1268.3943824036783, 1326.5837913747478, 1208.5929537839668, 1226.1538056663385, 1391.413311675411, 1180.234646936047, 1231.162210182134, 1254.7348594514124, 1269.941537467552], "(4, 1, 100.0)": [122.31363797540284, 138.31040041804135, 132.4911758772124, 100.92491833254672, 241.26030157708288, 189.7951290984722, 121.66453338597809, 220.40761158815158, 126.74038547624231], "(4, 0, 100.0)": [131.54580876318727, 110.16021592073754, 111.42824703795263, 108.18726458319414, 95.05061103549477, 196.3332929362531, 110.53339532759252, 148.05063922024695, 145.04480686150265], "(2, 1, 0.0)": [65.26660946079284, 90.80647605414951, 112.30787305405056, 48.81267460004812, 160.34178806482225, 130.6200057895747, 132.4747947555627, 84.86950007506006, 122.39718215425663], "(2, 0, 100.0)": [917.9264525498709, 946.513558705311, 646.3358061715287, 902.7122549084424, 742.4807396891593, 971.986648852258, 809.3396463548521, 919.276733285703, 998.7212308338162], "(2, 0, 200.0)": [66.05092781986147, 61.65701983630286, 54.30621736942539, 88.21667515583874, 54.84193157971591, 46.822152485890676, 76.56124557833105, 125.63859189542347, 73.09924872244852], "(2, 1, 100.0)": [967.4681720710595, 893.4797260347998, 1200.6274067508748, 1234.7292704454, 835.0564117113414, 1044.334352859528, 1030.4372610461016, 1106.1984566104063, 796.7147900017457], "(1, 1, 0.0)": [159.73013691596074, 33.21329979423984, 90.66140131610986, 98.85537787579167, 111.46355577923039, 48.2198777627488, 65.74916246616041, 84.71022537624495, 174.77757314685715], "(1, 0, 100.0)": [912.3180878714859, 686.8989027153833, 645.3674755835787, 576.8366051740973, 640.7545955738983, 715.1696680794271, 814.1473962480889, 762.0500639912625, 753.0214070400548], "(1, 0, 200.0)": [81.91649071656228, 151.53603744352662, 53.48159664486471, 54.63561625138685, 63.570343265368784, 82.18195350741595, 150.2434495889645, 109.10839577111878, 99.00620546981823], "(1, 1, 100.0)": [723.165176605996, 969.1059877780002, 966.2443770474295, 606.3701205798219, 746.7570996762863, 808.6725884419337, 985.5625807011231, 872.8225969301673, 878.5606547380785], "(0, 0, 100.0)": [564.9000661624269, 636.302230332132, 670.1055691731231, 660.691059275397, 634.2468412970218, 523.4429884403058, 561.3820240922472, 697.9582281683385, 585.452464758021], "(0, 1, 100.0)": [697.5240289707692, 541.9252232748879, 670.9922095996478, 823.8911596644285, 478.87164273666633, 695.2663145664397, 937.4260496851743, 792.4648587099223, 554.6474253395722], "(0, 0, 200.0)": [48.05544914662044, 33.00004129631631, 32.21576131297911, 67.85269734412913, 26.63566452999115, 29.237548302788344, 162.313730730938, 86.37573067279205, 83.09090439282879], "(0, 1, 200.0)": [58.97118067751934, 123.08549318249712, 154.41218855285712, 87.86466604629854, 109.65847350398002, 36.60660944242597, 31.663834133540405, 33.807582245372195, 83.973971239215], "(3, 0, 0.0)": [54.80424321021744, 155.84065492571008, 46.65041930127081, 21.213269965826388, 45.14685239052991, 67.21109343287824, 36.19678310387107, 66.85495124154899, 93.59706793530843], "(3, 1, 200.0)": [44.951195610433544, 54.078631748690725, 77.80804313555603, 97.49005724462252, 70.76599736611671, 87.87201836563042, 60.088897931020256, 114.52352267149809, 39.532633249120195], "(4, 0, 0.0)": [1.3333333333333337, 48.95573007422036, 0.3333333333333333, 2.128888888888889, 0.5555555555555556, 1.2311111111111113, 0.7777777777777779, 0.8977777777777778, 6.875555555555555], "(5, 0, 100.0)": [0.0, 0.0, 0.1111111111111111, 0.1111111111111111, 0.1111111111111111, 0.6368565302722016, 0.1111111111111111, 0.0, 0.0], "(5, 0, 0.0)": [0.5644444444444444, 0.0, 0.0, 0.0, 0.0, 0.0, 0.0, 0.0, 0.0], "(0, 0, 0.0)": [2.4959352827666255, 21.53747152521874, 1.8590787524944241, 14.882287085121913, 7.894310721883102, 7.117615984694337, 3.4363150099776956, 1.1111111111111114, 2.799458479705494], "(2, 1, 200.0)": [32.24169359652065, 42.91790389378258, 48.55442954139427, 27.573594987017014, 36.193093263895015, 56.50503739596908, 31.466628727096122, 34.829023961938326, 144.94438660018065], "(2, 0, 0.0)": [22.488705646348652, 75.71230085266554, 54.14655952407789, 63.16836792689519, 20.602088265295226, 31.462767465005218, 54.56558488215037, 41.45698662610151, 45.142745256869446], "(1, 1, 200.0)": [48.86794819381068, 55.46469071697688, 23.021000810868184, 17.330224710832713, 43.041800320693625, 55.94815644010345, 22.69265744720339, 66.37659575697093, 61.564257721036995], "(1, 0, 0.0)": [21.999347472582873, 30.841089670638148, 6.629744613058628, 12.429019209020112, 21.74365429827757, 12.500052110531902, 5.5492686160999565, 70.91114212312425, 5.463509119999996], "(0, 1, 0.0)": [125.23876123274287, 48.49052460783647, 117.74316698325426, 14.97834048949017, 97.13484078420687, 85.29746816370917, 57.667248287649706, 31.03620971905756, 74.51105287921561], "(4, 0, 200.0)": [1.4146343080499797, 9.840018401199158, 1.1111111111111114, 1.1111111111111114, 23.329169672015606, 4.402172468310879, 18.26770102611199, 23.53649652607862, 5.843347326916561], "(4, 1, 200.0)": [1.1111111111111114, 42.762805930369574, 12.931315282150027, 3.9702227745903484, 5.547189240948541, 0.4444444444444444, 27.6708087553802, 15.690819760316407, 1.2222222222222225], "(4, 1, 0.0)": [17.1561865170161, 5.700655652977773, 4.409656664126905, 1.4444444444444449, 14.439027894969753, 34.163044141496115, 2.0000000000000004, 49.52014436273034, 21.634368056336147], "(5, 1, 100.0)": [0.6717470654909317, 0.0, 0.6717470654909317, 0.1111111111111111, 0.0, 0.0, 0.0, 0.0, 0.6717470654909317], "(5, 0, 200.0)": [0.6847458816974908, 0.0, 0.0, 0.0, 0.0, 0.0, 0.0, 0.0, 0.0], "(5, 1, 200.0)": [0.0, 0.0, 0.0, 0.0, 0.0, 0.0, 0.0, 0.0, 0.1111111111111111]}, "state_action_visits": {"(3, 1, 0.0)": 2130, "(3, 0, 100.0)": 17158, "(3, 0, 200.0)": 1726, "(3, 1, 100.0)": 22752, "(4, 1, 100.0)": 2835, "(4, 0, 100.0)": 2350, "(2, 1, 0.0)": 1990, "(2, 0, 100.0)": 16097, "(2, 0, 200.0)": 1458, "(2, 1, 100.0)": 18304, "(1, 1, 0.0)": 1676, "(1, 0, 100.0)": 13448, "(1, 0, 200.0)": 1769, "(1, 1, 100.0)": 15176, "(0, 0, 100.0)": 11477, "(0, 1, 100.0)": 12678, "(0, 0, 200.0)": 1239, "(0, 1, 200.0)": 1419, "(3, 0, 0.0)": 1205, "(3, 1, 200.0)": 1358, "(4, 0, 0.0)": 137, "(5, 0, 100.0)": 5, "(5, 0, 0.0)": 1, "(0, 0, 0.0)": 169, "(2, 1, 200.0)": 928, "(2, 0, 0.0)": 835, "(1, 1, 200.0)": 803, "(1, 0, 0.0)": 391, "(0, 1, 0.0)": 1246, "(4, 0, 200.0)": 195, "(4, 1, 200.0)": 233, "(4, 1, 0.0)": 347, "(5, 1, 100.0)": 4, "(5, 0, 200.0)": 1, "(5, 1, 200.0)": 1}}, "meta": {"recent_avg_return": -110.93684210525943, "epsilon": 0.23203894416438503, "q_summary": {"(3, 1, 0.0)": [9.960885688746817, 9.681704429719838, 9.806165486005657, 9.814827811814755, 9.55976772540554, 9.685988141930146, 9.59358149206725, 9.227856581263667, 9.638235019013004],