{"timestamp": 1764102059, "iso": "2025-11-25T20:20:59Z", "episode": 48, "games_in_episode": 1, "stats": {"total_messages": 4014, "total_updates": 4002, "total_reward": 35.549999999994895, "action_counts": [397, 492, 394, 295, 428, 456, 515, 553, 484], "state_visits": {"(3, 1, 100.0)": 671, "(3, 0, 100.0)": 588, "(3, 1, 200.0)": 28, "(3, 0, 200.0)": 2, "(4, 0, 100.0)": 121, "(4, 0, 200.0)": 4, "(4, 1, 200.0)": 2, "(4, 1, 100.0)": 205, "(2, 1, 100.0)": 153, "(2, 0, 100.0)": 672, "(2, 0, 200.0)": 30, "(1, 0, 100.0)": 538, "(1, 0, 200.0)": 41, "(1, 1, 100.0)": 247, "(0, 1, 100.0)": 200, "(0, 0, 100.0)": 499, "(0, 0, 200.0)": 1}, "state_action_prob_sums": {"(3, 1, 0.0)": [260.7215104387314, 134.64926795103761, 195.26392056096296, 203.12879125283192, 101.47478292813702, 141.26097519227326, 219.70705652257098, 200.76301844211952, 263.0212549892617], "(3, 0, 100.0)": [1185.7721472852152, 849.3251401653293, 1467.4773059483616, 1285.3078321836217, 974.4463371182812, 1252.8030321191977, 1252.5138716421811, 1301.9099199009365, 1107.2364074483924], "(3, 0, 200.0)": [193.7604671557273, 96.46916751043773, 144.11197501777966, 79.87459673739903, 165.1307628189802, 99.7442979583835, 118.04390805685127, 82.95438249038787, 88.17420470460718], "(3, 1, 100.0)": [1627.2379901337044, 1783.0870347971008, 1454.4914764838566, 1686.1793810156732, 2136.273286087479, 1680.7721153601562, 1601.4772891737252, 1629.6900526875859, 1724.26878138869], "(4, 1, 100.0)": [145.54971470528346, 203.79037591504348, 161.2274096166801, 111.5672959527285, 328.91755290106755, 314.8968450720296, 198.20045253862872, 416.6397895803818, 169.47632660168006], "(4, 0, 100.0)": [181.9128167260071, 116.6854141395256, 115.09114972071434, 126.35033254249478, 132.4889038552169, 197.1110707140309, 181.3093247951718, 234.39252595118393, 195.1917494056251], "(2, 1, 0.0)": [100.3683632104616, 173.70982877157084, 195.49472160773544, 51.590452377825976, 220.10855071705478, 176.81211923786535, 181.82030442758847, 171.84394289583844, 176.33975847704963], "(2, 0, 100.0)": [1293.9748926819225, 1187.2826460456852, 835.3954961695778, 1253.154259341433, 1123.3344709055968, 1159.2632420401658, 1045.2798525158353, 1460.4828584870597, 1149.0412089658935], "(2, 0, 200.0)": [122.74267580991001, 92.96222447604511, 103.85809318532708, 97.73630758775792, 55.730820468604826, 48.04437470811293, 77.33902335610885, 163.13625607584956, 98.11235651076379], "(2, 1, 100.0)": [1289.2423012659774, 1134.7794791431568, 1703.7621829664338, 1490.959736757213, 1009.8689622729214, 1381.9331999110232, 1307.9192552459715, 1256.5241205821026, 1175.1721242977783], "(1, 1, 0.0)": [177.00492666867157, 47.72847040074526, 117.42501660070508, 143.69252418222936, 122.49324540676729, 95.30825991829636, 66.30471802171598, 85.37689204291163, 220.11035455701227], "(1, 0, 100.0)": [1245.7966806772256, 912.3119500694826, 831.1659922920807, 958.0718919928738, 742.1441663752956, 1074.9236231361117, 1112.0840349117166, 1107.8185448772367, 1033.5133407477736], "(1, 0, 200.0)": [93.74641783174299, 155.7275106336383, 68.98862884399921, 65.25027635060637, 103.48924522404772, 128.54625527537496, 252.02384678061028, 135.81407258882098, 100.3395388031516], "(1, 1, 100.0)": [990.2000132326901, 1280.1506814916581, 1222.6873355436092, 725.2259042933823, 1046.3156386237179, 1016.5413526846038, 1126.5214188218958, 1146.4794365043203, 1170.800808025383], "(0, 0, 100.0)": [833.6294047504022, 841.3510030313338, 779.5266583572728, 919.586370753684, 1129.2882576422755, 717.9135905359568, 869.5400838669572, 937.2546368668152, 836.8789826446657], "(0, 1, 100.0)": [871.2159473986884, 769.1732041448333, 888.9569993610673, 904.3042431175109, 702.71977554405, 777.1105151485863, 1128.3406385365229, 1020.6004551414437, 730.0415333447505], "(0, 0, 200.0)": [48.83322692439824, 72.95340980714084, 47.55160923999691, 107.89506512929006, 47.89672444892238, 32.43294421940355, 229.17595945796094, 94.97336406152549, 94.20582139262304], "(0, 1, 200.0)": [61.622668675802245, 123.19660429360823, 182.0719401080636, 88.309110490743, 111.51527362708802, 36.93994277575931, 40.87876877927124, 36.703893541145334, 98.48934791287479], "(3, 0, 0.0)": [54.91535432132856, 164.8710298114845, 46.65041930127081, 21.213269965826388, 45.14685239052991, 67.32220454398936, 36.19678310387107, 72.60155344158726, 93.59706793530843], "(3, 1, 200.0)": [47.57106535928895, 102.31798985563687, 103.0298296271197, 103.38056627765299, 77.51461815206888, 96.22984212298417, 94.50184597815733, 119.35007674271034, 41.410923115032915], "(4, 0, 0.0)": [1.3333333333333337, 48.95573007422036, 0.3333333333333333, 2.128888888888889, 0.5555555555555556, 1.2311111111111113, 0.7777777777777779, 0.8977777777777778, 6.875555555555555], "(5, 0, 100.0)": [0.8172889504428911, 0.0, 0.1111111111111111, 0.1111111111111111, 0.1111111111111111, 0.6368565302722016, 0.1111111111111111, 0.0, 0.0], "(5, 0, 0.0)": [0.5644444444444444, 0.0, 0.0, 0.0, 0.0, 0.0, 0.0, 0.0, 0.0], "(0, 0, 0.0)": [2.4959352827666255, 21.53747152521874, 1.8590787524944241, 14.882287085121913, 7.894310721883102, 7.117615984694337, 3.4363150099776956, 1.1111111111111114, 2.799458479705494], "(2, 1, 200.0)": [52.79537541569766, 46.60517426780086, 67.5996464055301, 28.018039431461457, 38.15354690425466, 57.17170406263577, 47.96005401958138, 42.595509788001145, 146.09128008702714], "(2, 0, 0.0)": [22.488705646348652, 75.71230085266554, 54.14655952407789, 63.16836792689519, 20.602088265295226, 31.462767465005218, 54.56558488215037, 41.45698662610151, 45.142745256869446], "(1, 1, 200.0)": [48.9790593049218, 55.46469071697688, 23.243223033090405, 17.441335821943824, 52.027874055026864, 55.94815644010345, 22.69265744720339, 66.48770686808204, 83.1405332908646], "(1, 0, 0.0)": [21.999347472582873, 30.841089670638148, 6.629744613058628, 12.429019209020112, 21.74365429827757, 12.500052110531902, 5.5492686160999565, 70.91114212312425, 5.463509119999996], "(0, 1, 0.0)": [131.18200610806537, 48.7127468300587, 117.96538920547648, 60.040343874960364, 111.95715300328995, 85.29746816370917, 58.00058162098305, 31.14732083016867, 74.95549732366007], "(4, 0, 200.0)": [1.636856530272202, 9.951129512310269, 11.990324303297982, 4.380266912882676, 29.852566087839786, 4.51328357942199, 18.26770102611199, 23.53649652607862, 8.406325289356346], "(4, 1, 200.0)": [2.154276504767367, 43.096139263702916, 22.072801279035513, 3.9702227745903484, 5.547189240948541, 0.5555555555555556, 27.89303097760242, 24.832305757201897, 1.2222222222222225], "(4, 1, 0.0)": [52.111099457632925, 7.478433430755545, 4.965212219682458, 33.71897077596133, 91.58994001320495, 36.718599697051744, 84.27145523673602, 67.05315638859432, 60.24528915125916], "(5, 1, 100.0)": [0.6717470654909317, 0.0, 0.6717470654909317, 0.1111111111111111, 0.0, 0.0, 0.0, 0.0, 0.6717470654909317], "(5, 0, 200.0)": [0.6847458816974908, 0.0, 0.0, 0.0, 0.0, 0.0, 0.0, 0.0, 0.0], "(5, 1, 200.0)": [0.0, 0.0, 0.0, 0.0, 0.0, 0.0, 0.0, 0.0, 0.1111111111111111]}, "state_action_visits": {"(3, 1, 0.0)": 3275, "(3, 0, 100.0)": 20511, "(3, 0, 200.0)": 2117, "(3, 1, 100.0)": 28721, "(4, 1, 100.0)": 3787, "(4, 0, 100.0)": 2824, "(2, 1, 0.0)": 2742, "(2, 0, 100.0)": 20062, "(2, 0, 200.0)": 1763, "(2, 1, 100.0)": 22286, "(1, 1, 0.0)": 1982, "(1, 0, 100.0)": 17209, "(1, 0, 200.0)": 2163, "(1, 1, 100.0)": 18442, "(0, 0, 100.0)": 15002, "(0, 1, 100.0)": 15086, "(0, 0, 200.0)": 1557, "(0, 1, 200.0)": 1513, "(3, 0, 0.0)": 1225, "(3, 1, 200.0)": 1553, "(4, 0, 0.0)": 137, "(5, 0, 100.0)": 6, "(5, 0, 0.0)": 1, "(0, 0, 0.0)": 169, "(2, 1, 200.0)": 1044, "(2, 0, 0.0)": 835, "(1, 1, 200.0)": 848, "(1, 0, 0.0)": 391, "(0, 1, 0.0)": 1342, "(4, 0, 200.0)": 230, "(4, 1, 200.0)": 266, "(4, 1, 0.0)": 790, "(5, 1, 100.0)": 4, "(5, 0, 200.0)": 1, "(5, 1, 200.0)": 1}}, "meta": {"recent_avg_return": -101.30851063829371, "epsilon": 0.19346195042409878,