{"timestamp": 1764104527, "iso": "2025-11-25T21:02:07Z", "episode": 125, "games_in_episode": 1, "stats": {"total_messages": 3553, "total_updates": 3541, "total_reward": -137.47499999999386, "action_counts": [298, 412, 451, 314, 450, 482, 411, 279, 456], "state_visits": {"(3, 0, 0.0)": 1, "(3, 0, 100.0)": 261, "(3, 0, 200.0)": 68, "(3, 1, 200.0)": 2, "(3, 1, 0.0)": 202, "(3, 1, 100.0)": 641, "(4, 0, 0.0)": 47, "(4, 1, 0.0)": 53, "(2, 0, 200.0)": 86, "(2, 1, 100.0)": 619, "(2, 1, 0.0)": 202, "(2, 0, 100.0)": 99, "(4, 1, 100.0)": 7, "(1, 0, 100.0)": 178, "(1, 1, 100.0)": 419, "(1, 1, 0.0)": 125, "(1, 0, 200.0)": 31, "(0, 0, 100.0)": 220, "(0, 1, 100.0)": 258, "(0, 0, 200.0)": 22}, "state_action_prob_sums": {"(3, 1, 0.0)": [647.3031424039698, 673.3578072372804, 628.9576308886271, 568.1804694100464, 493.80510943172305, 778.3297366834777, 642.5331259017914, 530.7782862321656, 1027.3145192956217], "(3, 0, 100.0)": [4036.1143971250403, 4255.727924227321, 4087.240843884307, 4157.921606806068, 3375.017309274497, 4262.581083134911, 4045.6307273465272, 4119.096689091239, 4590.0496968174575], "(3, 0, 200.0)": [489.5426603513192, 424.49950063783456, 476.6043652974232, 201.75203219297734, 445.9142876203986, 590.4450623111347, 380.1823036279179, 419.4876220543695, 411.4287469475101], "(3, 1, 100.0)": [5902.122290589234, 6297.480254043519, 5615.13422628422, 6606.549811184181, 7041.70481937974, 5724.074376260804, 6812.678542336729, 6206.171802098628, 5950.863282295985], "(4, 1, 100.0)": [949.7369234678123, 1037.200218222136, 851.8840113406246, 711.1746909820583, 790.312016093308, 1633.2980620042813, 592.8741200118911, 1095.281505701692, 659.7614428379729], "(4, 0, 100.0)": [504.79112016088095, 428.9004191161413, 919.1364619078237, 631.0361259654933, 553.5043861508315, 345.5972458767, 673.0377007071166, 388.5155594176542, 870.3733860989447], "(2, 1, 0.0)": [300.5626178423391, 410.77557162956214, 662.6751060062948, 460.11396433168375, 864.1914303903475, 585.0934505138896, 822.2506607717726, 462.21464797199303, 577.5086339272333], "(2, 0, 100.0)": [3940.1790322631364, 3998.549175995904, 3894.568977467571, 4187.180204829069, 2943.1646097185744, 3735.41885829059, 3934.8417395039064, 4284.822889639131, 3375.817675954112], "(2, 0, 200.0)": [448.70122264765985, 443.86411712256876, 226.2215574512222, 289.80587148053826, 437.491969659455, 412.21388795772174, 275.29060228398345, 459.65421211551575, 419.495370849909], "(2, 1, 100.0)": [4462.065318590195, 4542.636024640838, 5414.877606051384, 6242.5962992074865, 4665.803243509731, 4641.822386084728, 4738.024797984536, 4358.277337225291, 3933.685706837347], "(1, 1, 0.0)": [489.3719123433206, 422.1277207892019, 382.27195941006795, 614.0889419036149, 439.04662775451385, 356.84798253110364, 292.10845030254677, 386.52703639605426, 862.496204806254], "(1, 0, 100.0)": [3208.996137337481, 2897.822232667679, 2987.3207402909757, 3061.868736960879, 3918.344004777438, 4055.6785735204157, 3208.014073463395, 3470.1839624006047, 2512.511037673747], "(1, 0, 200.0)": [321.5222259616195, 391.90536519222667, 346.465072032636, 167.76695821474587, 266.55537961480934, 243.22272463464185, 746.5548917993373, 447.2812151132391, 408.5087950288999], "(1, 1, 100.0)": [3929.17066888363, 3789.908983319373, 3737.9651671957126, 3449.045380668723, 3297.25134677065, 3970.0651120683756, 4181.410549701981, 4267.979073956933, 4263.921040951442], "(0, 0, 100.0)": [2645.2385530516976, 2795.232314161825, 2452.3556354091297, 2972.4023384254497, 2964.078312358496, 2213.6695265052026, 2264.768657450369, 3203.1627285806726, 2660.5367381914803], "(0, 1, 100.0)": [3719.6794219603767, 3131.4374616910877, 3290.2683417943445, 3045.050391269509, 3697.1208281449517, 3313.963038427794, 3768.449304019252, 4041.076543127462, 2788.9080456121337], "(0, 0, 200.0)": [270.69100542340146, 550.6317496393337, 271.1515699608659, 190.0111299728723, 320.80900704679283, 133.85390042388124, 528.8391937493525, 483.3029449837114, 195.85412262141568], "(0, 1, 200.0)": [552.1033207147804, 538.9116372987236, 384.2642263365727, 212.34569096015204, 196.92292031539262, 317.9076068538788, 240.31031754843843, 75.85584147004542, 191.12747136358462], "(3, 0, 0.0)": [164.2301958611454, 391.43683773038333, 128.3217840287574, 283.00218845147907, 214.01546065018184, 254.33519866861454, 282.9768437786402, 164.8577679789171, 151.50570888001047], "(3, 1, 200.0)": [265.75545108690494, 297.5766400360252, 416.83242304143624, 284.8933638455755, 228.29727842128798, 497.46375203984576, 284.1205274884738, 249.31693186456425, 68.4459292229893], "(4, 0, 0.0)": [37.873256689209384, 142.97262126939614, 8.265192836421136, 2.128888888888889, 0.7777777777777779, 1.2311111111111113, 66.33959909903702, 28.17254470437044, 7.097777777777776], "(5, 0, 100.0)": [3.5711549385408805, 0.1111111111111111, 0.1111111111111111, 0.1111111111111111, 0.1111111111111111, 0.6368565302722016, 0.1111111111111111, 0.0, 0.0], "(5, 0, 0.0)": [0.5644444444444444, 0.0, 0.0, 0.9590273160599947, 0.0, 0.0, 0.0, 0.0, 0.0], "(0, 0, 0.0)": [9.899885803133209, 23.148662429640208, 157.17644376283596, 51.78538671116446, 8.672088499660877, 8.228727095805445, 198.65120839714726, 122.30083469870796, 119.68411330545717], "(2, 1, 200.0)": [241.82231326947564, 142.2185419544241, 151.04267852944912, 309.5945269019256, 69.12080640344212, 158.04109815151665, 227.0922761004935, 274.93701817789156, 454.5965552586255], "(2, 0, 0.0)": [24.266483424126424, 222.50117340455765, 372.0405227497023, 140.06778049403556, 247.9637077752869, 250.8081854641548, 187.62841769949122, 59.43054669616073, 226.35494524374496], "(1, 1, 200.0)": [306.3789491034185, 158.4900661381777, 328.04578711335057, 224.26476057781613, 308.7840914614527, 127.7054370830389, 357.16082879500567, 261.15032922071913, 307.0933118800312], "(1, 0, 0.0)": [96.70327950878823, 92.28828900386478, 111.54402865507349, 196.48740552457895, 69.23818578307922, 20.801225371864984, 146.0919763730173, 197.23811013374257, 161.49872648420595], "(0, 1, 0.0)": [494.66989008453044, 215.77520654346446, 416.39339377810495, 160.01662465305995, 623.9164989433646, 208.69208109961988, 166.84334693549235, 301.1337900202972, 417.90731472641664], "(4, 0, 200.0)": [1.9701898636055355, 32.40216524761611, 95.72150080951918, 63.864153311848284, 49.68862471595004, 96.29198477416367, 68.75676623402556, 23.75871874830084, 83.69779411007413], "(4, 1, 200.0)": [15.308194292526759, 55.50564366180342, 48.96781873668176, 3.9702227745903484, 5.547189240948541, 0.5555555555555556, 27.89303097760242, 24.943416868313008, 1.2222222222222225], "(4, 1, 0.0)": [53.02100927618982, 99.24574316888511, 4.965212219682458, 84.89614283736984, 104.66201080633486, 36.94082191927397, 94.61379657419523, 118.29793075499943, 68.54558862938235], "(5, 1, 100.0)": [9.294759964319564, 0.0, 0.6717470654909317, 0.1111111111111111, 0.0, 0.2222222222222222, 6.796091972169932, 0.0, 0.6717470654909317], "(5, 0, 200.0)": [0.6847458816974908, 0.0, 0.0, 1.7957255714105582, 0.0, 0.0, 3.5677820773374904, 0.0, 0.0], "(5, 1, 200.0)": [1.8721941467664875, 0.0, 0.0, 0.0, 0.0, 0.0, 0.0, 0.0, 0.1111111111111111]}, "state_action_visits": {"(3, 1, 0.0)": 8294, "(3, 0, 100.0)": 51800, "(3, 0, 200.0)": 5486, "(3, 1, 100.0)": 77372, "(4, 1, 100.0)": 11255, "(4, 0, 100.0)": 7395, "(2, 1, 0.0)": 7075, "(2, 0, 100.0)": 48461, "(2, 0, 200.0)": 4869, "(2, 1, 100.0)": 59540, "(1, 1, 0.0)": 5751, "(1, 0, 100.0)": 41465, "(1, 0, 200.0)": 4890, "(1, 1, 100.0)": 48390, "(0, 0, 100.0)": 34505, "(0, 1, 100.0)": 42456, "(0, 0, 200.0)": 4186, "(0, 1, 200.0)": 3801, "(3, 0, 0.0)": 2907, "(3, 1, 200.0)": 3715, "(4, 0, 0.0)": 401, "(5, 0, 100.0)": 10, "(5, 0, 0.0)": 2, "(0, 0, 0.0)": 895, "(2, 1, 200.0)": 2866, "(2, 0, 0.0)": 2411, "(1, 1, 200.0)": 3217, "(1, 0, 0.0)": 1449, "(0, 1, 0.0)": 4057, "(4, 0, 200.0)": 704, "(4, 1, 200.0)": 326, "(4, 1, 0.0)": 1045, "(5, 1, 100.0)": 24, "(5, 0, 200.0)": 7, "(5, 1, 200.0)": 3}}, "meta": {"recent_avg_return": -72.18849999999607, "epsilon": 0.04083225737827777,