{"timestamp": 1764103946, "iso": "2025-11-25T20:52:26Z", "episode": 106, "games_in_episode": 1, "stats": {"total_messages": 3379, "total_updates": 3367, "total_reward": -144.3249999999879, "action_counts": [435, 264, 431, 508, 578, 202, 424, 336, 201], "state_visits": {"(3, 1, 100.0)": 613, "(3, 0, 100.0)": 344, "(3, 0, 200.0)": 66, "(3, 1, 200.0)": 2, "(4, 1, 100.0)": 23, "(2, 1, 100.0)": 342, "(2, 0, 100.0)": 447, "(2, 0, 200.0)": 22, "(1, 0, 100.0)": 377, "(1, 0, 200.0)": 45, "(1, 1, 100.0)": 228, "(1, 1, 0.0)": 33, "(1, 0, 0.0)": 39, "(1, 1, 200.0)": 3, "(0, 0, 200.0)": 118, "(0, 0, 100.0)": 247, "(0, 0, 0.0)": 74, "(0, 1, 100.0)": 268, "(0, 1, 200.0)": 50, "(0, 1, 0.0)": 26}, "state_action_prob_sums": {"(3, 1, 0.0)": [361.65059639177065, 550.0726119694009, 413.16642237112904, 405.99467673405155, 368.5228406279208, 579.1298417574102, 593.1197534907714, 474.0277486207419, 786.3393375519847], "(3, 0, 100.0)": [3378.7638380945928, 2950.451528348257, 3677.5252258636256, 3882.168619640272, 3102.012310588654, 3378.777903285782, 2865.4674566315857, 3759.413731316537, 3586.730188745221], "(3, 0, 200.0)": [386.6165156443704, 415.5187447887791, 422.69599783096953, 201.75203219297734, 445.58095428706537, 441.7465827145854, 376.24325334993443, 403.13641993420475, 344.25343928713596], "(3, 1, 100.0)": [5118.5826491425305, 4341.71090324654, 4800.242831688075, 5202.170120073659, 5636.471209375691, 4515.0427739121415, 5135.496444997605, 4858.936904043712, 4506.264027793503], "(4, 1, 100.0)": [703.4991100278386, 665.4694178590461, 744.0059830974046, 592.230342899024, 507.66997388160746, 1315.2815364494547, 493.3571546349996, 791.4931873996454, 492.38082012331347], "(4, 0, 100.0)": [367.2989911088142, 402.2582480912172, 649.7890831825513, 486.31625306065496, 488.18204186053833, 326.7348059710834, 602.1940589120915, 362.39797006851296, 751.7319359070787], "(2, 1, 0.0)": [236.35445413181384, 401.2133407996997, 472.4293090807587, 348.79339661345796, 537.7424855382726, 429.46874451548814, 566.0699898130356, 388.75054540205053, 485.5630862777693], "(2, 0, 100.0)": [3349.164733654712, 3367.7216590309085, 3184.0148887767887, 3538.523573489245, 2251.14239929919, 3280.439956511666, 3711.213684907852, 3385.8831393727646, 2940.2173326330717], "(2, 0, 200.0)": [418.09399587551917, 440.64415948652356, 223.8696185920265, 289.5836492583161, 361.360798070112, 263.08435330856304, 253.12188110967088, 459.54310100440466, 384.55818773937193], "(2, 1, 100.0)": [3855.2480069270678, 3607.5301985800925, 4099.29166572293, 4244.987521110116, 3927.288333689824, 3475.6089191806327, 3190.953536700837, 3905.416787615898, 3507.5129400700425], "(1, 1, 0.0)": [426.0644427696216, 422.0166096780908, 381.60529274340144, 613.6444974591706, 292.789045805034, 308.1202524398136, 244.55358862391205, 248.25248078093333, 488.6082422555137], "(1, 0, 100.0)": [2754.6299602274617, 2498.3060319353704, 2493.2530835503903, 2279.2816359269923, 2984.251942929999, 3373.3289685426357, 2945.5197310956864, 2743.7932507891483, 2296.254132538568], "(1, 0, 200.0)": [321.5222259616195, 370.59275155873536, 344.3451879639072, 167.76695821474587, 198.0163822284029, 218.19334153750418, 686.2110964898401, 447.2812151132391, 326.0635084939891], "(1, 1, 100.0)": [2754.093222612988, 2448.153363969207, 3330.1886262634243, 2844.4612071532456, 2436.697123179979, 3297.0998750832746, 3656.8868574192848, 3291.543686429785, 3390.089682034361], "(0, 0, 100.0)": [1986.6981336112135, 2258.2433219679, 2172.2206057656676, 2433.900642627983, 2706.032262561643, 1937.637954173812, 2112.900455534748, 2465.0788102110787, 1943.3181856873052], "(0, 1, 100.0)": [3443.751908624707, 2700.604430518124, 2487.6208047242812, 2520.6185844990905, 2971.480886976624, 2673.432245620553, 2626.4952785881, 2732.030048942932, 2424.9798417751963], "(0, 0, 200.0)": [263.04829605048866, 483.98371699139466, 227.852205420186, 155.0151211127663, 255.42755822664031, 133.85390042388124, 528.6169715271303, 479.5117983581878, 191.78306799557743], "(0, 1, 200.0)": [530.1158334230871, 454.94492743628575, 338.6037441878823, 185.26755624400343, 166.9666877721543, 256.1819559858564, 205.75168452906496, 74.89599470030663, 190.79413803025128], "(3, 0, 0.0)": [164.2301958611454, 297.22993853428375, 127.98845069542408, 228.84124699876347, 213.90434953907072, 245.5928417129634, 170.63861073115984, 140.8218519071629, 134.92753564129717], "(3, 1, 200.0)": [223.618538040096, 246.70110028105577, 390.76202845911865, 227.18915479477891, 186.25715513970493, 361.00562393238584, 253.32974675309373, 209.95243408499633, 48.83766200181025], "(4, 0, 0.0)": [37.873256689209384, 142.97262126939614, 0.5555555555555556, 2.128888888888889, 0.7777777777777779, 1.2311111111111113, 3.7242137302762175, 19.503647090730343, 7.097777777777776], "(5, 0, 100.0)": [3.5711549385408805, 0.1111111111111111, 0.1111111111111111, 0.1111111111111111, 0.1111111111111111, 0.6368565302722016, 0.1111111111111111, 0.0, 0.0], "(5, 0, 0.0)": [0.5644444444444444, 0.0, 0.0, 0.0, 0.0, 0.0, 0.0, 0.0, 0.0], "(0, 0, 0.0)": [8.718636264850993, 22.815329096306876, 6.9260174755263195, 51.67427560005335, 8.227644055216434, 7.895393762472112, 154.10523554724435, 1.3333333333333337, 117.32161422889274], "(2, 1, 200.0)": [141.31173960528795, 134.48901313904062, 131.823982860082, 260.0645146423313, 48.57766402404159, 146.49233527280623, 226.75894276716016, 231.69625320366717, 454.3743330364033], "(2, 0, 0.0)": [23.59981675745976, 179.83953320773747, 191.66083396611438, 130.1441740001022, 125.12978347099309, 250.25262990859923, 168.2848464579504, 59.208324473938504, 214.6243952288027], "(1, 1, 200.0)": [233.6682495760044, 157.823399471511, 179.76567037842165, 190.6461858503762, 308.45075812811945, 118.76933864372455, 303.8427661776341, 258.1958581404653, 233.4064208922442], "(1, 0, 0.0)": [95.08882618574063, 69.68634583860856, 23.78821425543475, 85.25074473560733, 31.326719527842457, 13.72227433275412, 15.772288771425751, 197.12699902263145, 137.692948963572], "(0, 1, 0.0)": [407.0683618060406, 191.60602154763527, 194.7277686860415, 159.34995798639326, 497.5025715183906, 172.0467526836725, 161.38154368852565, 230.72000908165114, 311.4377885536677], "(4, 0, 200.0)": [1.9701898636055355, 32.40216524761611, 95.72150080951918, 63.864153311848284, 49.68862471595004, 96.29198477416367, 68.75676623402556, 23.75871874830084, 83.69779411007413], "(4, 1, 200.0)": [15.308194292526759, 51.676772151235035, 48.96781873668176, 3.9702227745903484, 5.547189240948541, 0.5555555555555556, 27.89303097760242, 24.832305757201897, 1.2222222222222225], "(4, 1, 0.0)": [53.02100927618982, 59.43870360088674, 4.965212219682458, 84.89614283736984, 104.43978858411263, 36.94082191927397, 94.61379657419523, 68.18528842937344, 68.43447751827124], "(5, 1, 100.0)": [9.294759964319564, 0.0, 0.6717470654909317, 0.1111111111111111, 0.0, 0.1111111111111111, 1.0472081844943548, 0.0, 0.6717470654909317], "(5, 0, 200.0)": [0.6847458816974908, 0.0, 0.0, 1.7957255714105582, 0.0, 0.0, 3.5677820773374904, 0.0, 0.0], "(5, 1, 200.0)": [1.8721941467664875, 0.0, 0.0, 0.0, 0.0, 0.0, 0.0, 0.0, 0.1111111111111111]}, "state_action_visits": {"(3, 1, 0.0)": 6705, "(3, 0, 100.0)": 44876, "(3, 0, 200.0)": 5052, "(3, 1, 100.0)": 64202, "(4, 1, 100.0)": 9039, "(4, 0, 100.0)": 6434, "(2, 1, 0.0)": 5682, "(2, 0, 100.0)": 42695, "(2, 0, 200.0)": 4521, "(2, 1, 100.0)": 49459, "(1, 1, 0.0)": 4853, "(1, 0, 100.0)": 36063, "(1, 0, 200.0)": 4613, "(1, 1, 100.0)": 40220, "(0, 0, 100.0)": 29981, "(0, 1, 100.0)": 35636, "(0, 0, 200.0)": 3944, "(0, 1, 200.0)": 3461, "(3, 0, 0.0)": 2569, "(3, 1, 200.0)": 3229, "(4, 0, 0.0)": 319, "(5, 0, 100.0)": 10, "(5, 0, 0.0)": 1, "(0, 0, 0.0)": 542, "(2, 1, 200.0)": 2584, "(2, 0, 0.0)": 1980, "(1, 1, 200.0)": 2775, "(1, 0, 0.0)": 986, "(0, 1, 0.0)": 3314, "(4, 0, 200.0)": 704, "(4, 1, 200.0)": 321, "(4, 1, 0.0)": 948, "(5, 1, 100.0)": 17, "(5, 0, 200.0)": 7, "(5, 1, 200.0)": 3}}, "meta": {"recent_avg_return": -109.72049999999498, "epsilon": 0.059938787317823636,