{
  "timestamp": 1764183189,
  "episode": 14,
  "checkpoint": "ppo_checkpoint_14_1764183189.pt",
  "config": {
    "LEARNING_RATE": 0.0003,
    "GAMMA": 0.92,
    "GAE_LAMBDA": 0.95,
    "PPO_EPOCHS": 4,
    "PPO_CLIP": 0.2,
    "BATCH_SIZE": 64,
    "ENTROPY_COEF": 0.01,
    "MAX_GRAD_NORM": 0.5
  },
  "stats": {
    "total_messages": 75270,
    "total_updates": 75270,
    "total_reward": -3231.4500000103812,
    "food_counts": [
      21316,
      40496,
      13458
    ]
  },
  "recent_avg_return": 651.7178571314829
}