{
  "timestamp": 1764188247,
  "episode": 256,
  "checkpoint": "ppo_checkpoint_256_1764188247.pt",
  "config": {
    "LEARNING_RATE": 0.0003,
    "GAMMA": 0.92,
    "GAE_LAMBDA": 0.95,
    "PPO_EPOCHS": 4,
    "PPO_CLIP": 0.2,
    "BATCH_SIZE": 64,
    "ENTROPY_COEF": 0.01,
    "MAX_GRAD_NORM": 0.5
  },
  "stats": {
    "total_messages": 1229936,
    "total_updates": 1229936,
    "total_reward": -58789.39999840174,
    "food_counts": [
      380589,
      448750,
      400597
    ]
  },
  "recent_avg_return": -52267.16299854888
}