{
  "timestamp": 1764183733,
  "episode": 39,
  "checkpoint": "ppo_checkpoint_39_1764183733.pt",
  "config": {
    "LEARNING_RATE": 0.0003,
    "GAMMA": 0.92,
    "GAE_LAMBDA": 0.95,
    "PPO_EPOCHS": 4,
    "PPO_CLIP": 0.2,
    "BATCH_SIZE": 64,
    "ENTROPY_COEF": 0.01,
    "MAX_GRAD_NORM": 0.5
  },
  "stats": {
    "total_messages": 157269,
    "total_updates": 157269,
    "total_reward": -20937.974999958886,
    "food_counts": [
      32416,
      94541,
      30312
    ]
  },
  "recent_avg_return": -8564.21346154639
}