{
  "timestamp": 1764188489,
  "episode": 270,
  "checkpoint": "ppo_checkpoint_270_1764188489.pt",
  "config": {
    "LEARNING_RATE": 0.0003,
    "GAMMA": 0.92,
    "GAE_LAMBDA": 0.95,
    "PPO_EPOCHS": 4,
    "PPO_CLIP": 0.2,
    "BATCH_SIZE": 64,
    "ENTROPY_COEF": 0.01,
    "MAX_GRAD_NORM": 0.5
  },
  "stats": {
    "total_messages": 1281912,
    "total_updates": 1281912,
    "total_reward": -63212.19999832635,
    "food_counts": [
      392692,
      469265,
      419955
    ]
  },
  "recent_avg_return": -56362.84649846753
}