{
  "timestamp": 1764183603,
  "episode": 34,
  "checkpoint": "ppo_checkpoint_34_1764183603.pt",
  "config": {
    "LEARNING_RATE": 0.0003,
    "GAMMA": 0.92,
    "GAE_LAMBDA": 0.95,
    "PPO_EPOCHS": 4,
    "PPO_CLIP": 0.2,
    "BATCH_SIZE": 64,
    "ENTROPY_COEF": 0.01,
    "MAX_GRAD_NORM": 0.5
  },
  "stats": {
    "total_messages": 127644,
    "total_updates": 127644,
    "total_reward": -19898.10000000191,
    "food_counts": [
      25663,
      82101,
      19880
    ]
  },
  "recent_avg_return": -6861.771323542652
}