{
  "timestamp": 1764189441,
  "episode": 324,
  "checkpoint": "ppo_checkpoint_324_1764189441.pt",
  "config": {
    "LEARNING_RATE": 0.0003,
    "GAMMA": 0.92,
    "GAE_LAMBDA": 0.95,
    "PPO_EPOCHS": 4,
    "PPO_CLIP": 0.2,
    "BATCH_SIZE": 64,
    "ENTROPY_COEF": 0.01,
    "MAX_GRAD_NORM": 0.5
  },
  "stats": {
    "total_messages": 1509193,
    "total_updates": 1509193,
    "total_reward": -76788.37499932839,
    "food_counts": [
      457857,
      551117,
      500219
    ]
  },
  "recent_avg_return": -71660.29449871444
}