{
  "timestamp": 1764184222,
  "episode": 61,
  "checkpoint": "ppo_checkpoint_61_1764184222.pt",
  "config": {
    "LEARNING_RATE": 0.0003,
    "GAMMA": 0.92,
    "GAE_LAMBDA": 0.95,
    "PPO_EPOCHS": 4,
    "PPO_CLIP": 0.2,
    "BATCH_SIZE": 64,
    "ENTROPY_COEF": 0.01,
    "MAX_GRAD_NORM": 0.5
  },
  "stats": {
    "total_messages": 259661,
    "total_updates": 259661,
    "total_reward": -30940.77499981027,
    "food_counts": [
      59493,
      128000,
      72168
    ]
  },
  "recent_avg_return": -18359.257499949344
}