{
  "timestamp": 1764186007,
  "episode": 140,
  "checkpoint": "ppo_checkpoint_140_1764186007.pt",
  "config": {
    "LEARNING_RATE": 0.0003,
    "GAMMA": 0.92,
    "GAE_LAMBDA": 0.95,
    "PPO_EPOCHS": 4,
    "PPO_CLIP": 0.2,
    "BATCH_SIZE": 64,
    "ENTROPY_COEF": 0.01,
    "MAX_GRAD_NORM": 0.5
  },
  "stats": {
    "total_messages": 735459,
    "total_updates": 735459,
    "total_reward": -30644.524999119276,
    "food_counts": [
      238854,
      258329,
      238276
    ]
  },
  "recent_avg_return": -35983.6799993565
}