{
  "timestamp": 1764186405,
  "episode": 158,
  "checkpoint": "ppo_checkpoint_158_1764186405.pt",
  "config": {
    "LEARNING_RATE": 0.0003,
    "GAMMA": 0.92,
    "GAE_LAMBDA": 0.95,
    "PPO_EPOCHS": 4,
    "PPO_CLIP": 0.2,
    "BATCH_SIZE": 64,
    "ENTROPY_COEF": 0.01,
    "MAX_GRAD_NORM": 0.5
  },
  "stats": {
    "total_messages": 845952,
    "total_updates": 845952,
    "total_reward": -27137.5999989588,
    "food_counts": [
      279453,
      287172,
      279327
    ]
  },
  "recent_avg_return": -31257.172999178023
}