{
  "timestamp": 1764188088,
  "episode": 247,
  "checkpoint": "ppo_checkpoint_247_1764188088.pt",
  "config": {
    "LEARNING_RATE": 0.0003,
    "GAMMA": 0.92,
    "GAE_LAMBDA": 0.95,
    "PPO_EPOCHS": 4,
    "PPO_CLIP": 0.2,
    "BATCH_SIZE": 64,
    "ENTROPY_COEF": 0.01,
    "MAX_GRAD_NORM": 0.5
  },
  "stats": {
    "total_messages": 1194157,
    "total_updates": 1194157,
    "total_reward": -56232.17499845365,
    "food_counts": [
      371268,
      435294,
      387595
    ]
  },
  "recent_avg_return": -49343.22249859983
}