{
  "timestamp": 1764188535,
  "episode": 272,
  "checkpoint": "ppo_checkpoint_272_1764188535.pt",
  "config": {
    "LEARNING_RATE": 0.0003,
    "GAMMA": 0.92,
    "GAE_LAMBDA": 0.95,
    "PPO_EPOCHS": 4,
    "PPO_CLIP": 0.2,
    "BATCH_SIZE": 64,
    "ENTROPY_COEF": 0.01,
    "MAX_GRAD_NORM": 0.5
  },
  "stats": {
    "total_messages": 1291483,
    "total_updates": 1291483,
    "total_reward": -63416.52499831246,
    "food_counts": [
      395459,
      472812,
      423212
    ]
  },
  "recent_avg_return": -56914.35599845581
}