{
  "timestamp": 1764183632,
  "episode": 35,
  "checkpoint": "ppo_checkpoint_35_1764183632.pt",
  "config": {
    "LEARNING_RATE": 0.0003,
    "GAMMA": 0.92,
    "GAE_LAMBDA": 0.95,
    "PPO_EPOCHS": 4,
    "PPO_CLIP": 0.2,
    "BATCH_SIZE": 64,
    "ENTROPY_COEF": 0.01,
    "MAX_GRAD_NORM": 0.5
  },
  "stats": {
    "total_messages": 135574,
    "total_updates": 135574,
    "total_reward": -20204.149999990386,
    "food_counts": [
      28027,
      86056,
      21491
    ]
  },
  "recent_avg_return": -7242.98214286973
}