{
  "timestamp": 1764188932,
  "episode": 296,
  "checkpoint": "ppo_checkpoint_296_1764188932.pt",
  "config": {
    "LEARNING_RATE": 0.0003,
    "GAMMA": 0.92,
    "GAE_LAMBDA": 0.95,
    "PPO_EPOCHS": 4,
    "PPO_CLIP": 0.2,
    "BATCH_SIZE": 64,
    "ENTROPY_COEF": 0.01,
    "MAX_GRAD_NORM": 0.5
  },
  "stats": {
    "total_messages": 1381946,
    "total_updates": 1381946,
    "total_reward": -72047.14999858967,
    "food_counts": [
      419980,
      507791,
      454175
    ]
  },
  "recent_avg_return": -63358.283498381956
}