{
  "timestamp": 1764185909,
  "episode": 135,
  "checkpoint": "ppo_checkpoint_135_1764185909.pt",
  "config": {
    "LEARNING_RATE": 0.0003,
    "GAMMA": 0.92,
    "GAE_LAMBDA": 0.95,
    "PPO_EPOCHS": 4,
    "PPO_CLIP": 0.2,
    "BATCH_SIZE": 64,
    "ENTROPY_COEF": 0.01,
    "MAX_GRAD_NORM": 0.5
  },
  "stats": {
    "total_messages": 709132,
    "total_updates": 709132,
    "total_reward": -30221.1999991575,
    "food_counts": [
      229964,
      250072,
      229096
    ]
  },
  "recent_avg_return": -37251.03799940685
}