{
  "timestamp": 1764189457,
  "episode": 325,
  "checkpoint": "ppo_checkpoint_325_1764189457.pt",
  "config": {
    "LEARNING_RATE": 0.0003,
    "GAMMA": 0.92,
    "GAE_LAMBDA": 0.95,
    "PPO_EPOCHS": 4,
    "PPO_CLIP": 0.2,
    "BATCH_SIZE": 64,
    "ENTROPY_COEF": 0.01,
    "MAX_GRAD_NORM": 0.5
  },
  "stats": {
    "total_messages": 1513014,
    "total_updates": 1513014,
    "total_reward": -77200.14999935056,
    "food_counts": [
      458957,
      552514,
      501543
    ]
  },
  "recent_avg_return": -71923.92549873561
}