{
  "timestamp": 1764189019,
  "episode": 301,
  "checkpoint": "ppo_checkpoint_301_1764189019.pt",
  "config": {
    "LEARNING_RATE": 0.0003,
    "GAMMA": 0.92,
    "GAE_LAMBDA": 0.95,
    "PPO_EPOCHS": 4,
    "PPO_CLIP": 0.2,
    "BATCH_SIZE": 64,
    "ENTROPY_COEF": 0.01,
    "MAX_GRAD_NORM": 0.5
  },
  "stats": {
    "total_messages": 1404514,
    "total_updates": 1404514,
    "total_reward": -72556.44999872068,
    "food_counts": [
      425939,
      516297,
      462278
    ]
  },
  "recent_avg_return": -64948.49899840455
}