{
  "timestamp": 1764183786,
  "episode": 41,
  "checkpoint": "ppo_checkpoint_41_1764183786.pt",
  "config": {
    "LEARNING_RATE": 0.0003,
    "GAMMA": 0.92,
    "GAE_LAMBDA": 0.95,
    "PPO_EPOCHS": 4,
    "PPO_CLIP": 0.2,
    "BATCH_SIZE": 64,
    "ENTROPY_COEF": 0.01,
    "MAX_GRAD_NORM": 0.5
  },
  "stats": {
    "total_messages": 171551,
    "total_updates": 171551,
    "total_reward": -20352.524999938138,
    "food_counts": [
      37575,
      98798,
      35178
    ]
  },
  "recent_avg_return": -9144.442682931594
}