{
  "timestamp": 1764187251,
  "episode": 204,
  "checkpoint": "ppo_checkpoint_204_1764187251.pt",
  "config": {
    "LEARNING_RATE": 0.0003,
    "GAMMA": 0.92,
    "GAE_LAMBDA": 0.95,
    "PPO_EPOCHS": 4,
    "PPO_CLIP": 0.2,
    "BATCH_SIZE": 64,
    "ENTROPY_COEF": 0.01,
    "MAX_GRAD_NORM": 0.5
  },
  "stats": {
    "total_messages": 1028308,
    "total_updates": 1028308,
    "total_reward": -41667.49999869424,
    "food_counts": [
      328306,
      365361,
      334641
    ]
  },
  "recent_avg_return": -33468.52099883328
}