{
  "timestamp": 1764182996,
  "episode": 4,
  "checkpoint": "ppo_checkpoint_4_1764182996.pt",
  "config": {
    "LEARNING_RATE": 0.0003,
    "GAMMA": 0.92,
    "GAE_LAMBDA": 0.95,
    "PPO_EPOCHS": 4,
    "PPO_CLIP": 0.2,
    "BATCH_SIZE": 64,
    "ENTROPY_COEF": 0.01,
    "MAX_GRAD_NORM": 0.5
  },
  "stats": {
    "total_messages": 41289,
    "total_updates": 41289,
    "total_reward": 2872.0249999880434,
    "food_counts": [
      15799,
      15315,
      10175
    ]
  },
  "recent_avg_return": 4153.362499988222
}