{
  "timestamp": 1764186118,
  "episode": 145,
  "checkpoint": "ppo_checkpoint_145_1764186118.pt",
  "config": {
    "LEARNING_RATE": 0.0003,
    "GAMMA": 0.92,
    "GAE_LAMBDA": 0.95,
    "PPO_EPOCHS": 4,
    "PPO_CLIP": 0.2,
    "BATCH_SIZE": 64,
    "ENTROPY_COEF": 0.01,
    "MAX_GRAD_NORM": 0.5
  },
  "stats": {
    "total_messages": 762656,
    "total_updates": 762656,
    "total_reward": -30528.099999079786,
    "food_counts": [
      249647,
      266052,
      246957
    ]
  },
  "recent_avg_return": -34689.135999306396
}