{
  "timestamp": 1764188852,
  "episode": 291,
  "checkpoint": "ppo_checkpoint_291_1764188852.pt",
  "config": {
    "LEARNING_RATE": 0.0003,
    "GAMMA": 0.92,
    "GAE_LAMBDA": 0.95,
    "PPO_EPOCHS": 4,
    "PPO_CLIP": 0.2,
    "BATCH_SIZE": 64,
    "ENTROPY_COEF": 0.01,
    "MAX_GRAD_NORM": 0.5
  },
  "stats": {
    "total_messages": 1364050,
    "total_updates": 1364050,
    "total_reward": -69875.04999848585,
    "food_counts": [
      415045,
      501026,
      447979
    ]
  },
  "recent_avg_return": -61992.12699837541
}