{
  "timestamp": 1764185408,
  "episode": 115,
  "checkpoint": "ppo_checkpoint_115_1764185408.pt",
  "config": {
    "LEARNING_RATE": 0.0003,
    "GAMMA": 0.92,
    "GAE_LAMBDA": 0.95,
    "PPO_EPOCHS": 4,
    "PPO_CLIP": 0.2,
    "BATCH_SIZE": 64,
    "ENTROPY_COEF": 0.01,
    "MAX_GRAD_NORM": 0.5
  },
  "stats": {
    "total_messages": 561704,
    "total_updates": 561704,
    "total_reward": -38514.899999371686,
    "food_counts": [
      167909,
      216749,
      177046
    ]
  },
  "recent_avg_return": -39428.96349959586
}