{
  "timestamp": 1764184362,
  "episode": 68,
  "checkpoint": "ppo_checkpoint_68_1764184362.pt",
  "config": {
    "LEARNING_RATE": 0.0003,
    "GAMMA": 0.92,
    "GAE_LAMBDA": 0.95,
    "PPO_EPOCHS": 4,
    "PPO_CLIP": 0.2,
    "BATCH_SIZE": 64,
    "ENTROPY_COEF": 0.01,
    "MAX_GRAD_NORM": 0.5
  },
  "stats": {
    "total_messages": 287090,
    "total_updates": 287090,
    "total_reward": -35426.14999977048,
    "food_counts": [
      65706,
      137826,
      83558
    ]
  },
  "recent_avg_return": -22462.29799991809
}