{
  "timestamp": 1764183337,
  "episode": 21,
  "checkpoint": "ppo_checkpoint_21_1764183337.pt",
  "config": {
    "LEARNING_RATE": 0.0003,
    "GAMMA": 0.92,
    "GAE_LAMBDA": 0.95,
    "PPO_EPOCHS": 4,
    "PPO_CLIP": 0.2,
    "BATCH_SIZE": 64,
    "ENTROPY_COEF": 0.01,
    "MAX_GRAD_NORM": 0.5
  },
  "stats": {
    "total_messages": 92717,
    "total_updates": 92717,
    "total_reward": -8891.375000015103,
    "food_counts": [
      21835,
      56813,
      14069
    ]
  },
  "recent_avg_return": -1685.7571428689123
}