{
  "timestamp": 1764185991,
  "episode": 139,
  "checkpoint": "ppo_checkpoint_139_1764185991.pt",
  "config": {
    "LEARNING_RATE": 0.0003,
    "GAMMA": 0.92,
    "GAE_LAMBDA": 0.95,
    "PPO_EPOCHS": 4,
    "PPO_CLIP": 0.2,
    "BATCH_SIZE": 64,
    "ENTROPY_COEF": 0.01,
    "MAX_GRAD_NORM": 0.5
  },
  "stats": {
    "total_messages": 731601,
    "total_updates": 731601,
    "total_reward": -30150.674999124873,
    "food_counts": [
      237666,
      256937,
      236998
    ]
  },
  "recent_avg_return": -36226.81749936654
}