{
  "timestamp": 1764183366,
  "episode": 23,
  "checkpoint": "ppo_checkpoint_23_1764183366.pt",
  "config": {
    "LEARNING_RATE": 0.0003,
    "GAMMA": 0.92,
    "GAE_LAMBDA": 0.95,
    "PPO_EPOCHS": 4,
    "PPO_CLIP": 0.2,
    "BATCH_SIZE": 64,
    "ENTROPY_COEF": 0.01,
    "MAX_GRAD_NORM": 0.5
  },
  "stats": {
    "total_messages": 97040,
    "total_updates": 97040,
    "total_reward": -10999.900000016667,
    "food_counts": [
      21919,
      60436,
      14685
    ]
  },
  "recent_avg_return": -2457.1065217512914
}