{
  "timestamp": 1764184240,
  "episode": 62,
  "checkpoint": "ppo_checkpoint_62_1764184240.pt",
  "config": {
    "LEARNING_RATE": 0.0003,
    "GAMMA": 0.92,
    "GAE_LAMBDA": 0.95,
    "PPO_EPOCHS": 4,
    "PPO_CLIP": 0.2,
    "BATCH_SIZE": 64,
    "ENTROPY_COEF": 0.01,
    "MAX_GRAD_NORM": 0.5
  },
  "stats": {
    "total_messages": 263011,
    "total_updates": 263011,
    "total_reward": -31809.324999805413,
    "food_counts": [
      60205,
      129210,
      73596
    ]
  },
  "recent_avg_return": -18951.308499945233
}