{
  "timestamp": 1764187609,
  "episode": 223,
  "checkpoint": "ppo_checkpoint_223_1764187609.pt",
  "config": {
    "LEARNING_RATE": 0.0003,
    "GAMMA": 0.92,
    "GAE_LAMBDA": 0.95,
    "PPO_EPOCHS": 4,
    "PPO_CLIP": 0.2,
    "BATCH_SIZE": 64,
    "ENTROPY_COEF": 0.01,
    "MAX_GRAD_NORM": 0.5
  },
  "stats": {
    "total_messages": 1092767,
    "total_updates": 1092767,
    "total_reward": -50162.724998600774,
    "food_counts": [
      344905,
      393436,
      354426
    ]
  },
  "recent_avg_return": -40190.37549872905
}