{
  "timestamp": 1764188967,
  "episode": 298,
  "checkpoint": "ppo_checkpoint_298_1764188967.pt",
  "config": {
    "LEARNING_RATE": 0.0003,
    "GAMMA": 0.92,
    "GAE_LAMBDA": 0.95,
    "PPO_EPOCHS": 4,
    "PPO_CLIP": 0.2,
    "BATCH_SIZE": 64,
    "ENTROPY_COEF": 0.01,
    "MAX_GRAD_NORM": 0.5
  },
  "stats": {
    "total_messages": 1391208,
    "total_updates": 1391208,
    "total_reward": -72118.19999864344,
    "food_counts": [
      422386,
      511373,
      457449
    ]
  },
  "recent_avg_return": -63984.014998389204
}