{
  "timestamp": 1764186838,
  "episode": 181,
  "checkpoint": "ppo_checkpoint_181_1764186838.pt",
  "config": {
    "LEARNING_RATE": 0.0003,
    "GAMMA": 0.92,
    "GAE_LAMBDA": 0.95,
    "PPO_EPOCHS": 4,
    "PPO_CLIP": 0.2,
    "BATCH_SIZE": 64,
    "ENTROPY_COEF": 0.01,
    "MAX_GRAD_NORM": 0.5
  },
  "stats": {
    "total_messages": 942186,
    "total_updates": 942186,
    "total_reward": -32645.649998819164,
    "food_counts": [
      307321,
      327287,
      307578
    ]
  },
  "recent_avg_return": -29312.42699898506
}