{
  "timestamp": 1764187424,
  "episode": 213,
  "checkpoint": "ppo_checkpoint_213_1764187424.pt",
  "config": {
    "LEARNING_RATE": 0.0003,
    "GAMMA": 0.92,
    "GAE_LAMBDA": 0.95,
    "PPO_EPOCHS": 4,
    "PPO_CLIP": 0.2,
    "BATCH_SIZE": 64,
    "ENTROPY_COEF": 0.01,
    "MAX_GRAD_NORM": 0.5
  },
  "stats": {
    "total_messages": 1056104,
    "total_updates": 1056104,
    "total_reward": -46010.29999865395,
    "food_counts": [
      335215,
      378302,
      342587
    ]
  },
  "recent_avg_return": -36482.08599878284
}