{
  "timestamp": 1764186575,
  "episode": 167,
  "checkpoint": "ppo_checkpoint_167_1764186575.pt",
  "config": {
    "LEARNING_RATE": 0.0003,
    "GAMMA": 0.92,
    "GAE_LAMBDA": 0.95,
    "PPO_EPOCHS": 4,
    "PPO_CLIP": 0.2,
    "BATCH_SIZE": 64,
    "ENTROPY_COEF": 0.01,
    "MAX_GRAD_NORM": 0.5
  },
  "stats": {
    "total_messages": 886357,
    "total_updates": 886357,
    "total_reward": -28844.174998900162,
    "food_counts": [
      291827,
      301847,
      292683
    ]
  },
  "recent_avg_return": -29540.53699909539
}