{
  "timestamp": 1764183989,
  "episode": 50,
  "checkpoint": "ppo_checkpoint_50_1764183989.pt",
  "config": {
    "LEARNING_RATE": 0.0003,
    "GAMMA": 0.92,
    "GAE_LAMBDA": 0.95,
    "PPO_EPOCHS": 4,
    "PPO_CLIP": 0.2,
    "BATCH_SIZE": 64,
    "ENTROPY_COEF": 0.01,
    "MAX_GRAD_NORM": 0.5
  },
  "stats": {
    "total_messages": 210108,
    "total_updates": 210108,
    "total_reward": -25996.299999882187,
    "food_counts": [
      45446,
      112622,
      52040
    ]
  },
  "recent_avg_return": -11659.321499986174
}