{
  "timestamp": 1764183868,
  "episode": 44,
  "checkpoint": "ppo_checkpoint_44_1764183868.pt",
  "config": {
    "LEARNING_RATE": 0.0003,
    "GAMMA": 0.92,
    "GAE_LAMBDA": 0.95,
    "PPO_EPOCHS": 4,
    "PPO_CLIP": 0.2,
    "BATCH_SIZE": 64,
    "ENTROPY_COEF": 0.01,
    "MAX_GRAD_NORM": 0.5
  },
  "stats": {
    "total_messages": 191222,
    "total_updates": 191222,
    "total_reward": -21472.649999909565,
    "food_counts": [
      41615,
      104282,
      45325
    ]
  },
  "recent_avg_return": -9981.045454544299
}