{
  "timestamp": 1764188420,
  "episode": 266,
  "checkpoint": "ppo_checkpoint_266_1764188420.pt",
  "config": {
    "LEARNING_RATE": 0.0003,
    "GAMMA": 0.92,
    "GAE_LAMBDA": 0.95,
    "PPO_EPOCHS": 4,
    "PPO_CLIP": 0.2,
    "BATCH_SIZE": 64,
    "ENTROPY_COEF": 0.01,
    "MAX_GRAD_NORM": 0.5
  },
  "stats": {
    "total_messages": 1268631,
    "total_updates": 1268631,
    "total_reward": -61161.02499834561,
    "food_counts": [
      389726,
      464149,
      414756
    ]
  },
  "recent_avg_return": -55225.20199849086
}