{
  "timestamp": 1764188389,
  "episode": 264,
  "checkpoint": "ppo_checkpoint_264_1764188389.pt",
  "config": {
    "LEARNING_RATE": 0.0003,
    "GAMMA": 0.92,
    "GAE_LAMBDA": 0.95,
    "PPO_EPOCHS": 4,
    "PPO_CLIP": 0.2,
    "BATCH_SIZE": 64,
    "ENTROPY_COEF": 0.01,
    "MAX_GRAD_NORM": 0.5
  },
  "stats": {
    "total_messages": 1261393,
    "total_updates": 1261393,
    "total_reward": -60523.37499835611,
    "food_counts": [
      388062,
      461623,
      411708
    ]
  },
  "recent_avg_return": -54666.24599850254
}