{
  "timestamp": 1764184971,
  "episode": 97,
  "checkpoint": "ppo_checkpoint_97_1764184971.pt",
  "config": {
    "LEARNING_RATE": 0.0003,
    "GAMMA": 0.92,
    "GAE_LAMBDA": 0.95,
    "PPO_EPOCHS": 4,
    "PPO_CLIP": 0.2,
    "BATCH_SIZE": 64,
    "ENTROPY_COEF": 0.01,
    "MAX_GRAD_NORM": 0.5
  },
  "stats": {
    "total_messages": 434497,
    "total_updates": 434497,
    "total_reward": -42393.67499955648,
    "food_counts": [
      118961,
      186918,
      128618
    ]
  },
  "recent_avg_return": -35845.29149973564
}