{
  "timestamp": 1764185867,
  "episode": 133,
  "checkpoint": "ppo_checkpoint_133_1764185867.pt",
  "config": {
    "LEARNING_RATE": 0.0003,
    "GAMMA": 0.92,
    "GAE_LAMBDA": 0.95,
    "PPO_EPOCHS": 4,
    "PPO_CLIP": 0.2,
    "BATCH_SIZE": 64,
    "ENTROPY_COEF": 0.01,
    "MAX_GRAD_NORM": 0.5
  },
  "stats": {
    "total_messages": 698602,
    "total_updates": 698602,
    "total_reward": -29931.849999172788,
    "food_counts": [
      225891,
      247326,
      225385
    ]
  },
  "recent_avg_return": -37709.69999942675
}