{
  "timestamp": 1764188671,
  "episode": 280,
  "checkpoint": "ppo_checkpoint_280_1764188671.pt",
  "config": {
    "LEARNING_RATE": 0.0003,
    "GAMMA": 0.92,
    "GAE_LAMBDA": 0.95,
    "PPO_EPOCHS": 4,
    "PPO_CLIP": 0.2,
    "BATCH_SIZE": 64,
    "ENTROPY_COEF": 0.01,
    "MAX_GRAD_NORM": 0.5
  },
  "stats": {
    "total_messages": 1324487,
    "total_updates": 1324487,
    "total_reward": -65477.82499826457,
    "food_counts": [
      404369,
      484749,
      435369
    ]
  },
  "recent_avg_return": -59040.1069984084
}