{
  "timestamp": 1764184469,
  "episode": 73,
  "checkpoint": "ppo_checkpoint_73_1764184469.pt",
  "config": {
    "LEARNING_RATE": 0.0003,
    "GAMMA": 0.92,
    "GAE_LAMBDA": 0.95,
    "PPO_EPOCHS": 4,
    "PPO_CLIP": 0.2,
    "BATCH_SIZE": 64,
    "ENTROPY_COEF": 0.01,
    "MAX_GRAD_NORM": 0.5
  },
  "stats": {
    "total_messages": 314199,
    "total_updates": 314199,
    "total_reward": -36000.92499973112,
    "food_counts": [
      73791,
      146153,
      94255
    ]
  },
  "recent_avg_return": -25174.031999891362
}