{
  "timestamp": 1764189075,
  "episode": 304,
  "checkpoint": "ppo_checkpoint_304_1764189075.pt",
  "config": {
    "LEARNING_RATE": 0.0003,
    "GAMMA": 0.92,
    "GAE_LAMBDA": 0.95,
    "PPO_EPOCHS": 4,
    "PPO_CLIP": 0.2,
    "BATCH_SIZE": 64,
    "ENTROPY_COEF": 0.01,
    "MAX_GRAD_NORM": 0.5
  },
  "stats": {
    "total_messages": 1417562,
    "total_updates": 1417562,
    "total_reward": -73447.14999879642,
    "food_counts": [
      429375,
      520399,
      467788
    ]
  },
  "recent_avg_return": -65883.41049842592
}