{
  "timestamp": 1764189128,
  "episode": 307,
  "checkpoint": "ppo_checkpoint_307_1764189128.pt",
  "config": {
    "LEARNING_RATE": 0.0003,
    "GAMMA": 0.92,
    "GAE_LAMBDA": 0.95,
    "PPO_EPOCHS": 4,
    "PPO_CLIP": 0.2,
    "BATCH_SIZE": 64,
    "ENTROPY_COEF": 0.01,
    "MAX_GRAD_NORM": 0.5
  },
  "stats": {
    "total_messages": 1429869,
    "total_updates": 1429869,
    "total_reward": -74461.37499886785,
    "food_counts": [
      433020,
      523909,
      472940
    ]
  },
  "recent_avg_return": -66814.25549845233
}