{
  "timestamp": 1764187925,
  "episode": 239,
  "checkpoint": "ppo_checkpoint_239_1764187925.pt",
  "config": {
    "LEARNING_RATE": 0.0003,
    "GAMMA": 0.92,
    "GAE_LAMBDA": 0.95,
    "PPO_EPOCHS": 4,
    "PPO_CLIP": 0.2,
    "BATCH_SIZE": 64,
    "ENTROPY_COEF": 0.01,
    "MAX_GRAD_NORM": 0.5
  },
  "stats": {
    "total_messages": 1152584,
    "total_updates": 1152584,
    "total_reward": -56153.09999851401,
    "food_counts": [
      359169,
      420852,
      372563
    ]
  },
  "recent_avg_return": -46381.846498643536
}