{
  "timestamp": 1764189571,
  "episode": 331,
  "checkpoint": "ppo_checkpoint_331_1764189571.pt",
  "config": {
    "LEARNING_RATE": 0.0003,
    "GAMMA": 0.92,
    "GAE_LAMBDA": 0.95,
    "PPO_EPOCHS": 4,
    "PPO_CLIP": 0.2,
    "BATCH_SIZE": 64,
    "ENTROPY_COEF": 0.01,
    "MAX_GRAD_NORM": 0.5
  },
  "stats": {
    "total_messages": 1539858,
    "total_updates": 1539858,
    "total_reward": -78661.84999950639,
    "food_counts": [
      466479,
      562358,
      511021
    ]
  },
  "recent_avg_return": -73476.04649887551
}