{
  "timestamp": 1764189790,
  "episode": 343,
  "checkpoint": "ppo_checkpoint_343_1764189790.pt",
  "config": {
    "LEARNING_RATE": 0.0003,
    "GAMMA": 0.92,
    "GAE_LAMBDA": 0.95,
    "PPO_EPOCHS": 4,
    "PPO_CLIP": 0.2,
    "BATCH_SIZE": 64,
    "ENTROPY_COEF": 0.01,
    "MAX_GRAD_NORM": 0.5
  },
  "stats": {
    "total_messages": 1588315,
    "total_updates": 1588315,
    "total_reward": -81841.02499978761,
    "food_counts": [
      480448,
      580222,
      527645
    ]
  },
  "recent_avg_return": -76321.09749917466
}