{
  "timestamp": 1764187372,
  "episode": 210,
  "checkpoint": "ppo_checkpoint_210_1764187372.pt",
  "config": {
    "LEARNING_RATE": 0.0003,
    "GAMMA": 0.92,
    "GAE_LAMBDA": 0.95,
    "PPO_EPOCHS": 4,
    "PPO_CLIP": 0.2,
    "BATCH_SIZE": 64,
    "ENTROPY_COEF": 0.01,
    "MAX_GRAD_NORM": 0.5
  },
  "stats": {
    "total_messages": 1047186,
    "total_updates": 1047186,
    "total_reward": -44168.349998666876,
    "food_counts": [
      332917,
      374056,
      340213
    ]
  },
  "recent_avg_return": -35414.41799879926
}