{
  "timestamp": 1764186505,
  "episode": 163,
  "checkpoint": "ppo_checkpoint_163_1764186505.pt",
  "config": {
    "LEARNING_RATE": 0.0003,
    "GAMMA": 0.92,
    "GAE_LAMBDA": 0.95,
    "PPO_EPOCHS": 4,
    "PPO_CLIP": 0.2,
    "BATCH_SIZE": 64,
    "ENTROPY_COEF": 0.01,
    "MAX_GRAD_NORM": 0.5
  },
  "stats": {
    "total_messages": 868822,
    "total_updates": 868822,
    "total_reward": -27981.34999892561,
    "food_counts": [
      286016,
      295779,
      287027
    ]
  },
  "recent_avg_return": -30254.366499131473
}