{
  "timestamp": 1764185465,
  "episode": 117,
  "checkpoint": "ppo_checkpoint_117_1764185465.pt",
  "config": {
    "LEARNING_RATE": 0.0003,
    "GAMMA": 0.92,
    "GAE_LAMBDA": 0.95,
    "PPO_EPOCHS": 4,
    "PPO_CLIP": 0.2,
    "BATCH_SIZE": 64,
    "ENTROPY_COEF": 0.01,
    "MAX_GRAD_NORM": 0.5
  },
  "stats": {
    "total_messages": 581570,
    "total_updates": 581570,
    "total_reward": -37030.84999934281,
    "food_counts": [
      176777,
      221123,
      183670
    ]
  },
  "recent_avg_return": -39560.79299957875
}