{
  "timestamp": 1764189865,
  "episode": 347,
  "checkpoint": "ppo_checkpoint_347_1764189865.pt",
  "config": {
    "LEARNING_RATE": 0.0003,
    "GAMMA": 0.92,
    "GAE_LAMBDA": 0.95,
    "PPO_EPOCHS": 4,
    "PPO_CLIP": 0.2,
    "BATCH_SIZE": 64,
    "ENTROPY_COEF": 0.01,
    "MAX_GRAD_NORM": 0.5
  },
  "stats": {
    "total_messages": 1606024,
    "total_updates": 1606024,
    "total_reward": -82662.49999989041,
    "food_counts": [
      485709,
      587574,
      532741
    ]
  },
  "recent_avg_return": -77172.71599927606
}