{
  "timestamp": 1764187123,
  "episode": 197,
  "checkpoint": "ppo_checkpoint_197_1764187123.pt",
  "config": {
    "LEARNING_RATE": 0.0003,
    "GAMMA": 0.92,
    "GAE_LAMBDA": 0.95,
    "PPO_EPOCHS": 4,
    "PPO_CLIP": 0.2,
    "BATCH_SIZE": 64,
    "ENTROPY_COEF": 0.01,
    "MAX_GRAD_NORM": 0.5
  },
  "stats": {
    "total_messages": 997947,
    "total_updates": 997947,
    "total_reward": -40325.4249987383,
    "food_counts": [
      320158,
      352404,
      325385
    ]
  },
  "recent_avg_return": -31453.51649887522
}