{
  "timestamp": 1764183907,
  "episode": 46,
  "checkpoint": "ppo_checkpoint_46_1764183907.pt",
  "config": {
    "LEARNING_RATE": 0.0003,
    "GAMMA": 0.92,
    "GAE_LAMBDA": 0.95,
    "PPO_EPOCHS": 4,
    "PPO_CLIP": 0.2,
    "BATCH_SIZE": 64,
    "ENTROPY_COEF": 0.01,
    "MAX_GRAD_NORM": 0.5
  },
  "stats": {
    "total_messages": 196698,
    "total_updates": 196698,
    "total_reward": -23065.34999990163,
    "food_counts": [
      42922,
      106927,
      46849
    ]
  },
  "recent_avg_return": -10532.149999994695
}