{
  "timestamp": 1764189474,
  "episode": 326,
  "checkpoint": "ppo_checkpoint_326_1764189474.pt",
  "config": {
    "LEARNING_RATE": 0.0003,
    "GAMMA": 0.92,
    "GAE_LAMBDA": 0.95,
    "PPO_EPOCHS": 4,
    "PPO_CLIP": 0.2,
    "BATCH_SIZE": 64,
    "ENTROPY_COEF": 0.01,
    "MAX_GRAD_NORM": 0.5
  },
  "stats": {
    "total_messages": 1517128,
    "total_updates": 1517128,
    "total_reward": -77479.59999937443,
    "food_counts": [
      460031,
      553969,
      503128
    ]
  },
  "recent_avg_return": -72191.44099875739
}