{
  "timestamp": 1764185803,
  "episode": 130,
  "checkpoint": "ppo_checkpoint_130_1764185803.pt",
  "config": {
    "LEARNING_RATE": 0.0003,
    "GAMMA": 0.92,
    "GAE_LAMBDA": 0.95,
    "PPO_EPOCHS": 4,
    "PPO_CLIP": 0.2,
    "BATCH_SIZE": 64,
    "ENTROPY_COEF": 0.01,
    "MAX_GRAD_NORM": 0.5
  },
  "stats": {
    "total_messages": 684251,
    "total_updates": 684251,
    "total_reward": -29805.72499919362,
    "food_counts": [
      221239,
      243034,
      219978
    ]
  },
  "recent_avg_return": -38352.50949945661
}