{
  "timestamp": 1764189642,
  "episode": 335,
  "checkpoint": "ppo_checkpoint_335_1764189642.pt",
  "config": {
    "LEARNING_RATE": 0.0003,
    "GAMMA": 0.92,
    "GAE_LAMBDA": 0.95,
    "PPO_EPOCHS": 4,
    "PPO_CLIP": 0.2,
    "BATCH_SIZE": 64,
    "ENTROPY_COEF": 0.01,
    "MAX_GRAD_NORM": 0.5
  },
  "stats": {
    "total_messages": 1555915,
    "total_updates": 1555915,
    "total_reward": -79686.62499959957,
    "food_counts": [
      471044,
      568211,
      516660
    ]
  },
  "recent_avg_return": -74486.79549897398
}