{
  "timestamp": 1764188552,
  "episode": 273,
  "checkpoint": "ppo_checkpoint_273_1764188552.pt",
  "config": {
    "LEARNING_RATE": 0.0003,
    "GAMMA": 0.92,
    "GAE_LAMBDA": 0.95,
    "PPO_EPOCHS": 4,
    "PPO_CLIP": 0.2,
    "BATCH_SIZE": 64,
    "ENTROPY_COEF": 0.01,
    "MAX_GRAD_NORM": 0.5
  },
  "stats": {
    "total_messages": 1295874,
    "total_updates": 1295874,
    "total_reward": -63604.04999830609,
    "food_counts": [
      396660,
      474266,
      424948
    ]
  },
  "recent_avg_return": -57183.18249844992
}