{
  "timestamp": 1764183516,
  "episode": 30,
  "checkpoint": "ppo_checkpoint_30_1764183516.pt",
  "config": {
    "LEARNING_RATE": 0.0003,
    "GAMMA": 0.92,
    "GAE_LAMBDA": 0.95,
    "PPO_EPOCHS": 4,
    "PPO_CLIP": 0.2,
    "BATCH_SIZE": 64,
    "ENTROPY_COEF": 0.01,
    "MAX_GRAD_NORM": 0.5
  },
  "stats": {
    "total_messages": 115467,
    "total_updates": 115467,
    "total_reward": -16828.32500001956,
    "food_counts": [
      22866,
      74248,
      18353
    ]
  },
  "recent_avg_return": -5264.838333347295
}