{
  "timestamp": 1764183468,
  "episode": 28,
  "checkpoint": "ppo_checkpoint_28_1764183468.pt",
  "config": {
    "LEARNING_RATE": 0.0003,
    "GAMMA": 0.92,
    "GAE_LAMBDA": 0.95,
    "PPO_EPOCHS": 4,
    "PPO_CLIP": 0.2,
    "BATCH_SIZE": 64,
    "ENTROPY_COEF": 0.01,
    "MAX_GRAD_NORM": 0.5
  },
  "stats": {
    "total_messages": 110524,
    "total_updates": 110524,
    "total_reward": -15224.30000002155,
    "food_counts": [
      22646,
      70277,
      17601
    ]
  },
  "recent_avg_return": -4466.471428584887
}