{
  "timestamp": 1764185260,
  "episode": 109,
  "checkpoint": "ppo_checkpoint_109_1764185260.pt",
  "config": {
    "LEARNING_RATE": 0.0003,
    "GAMMA": 0.92,
    "GAE_LAMBDA": 0.95,
    "PPO_EPOCHS": 4,
    "PPO_CLIP": 0.2,
    "BATCH_SIZE": 64,
    "ENTROPY_COEF": 0.01,
    "MAX_GRAD_NORM": 0.5
  },
  "stats": {
    "total_messages": 521966,
    "total_updates": 521966,
    "total_reward": -38792.54999942941,
    "food_counts": [
      152646,
      206778,
      162542
    ]
  },
  "recent_avg_return": -38750.94599964526
}