{
  "timestamp": 1764188284,
  "episode": 258,
  "checkpoint": "ppo_checkpoint_258_1764188284.pt",
  "config": {
    "LEARNING_RATE": 0.0003,
    "GAMMA": 0.92,
    "GAE_LAMBDA": 0.95,
    "PPO_EPOCHS": 4,
    "PPO_CLIP": 0.2,
    "BATCH_SIZE": 64,
    "ENTROPY_COEF": 0.01,
    "MAX_GRAD_NORM": 0.5
  },
  "stats": {
    "total_messages": 1238654,
    "total_updates": 1238654,
    "total_reward": -58939.04999838909,
    "food_counts": [
      382421,
      452698,
      403535
    ]
  },
  "recent_avg_return": -52888.599998537415
}