{
  "timestamp": 1764184418,
  "episode": 71,
  "checkpoint": "ppo_checkpoint_71_1764184418.pt",
  "config": {
    "LEARNING_RATE": 0.0003,
    "GAMMA": 0.92,
    "GAE_LAMBDA": 0.95,
    "PPO_EPOCHS": 4,
    "PPO_CLIP": 0.2,
    "BATCH_SIZE": 64,
    "ENTROPY_COEF": 0.01,
    "MAX_GRAD_NORM": 0.5
  },
  "stats": {
    "total_messages": 302014,
    "total_updates": 302014,
    "total_reward": -36413.94999974882,
    "food_counts": [
      69710,
      142318,
      89986
    ]
  },
  "recent_avg_return": -24159.986499902625
}