{
  "timestamp": 1764183034,
  "episode": 6,
  "checkpoint": "ppo_checkpoint_6_1764183034.pt",
  "config": {
    "LEARNING_RATE": 0.0003,
    "GAMMA": 0.92,
    "GAE_LAMBDA": 0.95,
    "PPO_EPOCHS": 4,
    "PPO_CLIP": 0.2,
    "BATCH_SIZE": 64,
    "ENTROPY_COEF": 0.01,
    "MAX_GRAD_NORM": 0.5
  },
  "stats": {
    "total_messages": 46984,
    "total_updates": 46984,
    "total_reward": 1152.7999999885592,
    "food_counts": [
      16921,
      19824,
      10239
    ]
  },
  "recent_avg_return": 3321.4624999883013
}