{
  "timestamp": 1764185054,
  "episode": 100,
  "checkpoint": "ppo_checkpoint_100_1764185054.pt",
  "config": {
    "LEARNING_RATE": 0.0003,
    "GAMMA": 0.92,
    "GAE_LAMBDA": 0.95,
    "PPO_EPOCHS": 4,
    "PPO_CLIP": 0.2,
    "BATCH_SIZE": 64,
    "ENTROPY_COEF": 0.01,
    "MAX_GRAD_NORM": 0.5
  },
  "stats": {
    "total_messages": 459961,
    "total_updates": 459961,
    "total_reward": -41403.97499951948,
    "food_counts": [
      129065,
      192657,
      138239
    ]
  },
  "recent_avg_return": -36824.019999714365
}