{
  "timestamp": 1764187409,
  "episode": 212,
  "checkpoint": "ppo_checkpoint_212_1764187409.pt",
  "config": {
    "LEARNING_RATE": 0.0003,
    "GAMMA": 0.92,
    "GAE_LAMBDA": 0.95,
    "PPO_EPOCHS": 4,
    "PPO_CLIP": 0.2,
    "BATCH_SIZE": 64,
    "ENTROPY_COEF": 0.01,
    "MAX_GRAD_NORM": 0.5
  },
  "stats": {
    "total_messages": 1053381,
    "total_updates": 1053381,
    "total_reward": -45332.074998657896,
    "food_counts": [
      334304,
      377255,
      341822
    ]
  },
  "recent_avg_return": -36121.506998788274
}