{
  "timestamp": 1764184505,
  "episode": 75,
  "checkpoint": "ppo_checkpoint_75_1764184505.pt",
  "config": {
    "LEARNING_RATE": 0.0003,
    "GAMMA": 0.92,
    "GAE_LAMBDA": 0.95,
    "PPO_EPOCHS": 4,
    "PPO_CLIP": 0.2,
    "BATCH_SIZE": 64,
    "ENTROPY_COEF": 0.01,
    "MAX_GRAD_NORM": 0.5
  },
  "stats": {
    "total_messages": 320373,
    "total_updates": 320373,
    "total_reward": -37525.17499972217,
    "food_counts": [
      75871,
      149027,
      95475
    ]
  },
  "recent_avg_return": -26169.90499987961
}