{
  "timestamp": 1764183073,
  "episode": 8,
  "checkpoint": "ppo_checkpoint_8_1764183073.pt",
  "config": {
    "LEARNING_RATE": 0.0003,
    "GAMMA": 0.92,
    "GAE_LAMBDA": 0.95,
    "PPO_EPOCHS": 4,
    "PPO_CLIP": 0.2,
    "BATCH_SIZE": 64,
    "ENTROPY_COEF": 0.01,
    "MAX_GRAD_NORM": 0.5
  },
  "stats": {
    "total_messages": 52803,
    "total_updates": 52803,
    "total_reward": -242.32500001144834,
    "food_counts": [
      17837,
      24410,
      10556
    ]
  },
  "recent_avg_return": 2518.5156249883635
}