{
  "timestamp": 1764188687,
  "episode": 281,
  "checkpoint": "ppo_checkpoint_281_1764188687.pt",
  "config": {
    "LEARNING_RATE": 0.0003,
    "GAMMA": 0.92,
    "GAE_LAMBDA": 0.95,
    "PPO_EPOCHS": 4,
    "PPO_CLIP": 0.2,
    "BATCH_SIZE": 64,
    "ENTROPY_COEF": 0.01,
    "MAX_GRAD_NORM": 0.5
  },
  "stats": {
    "total_messages": 1327958,
    "total_updates": 1327958,
    "total_reward": -65868.34999827945,
    "food_counts": [
      405307,
      485842,
      436809
    ]
  },
  "recent_avg_return": -59306.5799984029
}