{
  "timestamp": 1764183112,
  "episode": 10,
  "checkpoint": "ppo_checkpoint_10_1764183112.pt",
  "config": {
    "LEARNING_RATE": 0.0003,
    "GAMMA": 0.92,
    "GAE_LAMBDA": 0.95,
    "PPO_EPOCHS": 4,
    "PPO_CLIP": 0.2,
    "BATCH_SIZE": 64,
    "ENTROPY_COEF": 0.01,
    "MAX_GRAD_NORM": 0.5
  },
  "stats": {
    "total_messages": 63262,
    "total_updates": 63262,
    "total_reward": -1176.4500000114667,
    "food_counts": [
      19991,
      31357,
      11914
    ]
  },
  "recent_avg_return": 1867.1174999883963
}