{
  "timestamp": 1764189586,
  "episode": 332,
  "checkpoint": "ppo_checkpoint_332_1764189586.pt",
  "config": {
    "LEARNING_RATE": 0.0003,
    "GAMMA": 0.92,
    "GAE_LAMBDA": 0.95,
    "PPO_EPOCHS": 4,
    "PPO_CLIP": 0.2,
    "BATCH_SIZE": 64,
    "ENTROPY_COEF": 0.01,
    "MAX_GRAD_NORM": 0.5
  },
  "stats": {
    "total_messages": 1542769,
    "total_updates": 1542769,
    "total_reward": -79239.37499952326,
    "food_counts": [
      467261,
      563498,
      512010
    ]
  },
  "recent_avg_return": -73739.46749889995
}