{
  "timestamp": 1764183757,
  "episode": 40,
  "checkpoint": "ppo_checkpoint_40_1764183757.pt",
  "config": {
    "LEARNING_RATE": 0.0003,
    "GAMMA": 0.92,
    "GAE_LAMBDA": 0.95,
    "PPO_EPOCHS": 4,
    "PPO_CLIP": 0.2,
    "BATCH_SIZE": 64,
    "ENTROPY_COEF": 0.01,
    "MAX_GRAD_NORM": 0.5
  },
  "stats": {
    "total_messages": 164708,
    "total_updates": 164708,
    "total_reward": -20565.299999948078,
    "food_counts": [
      35238,
      96805,
      32665
    ]
  },
  "recent_avg_return": -8864.24062500643
}