{
  "timestamp": 1764189882,
  "episode": 348,
  "checkpoint": "ppo_checkpoint_348_1764189882.pt",
  "config": {
    "LEARNING_RATE": 0.0003,
    "GAMMA": 0.92,
    "GAE_LAMBDA": 0.95,
    "PPO_EPOCHS": 4,
    "PPO_CLIP": 0.2,
    "BATCH_SIZE": 64,
    "ENTROPY_COEF": 0.01,
    "MAX_GRAD_NORM": 0.5
  },
  "stats": {
    "total_messages": 1611010,
    "total_updates": 1611010,
    "total_reward": -82628.14999991936,
    "food_counts": [
      487226,
      589471,
      534313
    ]
  },
  "recent_avg_return": -77382.91499930156
}