{
  "timestamp": 1764186912,
  "episode": 185,
  "checkpoint": "ppo_checkpoint_185_1764186912.pt",
  "config": {
    "LEARNING_RATE": 0.0003,
    "GAMMA": 0.92,
    "GAE_LAMBDA": 0.95,
    "PPO_EPOCHS": 4,
    "PPO_CLIP": 0.2,
    "BATCH_SIZE": 64,
    "ENTROPY_COEF": 0.01,
    "MAX_GRAD_NORM": 0.5
  },
  "stats": {
    "total_messages": 955439,
    "total_updates": 955439,
    "total_reward": -34629.52499879995,
    "food_counts": [
      310641,
      333115,
      311683
    ]
  },
  "recent_avg_return": -29637.9119989562
}