{
  "timestamp": 1764187073,
  "episode": 194,
  "checkpoint": "ppo_checkpoint_194_1764187073.pt",
  "config": {
    "LEARNING_RATE": 0.0003,
    "GAMMA": 0.92,
    "GAE_LAMBDA": 0.95,
    "PPO_EPOCHS": 4,
    "PPO_CLIP": 0.2,
    "BATCH_SIZE": 64,
    "ENTROPY_COEF": 0.01,
    "MAX_GRAD_NORM": 0.5
  },
  "stats": {
    "total_messages": 986241,
    "total_updates": 986241,
    "total_reward": -39071.17499875528,
    "food_counts": [
      317463,
      347498,
      321280
    ]
  },
  "recent_avg_return": -30851.127998894648
}