{
  "timestamp": 1764185693,
  "episode": 125,
  "checkpoint": "ppo_checkpoint_125_1764185693.pt",
  "config": {
    "LEARNING_RATE": 0.0003,
    "GAMMA": 0.92,
    "GAE_LAMBDA": 0.95,
    "PPO_EPOCHS": 4,
    "PPO_CLIP": 0.2,
    "BATCH_SIZE": 64,
    "ENTROPY_COEF": 0.01,
    "MAX_GRAD_NORM": 0.5
  },
  "stats": {
    "total_messages": 655497,
    "total_updates": 655497,
    "total_reward": -29672.074999235374,
    "food_counts": [
      209427,
      236509,
      209561
    ]
  },
  "recent_avg_return": -39206.31499950576
}