{
  "timestamp": 1764199907,
  "episode": 7,
  "checkpoint": "ppo_checkpoint_7_1764199907.pt",
  "config": {
    "LEARNING_RATE": 0.0003,
    "GAMMA": 0.98,
    "GAE_LAMBDA": 0.95,
    "PPO_EPOCHS": 4,
    "PPO_CLIP": 0.2,
    "BATCH_SIZE": 64,
    "ENTROPY_COEF": 0.01,
    "MAX_GRAD_NORM": 0.5
  },
  "stats": {
    "total_messages": 17900,
    "total_updates": 17900,
    "total_reward": -6252.900000001197,
    "food_counts": [
      0,
      17900,
      0
    ]
  },
  "recent_avg_return": -3348.878124999939,
  "metrics": {
    "policy_loss": -0.027790662832558155,
    "value_loss": 0.35810318030416965,
    "entropy": 18.16585087776184,
    "approx_kl": 0.03551759384572506,
    "mean_ratio": 0.9901823028922081,
    "percent_clipped": 3.2190393656492233,
    "adv_mean": 3.929976699623694e-08,
    "adv_std": 1.0,
    "reward_mean": -0.011785714285714288,
    "reward_std": 0.03499271061118826,
    "return_mean": -1.2281757593154907,
    "value_mean": -1.8039206266403198
  }
}