{"timestamp": 1764014852, "iso": "2025-11-24T20:07:32Z", "episode": 34, "games_in_episode": 1, "stats": {"total_messages": 2729, "total_updates": 2717, "total_reward": -382.07500000000533, "action_counts": [398, 265, 296, 288, 232, 238, 335, 367, 310], "state_visits": {"(3.0, 1.0, 0.0)": 662, "(3.0, 0.0, 0.0)": 505, "(4.0, 0.0, 0.0)": 33, "(4.0, 1.0, 0.0)": 179, "(2.0, 0.0, 0.0)": 198, "(2.0, 1.0, 0.0)": 565, "(1.0, 0.0, 1.0)": 33, "(1.0, 1.0, 1.0)": 368, "(0.0, 1.0, 1.0)": 174}, "state_action_prob_sums": {"(3.0, 1.0, 0.0)": [959.1041982170374, 798.6015715619766, 835.3810346163294, 590.2054883640164, 653.5531263541957, 696.8295567682894, 675.5229646844421, 640.9078301094335, 798.0230783921604], "(3.0, 0.0, 0.0)": [1179.5581021075777, 956.2456640922337, 1435.0622201275348, 1401.0804739859645, 1421.069894118459, 1106.9388789467134, 1370.0100127741202, 1568.3031873542873, 1316.9654095457702], "(4.0, 0.0, 0.0)": [326.1364446494295, 342.3652694595099, 257.5900671104082, 142.4177961919743, 187.12311652924342, 279.5857013571467, 251.92537533546232, 264.53513686734135, 235.05009123339852], "(4.0, 1.0, 0.0)": [198.55956990400117, 420.8937500149204, 198.63882730939952, 213.40646549422345, 130.51128859082505, 103.34110116835204, 129.13956028918335, 34.94372977789456, 176.45744979897896], "(2.0, 0.0, 0.0)": [1275.8605097895988, 1164.8096009249728, 826.8241107883841, 1004.1518186911745, 1168.783864783346, 1007.3843823371578, 804.339997442596, 1169.5536426023175, 1043.5770095290602], "(2.0, 1.0, 0.0)": [510.08135943249573, 568.3541049720152, 468.85053455167855, 551.2678988452863, 473.70199833545365, 520.1047460056133, 647.4019868568706, 508.03983576006164, 438.46728197688617], "(1.0, 0.0, 1.0)": [836.7224825724484, 672.7606110350171, 824.1290013985999, 468.3202828250914, 768.7402653766533, 914.6327200076089, 966.5384639678083, 796.180323430675, 890.5718464801304], "(1.0, 1.0, 1.0)": [256.6870440571802, 456.3465249951922, 406.54115963285307, 436.9503419095655, 375.61396186160937, 429.6860489048269, 337.65365634373774, 377.7668806254136, 638.6297087230547], "(0.0, 0.0, 1.0)": [560.7551080948102, 476.3389954105108, 349.79452801418137, 562.9700918131548, 653.4747995989297, 621.7136267980203, 565.8465881138949, 634.909164222697, 535.0070353234635], "(0.0, 1.0, 1.0)": [312.1076095502893, 405.07781830155324, 287.2873113499307, 347.46339466228466, 425.95808290116435, 341.5059033574093, 386.27325475167714, 370.3468670475853, 404.6806865255325], "(5.0, 0.0, 0.0)": [1.840432075791408, 0.0, 0.0, 4.038312058777675, 0.0, 0.1111111111111111, 0.5816924444444445, 0.1111111111111111, 0.0], "(5.0, 1.0, 0.0)": [1.2119416966303174, 0.0, 0.2222222222222222, 0.0, 0.3333333333333333, 0.0, 0.4444444444444444, 9.17669859721324, 0.1111111111111111], "(6.0, 0.0, 0.0)": [0.7552305107778685, 0.0, 0.6441193996667575, 0.0, 0.0, 0.0, 0.0, 0.0, 0.0]}, "state_action_visits": {"(3.0, 1.0, 0.0)": 13772, "(3.0, 0.0, 0.0)": 24964, "(4.0, 0.0, 0.0)": 5007, "(4.0, 1.0, 0.0)": 3404, "(2.0, 0.0, 0.0)": 20295, "(2.0, 1.0, 0.0)": 9827, "(1.0, 0.0, 1.0)": 15384, "(1.0, 1.0, 1.0)": 7882, "(0.0, 0.0, 1.0)": 10619, "(0.0, 1.0, 1.0)": 6853, "(5.0, 0.0, 0.0)": 12, "(5.0, 1.0, 0.0)": 25, "(6.0, 0.0, 0.0)": 3}}, "meta": {"recent_avg_return": -194.12878787878805, "epsilon": 0.25670273876409727, "q_summary": {"(3.0, 1.0, 0.0)": [3.73928489437839, 8.451308520872946, 8.391048853660191, 8.661574272758436, 8.391468455925718, 6.427015094297587, 8.5558052324908, 8.055083863698908, 8.254228862196554], "(3.0, 0.0, 0.0)": [7.023715594265035, 7.770227448079058, 7.566632986608788, 7.361299075702033, 8.210548193373416, 7.641962359232359, 7.174105695849706, 7.582022038156046, 7.567158023338564], "(4.0, 0.0, 0.0)": [9.754614656503582, 10.122488520724758, 10.289456221362125, 9.454691161722469, 9.816652846281087, 10.09579897411859, 10.491557213547193, 9.623112625235304, 9.63347113676818], "(4.0, 1.0, 0.0)": [9.340099925111947, 12.144426949379948, 12.632309604838209, 12.906747974061398, 11.835050931830665, 12.36507803650959, 12.489176486706842, 12.852210043388983, 12.378991678673803], "(2.0, 0.0, 0.0)": [5.045402966566971, 5.126211141889788, 5.614943248880643, 5.045697771555797, 5.306757950149841, 5.3817598212658435, 5.274892681926504, 5.351462132633593, 5.233304644120894], "(2.0, 1.0, 0.0)": [4.1879227720702215, 4.339605395093882, 4.437155798733592, 3.8319010419961232, 4.298015246726244, -9.255992272528793, 4.500431791789115, 4.249224422975303, 4.26094744950581], "(1.0, 0.0, 1.0)": [2.87337139814055, 2.6512057923480374, 2.5426170467103364, 2.665815290430994, 2.7079441704822402, 2.63063216586147, 2.678256213763249, 2.7353623911687968, 2.794473539826398], "(1.0, 1.0, 1.0)": [2.8363468932846314, 2.798521456764801, 2.7958434791341635, 2.844863021393714, 2.671022787126015, 2.8901677397457757, 2.8021905511699323, 2.797509066276813, 3.0135266541106884], "(0.0, 0.0, 1.0)": [3.521432624063829, 3.561969912463891, 3.5667164215804865, 3.4267168378462567, 3.421637776932003, 3.3818636486782023, 3.5022966975868575, 3.5655329647587, 3.6487633762187333], "(0.0, 1.0, 1.0)": [3.7040622514391766, 3.5103909443899717, 3.6000228304341397, 3.433201503484227, 3.5870892903345304, 3.701696123773728, 3.6020131122732364, -2.0885732550597154, 3.239863612682842], "(5.0, 0.0, 0.0)": [12.578112101351573, 0.9993100917591494, 7.019465606048269, 32.400378002897796, 0.7713109954931104, 0.0, 12.578112101351573, 1.4331287412040323, 0.0], "(5.0, 1.0, 0.0)": [31.21392760415634, 16.771201114370612, 20.629383014479416, 23.830956941112, 27.4632385626795, 30.916165240759135, 13.509823393010315, 45.3686695215321, 14.262281569411797], "(6.0, 0.0, 0.0)": [0.0, 0.0, 0.012375, 0.0, 0.0, 0.0, 13.71067807841751, 0.0, 0.0]}}}