{"timestamp": 1764014002, "iso": "2025-11-24T19:53:22Z", "episode": 9, "games_in_episode": 1, "stats": {"total_messages": 3868, "total_updates": 3856, "total_reward": -62.59999999999943, "action_counts": [322, 570, 424, 438, 412, 347, 451, 418, 486], "state_visits": {"(3.0, 1.0, 0.0)": 288, "(3.0, 0.0, 0.0)": 740, "(4.0, 1.0, 0.0)": 111, "(4.0, 0.0, 0.0)": 249, "(5.0, 0.0, 0.0)": 1, "(0.0, 0.0, 1.0)": 624, "(1.0, 0.0, 1.0)": 692, "(5.0, 1.0, 0.0)": 1, "(2.0, 0.0, 0.0)": 652, "(2.0, 1.0, 0.0)": 118, "(1.0, 1.0, 1.0)": 163, "(0.0, 1.0, 1.0)": 217}, "state_action_prob_sums": {"(3.0, 1.0, 0.0)": [101.10326639473796, 240.72495323390012, 115.18784084301758, 170.4794535440043, 108.98618154990069, 147.9003711893909, 116.64852075230513, 133.66334987008037, 169.09416426756022], "(3.0, 0.0, 0.0)": [267.96931239286766, 195.12142044801652, 345.6477974914699, 266.9568596507557, 380.1271912182356, 293.1598418101751, 266.3970956625256, 336.55881290648614, 287.099965492796], "(4.0, 0.0, 0.0)": [108.08556928092433, 222.94870895712796, 38.986360888888974, 12.096188444444422, 22.244568057156787, 32.607384888888916, 50.21130986666678, 33.21792355555561, 22.87112523352622], "(4.0, 1.0, 0.0)": [42.97379884869678, 56.7480948903116, 4.000000000000001, 58.354044305649, 19.10269098666665, 54.33777777777794, 11.448539519999997, 3.666666666666668, 22.299533439999973], "(2.0, 0.0, 0.0)": [240.3205436525329, 222.15177622822029, 216.4218596072884, 236.17161429830884, 199.004378630996, 192.96995868832767, 278.8767869414129, 188.32080907414618, 236.39421191997334], "(2.0, 1.0, 0.0)": [111.40583711689986, 109.42393143020112, 102.45421833700222, 100.30954922085544, 122.08135024108128, 126.17408881926987, 143.97992735841072, 102.13054130643205, 58.18371468066147], "(1.0, 0.0, 1.0)": [178.27799286057336, 207.96224998039054, 212.8687165108369, 161.53525501346277, 171.25645690543513, 189.21414792306626, 269.0461080543221, 193.23128519433658, 145.46595642112837], "(1.0, 1.0, 1.0)": [29.35535608888885, 69.37943598833871, 64.99898328623296, 87.29703315794023, 137.87651005160455, 90.9075151751019, 78.7443017302478, 33.44096124290843, 201.6112825439206], "(0.0, 0.0, 1.0)": [158.10583569811982, 64.05247634583438, 35.183905698599844, 127.89993323091211, 292.09898682005695, 83.98677481688026, 86.11914999343769, 54.36071298432895, 61.76039215231971], "(0.0, 1.0, 1.0)": [26.474714199224238, 163.68690634646086, 57.93187087022986, 56.66838575796218, 185.66993540663782, 71.09124701382765, 35.99098454264535, 71.82649462963539, 76.73831745181589], "(5.0, 0.0, 0.0)": [1.2035755455192065, 0.0, 0.0, 0.0, 0.0, 0.0, 0.5816924444444445, 0.0, 0.0], "(5.0, 1.0, 0.0)": [1.2119416966303174, 0.0, 0.0, 0.0, 0.0, 0.0, 0.0, 0.0, 0.1111111111111111]}, "state_action_visits": {"(3.0, 1.0, 0.0)": 3470, "(3.0, 0.0, 0.0)": 7094, "(4.0, 0.0, 0.0)": 1505, "(4.0, 1.0, 0.0)": 748, "(2.0, 0.0, 0.0)": 5476, "(2.0, 1.0, 0.0)": 2687, "(1.0, 0.0, 1.0)": 4690, "(1.0, 1.0, 1.0)": 2188, "(0.0, 0.0, 1.0)": 2591, "(0.0, 1.0, 1.0)": 1997, "(5.0, 0.0, 0.0)": 3, "(5.0, 1.0, 0.0)": 3}}, "meta": {"recent_avg_return": -190.98437500000017, "epsilon": 0.4253815112908927, "q_summary": {"(3.0, 1.0, 0.0)": [4.731432426044829, 5.051186553761347, 4.342677422581164, 4.804024691162808, 2.3116442729020577, 4.688850710911712, 4.850673783248542, 4.740594486284683, 4.840327255216598], "(3.0, 0.0, 0.0)": [3.9419555910986066, 4.042954368557315, 4.062190692050372, 3.344135796048024, 3.963821293327406, 3.908782479716102, 3.9690179568388744, 4.0018936354734, 4.14918939862097], "(4.0, 0.0, 0.0)": [5.903966038668045, 6.4954730499440725, 6.411680914631157, 6.044407219152348, 5.853358703431184, 6.481538684682074, 6.1715569478713705, 6.099135747260805, 5.850072626012894], "(4.0, 1.0, 0.0)": [3.5119318260432513, 4.326488543027958, 3.767482274276883, 4.357608354157738, 2.225998115621339, 1.983070550045181, 2.1598588838517307, -0.29709381174049665, 3.9517551668920414], "(2.0, 0.0, 0.0)": [2.409843667877854, 2.3800383482537475, 2.376453478020999, 2.415525446271303, 2.676864511239237, 2.3363244385938278, 2.258708638030856, 2.4071289187934912, 2.2610380560447387], "(2.0, 1.0, 0.0)": [-10.389061749616074, 2.7810722452002334, 2.6843342063872964, 2.7432082945804437, 2.696029978643831, 2.8871066464858126, 2.692189476777002, 1.7598819748238053, 1.4350520083953113], "(1.0, 0.0, 1.0)": [2.913292069540863, 3.243597523406183, 2.976127743724563, 3.1198584968695746, 2.929576539129906, 2.9769804759984853, 2.9288169638467565, 2.9189781027328365, 2.812886136833897], "(1.0, 1.0, 1.0)": [2.4465888733979786, 2.5218904918553378, 2.4393547615577544, 2.858373146226716, 2.378989045768951, 2.342703825145288, 2.394256750040333, 2.398518618731037, 2.956277179704519], "(0.0, 0.0, 1.0)": [4.067895274328517, 4.0791901848232355, 4.042042448460405, 4.03539440804569, 3.9061398697677756, 3.8936377684287944, 4.045795481033377, 3.8294284432886436, 3.969984110194818], "(0.0, 1.0, 1.0)": [4.057185088033047, 3.9854194068829045, 4.161212278306555, 4.186419719778833, 4.093183609219041, 4.05634548774803, 4.056937164365479, 4.053194630852099, 1.7109908112516374], "(5.0, 0.0, 0.0)": [12.578112101351573, 0.0, 0.0, 0.0, 0.0, 0.0, 12.578112101351573, 1.5166117810484232, 0.0], "(5.0, 1.0, 0.0)": [12.577958397233637, 16.771201114370612, 0.00625, 0.0, 0.0, 0.0, 0.0, 0.0, 0.0]}}}