{"timestamp": 1764015168, "iso": "2025-11-24T20:12:48Z", "episode": 43, "games_in_episode": 1, "stats": {"total_messages": 3247, "total_updates": 3233, "total_reward": -129.17499999999094, "action_counts": [366, 276, 298, 410, 277, 366, 454, 415, 385], "state_visits": {"(3.0, 0.0, 0.0)": 744, "(3.0, 1.0, 0.0)": 482, "(4.0, 0.0, 0.0)": 149, "(5.0, 0.0, 0.0)": 2, "(0.0, 0.0, 1.0)": 381, "(4.0, 1.0, 0.0)": 4, "(2.0, 1.0, 0.0)": 476, "(2.0, 0.0, 0.0)": 373, "(1.0, 1.0, 1.0)": 134, "(1.0, 0.0, 1.0)": 288, "(0.0, 1.0, 1.0)": 200}, "state_action_prob_sums": {"(3.0, 1.0, 0.0)": [1253.2443342751687, 970.9568875344978, 1035.495646205799, 860.358881519508, 933.8661686239686, 932.3996160415167, 876.7997345780634, 745.2505248452767, 928.1429374298274], "(3.0, 0.0, 0.0)": [1641.8142113971778, 1509.661764295485, 2050.3153025986717, 1706.4147640544759, 1761.625586269925, 1850.3687886130253, 1804.7020900041523, 2259.051305804557, 2252.837755070724], "(4.0, 0.0, 0.0)": [465.8759198206501, 465.13929781071266, 342.15076132399065, 345.996393520713, 278.00508891980206, 466.36430931744195, 303.5267236396193, 483.987037035908, 252.40068308898458], "(4.0, 1.0, 0.0)": [234.74384390243247, 536.7845493723173, 211.92211804212513, 381.15847060095336, 151.527403092575, 144.07223443701776, 196.1672716773471, 126.60461729492489, 209.95749580908614], "(2.0, 0.0, 0.0)": [1788.1107385611292, 1516.9393952080882, 1112.5285770353087, 1277.9860882399641, 1783.7819479720583, 1430.0930743835024, 1308.76113491568, 1579.3319941664872, 1496.0896771942782], "(2.0, 1.0, 0.0)": [580.1166340082474, 774.7502792186704, 734.3226274196094, 800.2381868751326, 529.8326739680706, 725.6739311434875, 826.5235427159522, 661.6123844641936, 606.4018657384487], "(1.0, 0.0, 1.0)": [1112.3923764726214, 1025.28204753808, 1030.7409964275616, 888.1939729747456, 1049.5652333381238, 1226.6649138923342, 1200.7300347430132, 1029.1318034955236, 1293.9390110873317], "(1.0, 1.0, 1.0)": [559.6677832057671, 624.4086743700897, 628.934626411443, 491.1171818643594, 503.9073605208275, 486.2918198695256, 383.49948726694464, 441.67760497990696, 811.5438549116948], "(0.0, 0.0, 1.0)": [790.2138093906059, 632.9664633956435, 587.7534148409943, 665.6189457149289, 1035.609468843141, 734.4721343530588, 752.4922985423631, 895.9465618715584, 883.0553541396351], "(0.0, 1.0, 1.0)": [426.1524379152227, 550.0539327031637, 460.65939092118225, 500.7475237509606, 598.972688766256, 546.7390157969382, 489.9430719911857, 410.4456946315014, 598.1286999504293], "(5.0, 0.0, 0.0)": [1.840432075791408, 0.1111111111111111, 0.1111111111111111, 33.24694751674588, 0.1111111111111111, 0.2222222222222222, 0.5816924444444445, 0.1111111111111111, 0.0], "(5.0, 1.0, 0.0)": [1.2119416966303174, 0.0, 0.2222222222222222, 0.0, 0.4444444444444444, 0.0, 0.4444444444444444, 10.742615826715804, 0.1111111111111111], "(6.0, 0.0, 0.0)": [0.7552305107778685, 0.0, 0.6441193996667575, 0.0, 0.0, 0.0, 0.0, 0.0, 0.0]}, "state_action_visits": {"(3.0, 1.0, 0.0)": 16729, "(3.0, 0.0, 0.0)": 32959, "(4.0, 0.0, 0.0)": 6770, "(4.0, 1.0, 0.0)": 4345, "(2.0, 0.0, 0.0)": 26288, "(2.0, 1.0, 0.0)": 12295, "(1.0, 0.0, 1.0)": 19677, "(1.0, 1.0, 1.0)": 9799, "(0.0, 0.0, 1.0)": 13748, "(0.0, 1.0, 1.0)": 8938, "(5.0, 0.0, 0.0)": 54, "(5.0, 1.0, 0.0)": 28, "(6.0, 0.0, 0.0)": 3}}, "meta": {"recent_avg_return": -191.93749999999858, "epsilon": 0.21402533397724652, "q_summary": {"(3.0, 1.0, 0.0)": [4.905490834354678, 4.864050489427791, 4.7573379809965015, 4.790359800296692, 4.990603949761475, 4.61695753761047, 4.612253302649747, 5.394478745740107, 4.102750808169862], "(3.0, 0.0, 0.0)": [8.580176306952232, 8.738391907511613, 8.380475197459639, 8.30863985615841, 8.548934429541877, 8.08122334410865, 8.085488377217983, 7.380597894601699, 8.754455045613753], "(4.0, 0.0, 0.0)": [18.02177617860841, 18.054157652059416, 19.73280501848714, 17.508235358923194, 19.49884547964978, 20.318813211237924, 19.889224580487788, 16.084727519672875, 19.61422128759003], "(4.0, 1.0, 0.0)": [12.8796545296837, 13.278960401834112, 12.918273351188308, 11.006819955608652, 13.103140266289378, 10.52568963041627, 9.642793103276222, 13.72651507151435, 13.122464953730727], "(2.0, 0.0, 0.0)": [4.120596729327343, 4.195050317590718, 4.140466110667997, 4.165442746829977, 4.219939059274124, 4.004874852141739, 4.282491770670377, 3.988079345895867, 4.16011789194605], "(2.0, 1.0, 0.0)": [5.940631322141122, 6.299326627320465, 6.009551472775504, 5.822548476451026, 5.6240295399510405, 2.526626990816398, 6.0001598307419055, 5.56919334418099, 6.143423392126946], "(1.0, 0.0, 1.0)": [3.886605898732209, 4.401431386632454, 4.419567918673569, 4.573195459799105, 4.3771030026956605, 4.4378975105812986, 4.344214966186399, 4.439265104142607, 4.473486282932909], "(1.0, 1.0, 1.0)": [4.75768595526724, 0.7457944531077505, 3.167174602402427, 4.7222481140908865, -9.388013812161937, 4.72119245203918, 4.930049921418609, 4.130054672390538, 4.527628545063448], "(0.0, 0.0, 1.0)": [1.865001795673734, 1.9917771155895, 1.8965934978130345, 1.964409780762797, 1.9279921509289544, 1.8608987869669962, 1.9244889599626405, 1.8620700055779311, 1.8750374897986164], "(0.0, 1.0, 1.0)": [1.4322242437528516, 1.4151011278657286, 1.4573916962829188, 1.4782488815384238, 1.4330647803754455, 1.4184469003545574, 1.4014160156822733, 1.4412668154307475, 1.46876939252926], "(5.0, 0.0, 0.0)": [22.45081159902974, 1.0952134280318977, 28.120374578123485, 41.19844481261012, 0.9582715496955142, 29.414611870990644, 22.533202241704245, 1.4331287412040323, 29.70720393786152], "(5.0, 1.0, 0.0)": [31.21392760415634, 16.771201114370612, 20.629383014479416, 31.230857814301956, 27.4632385626795, 30.916165240759135, 30.692018601602207, 45.3686695215321, 14.262281569411797], "(6.0, 0.0, 0.0)": [0.0, 0.0, 0.012375, 0.0, 0.0, 0.0, 13.71067807841751, 0.0, 0.0]}}}