{"timestamp": 1764015054, "iso": "2025-11-24T20:10:54Z", "episode": 40, "games_in_episode": 1, "stats": {"total_messages": 5204, "total_updates": 5191, "total_reward": -40.2249999999759, "action_counts": [451, 595, 378, 521, 540, 702, 525, 709, 783], "state_visits": {"(3.0, 0.0, 0.0)": 1420, "(4.0, 0.0, 0.0)": 539, "(5.0, 0.0, 0.0)": 1, "(0.0, 0.0, 1.0)": 291, "(4.0, 1.0, 0.0)": 11, "(2.0, 0.0, 0.0)": 1123, "(3.0, 1.0, 0.0)": 89, "(1.0, 0.0, 1.0)": 624, "(1.0, 1.0, 1.0)": 614, "(2.0, 1.0, 0.0)": 96, "(0.0, 1.0, 1.0)": 383}, "state_action_prob_sums": {"(3.0, 1.0, 0.0)": [1121.0489048371523, 915.3945604367091, 924.3164087544461, 778.1687290978193, 774.3783629362601, 758.5332528007019, 833.7929664739206, 681.3128560020705, 923.809604096495], "(3.0, 0.0, 0.0)": [1428.3050219587856, 1355.811164010168, 1855.2292256165535, 1628.1487502843718, 1603.3085569802631, 1595.429031693192, 1708.8699898529667, 2109.9549056521096, 2004.2479398319722], "(4.0, 0.0, 0.0)": [461.08858738498566, 464.6948533662683, 341.8174279906574, 270.1335989072767, 277.33842225313555, 411.7201537185946, 286.4107520960835, 483.32037036924146, 251.845127533429], "(4.0, 1.0, 0.0)": [234.1882883468769, 536.1178827056508, 210.78687377721442, 341.3092793981069, 139.05429467447004, 143.7389011036844, 195.61171612179152, 79.95129484388913, 209.7352735868639], "(2.0, 0.0, 0.0)": [1621.7786637342313, 1432.2247012141675, 1069.5174282101225, 1188.050234940004, 1631.627715043614, 1231.4365429693182, 1145.9074983364144, 1510.0028658924862, 1389.1393759509813], "(2.0, 1.0, 0.0)": [550.2961067790619, 690.1411953650279, 612.5747470046109, 751.3070415530011, 525.8326739680715, 557.0429449580805, 710.1583721001924, 550.596690207255, 563.7984862132422], "(1.0, 0.0, 1.0)": [1059.9462324256185, 971.2061032931509, 1026.8521075386736, 724.9518879185222, 832.6209348702048, 1123.5971289751894, 1112.8233974875332, 964.4728400663206, 1233.4992606455598], "(1.0, 1.0, 1.0)": [475.3295604390187, 622.6308965923123, 547.2081490705883, 468.52230846995894, 475.18543698416056, 475.9400675795257, 357.2369727572863, 413.5903706289972, 810.8771882450283], "(0.0, 0.0, 1.0)": [775.0427025204773, 535.8773776243107, 543.3747593655387, 586.5464362978635, 843.7094016824841, 726.6606687635953, 618.7720451616866, 763.2183630261233, 744.9523226750947], "(0.0, 1.0, 1.0)": [366.16694532515527, 533.4842916698607, 390.73503108480253, 448.07222941008075, 598.4171332107006, 521.5729993304074, 458.5711431716161, 409.22347240927945, 594.2549897299245], "(5.0, 0.0, 0.0)": [1.840432075791408, 0.0, 0.1111111111111111, 27.61788234148531, 0.1111111111111111, 0.2222222222222222, 0.5816924444444445, 0.1111111111111111, 0.0], "(5.0, 1.0, 0.0)": [1.2119416966303174, 0.0, 0.2222222222222222, 0.0, 0.4444444444444444, 0.0, 0.4444444444444444, 10.742615826715804, 0.1111111111111111], "(6.0, 0.0, 0.0)": [0.7552305107778685, 0.0, 0.6441193996667575, 0.0, 0.0, 0.0, 0.0, 0.0, 0.0]}, "state_action_visits": {"(3.0, 1.0, 0.0)": 15457, "(3.0, 0.0, 0.0)": 30585, "(4.0, 0.0, 0.0)": 6540, "(4.0, 1.0, 0.0)": 4188, "(2.0, 0.0, 0.0)": 24672, "(2.0, 1.0, 0.0)": 11175, "(1.0, 0.0, 1.0)": 18436, "(1.0, 1.0, 1.0)": 9361, "(0.0, 0.0, 1.0)": 12460, "(0.0, 1.0, 1.0)": 8533, "(5.0, 0.0, 0.0)": 46, "(5.0, 1.0, 0.0)": 28, "(6.0, 0.0, 0.0)": 3}}, "meta": {"recent_avg_return": -193.9256410256405, "epsilon": 0.22739816528109733, "q_summary": {"(3.0, 1.0, 0.0)": [9.409573866219791, 9.277741010305547, 9.264926312387045, 9.859429682445235, 9.127582696971015, 9.159099276163115, 9.325249686773256, 7.565655850903714, -5.584539299691485], "(3.0, 0.0, 0.0)": [10.094631537463107, 10.340663781535724, 10.488949464395127, 9.396272544250321, 10.634183129137059, 10.60674285375523, 10.652222633036466, 10.857576915709458, 10.206641831153094], "(4.0, 0.0, 0.0)": [13.561526203643188, 12.543039059078769, 13.014028722599003, 12.691905316588818, 12.726446507101922, 12.27920506628479, 12.414188217604277, 12.538913111570414, 12.740719053256656], "(4.0, 1.0, 0.0)": [14.697406267811191, 14.28252083628131, 15.1141604372174, 15.327295862763739, 15.261672912836428, 15.188235150204768, -1.2261021397104663, 14.95703679866819, 13.16078215950569], "(2.0, 0.0, 0.0)": [5.65427154568162, 5.621793411504001, 5.691263315222528, 5.497484919514473, 5.705991699161782, 5.842965140918644, 5.508197864552791, 5.702408377286634, 5.642460758923575], "(2.0, 1.0, 0.0)": [6.000593561029561, 6.0018633497377145, 5.998188409361638, 6.4839511034584705, 5.216892296799295, 5.939782379750593, 6.324373076572283, 6.006595291515992, 6.246605645196466], "(1.0, 0.0, 1.0)": [4.795684054396954, 4.7754883227461935, 4.764284200979294, 4.6521923679997395, 4.877011991325924, 4.810417656838389, 3.9987564394704322, 4.9164237480209225, 4.238131077678655], "(1.0, 1.0, 1.0)": [3.0182129558052844, 2.5288738764093854, 2.9251985351934753, 3.034555757311101, 2.8528362283696973, 2.818332307008041, 2.926968162401313, 2.8734004966844946, 2.5437405411810037], "(0.0, 0.0, 1.0)": [1.7263517060395968, 1.823521055964516, 1.75920039093501, 1.7359195923994035, 1.7180921209879072, 1.7259871549597146, 1.735264641646011, 1.7199771314141097, 1.8399943068536038], "(0.0, 1.0, 1.0)": [1.7722209143150933, 1.8395468111468996, 1.8142025208233914, 1.8027034099015387, 1.7174313501281047, 1.7411314521171444, 1.7788827924433483, 0.7748083040359485, -5.598207022560942], "(5.0, 0.0, 0.0)": [22.45081159902974, 1.0952134280318977, 28.120374578123485, 37.47895642692757, 1.0384304788255805, 13.052089646166364, 12.578112101351573, 1.4331287412040323, 29.70720393786152], "(5.0, 1.0, 0.0)": [31.21392760415634, 16.771201114370612, 20.629383014479416, 31.230857814301956, 27.4632385626795, 30.916165240759135, 30.692018601602207, 45.3686695215321, 14.262281569411797], "(6.0, 0.0, 0.0)": [0.0, 0.0, 0.012375, 0.0, 0.0, 0.0, 13.71067807841751, 0.0, 0.0]}}}