{"timestamp": 1764014341, "iso": "2025-11-24T19:59:01Z", "episode": 19, "games_in_episode": 1, "stats": {"total_messages": 2821, "total_updates": 2809, "total_reward": -319.7750000000182, "action_counts": [254, 252, 395, 233, 400, 198, 314, 350, 425], "state_visits": {"(3.0, 1.0, 0.0)": 571, "(3.0, 0.0, 0.0)": 540, "(2.0, 0.0, 0.0)": 435, "(2.0, 1.0, 0.0)": 342, "(1.0, 0.0, 1.0)": 474, "(1.0, 1.0, 1.0)": 47, "(0.0, 0.0, 1.0)": 308, "(0.0, 1.0, 1.0)": 92}, "state_action_prob_sums": {"(3.0, 1.0, 0.0)": [396.740598760884, 397.39979715582916, 349.41899942644886, 293.69324633451504, 315.1891211500067, 305.58239676542485, 254.92882650276877, 306.2470531810618, 382.72525615462905], "(3.0, 0.0, 0.0)": [583.8502849853398, 511.74568120097734, 662.756634071028, 699.8019221483604, 794.4432586031339, 668.1408676476932, 662.9912339376806, 754.2647783058701, 693.4842177970384], "(4.0, 0.0, 0.0)": [192.25116183397466, 289.73994106891274, 141.1925534524922, 73.60150205493713, 73.12994128123125, 165.61973213267248, 186.90414024424356, 175.16322710666003, 95.87300868860751], "(4.0, 1.0, 0.0)": [117.60938143672135, 199.2487878838181, 83.33354133287696, 96.42749869538807, 43.5867518347615, 60.20975787621353, 40.89145329958781, 16.25104504869363, 132.66601475137224], "(2.0, 0.0, 0.0)": [609.7591180838884, 573.4729468750604, 517.8490873065149, 490.6922189443458, 481.4392239646062, 484.2247885124507, 471.70548585310917, 644.1224258615563, 630.759232565468], "(2.0, 1.0, 0.0)": [294.2054431196643, 314.11504776458054, 194.11623125883798, 266.6236116711271, 290.2587713848927, 246.78011204090774, 294.0034950660815, 173.0399888093033, 171.74172135852817], "(1.0, 0.0, 1.0)": [373.9186184872115, 452.76959109167404, 596.5343167835154, 249.66922735844628, 395.60754438365, 411.5120379115372, 529.7252143470921, 490.351316428347, 429.1239598827925], "(1.0, 1.0, 1.0)": [131.9380793037953, 158.79308538215093, 195.53238566983745, 139.18948887021102, 258.63174909096495, 250.36103780998732, 180.34425389818372, 63.5807038228656, 308.71539412841184], "(0.0, 0.0, 1.0)": [318.2518679207061, 260.32827777708553, 201.4767259889538, 348.4399349499062, 479.6034178035598, 287.2700279598849, 312.92635190965495, 233.93656024468086, 244.34529229412757], "(0.0, 1.0, 1.0)": [134.34489072306934, 207.94472830599145, 76.89908917809353, 125.63218414498405, 244.82540208108438, 186.87235782387648, 117.51723077356091, 161.9509234395156, 122.21802106323973], "(5.0, 0.0, 0.0)": [1.840432075791408, 0.0, 0.0, 2.57647759866703, 0.0, 0.1111111111111111, 0.5816924444444445, 0.0, 0.0], "(5.0, 1.0, 0.0)": [1.2119416966303174, 0.0, 0.1111111111111111, 0.0, 0.1111111111111111, 0.0, 0.1111111111111111, 0.6650480260111549, 0.1111111111111111], "(6.0, 0.0, 0.0)": [0.7552305107778685, 0.0, 0.6441193996667575, 0.0, 0.0, 0.0, 0.0, 0.0, 0.0]}, "state_action_visits": {"(3.0, 1.0, 0.0)": 7186, "(3.0, 0.0, 0.0)": 14651, "(4.0, 0.0, 0.0)": 3384, "(4.0, 1.0, 0.0)": 1873, "(2.0, 0.0, 0.0)": 11938, "(2.0, 1.0, 0.0)": 5487, "(1.0, 0.0, 1.0)": 9572, "(1.0, 1.0, 1.0)": 4190, "(0.0, 0.0, 1.0)": 6471, "(0.0, 1.0, 1.0)": 3402, "(5.0, 0.0, 0.0)": 9, "(5.0, 1.0, 0.0)": 7, "(6.0, 0.0, 0.0)": 3}}, "meta": {"recent_avg_return": -163.76388888888997, "epsilon": 0.34756766542851636, "q_summary": {"(3.0, 1.0, 0.0)": [4.472672504743493, 4.575398295137615, 5.485290001332158, 5.441759209265857, 5.207906238382204, 5.344480711089002, 5.003612389606012, 5.632963328983896, 5.328511936354021], "(3.0, 0.0, 0.0)": [3.755397773306134, 4.165818310366274, 4.160255556239618, 4.1107442888918175, 4.160222081526664, 4.113606137733816, 3.684081247585302, 4.062005801965376, 4.159167876083479], "(4.0, 0.0, 0.0)": [5.720958527261936, 5.843525962120148, 5.712952916351288, 6.142870037536639, 5.466004659198989, 6.871582620364921, 5.664221975377825, 5.689807087447537, 5.704367254562217], "(4.0, 1.0, 0.0)": [1.9290277486059866, 8.993865155939636, 9.915723283146608, 9.623479889324555, 9.221062305708376, 9.261386140390067, 9.480851362923993, 9.626336800456826, 9.980067122909468], "(2.0, 0.0, 0.0)": [2.904194550464809, 2.6676290552404267, 3.1938798930905357, 2.755213903558944, 2.949643592432045, 2.824384421772316, 3.017155148657066, 2.9814480625044557, 3.236524078777638], "(2.0, 1.0, 0.0)": [2.781260743518495, 2.7452791518986057, -0.9369430903874891, -0.41830639801530944, 2.8381169772803667, 2.785393753235383, 2.8480685134366803, 2.630955935276284, 2.777552995449375], "(1.0, 0.0, 1.0)": [4.00572467658723, 3.7940247308194, 3.94738766457141, 4.021542965200899, 4.008686232019004, 4.1844553990729505, 4.1420477088866114, 3.9802629500238655, 4.051159443820271], "(1.0, 1.0, 1.0)": [3.636858030236421, 4.586796253794549, 4.710486803659666, 4.890098979553374, 4.815348705353152, 4.549335492903374, -8.980823155353516, 2.3738793898852104, 4.671944856439002], "(0.0, 0.0, 1.0)": [3.2962558967861195, 3.3436392043477743, 3.4183921760581533, 3.494635728567748, 3.503378088161462, 3.3128258688415695, 3.3151514622029907, 3.3567404020017277, 3.5516959399283756], "(0.0, 1.0, 1.0)": [5.685079701252767, 5.8393234441975475, 5.658052449305461, 5.780516447401801, 5.738814454894177, 5.6497183052728985, 6.11379221293713, 5.651008107676748, 4.34204043616571], "(5.0, 0.0, 0.0)": [12.578112101351573, 0.9993100917591494, 7.019465606048269, 13.90996889701433, 0.0, 0.0, 12.578112101351573, 1.4331287412040323, 0.0], "(5.0, 1.0, 0.0)": [22.73605006026964, 16.771201114370612, 0.00625, 0.0, 0.0, 0.0, 0.0, 38.75401771229972, 7.12347666077715], "(6.0, 0.0, 0.0)": [0.0, 0.0, 0.012375, 0.0, 0.0, 0.0, 13.71067807841751, 0.0, 0.0]}}}