{"timestamp": 1764015137, "iso": "2025-11-24T20:12:17Z", "episode": 42, "games_in_episode": 1, "stats": {"total_messages": 3671, "total_updates": 3659, "total_reward": -238.52499999998474, "action_counts": [527, 294, 490, 355, 249, 695, 484, 295, 282], "state_visits": {"(3.0, 0.0, 0.0)": 1033, "(3.0, 1.0, 0.0)": 345, "(2.0, 0.0, 0.0)": 732, "(2.0, 1.0, 0.0)": 481, "(4.0, 0.0, 0.0)": 33, "(1.0, 1.0, 1.0)": 285, "(1.0, 0.0, 1.0)": 350, "(0.0, 1.0, 1.0)": 100, "(0.0, 0.0, 1.0)": 300}, "state_action_prob_sums": {"(3.0, 1.0, 0.0)": [1192.1002229101168, 950.9991832513663, 1009.758544000748, 826.8895375418308, 863.925860524472, 869.4137719368688, 868.4008261387705, 716.3855127165893, 926.4762707631611], "(3.0, 0.0, 0.0)": [1596.897182686773, 1422.6054846524526, 1974.881773761296, 1695.5074562089205, 1741.5887483565916, 1847.8132330574704, 1763.4685267729394, 2219.548364201826, 2082.9961943003113], "(4.0, 0.0, 0.0)": [465.2092531539836, 464.8059644773794, 341.8174279906574, 270.35582112949885, 277.5606444753577, 462.56973272713896, 286.5218632071946, 483.54259259146363, 252.06734975565124], "(4.0, 1.0, 0.0)": [234.74384390243247, 536.7845493723173, 211.92211804212513, 381.15847060095336, 151.527403092575, 144.07223443701776, 196.1672716773471, 123.36559626017733, 209.95749580908614], "(2.0, 0.0, 0.0)": [1729.8403374165823, 1514.462973282735, 1106.7811565942986, 1248.9779875192564, 1777.8123053088261, 1429.2041854946137, 1212.098903279516, 1560.9938004007295, 1467.0815764735705], "(2.0, 1.0, 0.0)": [579.2277451193587, 751.6646650119023, 686.9763329331439, 799.1270757640217, 528.4993406347376, 595.3353119758073, 781.463425413527, 596.6736965088387, 605.51297684956], "(1.0, 0.0, 1.0)": [1094.7208493735302, 1024.2820475380802, 1029.963218649784, 852.7078301845428, 1026.0031972060021, 1225.7760250034455, 1126.8520614611932, 1023.2732719434024, 1264.4544884412703], "(1.0, 1.0, 1.0)": [559.2233387613228, 624.0753410367564, 628.7124041892208, 483.27382898062194, 476.5187703174936, 476.6067342461922, 371.2420472755302, 414.03481507344156, 811.2105215783615], "(0.0, 0.0, 1.0)": [788.5471427239396, 599.576253048168, 565.0011339675596, 616.47807463816, 1021.9075844072823, 732.9165787975036, 735.1541047766051, 808.0805269698391, 858.6835627488266], "(0.0, 1.0, 1.0)": [369.94599173249395, 549.3872660364972, 459.88161314340465, 463.97520377671725, 598.5282443218117, 525.2409346266347, 483.05256295815553, 409.7790279648349, 594.6994341743689], "(5.0, 0.0, 0.0)": [1.840432075791408, 0.1111111111111111, 0.1111111111111111, 31.627436999372094, 0.1111111111111111, 0.2222222222222222, 0.5816924444444445, 0.1111111111111111, 0.0], "(5.0, 1.0, 0.0)": [1.2119416966303174, 0.0, 0.2222222222222222, 0.0, 0.4444444444444444, 0.0, 0.4444444444444444, 10.742615826715804, 0.1111111111111111], "(6.0, 0.0, 0.0)": [0.7552305107778685, 0.0, 0.6441193996667575, 0.0, 0.0, 0.0, 0.0, 0.0, 0.0]}, "state_action_visits": {"(3.0, 1.0, 0.0)": 16246, "(3.0, 0.0, 0.0)": 32214, "(4.0, 0.0, 0.0)": 6621, "(4.0, 1.0, 0.0)": 4341, "(2.0, 0.0, 0.0)": 25913, "(2.0, 1.0, 0.0)": 11818, "(1.0, 0.0, 1.0)": 19388, "(1.0, 1.0, 1.0)": 9665, "(0.0, 0.0, 1.0)": 13362, "(0.0, 1.0, 1.0)": 8735, "(5.0, 0.0, 0.0)": 52, "(5.0, 1.0, 0.0)": 28, "(6.0, 0.0, 0.0)": 3}}, "meta": {"recent_avg_return": -190.80121951219405, "epsilon": 0.21839319793596584, "q_summary": {"(3.0, 1.0, 0.0)": [5.5381684283644645, 5.694819846783159, 5.395603311911133, 5.719221622516961, 5.441831986819106, 5.837187729598723, 5.707392055052411, 5.57401481891127, 5.625449023451316], "(3.0, 0.0, 0.0)": [8.730157024888854, 9.994043942150821, 11.027718908029048, 9.569814265579796, 6.594621236781401, 10.140589414145712, 9.349789863811921, 8.112959876159685, 9.120939151129752], "(4.0, 0.0, 0.0)": [13.239551172666475, 13.125267972557815, 14.56323839310389, 14.590652311985385, 14.750961609468538, 15.438162087018155, 14.681407319597954, 12.538913111570414, 14.853781552045216], "(4.0, 1.0, 0.0)": [12.955074750980533, 13.487482580514417, 12.918273351188308, 13.008445820495162, 13.103140266289378, 10.52568963041627, 8.639259515770561, 13.72651507151435, 13.122464953730727], "(2.0, 0.0, 0.0)": [4.683563782461798, 4.967461097406988, 5.028445802120513, 4.11697372231726, 4.773460213996462, 4.878926640376516, 4.872337179110056, 4.776282640483076, 5.268757090136708], "(2.0, 1.0, 0.0)": [4.507981088646049, -9.050510687853041, 5.677335361741078, 4.197790528991789, 5.065306787927909, 6.049758780330066, 5.6592017552685885, 5.659047501059402, 5.834538861505927], "(1.0, 0.0, 1.0)": [5.096389221499674, 4.485404370005176, 3.773178197846288, 5.796080077155354, 5.185113760715887, 4.656100552119867, 5.49059899423213, 5.241040867092099, 4.622267444336339], "(1.0, 1.0, 1.0)": [4.4900372589446835, -3.2465032316609284, -6.508352813519114, 4.483802323173027, 3.2033208062318788, 4.542547651917459, 4.617497453838345, 3.424317488496878, 4.212583245978312], "(0.0, 0.0, 1.0)": [2.398915224427057, 2.502561927363412, 2.5346847496280227, 2.570357369224054, 2.4104653310302444, 2.420694767950164, 2.5798615899589845, 2.526672973747394, 2.5334597867365654], "(0.0, 1.0, 1.0)": [1.6105797021046557, 1.5899026511257068, 1.554690910665972, 1.6147300387881152, 1.5768425740787444, 1.629966335417448, 1.629049977324754, 1.5904364699502127, 1.5296320970027897], "(5.0, 0.0, 0.0)": [22.45081159902974, 1.0952134280318977, 28.120374578123485, 37.47895642692757, 0.9582715496955142, 29.414611870990644, 12.578112101351573, 1.4331287412040323, 29.70720393786152], "(5.0, 1.0, 0.0)": [31.21392760415634, 16.771201114370612, 20.629383014479416, 31.230857814301956, 27.4632385626795, 30.916165240759135, 30.692018601602207, 45.3686695215321, 14.262281569411797], "(6.0, 0.0, 0.0)": [0.0, 0.0, 0.012375, 0.0, 0.0, 0.0, 13.71067807841751, 0.0, 0.0]}}}