{"timestamp": 1764013923, "iso": "2025-11-24T19:52:03Z", "episode": 7, "games_in_episode": 1, "stats": {"total_messages": 2506, "total_updates": 2494, "total_reward": -457.65000000001965, "action_counts": [331, 322, 245, 253, 266, 300, 250, 249, 290], "state_visits": {"(3.0, 0.0, 0.0)": 454, "(3.0, 1.0, 0.0)": 494, "(4.0, 1.0, 0.0)": 35, "(2.0, 0.0, 0.0)": 443, "(2.0, 1.0, 0.0)": 215, "(1.0, 0.0, 1.0)": 244, "(1.0, 1.0, 1.0)": 391, "(0.0, 0.0, 1.0)": 28, "(0.0, 1.0, 1.0)": 190}, "state_action_prob_sums": {"(3.0, 1.0, 0.0)": [98.65882195029344, 115.71717199789552, 102.80562241277185, 161.60479503513704, 93.90964183594696, 145.34481563383528, 106.1149122481778, 131.44112764785808, 113.85598377728046], "(3.0, 0.0, 0.0)": [204.64495598287806, 179.17129083082023, 299.72220624588806, 211.37285583857948, 280.3910036926014, 230.16101249066847, 197.95409061290772, 202.080493857565, 211.93828618245803], "(4.0, 0.0, 0.0)": [91.56779719111135, 121.25449600000043, 37.430805333333375, 9.873966222222208, 16.263303039999983, 31.38516266666668, 48.989087644444524, 30.995701333333358, 15.51183288888887], "(4.0, 1.0, 0.0)": [21.54737906724977, 42.5111111111112, 3.666666666666668, 40.052428586666665, 18.324913208888876, 53.67111111111125, 10.004095075555558, 3.111111111111112, 21.299533439999976], "(2.0, 0.0, 0.0)": [175.45918752694143, 150.20901750007533, 160.06623344017126, 207.33928864372814, 146.6995570951401, 109.70372676121649, 237.04210014697298, 114.45218413437179, 169.68112337112302], "(2.0, 1.0, 0.0)": [110.1836148946776, 107.86837587464552, 92.8589660330667, 78.31677950102784, 121.08135024108125, 108.4881559928037, 105.13609700115947, 92.87165526152553, 56.18371468066141], "(1.0, 0.0, 1.0)": [142.26867640658554, 136.0364410579061, 88.32982226773333, 87.76855283626713, 100.35223674860121, 148.59392189371812, 182.0963044406055, 132.54870504533378, 110.80991124610857], "(1.0, 1.0, 1.0)": [26.799800533333304, 41.910017818481776, 56.277096956928254, 60.33843176376906, 127.3661411331419, 68.08446744049795, 75.68569085613515, 31.774294576241722, 140.55709920460836], "(0.0, 0.0, 1.0)": [126.74449571367819, 14.790787555555536, 25.483473777777775, 33.22222222222224, 267.73104355555625, 55.30432277333335, 14.812280817777747, 8.777777777777763, 18.640412444444426], "(0.0, 1.0, 1.0)": [21.609064895999964, 112.9347417976318, 42.361553757696086, 41.38661841316983, 164.80049807214937, 48.870010077497, 7.888888888888876, 65.80664625544537, 65.41007093569446], "(5.0, 0.0, 0.0)": [0.5816924444444445, 0.0, 0.0, 0.0, 0.0, 0.0, 0.5816924444444445, 0.0, 0.0], "(5.0, 1.0, 0.0)": [0.5900585955555555, 0.0, 0.0, 0.0, 0.0, 0.0, 0.0, 0.0, 0.1111111111111111]}, "state_action_visits": {"(3.0, 1.0, 0.0)": 2912, "(3.0, 0.0, 0.0)": 5578, "(4.0, 0.0, 0.0)": 1156, "(4.0, 1.0, 0.0)": 604, "(2.0, 0.0, 0.0)": 4105, "(2.0, 1.0, 0.0)": 2424, "(1.0, 0.0, 1.0)": 3234, "(1.0, 1.0, 1.0)": 1780, "(0.0, 0.0, 1.0)": 1591, "(0.0, 1.0, 1.0)": 1572, "(5.0, 0.0, 0.0)": 2, "(5.0, 1.0, 0.0)": 2}}, "meta": {"recent_avg_return": -148.42083333333272, "epsilon": 0.4429211904319999, "q_summary": {"(3.0, 1.0, 0.0)": [-7.983022669186223, 2.3980258053218, 1.6772080396253704, 2.398460083891572, 1.7429308661521965, 1.730992537873783, 2.431506155117495, 1.6841657177610665, 1.6379582848626588], "(3.0, 0.0, 0.0)": [2.563213523005433, 1.9037295988136942, 1.9301227550631355, 1.9473988064691687, 2.0205220722937867, 3.3965810095189957, 1.9422243432534352, 2.554848897601826, 1.8866652643360153], "(4.0, 0.0, 0.0)": [5.919056724152602, 5.673885563983338, 5.561195182114313, 5.4966886447958965, 5.725619648488211, 5.471806209929761, 5.601546396106224, 5.077227976487147, 5.791287089708293], "(4.0, 1.0, 0.0)": [2.8777231079057892, 2.662805793379849, 2.5896140570972017, 2.535299108591106, -5.036430263026506, 1.0382896522140197, -3.3313312417541083, -13.935472608387792, 0.7176004293614074], "(2.0, 0.0, 0.0)": [3.8561547679959665, 3.7448110719056027, 3.803517913805903, 2.997034067535234, 2.9345641683114425, 3.0133615484181657, 3.996609433034399, 2.9660217215144367, 3.3450504277368385], "(2.0, 1.0, 0.0)": [3.357691271339468, -1.9047307779932228, 3.6858234064827267, 3.6436711645942013, 3.505320711398247, 3.7069768832115964, 3.7664666960626385, 3.7459989515364014, 1.634136427594117], "(1.0, 0.0, 1.0)": [6.126719353071378, 6.389839127858439, 5.528750367047434, 5.8918727074565425, 5.964847355104524, 6.454152662165928, 6.177896020918724, 5.728971421619163, 4.748645782661412], "(1.0, 1.0, 1.0)": [1.9426428581136346, 2.3108143162298838, 2.3545708876388627, 2.3530470727854915, 2.457737438097408, 2.6558425149227314, 2.439160594746946, 2.365491654171737, 2.4018249929865827], "(0.0, 0.0, 1.0)": [5.489306388830108, 8.126909134719774, 4.423187663046458, 3.6962206093642265, 4.277508054176423, 4.782280372750089, 5.091573320703473, 3.261354591453215, 4.790927459820987], "(0.0, 1.0, 1.0)": [1.7962499893210186, 2.7782514764540043, 2.8051270717723944, 2.7891994771792854, 2.8512334083095956, 2.824323663619553, 2.7452910752527075, 2.602902296802058, 2.6892316315938953], "(5.0, 0.0, 0.0)": [12.578112101351573, 0.0, 0.0, 0.0, 0.0, 0.0, 12.578112101351573, 0.0, 0.0], "(5.0, 1.0, 0.0)": [12.577958397233637, 0.0, 0.00625, 0.0, 0.0, 0.0, 0.0, 0.0, 0.0]}}}