{"timestamp": 1764014452, "iso": "2025-11-24T20:00:52Z", "episode": 22, "games_in_episode": 1, "stats": {"total_messages": 3043, "total_updates": 3031, "total_reward": -334.22499999999224, "action_counts": [409, 376, 189, 360, 301, 354, 324, 464, 266], "state_visits": {"(3.0, 1.0, 0.0)": 610, "(3.0, 0.0, 0.0)": 350, "(4.0, 0.0, 0.0)": 9, "(5.0, 0.0, 0.0)": 1, "(0.0, 0.0, 1.0)": 58, "(1.0, 0.0, 1.0)": 295, "(1.0, 1.0, 1.0)": 454, "(0.0, 1.0, 1.0)": 485, "(2.0, 0.0, 0.0)": 431, "(2.0, 1.0, 0.0)": 338}, "state_action_prob_sums": {"(3.0, 1.0, 0.0)": [536.3435655839397, 495.63549738963997, 438.5728305106941, 363.3934723146296, 355.0006778274698, 356.0583302453996, 308.35720864993226, 401.6249231711769, 445.7382159793775], "(3.0, 0.0, 0.0)": [713.4184493695874, 605.4697770296266, 816.6012007164322, 798.2004906752634, 897.3641001027722, 779.8512015349673, 677.1857556077241, 821.3942110529415, 818.862892183269], "(4.0, 0.0, 0.0)": [218.32087656802065, 291.3260599025837, 142.41477567471446, 97.13508251019186, 75.05544884934014, 239.02053527891695, 199.32959297911276, 196.38289550534574, 111.40372641792399], "(4.0, 1.0, 0.0)": [167.54389606812316, 204.98743683547352, 122.7617361288971, 181.10394388986128, 54.02617598540108, 62.654202320658044, 89.60134554494083, 19.47326727091584, 148.2691110213473], "(2.0, 0.0, 0.0)": [709.7698106742864, 697.9127476908827, 590.7059831372998, 588.4089602418849, 618.0395592794532, 594.9565585196368, 586.2905170573941, 766.1716863010714, 712.616877230957], "(2.0, 1.0, 0.0)": [339.4807226036564, 328.0181175436375, 228.65522870680317, 268.62361167112664, 308.12637863673206, 271.9545631541243, 355.6867658597872, 220.6097149532332, 174.18616580297268], "(1.0, 0.0, 1.0)": [460.04039987551346, 468.9489192674187, 626.1660938480649, 320.9362499435559, 494.9912827403243, 477.8702107174097, 630.4217857864396, 560.2879893874427, 616.8581647583435], "(1.0, 1.0, 1.0)": [168.16029122422273, 196.5448476916273, 198.53238566983754, 178.83332199871109, 299.0253509858975, 285.98514120255567, 189.01801100993504, 139.18588219221706, 365.8771075992079], "(0.0, 0.0, 1.0)": [381.712641217902, 374.8611224854784, 265.28682994002634, 368.8401202913471, 547.1113683011491, 301.96501209706133, 318.148574131876, 316.08211180023505, 298.37755216098], "(0.0, 1.0, 1.0)": [157.89130856534615, 266.58144949934575, 87.615399262147, 243.90022072725046, 279.96250805690624, 196.81089013015227, 174.7914315369407, 186.2275126085828, 201.30124591733139], "(5.0, 0.0, 0.0)": [1.840432075791408, 0.0, 0.0, 3.2856972376359224, 0.0, 0.1111111111111111, 0.5816924444444445, 0.0, 0.0], "(5.0, 1.0, 0.0)": [1.2119416966303174, 0.0, 0.1111111111111111, 0.0, 0.3333333333333333, 0.0, 0.3333333333333333, 6.254998386478027, 0.1111111111111111], "(6.0, 0.0, 0.0)": [0.7552305107778685, 0.0, 0.6441193996667575, 0.0, 0.0, 0.0, 0.0, 0.0, 0.0]}, "state_action_visits": {"(3.0, 1.0, 0.0)": 8552, "(3.0, 0.0, 0.0)": 16448, "(4.0, 0.0, 0.0)": 3720, "(4.0, 1.0, 0.0)": 2398, "(2.0, 0.0, 0.0)": 13825, "(2.0, 1.0, 0.0)": 5994, "(1.0, 0.0, 1.0)": 11008, "(1.0, 1.0, 1.0)": 4859, "(0.0, 0.0, 1.0)": 7443, "(0.0, 1.0, 1.0)": 4232, "(5.0, 0.0, 0.0)": 10, "(5.0, 1.0, 0.0)": 19, "(6.0, 0.0, 0.0)": 3}}, "meta": {"recent_avg_return": -159.51428571428735, "epsilon": 0.32712790615999615, "q_summary": {"(3.0, 1.0, 0.0)": [7.896846609194535, 7.921476733755165, 6.368914404982357, 6.201833360108349, 6.298428994680824, 5.795897111868118, 7.6842624890114966, 6.182603824030231, 7.842356939548077], "(3.0, 0.0, 0.0)": [5.11402559030045, 4.869606153522577, 4.989038211313117, 5.122098878377133, 5.072780633883215, 5.343865879512774, 5.0086830561631075, 4.767838598307028, 5.047470373512545], "(4.0, 0.0, 0.0)": [5.62284881916767, 5.277692684584707, 5.270011244412045, 5.201833038845043, 10.249218708932244, 6.070090573024501, 7.259080637181674, 5.460917828325305, 5.759438652271967], "(4.0, 1.0, 0.0)": [18.92293583817736, 21.574299492246414, 20.148307667986007, 1.8883072749760856, 18.63265059815521, 17.583210666659063, 16.84893697603897, 17.48440897551121, 18.0835103696974], "(2.0, 0.0, 0.0)": [4.860027237457117, 4.54788161667641, 4.5960790726857335, 3.5756825452809076, 4.568761547880398, 3.8403480930245366, 4.060966855200436, 4.372734716135231, 4.537054367306984], "(2.0, 1.0, 0.0)": [2.533453966055965, 2.9982644232983633, 2.0682474036862297, 2.3470530385918433, 2.5526849955455453, 2.6174706264653134, 2.4723577098733833, 2.4341265769012765, 2.200167791118969], "(1.0, 0.0, 1.0)": [4.100315473520485, 4.110824349230074, 4.128624801968353, 3.99774744686026, 4.15303106402466, 4.136699525208199, 4.1913557143755575, 4.382267552564296, 4.1882599090607995], "(1.0, 1.0, 1.0)": [3.9312048315648203, 4.031054669099966, 3.8350741797491636, 3.8186240224053725, 3.998871466609476, 4.035646197768476, 4.047383960732607, 4.039152054540011, 3.787236035524426], "(0.0, 0.0, 1.0)": [5.528228265274494, 4.290358543517939, 4.583002902303805, 4.850377845296108, 4.605107193605288, 5.29180580126781, 5.008174675889567, 5.325423550471301, 5.23441571902922], "(0.0, 1.0, 1.0)": [4.912375841018076, 4.993667704293368, 4.871719935322734, 5.000730599205114, 5.114105267152204, 4.738562872616362, 4.6272426124499155, 4.73323384449083, 4.774791056152052], "(5.0, 0.0, 0.0)": [12.578112101351573, 0.9993100917591494, 7.019465606048269, 13.90996889701433, 0.7713109954931104, 0.0, 12.578112101351573, 1.4331287412040323, 0.0], "(5.0, 1.0, 0.0)": [31.21392760415634, 16.771201114370612, 15.612945254200639, 13.91242220897554, 27.4632385626795, 29.328654889240262, 0.0, 38.75401771229972, 7.12347666077715], "(6.0, 0.0, 0.0)": [0.0, 0.0, 0.012375, 0.0, 0.0, 0.0, 13.71067807841751, 0.0, 0.0]}}}