{"timestamp": 1764014518, "iso": "2025-11-24T20:01:58Z", "episode": 24, "games_in_episode": 1, "stats": {"total_messages": 3429, "total_updates": 3417, "total_reward": -234.57499999999024, "action_counts": [438, 333, 346, 434, 367, 434, 310, 384, 383], "state_visits": {"(3.0, 0.0, 0.0)": 741, "(3.0, 1.0, 0.0)": 324, "(4.0, 1.0, 0.0)": 100, "(2.0, 0.0, 0.0)": 641, "(2.0, 1.0, 0.0)": 379, "(1.0, 1.0, 1.0)": 355, "(1.0, 0.0, 1.0)": 419, "(0.0, 1.0, 1.0)": 181, "(0.0, 0.0, 1.0)": 277}, "state_action_prob_sums": {"(3.0, 1.0, 0.0)": [588.7293661505356, 542.7683078972235, 467.0918771512943, 366.3934723146289, 372.85981309722746, 407.6950506526, 337.2751556601159, 447.7036155184106, 542.2512786157341], "(3.0, 0.0, 0.0)": [866.0150487905008, 612.7460671264464, 881.8011456211814, 946.9199015119393, 963.0996278874334, 852.1758269308915, 750.336326217945, 1022.1090961721211, 878.1687517615483], "(4.0, 0.0, 0.0)": [218.654209901354, 291.99272656925024, 142.85922011915892, 97.3573047324141, 122.6922195422926, 239.57609083447252, 199.6629263124461, 196.7162288386791, 111.95928197347956], "(4.0, 1.0, 0.0)": [168.5438960681232, 259.0111561646077, 153.40016625159822, 184.04392529143627, 61.846120190126, 63.54309120954696, 90.26801221160751, 28.4013472248388, 151.76464797847785], "(2.0, 0.0, 0.0)": [941.6811539761302, 823.1099856677959, 618.6840493174076, 668.8153957015411, 659.7171804671887, 620.1371256750768, 645.7216605558536, 795.0670372739513, 774.3155355977467], "(2.0, 1.0, 0.0)": [356.6731912067475, 371.598448429077, 253.05504272255286, 282.08122320963696, 350.3905746455674, 328.15213612595727, 377.86733301522634, 262.75720112738026, 249.6925149265873], "(1.0, 0.0, 1.0)": [558.1401881902207, 489.74803593875106, 669.7380015052632, 351.56060782869014, 587.6728014388049, 525.0429162905249, 704.9510326618549, 570.4070711550427, 666.4438429386098], "(1.0, 1.0, 1.0)": [174.59580958292827, 215.01063102962797, 240.36933569095652, 233.94545583015275, 315.6622640334332, 340.6215096095075, 217.51718554639325, 215.39581768611814, 373.7540950404441], "(0.0, 0.0, 1.0)": [385.36493393250277, 416.0600531725598, 279.70747148916575, 431.0883332041186, 558.22177541176, 413.9352839859274, 334.6773514302133, 431.87822833190336, 314.2396627926508], "(0.0, 1.0, 1.0)": [193.81989987943444, 267.8036717215677, 88.3931770399248, 274.4503369191445, 317.07040088002043, 197.58866790793007, 197.57864676062272, 187.1164014974717, 202.74569036177587], "(5.0, 0.0, 0.0)": [1.840432075791408, 0.0, 0.0, 3.2856972376359224, 0.0, 0.1111111111111111, 0.5816924444444445, 0.0, 0.0], "(5.0, 1.0, 0.0)": [1.2119416966303174, 0.0, 0.1111111111111111, 0.0, 0.3333333333333333, 0.0, 0.3333333333333333, 6.254998386478027, 0.1111111111111111], "(6.0, 0.0, 0.0)": [0.7552305107778685, 0.0, 0.6441193996667575, 0.0, 0.0, 0.0, 0.0, 0.0, 0.0]}, "state_action_visits": {"(3.0, 1.0, 0.0)": 9264, "(3.0, 0.0, 0.0)": 18042, "(4.0, 0.0, 0.0)": 3821, "(4.0, 1.0, 0.0)": 2622, "(2.0, 0.0, 0.0)": 15123, "(2.0, 1.0, 0.0)": 6621, "(1.0, 0.0, 1.0)": 11893, "(1.0, 1.0, 1.0)": 5440, "(0.0, 0.0, 1.0)": 8185, "(0.0, 1.0, 1.0)": 4485, "(5.0, 0.0, 0.0)": 10, "(5.0, 1.0, 0.0)": 19, "(6.0, 0.0, 0.0)": 3}}, "meta": {"recent_avg_return": -170.20108695652235, "epsilon": 0.3141736410760603, "q_summary": {"(3.0, 1.0, 0.0)": [7.458740098786672, 6.828832460441255, 7.568530840214207, 7.626556797938196, 8.075605750423174, 7.509618665942687, 7.707083830939113, -8.529566935610625, 7.845925927800991], "(3.0, 0.0, 0.0)": [2.883209809614627, 3.5857482795204696, 2.9755821808454996, 3.020689391501498, 2.968571400806381, 3.4538962808190594, 3.0231197233302916, 4.684415545543429, 3.0480511181675025], "(4.0, 0.0, 0.0)": [8.023726334193038, 8.198292805330292, 6.963093405043544, 7.788777576811231, 8.597216986489052, 7.849152462212577, 8.034411862286802, 8.428487986586603, 8.410277309712747], "(4.0, 1.0, 0.0)": [16.491350221220742, 14.727122055149433, 16.803736386306408, 16.05843947620339, 17.01460508116827, 13.768942481617252, 16.02424010036289, 16.932052390846483, 17.067790159501655], "(2.0, 0.0, 0.0)": [3.7529274942426225, 3.7736855116637025, 3.868479654756931, 3.6441371867672987, 3.8327103578567296, 3.858887265895806, 3.7710684324868016, 3.699797686845553, 3.6733429930470134], "(2.0, 1.0, 0.0)": [2.18826664038182, 2.2037597021986572, 2.133769957600058, 2.346357869050779, 2.0623501059073317, 3.0868914092467663, 2.143640747462652, 2.266113193014817, 2.3445796135729062], "(1.0, 0.0, 1.0)": [3.568507461698868, 3.0678870125905795, 3.1423953378289737, 3.138692498470733, 3.4339289015562287, 3.4444865608417468, 3.19320136346001, 3.15013273999178, 2.985915091917473], "(1.0, 1.0, 1.0)": [5.390878348253798, 5.584027256192093, 4.673737446120841, 5.9419814350083975, 4.922471216231517, 5.304567489452775, 4.313258275925531, 5.494921222617054, 4.57530664590595], "(0.0, 0.0, 1.0)": [4.001506315036748, 3.951402986697121, 4.215107180848224, 4.246862885879894, 4.178166804269719, 4.213917917789405, 4.178222464255314, 4.037711754676214, 4.063556830642289], "(0.0, 1.0, 1.0)": [4.0513641245104015, 4.047570818054135, 4.038177967874823, 4.278824346863097, 4.204550689287983, 4.216241581042237, 4.3633625783057175, 3.9068124361982868, 4.249528685035236], "(5.0, 0.0, 0.0)": [12.578112101351573, 0.9993100917591494, 7.019465606048269, 13.90996889701433, 0.7713109954931104, 0.0, 12.578112101351573, 1.4331287412040323, 0.0], "(5.0, 1.0, 0.0)": [31.21392760415634, 16.771201114370612, 15.612945254200639, 13.91242220897554, 27.4632385626795, 29.328654889240262, 0.0, 38.75401771229972, 7.12347666077715], "(6.0, 0.0, 0.0)": [0.0, 0.0, 0.012375, 0.0, 0.0, 0.0, 13.71067807841751, 0.0, 0.0]}}}