{"timestamp": 1764014575, "iso": "2025-11-24T20:02:55Z", "episode": 26, "games_in_episode": 1, "stats": {"total_messages": 2390, "total_updates": 2377, "total_reward": -390.574999999999, "action_counts": [221, 268, 361, 189, 228, 305, 254, 303, 261], "state_visits": {"(3.0, 1.0, 0.0)": 755, "(3.0, 0.0, 0.0)": 323, "(4.0, 1.0, 0.0)": 61, "(4.0, 0.0, 0.0)": 70, "(5.0, 1.0, 0.0)": 4, "(0.0, 1.0, 1.0)": 185, "(2.0, 0.0, 0.0)": 247, "(2.0, 1.0, 0.0)": 297, "(1.0, 0.0, 1.0)": 160, "(1.0, 1.0, 1.0)": 175, "(0.0, 0.0, 1.0)": 100}, "state_action_prob_sums": {"(3.0, 1.0, 0.0)": [697.0654736720418, 671.9936486840405, 660.332446079837, 401.4665216929208, 469.41609882104257, 479.65223436573683, 417.5163193913625, 489.33927251433437, 558.0519425193305], "(3.0, 0.0, 0.0)": [909.328815516002, 649.0456691355932, 960.1879011327742, 1008.9740316198336, 1035.3988663433706, 859.3930714070497, 792.972479070798, 1052.884405784577, 885.0822264197457], "(4.0, 0.0, 0.0)": [218.98754323468734, 329.55611382803164, 143.74810900804783, 102.41473211967042, 132.18583552535526, 240.02053527891698, 210.57470132715528, 216.44400596380183, 139.72200532866344], "(4.0, 1.0, 0.0)": [170.38132702967474, 269.19113772588474, 180.21434753411947, 193.87087460783226, 62.84612019012603, 74.78819955758948, 127.47289362251665, 33.05484088900562, 167.84440504242497], "(2.0, 0.0, 0.0)": [972.7766542155167, 832.7579754328699, 627.7764835269262, 715.4027819844014, 707.7572064509297, 638.4494957180985, 652.0199264747217, 889.7092312982379, 818.5373336745556], "(2.0, 1.0, 0.0)": [376.30136087587, 395.663363143135, 265.25416674624876, 317.6977377431431, 351.72390797890046, 400.95655481226976, 379.31177745967045, 279.0137525383321, 281.650062192936], "(1.0, 0.0, 1.0)": [565.1729692159658, 501.7249377402245, 680.2513163998735, 353.4494967175786, 652.4165449313876, 550.0771545909521, 783.2934429003893, 571.5181822661535, 667.3327318274985], "(1.0, 1.0, 1.0)": [183.11407192750178, 227.9054287862341, 314.87926241790245, 275.55971427104134, 329.370959288338, 342.39928738728486, 217.9616299908377, 224.21457174607778, 416.688544108266], "(0.0, 0.0, 1.0)": [386.8093783769469, 417.3933865058928, 283.390528668705, 438.7746381901313, 559.1106643006486, 518.6101984437582, 359.42368427252427, 433.1004505541253, 315.23966279265056], "(0.0, 1.0, 1.0)": [196.72793123074214, 275.3898128024517, 89.83762148436928, 292.28158634807056, 318.7370675466867, 219.01375781725017, 221.59374259863176, 210.40353843375328, 277.0804617930042], "(5.0, 0.0, 0.0)": [1.840432075791408, 0.0, 0.0, 3.2856972376359224, 0.0, 0.1111111111111111, 0.5816924444444445, 0.0, 0.0], "(5.0, 1.0, 0.0)": [1.2119416966303174, 0.0, 0.1111111111111111, 0.0, 0.3333333333333333, 0.0, 0.4444444444444444, 9.17669859721324, 0.1111111111111111], "(6.0, 0.0, 0.0)": [0.7552305107778685, 0.0, 0.6441193996667575, 0.0, 0.0, 0.0, 0.0, 0.0, 0.0]}, "state_action_visits": {"(3.0, 1.0, 0.0)": 10694, "(3.0, 0.0, 0.0)": 18742, "(4.0, 0.0, 0.0)": 4020, "(4.0, 1.0, 0.0)": 2848, "(2.0, 0.0, 0.0)": 15699, "(2.0, 1.0, 0.0)": 7009, "(1.0, 0.0, 1.0)": 12256, "(1.0, 1.0, 1.0)": 5819, "(0.0, 0.0, 1.0)": 8455, "(0.0, 1.0, 1.0)": 4815, "(5.0, 0.0, 0.0)": 10, "(5.0, 1.0, 0.0)": 24, "(6.0, 0.0, 0.0)": 3}}, "meta": {"recent_avg_return": -181.10500000000064, "epsilon": 0.30173236488944827, "q_summary": {"(3.0, 1.0, 0.0)": [8.03052696858785, 8.34846811116693, 6.874067076396609, 8.232660339722234, 8.097729597848907, 8.241594660858102, 8.65218761635195, 8.749995244174574, 8.316893633043469], "(3.0, 0.0, 0.0)": [5.832274537951358, 4.369935917512761, 5.4504820791696895, 5.605706768546897, 5.729940444769878, 5.735972015783528, 5.5661665682074055, 5.686115046832315, 5.700251985599781], "(4.0, 0.0, 0.0)": [7.583443847336248, 7.496214912902683, 7.476132648971156, 7.675784189887426, 7.635967328215123, 7.550242839204042, 10.284499166523602, 7.58907293648982, 7.580741300000687], "(4.0, 1.0, 0.0)": [16.444536292001764, 18.564848809267286, 15.191655014414719, -3.978820254727747, 17.256225291563517, 20.857918829443978, 18.094627109022987, 16.652402201910142, 16.25827023963171], "(2.0, 0.0, 0.0)": [2.7495855901098096, 2.6959425502183434, 2.6399817137037487, 2.6911880923101372, 2.695464481318445, 2.6661698370080273, 2.6246683135221596, 2.623210160586212, 2.6020633660174015], "(2.0, 1.0, 0.0)": [2.925735871742855, 2.858863723659846, -10.356428991932187, 2.7756058352880433, 2.81279564542271, 2.8602547719001055, 2.256318817783819, 2.7912301777184148, 2.9648772823992235], "(1.0, 0.0, 1.0)": [2.7141009682975468, 2.788417624161038, 2.703677428616765, 2.747631859194932, 2.8062490247282037, 2.764903588650374, 2.659548115173258, 2.7308692958357907, 2.930613020868126], "(1.0, 1.0, 1.0)": [4.493384248608129, 4.303999239269649, 4.217537078050814, 4.386030520516515, 4.3110561920057915, 4.402880643414248, 4.01830203965681, 4.250260439450107, 3.9673858690125634], "(0.0, 0.0, 1.0)": [3.508665863444107, 3.5419284500321404, 3.675038545782206, 3.6998800400904193, 3.561242946498281, 3.672585831374101, 3.5209900836545085, 3.6907184653967793, 3.663960233438105], "(0.0, 1.0, 1.0)": [3.1536941953628377, -10.159901267523399, 3.213884539745038, 3.217773267505713, 3.1228701361689417, 3.198758645542043, 3.223074622870464, 3.2977864288678482, 2.3837456303207882], "(5.0, 0.0, 0.0)": [12.578112101351573, 0.9993100917591494, 7.019465606048269, 13.90996889701433, 0.7713109954931104, 0.0, 12.578112101351573, 1.4331287412040323, 0.0], "(5.0, 1.0, 0.0)": [31.21392760415634, 16.771201114370612, 20.629383014479416, 23.830956941112, 27.4632385626795, 30.916165240759135, 13.509823393010315, 38.75401771229972, 14.262281569411797], "(6.0, 0.0, 0.0)": [0.0, 0.0, 0.012375, 0.0, 0.0, 0.0, 13.71067807841751, 0.0, 0.0]}}}