{"timestamp": 1764013680, "iso": "2025-11-24T19:48:00Z", "episode": 1, "games_in_episode": 1, "stats": {"total_messages": 3247, "total_updates": 3235, "total_reward": -209.12499999998465, "action_counts": [362, 313, 260, 340, 362, 279, 795, 279, 257], "state_visits": {"(3.0, 1.0, 0.0)": 372, "(3.0, 0.0, 0.0)": 731, "(4.0, 0.0, 0.0)": 131, "(4.0, 1.0, 0.0)": 54, "(2.0, 0.0, 0.0)": 529, "(2.0, 1.0, 0.0)": 214, "(1.0, 0.0, 1.0)": 632, "(1.0, 1.0, 1.0)": 72, "(0.0, 0.0, 1.0)": 211, "(0.0, 1.0, 1.0)": 289}, "state_action_prob_sums": {"(3.0, 1.0, 0.0)": [27.444444444444468, 38.44444444444449, 5.3333333333333295, 4.111111111111111, 1.8888888888888895, 10.44444444444444, 9.666666666666663, 9.222222222222218, 21.55555555555556], "(3.0, 0.0, 0.0)": [42.55555555555568, 19.555555555555546, 30.44444444444446, 23.555555555555557, 35.00000000000005, 20.66666666666666, 26.666666666666675, 31.777777777777803, 13.111111111111098], "(4.0, 0.0, 0.0)": [11.666666666666663, 6.9999999999999964, 16.999999999999996, 0.4444444444444444, 1.555555555555556, 3.4444444444444446, 2.8888888888888893, 0.3333333333333333, 0.8888888888888891], "(4.0, 1.0, 0.0)": [2.3333333333333335, 13.111111111111107, 0.3333333333333333, 0.2222222222222222, 0.5555555555555556, 0.0, 0.3333333333333333, 0.3333333333333333, 2.555555555555556], "(2.0, 0.0, 0.0)": [10.444444444444436, 2.8888888888888897, 2.444444444444445, 2.5555555555555562, 6.777777777777771, 3.3333333333333344, 136.11111111111134, 9.888888888888884, 6.555555555555552], "(2.0, 1.0, 0.0)": [1.0000000000000002, 2.5555555555555562, 1.2222222222222225, 1.0000000000000002, 1.2222222222222225, 1.2222222222222225, 55.00000000000012, 2.5555555555555562, 3.888888888888889], "(1.0, 0.0, 1.0)": [15.222222222222214, 3.88888888888889, 4.000000000000001, 32.000000000000036, 15.666666666666659, 14.66666666666666, 103.22222222222257, 13.999999999999995, 5.111111111111108], "(1.0, 1.0, 1.0)": [0.7777777777777779, 0.4444444444444444, 0.6666666666666667, 1.6666666666666667, 6.111111111111111, 0.4444444444444444, 4.999999999999999, 5.666666666666665, 0.5555555555555556], "(0.0, 0.0, 1.0)": [6.888888888888885, 1.6666666666666672, 1.6666666666666672, 24.666666666666682, 13.555555555555554, 9.33333333333333, 6.999999999999994, 1.2222222222222225, 1.555555555555556], "(0.0, 1.0, 1.0)": [6.777777777777773, 1.6666666666666672, 2.2222222222222228, 27.55555555555557, 41.88888888888896, 11.44444444444444, 1.1111111111111114, 2.6666666666666674, 2.5555555555555562]}, "state_action_visits": {"(3.0, 1.0, 0.0)": 373, "(3.0, 0.0, 0.0)": 734, "(4.0, 0.0, 0.0)": 131, "(4.0, 1.0, 0.0)": 54, "(2.0, 0.0, 0.0)": 529, "(2.0, 1.0, 0.0)": 215, "(1.0, 0.0, 1.0)": 634, "(1.0, 1.0, 1.0)": 72, "(0.0, 0.0, 1.0)": 212, "(0.0, 1.0, 1.0)": 293}}, "meta": {"recent_avg_return": 0.0, "epsilon": 0.5, "q_summary": {"(3.0, 1.0, 0.0)": [1.0638408866556213, 0.8687428429211234, 0.868977603629791, -8.455231956402123, 0.9801200193410577, 0.921385206919984, 1.0565757209789104, 1.0662247639343125, 1.1067760343393989], "(3.0, 0.0, 0.0)": [1.7005591652760454, 1.6357377234803256, 1.6302281506470717, 1.8719328467060938, 1.6813160538884788, 1.6714560384774377, 1.6048417826556574, 1.666204160657601, 1.6540498751499833], "(4.0, 0.0, 0.0)": [0.12908848452388946, 0.6195930321224623, 0.1578885829103007, 0.1170434222310491, 0.11230480257402845, 0.6348408298466273, 0.15358190881518385, 0.14984850220676268, 0.14890452561037654], "(4.0, 1.0, 0.0)": [0.05667830599672027, 0.07785969806701085, 0.0729640062344413, 0.04490921446960616, 0.06846976316969333, 0.07460534386828815, 0.050743296239187184, -12.459521465350974, 0.05896098464749949], "(2.0, 0.0, 0.0)": [2.2299232875821215, 1.975827920268536, 2.0390278532096455, 2.2372848544293094, 1.918401018881748, 2.038376119203986, 2.4003353188863072, 2.171119131392641, 2.0123953952256852], "(2.0, 1.0, 0.0)": [0.19158863099906354, 0.20937475242855702, 0.2154456330676967, 0.21338032582480304, 0.0465037130991762, 0.20947559493265183, -12.298551684719996, 0.20598350911153496, 0.20403733358704038], "(1.0, 0.0, 1.0)": [1.0582400142844248, 1.446146004272932, 1.451971134741201, 1.4555851729693212, 1.4613704088798318, 1.4095314793076068, 1.3801494245173782, 1.500381820160864, 1.4745980963143575], "(1.0, 1.0, 1.0)": [0.06633202087507614, 0.07284068938031138, 0.11853512666806197, 0.0983609817849867, 0.17478108805026943, 0.02429403664400578, 0.09328105850091414, -9.301532932544589, 0.05013948622714077], "(0.0, 0.0, 1.0)": [0.18687088980999955, 0.19984455339003257, 0.20926103632005957, 0.2196523634066345, 0.24518221771173762, 0.22295319896675897, 0.16741632732544753, 0.20794796412366762, 0.21025257445696066], "(0.0, 1.0, 1.0)": [0.2709861877574486, 0.26499701443833634, 0.2619684002438357, 0.2644246451274593, 0.2868377550709048, 0.258120240806605, 0.26371799268013685, 0.27011962949533186, 0.2623505731946576]}}}