{"timestamp": 1764015352, "iso": "2025-11-24T20:15:52Z", "episode": 49, "games_in_episode": 1, "stats": {"total_messages": 3477, "total_updates": 3465, "total_reward": -293.3749999999894, "action_counts": [405, 470, 336, 287, 474, 521, 455, 228, 301], "state_visits": {"(3.0, 1.0, 0.0)": 436, "(3.0, 0.0, 0.0)": 903, "(4.0, 0.0, 0.0)": 122, "(4.0, 1.0, 0.0)": 64, "(2.0, 0.0, 0.0)": 479, "(2.0, 1.0, 0.0)": 388, "(1.0, 1.0, 1.0)": 262, "(1.0, 0.0, 1.0)": 376, "(0.0, 0.0, 1.0)": 300, "(0.0, 1.0, 1.0)": 135}, "state_action_prob_sums": {"(3.0, 1.0, 0.0)": [1441.3132891754328, 1241.537212437486, 1176.1070485684697, 945.2927926118185, 1101.6075537599077, 1112.1581280364655, 1153.2360190935065, 876.3087055814444, 1051.6987722680642], "(3.0, 0.0, 0.0)": [1956.5251002280124, 1849.85574343708, 2254.1030976523693, 1809.9468446058233, 2133.8010541978474, 2232.4423077073825, 2334.2135133611428, 2575.0136620463945, 2608.2764735990368], "(4.0, 0.0, 0.0)": [538.3584241794604, 471.7995692234377, 399.78293851556055, 465.9591711267135, 372.61835220560755, 570.3926618399227, 311.6631723729949, 569.3052734818299, 331.61474887423486], "(4.0, 1.0, 0.0)": [283.9094656181791, 639.5671604165507, 341.5707925094368, 382.93624837873074, 181.41067053424445, 193.79804949130315, 202.13203557603524, 197.96544242354247, 234.5908156895735], "(2.0, 0.0, 0.0)": [2108.9672901889026, 1628.3771769042212, 1432.4997821243048, 1629.1987111855126, 2095.295577439644, 1820.812066159418, 1484.4485589942158, 1676.266206656448, 1644.9759458520468], "(2.0, 1.0, 0.0)": [663.4976764631875, 931.3576837423836, 891.4067422512745, 1097.7763189502687, 605.3780503356872, 995.4254221064205, 979.5893718414719, 750.4199230496903, 657.1409018460473], "(1.0, 0.0, 1.0)": [1352.93710774899, 1193.7800969440877, 1098.065536860929, 1058.4644231778707, 1206.0487563428385, 1352.8603018815218, 1323.2452089766969, 1388.470727134662, 1543.10563516033], "(1.0, 1.0, 1.0)": [702.2411985678291, 664.7344904525532, 732.1561191288296, 549.3344466831682, 556.801497670506, 548.542275183, 500.0723322385065, 480.2339073216173, 980.835746581236], "(0.0, 0.0, 1.0)": [839.694137717643, 761.0969597542888, 771.9831949500515, 741.0859037055138, 1310.2584967047578, 813.2267678614581, 889.0524946458745, 1122.2685099951127, 1036.8345071759672], "(0.0, 1.0, 1.0)": [498.5134455464511, 557.3844927996091, 552.8070789525397, 595.1918795980135, 644.1555969598606, 670.8854100023258, 491.0541831022966, 412.0012501870566, 602.899036976507], "(5.0, 0.0, 0.0)": [1.840432075791408, 0.1111111111111111, 0.1111111111111111, 33.24694751674588, 0.1111111111111111, 0.2222222222222222, 0.5816924444444445, 0.1111111111111111, 0.0], "(5.0, 1.0, 0.0)": [1.2119416966303174, 0.0, 0.2222222222222222, 0.0, 0.4444444444444444, 0.0, 0.4444444444444444, 10.742615826715804, 0.1111111111111111], "(6.0, 0.0, 0.0)": [0.7552305107778685, 0.0, 0.6441193996667575, 0.0, 0.0, 0.0, 0.0, 0.0, 0.0]}, "state_action_visits": {"(3.0, 1.0, 0.0)": 19050, "(3.0, 0.0, 0.0)": 37225, "(4.0, 0.0, 0.0)": 7686, "(4.0, 1.0, 0.0)": 5051, "(2.0, 0.0, 0.0)": 29552, "(2.0, 1.0, 0.0)": 14284, "(1.0, 0.0, 1.0)": 22115, "(1.0, 1.0, 1.0)": 10976, "(0.0, 0.0, 1.0)": 15655, "(0.0, 1.0, 1.0)": 9588, "(5.0, 0.0, 0.0)": 54, "(5.0, 1.0, 0.0)": 28, "(6.0, 0.0, 0.0)": 3}}, "meta": {"recent_avg_return": -199.54427083333147, "epsilon": 0.1895927114156168, "q_summary": {"(3.0, 1.0, 0.0)": [4.500188308389694, 4.432782183204374, 4.654135206614219, 4.446732983424429, 4.355876693622985, 3.9295983371363286, 4.497698102561186, -5.701521262035044, 4.360387935374833], "(3.0, 0.0, 0.0)": [8.622259218506809, 5.9678659190209915, 8.399402457510401, 8.728869451394525, 8.277451185486074, 8.281746082622387, 8.796801350044195, 8.454183258637746, 8.434217635352548], "(4.0, 0.0, 0.0)": [11.255671128337863, 11.107149407336433, 10.954026578705736, 11.51755560874008, 11.275384312153694, 11.393670307890478, 9.761355621192491, 11.366488217355437, 11.19569413542836], "(4.0, 1.0, 0.0)": [8.342198693520743, 7.579103918573125, 8.603216912804415, 8.760426730318589, 8.687024912833758, 8.660311994422182, 8.218952610636306, 8.889106323866237, 8.094240586329251], "(2.0, 0.0, 0.0)": [3.548759986505102, 3.1288970210877713, 3.4510212345778517, 3.1995027510344514, 3.1454312520676817, 3.195089893897996, 3.097787608019936, 3.131637730319574, 3.5543119960253833], "(2.0, 1.0, 0.0)": [5.0337771488228515, 5.371717664824301, 5.248009632151209, -8.720241770673379, 4.747789489100045, 5.278909451599986, 4.895866697630312, 5.084998579102865, 3.6645553486198024], "(1.0, 0.0, 1.0)": [4.232579607367934, 4.057102928474391, 4.218479275245873, 4.238667630405445, 3.8309894811853504, 2.705227795489071, 4.058912708999968, 3.8484948578696656, 4.352646666582259], "(1.0, 1.0, 1.0)": [5.271525906575154, 5.382308356311819, 5.022561078000417, 4.958861118146784, -0.18753242229944678, 4.034899028823477, 5.126646319781298, 5.421891740539883, 5.331948726874305], "(0.0, 0.0, 1.0)": [1.0131970763905662, 0.9582425016550229, 0.9842559008547214, 0.9571520385069231, 0.9720585920191116, 0.9713996379459967, 0.9600347490517226, 0.959519908362678, 0.9717713315658006], "(0.0, 1.0, 1.0)": [1.104762641828389, 1.0624094366089973, 1.123935146325728, 1.0605843398666623, 1.1173614923829471, 1.079482194904144, 1.0695471018749119, -11.990125080065008, 1.109387823915768], "(5.0, 0.0, 0.0)": [22.45081159902974, 1.0952134280318977, 28.120374578123485, 41.19844481261012, 0.9582715496955142, 29.414611870990644, 22.533202241704245, 1.4331287412040323, 29.70720393786152], "(5.0, 1.0, 0.0)": [31.21392760415634, 16.771201114370612, 20.629383014479416, 31.230857814301956, 27.4632385626795, 30.916165240759135, 30.692018601602207, 45.3686695215321, 14.262281569411797], "(6.0, 0.0, 0.0)": [0.0, 0.0, 0.012375, 0.0, 0.0, 0.0, 13.71067807841751, 0.0, 0.0]}}}