{"timestamp": 1764015320, "iso": "2025-11-24T20:15:20Z", "episode": 48, "games_in_episode": 1, "stats": {"total_messages": 3075, "total_updates": 3063, "total_reward": -243.42499999998452, "action_counts": [372, 218, 354, 375, 341, 459, 228, 367, 361], "state_visits": {"(3.0, 0.0, 0.0)": 782, "(3.0, 1.0, 0.0)": 269, "(4.0, 0.0, 0.0)": 49, "(2.0, 0.0, 0.0)": 643, "(2.0, 1.0, 0.0)": 270, "(1.0, 0.0, 1.0)": 502, "(1.0, 1.0, 1.0)": 48, "(0.0, 0.0, 1.0)": 456, "(0.0, 1.0, 1.0)": 44}, "state_action_prob_sums": {"(3.0, 1.0, 0.0)": [1378.7842764152128, 1144.9178007155224, 1144.951793111546, 941.6872620644825, 1101.1631093154633, 1070.7492772447883, 1141.9250080152729, 861.3958843317243, 1004.3584983474173], "(3.0, 0.0, 0.0)": [1954.747322450235, 1741.5382919359188, 2251.880875430143, 1795.9728872367732, 2061.9573099835397, 2169.078101425899, 2096.075140065159, 2507.384699302611, 2538.9271488209542], "(4.0, 0.0, 0.0)": [538.1362019572382, 471.46623589010443, 399.4496051822273, 419.39667498384733, 336.53167361971634, 570.0593285065894, 310.00022608217824, 564.9256855325658, 331.61474887423486], "(4.0, 1.0, 0.0)": [283.9094656181791, 639.3449381943285, 306.5378092911761, 382.82513726761965, 181.18844831202222, 193.4647161579698, 201.7987022427019, 191.20254614916453, 234.4797045784624], "(2.0, 0.0, 0.0)": [2090.341547656584, 1601.7663158753035, 1385.0483970925468, 1627.8653778521796, 2004.8835064365014, 1731.1777729340547, 1483.448558994216, 1675.043984434226, 1589.761664545911], "(2.0, 1.0, 0.0)": [643.7071274521282, 883.2396320439591, 824.3333350630486, 1033.8602774890849, 605.1558281134651, 926.5779575162667, 976.9264255506554, 749.6421452719127, 656.3631240682697], "(1.0, 0.0, 1.0)": [1260.9195061985126, 1193.0023191663101, 1097.5099813053735, 1010.0704538895932, 1204.6043118983944, 1261.8389799551946, 1319.0304275061746, 1387.4707271346622, 1523.2039750381596], "(1.0, 1.0, 1.0)": [637.9955441491616, 663.9567126747756, 702.8860321849448, 549.0011133498349, 556.5792754482839, 548.2089418496668, 436.93406855510455, 452.9601000018844, 980.1690799145695], "(0.0, 0.0, 1.0)": [801.166735063155, 707.051205302744, 771.0943060611628, 736.7063157562498, 1211.8650275808664, 813.004545639236, 888.1636057569858, 1104.8612693091675, 1036.1678405093007], "(0.0, 1.0, 1.0)": [498.40233443534004, 557.162270577387, 539.2812864037834, 594.6363240424581, 601.1949109884778, 640.7301545454019, 490.8319608800744, 411.3345835203901, 599.2398110615402], "(5.0, 0.0, 0.0)": [1.840432075791408, 0.1111111111111111, 0.1111111111111111, 33.24694751674588, 0.1111111111111111, 0.2222222222222222, 0.5816924444444445, 0.1111111111111111, 0.0], "(5.0, 1.0, 0.0)": [1.2119416966303174, 0.0, 0.2222222222222222, 0.0, 0.4444444444444444, 0.0, 0.4444444444444444, 10.742615826715804, 0.1111111111111111], "(6.0, 0.0, 0.0)": [0.7552305107778685, 0.0, 0.6441193996667575, 0.0, 0.0, 0.0, 0.0, 0.0, 0.0]}, "state_action_visits": {"(3.0, 1.0, 0.0)": 18613, "(3.0, 0.0, 0.0)": 36319, "(4.0, 0.0, 0.0)": 7564, "(4.0, 1.0, 0.0)": 4987, "(2.0, 0.0, 0.0)": 29071, "(2.0, 1.0, 0.0)": 13896, "(1.0, 0.0, 1.0)": 21739, "(1.0, 1.0, 1.0)": 10713, "(0.0, 0.0, 1.0)": 15350, "(0.0, 1.0, 1.0)": 9453, "(5.0, 0.0, 0.0)": 54, "(5.0, 1.0, 0.0)": 28, "(6.0, 0.0, 0.0)": 3}}, "meta": {"recent_avg_return": -198.61063829787076, "epsilon": 0.19346195042409878, "q_summary": {"(3.0, 1.0, 0.0)": [5.596510669557103, 5.767921829443142, 4.966391694284178, 5.574038908348362, 2.7248172365478975, 5.908056980556408, 5.742502610758358, 5.698051244170074, 5.865647470416312], "(3.0, 0.0, 0.0)": [3.937431525992432, 6.568133300304529, 5.113606531493193, 6.2915655743135925, 6.311882377856324, 6.3101425830019275, 6.230331452556158, 6.539192410400362, 6.572261432027698], "(4.0, 0.0, 0.0)": [12.311453336158792, 11.78296234221182, 11.322851831380586, 12.446838564710259, 12.505635762450803, 11.78562795651401, 12.518718961421168, 12.763245276759255, 10.473028900186181], "(4.0, 1.0, 0.0)": [9.06368737314979, 8.896250684422483, 9.632044338666375, 8.886481597364039, 9.022575453529964, 8.627792887938313, 8.891380987556463, 8.889106323866237, 7.887320389858465], "(2.0, 0.0, 0.0)": [3.907345541458647, 3.4924102758587647, 3.7523979030390495, 3.715718195679452, 3.7612670309814664, 3.778366896531461, 3.8266897391824504, 3.6220492406780282, 3.8337007573091193], "(2.0, 1.0, 0.0)": [5.462806922293222, 5.452651627262928, 5.24217022942978, 5.430832713882331, 5.466356363030869, 5.532671880036687, 5.664864422965933, 5.301388080776137, 5.486222135793729], "(1.0, 0.0, 1.0)": [2.6673901659275674, 2.6011639652357346, 2.173144136775827, 2.6681841663645507, 2.5674063180534255, 2.612745724247657, 2.6986790116269628, 2.567327544538527, 2.5132859249244945], "(1.0, 1.0, 1.0)": [5.9204675602477135, 6.012906588125129, 6.515196769224985, -2.126892557841999, -8.008210862036702, 5.90898245638289, 4.958686589848354, 5.166331090095925, 4.754820391810552], "(0.0, 0.0, 1.0)": [1.0815319532959695, 1.0917119827243413, 1.0420029445573467, 1.1038559828783705, 1.061618296603772, 1.0808967501081295, 1.0695031248069187, 1.087770228434457, 1.0519426357489974], "(0.0, 1.0, 1.0)": [1.178401085282228, 1.1559167932003214, 1.1474885055078914, 1.208746160692511, 1.1749857449323466, 1.2180952911408605, 1.1648734768707174, -0.586177363130183, 1.15291434827249], "(5.0, 0.0, 0.0)": [22.45081159902974, 1.0952134280318977, 28.120374578123485, 41.19844481261012, 0.9582715496955142, 29.414611870990644, 22.533202241704245, 1.4331287412040323, 29.70720393786152], "(5.0, 1.0, 0.0)": [31.21392760415634, 16.771201114370612, 20.629383014479416, 31.230857814301956, 27.4632385626795, 30.916165240759135, 30.692018601602207, 45.3686695215321, 14.262281569411797], "(6.0, 0.0, 0.0)": [0.0, 0.0, 0.012375, 0.0, 0.0, 0.0, 13.71067807841751, 0.0, 0.0]}}}