{"timestamp": 1764014234, "iso": "2025-11-24T19:57:14Z", "episode": 16, "games_in_episode": 1, "stats": {"total_messages": 3164, "total_updates": 3152, "total_reward": -140.19999999998734, "action_counts": [428, 302, 320, 394, 304, 352, 390, 427, 247], "state_visits": {"(3.0, 1.0, 0.0)": 485, "(3.0, 0.0, 0.0)": 719, "(4.0, 0.0, 0.0)": 269, "(4.0, 1.0, 0.0)": 66, "(5.0, 1.0, 0.0)": 1, "(0.0, 0.0, 1.0)": 437, "(5.0, 0.0, 0.0)": 1, "(2.0, 0.0, 0.0)": 468, "(2.0, 1.0, 0.0)": 233, "(1.0, 0.0, 1.0)": 348, "(0.0, 1.0, 1.0)": 125}, "state_action_prob_sums": {"(3.0, 1.0, 0.0)": [304.92784279181376, 345.600572749312, 274.5180460272869, 269.66763118815936, 197.78914342046653, 283.6646763266347, 203.0131496595643, 211.118977449276, 337.3098723352103], "(3.0, 0.0, 0.0)": [515.7188784312508, 409.14948147059823, 601.618797085916, 581.3282803901299, 635.9946885402651, 534.8017480369122, 493.05201744798853, 717.6304602523497, 421.2830344483284], "(4.0, 0.0, 0.0)": [142.61368090338556, 287.39496227806535, 106.32893247938173, 58.935793917718094, 62.08966144465444, 121.50300214913075, 175.31769790047858, 125.22528851202371, 88.68037937489517], "(4.0, 1.0, 0.0)": [95.64063975638282, 140.24605648005806, 59.40359390352629, 77.3469390222345, 40.64362530078012, 59.320868987324616, 39.33589774403221, 11.513283579421977, 111.58616195992263], "(2.0, 0.0, 0.0)": [516.1881434351, 391.31922320722043, 440.59183289131016, 427.6188474967296, 316.70293080065545, 438.13791496549203, 392.2820442735687, 502.21770761811985, 489.72423203916503], "(2.0, 1.0, 0.0)": [264.1433444100755, 238.72441787315887, 167.25409539610328, 217.10657163167025, 233.78991674393964, 218.2222921958781, 200.0841953597185, 157.27011849430386, 155.67068649777733], "(1.0, 0.0, 1.0)": [306.9161451465726, 367.09979772914306, 433.84769341562827, 219.22580138530373, 277.39189511379107, 293.5644189798101, 443.17804840282315, 327.7918890405707, 340.73126714965565], "(1.0, 1.0, 1.0)": [89.11170705422938, 135.20271333776043, 127.46171046021264, 117.8360094408192, 198.9994758210622, 184.6768409092394, 156.2346764341888, 59.91403715619883, 249.02946237039714], "(0.0, 0.0, 1.0)": [253.96585781709038, 185.3615699504663, 146.05130123089057, 303.06566295982157, 422.029564002334, 201.09235116533762, 258.987191257501, 171.29804444793893, 196.08824265316957], "(0.0, 1.0, 1.0)": [34.90683251483388, 204.3891727504358, 74.23242251142679, 98.55496717446053, 239.65484162488266, 137.1378553547274, 48.37295361555507, 159.28425677284886, 110.9080385867894], "(5.0, 0.0, 0.0)": [1.840432075791408, 0.0, 0.0, 2.57647759866703, 0.0, 0.1111111111111111, 0.5816924444444445, 0.0, 0.0], "(5.0, 1.0, 0.0)": [1.2119416966303174, 0.0, 0.1111111111111111, 0.0, 0.1111111111111111, 0.0, 0.1111111111111111, 0.6650480260111549, 0.1111111111111111], "(6.0, 0.0, 0.0)": [0.7552305107778685, 0.0, 0.6441193996667575, 0.0, 0.0, 0.0, 0.0, 0.0, 0.0]}, "state_action_visits": {"(3.0, 1.0, 0.0)": 6000, "(3.0, 0.0, 0.0)": 12301, "(4.0, 0.0, 0.0)": 2922, "(4.0, 1.0, 0.0)": 1554, "(2.0, 0.0, 0.0)": 9876, "(2.0, 1.0, 0.0)": 4692, "(1.0, 0.0, 1.0)": 7660, "(1.0, 1.0, 1.0)": 3407, "(0.0, 0.0, 1.0)": 5318, "(0.0, 1.0, 1.0)": 2807, "(5.0, 0.0, 0.0)": 9, "(5.0, 1.0, 0.0)": 7, "(6.0, 0.0, 0.0)": 3}}, "meta": {"recent_avg_return": -171.12333333333547, "epsilon": 0.3692845513227018, "q_summary": {"(3.0, 1.0, 0.0)": [3.8689779436442207, 3.616022421142315, 3.7362167795003947, 3.705565497505778, 3.7450956595690488, 3.7292262447122924, 3.7702578755748117, 3.644375393787188, 3.6742860690238395], "(3.0, 0.0, 0.0)": [9.71850205355062, 6.867933787616698, 6.996981171454475, 6.7732424027299505, 7.140895139765723, 6.724738578640046, 6.632976893933016, 6.758048968093409, 6.948453447073348], "(4.0, 0.0, 0.0)": [7.482912072916365, 7.513428222285105, 7.694276486096365, 8.712024499305022, 7.52963754411981, 7.786489258557097, 7.451582933165296, 8.055409994648114, 7.481145272601889], "(4.0, 1.0, 0.0)": [10.813736358578204, 13.574577686344902, 10.914921886598801, 12.123849240580213, 11.824109405682542, 10.1865795838667, 12.353369417760987, 12.542733523708828, 8.149795955062533], "(2.0, 0.0, 0.0)": [6.3785387359313725, 6.951166103439759, 4.603530951061509, 3.2163719506876705, 5.162189748880198, 4.673124578837625, 5.1521046136271025, 8.895552479217766, 4.628565849886243], "(2.0, 1.0, 0.0)": [4.265506614234313, 4.95269827251883, 4.989134304254385, 4.749207917325521, 5.031357283302981, 4.913921782722152, 4.929892226020602, 4.552647848416303, 4.9795214770930425], "(1.0, 0.0, 1.0)": [3.3059452693704823, 3.593091762490183, 3.688955906835427, 3.253494631633222, 3.1588076392105573, 3.7003501282465905, 3.5336299594814564, 3.7529234435240935, 3.508746832655188], "(1.0, 1.0, 1.0)": [4.665643307204334, 4.6069632314751185, 4.786635161274721, -9.128167090678891, 4.488679279249989, 4.602333466322211, 4.526717949703498, 4.541872170637017, 4.579965913088411], "(0.0, 0.0, 1.0)": [4.0637271472093195, 3.5400649519573815, 3.417502662212556, 3.357888550472817, 3.1387982274568325, 3.8500208721940323, 3.583999843861962, 3.65895929732151, 3.431964942199917], "(0.0, 1.0, 1.0)": [2.4877029855354222, 2.5887629955841036, 2.5403894888552223, 2.5084674717655573, 2.676848551367777, 2.615245772177224, 2.5903316841446213, 2.6081287014383143, 2.5923198713853797], "(5.0, 0.0, 0.0)": [12.578112101351573, 0.9993100917591494, 7.019465606048269, 13.90996889701433, 0.0, 0.0, 12.578112101351573, 1.4331287412040323, 0.0], "(5.0, 1.0, 0.0)": [22.73605006026964, 16.771201114370612, 0.00625, 0.0, 0.0, 0.0, 0.0, 38.75401771229972, 7.12347666077715], "(6.0, 0.0, 0.0)": [0.0, 0.0, 0.012375, 0.0, 0.0, 0.0, 13.71067807841751, 0.0, 0.0]}}}