{"timestamp": 1764014883, "iso": "2025-11-24T20:08:03Z", "episode": 35, "games_in_episode": 1, "stats": {"total_messages": 4037, "total_updates": 4023, "total_reward": 30.575000000007382, "action_counts": [441, 530, 371, 503, 417, 406, 346, 447, 576], "state_visits": {"(3.0, 0.0, 0.0)": 971, "(3.0, 1.0, 0.0)": 174, "(4.0, 0.0, 0.0)": 178, "(4.0, 1.0, 0.0)": 188, "(5.0, 1.0, 0.0)": 2, "(0.0, 1.0, 1.0)": 498, "(2.0, 0.0, 0.0)": 719, "(2.0, 1.0, 0.0)": 201, "(1.0, 0.0, 1.0)": 668, "(1.0, 1.0, 1.0)": 49, "(0.0, 0.0, 1.0)": 375}, "state_action_prob_sums": {"(3.0, 1.0, 0.0)": [959.7708648837039, 873.0246604695894, 841.2601628048435, 595.3082331605206, 654.5531263541955, 708.4767020342065, 676.0785202399975, 641.6856078872111, 798.4675228366048], "(3.0, 0.0, 0.0)": [1243.3382289065673, 1119.070926120928, 1549.5294896293867, 1469.4063956401344, 1478.1959037226932, 1113.4874625734287, 1372.1211238852309, 1602.801573093357, 1406.364793895317], "(4.0, 0.0, 0.0)": [356.97095249337343, 343.25415834839856, 269.5705457096585, 143.084462858641, 190.78420565283872, 318.40626534341243, 265.9016707774091, 264.8684702006746, 235.49453567784298], "(4.0, 1.0, 0.0)": [199.6706810151123, 432.2075619475042, 199.3054939760662, 262.7630636352939, 137.72096134113667, 103.7855456127965, 169.62400217057885, 41.04508018863083, 176.56856091009007], "(2.0, 0.0, 0.0)": [1285.735454820808, 1166.9207120360834, 842.9129117272093, 1080.3526853765568, 1248.976365154118, 1058.2979304195478, 877.8797750043907, 1223.2393909194113, 1112.2334757450278], "(2.0, 1.0, 0.0)": [516.0715987321208, 622.7023367984801, 473.1768959561727, 551.8234544008417, 504.0934561207209, 520.5491904500576, 666.9240771539984, 510.92454149164695, 439.46728197688594], "(1.0, 0.0, 1.0)": [929.3357228296236, 690.2882788752158, 842.6566692387985, 570.0292959499316, 797.4706340383248, 940.2575551012405, 983.8453039715525, 885.5783133944669, 907.9884032092181], "(1.0, 1.0, 1.0)": [256.6870440571802, 456.6798583285255, 406.76338185507524, 437.0614530206766, 375.72507297272045, 429.797160015938, 337.7647674548488, 378.21132506985793, 666.5795108354133], "(0.0, 0.0, 1.0)": [601.350661087318, 478.6695399723083, 365.7680346845926, 567.5186754398711, 664.9011170283923, 626.9288770914031, 567.0688103361168, 722.7529930167013, 604.8829349901276], "(0.0, 1.0, 1.0)": [335.84634452656775, 407.30004052377495, 296.71641755092895, 362.21886226777684, 449.91764571389734, 436.44968817638204, 403.57870036965375, 371.45797815869616, 518.0354505305221], "(5.0, 0.0, 0.0)": [1.840432075791408, 0.0, 0.0, 4.038312058777675, 0.0, 0.1111111111111111, 0.5816924444444445, 0.1111111111111111, 0.0], "(5.0, 1.0, 0.0)": [1.2119416966303174, 0.0, 0.2222222222222222, 0.0, 0.4444444444444444, 0.0, 0.4444444444444444, 9.953081989223183, 0.1111111111111111], "(6.0, 0.0, 0.0)": [0.7552305107778685, 0.0, 0.6441193996667575, 0.0, 0.0, 0.0, 0.0, 0.0, 0.0]}, "state_action_visits": {"(3.0, 1.0, 0.0)": 13946, "(3.0, 0.0, 0.0)": 25937, "(4.0, 0.0, 0.0)": 5185, "(4.0, 1.0, 0.0)": 3593, "(2.0, 0.0, 0.0)": 21015, "(2.0, 1.0, 0.0)": 10028, "(1.0, 0.0, 1.0)": 16052, "(1.0, 1.0, 1.0)": 7931, "(0.0, 0.0, 1.0)": 10998, "(0.0, 1.0, 1.0)": 7357, "(5.0, 0.0, 0.0)": 12, "(5.0, 1.0, 0.0)": 27, "(6.0, 0.0, 0.0)": 3}}, "meta": {"recent_avg_return": -199.65661764705914, "epsilon": 0.2515686839888153, "q_summary": {"(3.0, 1.0, 0.0)": [10.53012401232846, 11.300499297081613, 8.498042994822798, 9.092327270067768, 6.597091100398208, 13.43404529152192, 11.94202585298498, 9.36604420675804, 11.920536728246928], "(3.0, 0.0, 0.0)": [5.495569333391229, 5.492726914359945, 6.096044660651755, 6.211638683787051, 5.918175876430652, 5.437353250951952, 6.190016833785346, 6.2314983625812195, 6.383869531494236], "(4.0, 0.0, 0.0)": [9.115514830058718, 7.930834484793796, 8.22850960967209, 8.64987284012709, 8.419061494837976, 8.988969391903726, 8.985670076507956, 9.078836789462226, 8.802541626149935], "(4.0, 1.0, 0.0)": [16.719664806976017, 18.645933418321242, 17.440389956236178, 17.249838571949336, 0.9581384808427522, 17.24811278440007, 18.45252838521229, 17.93996934602228, 18.286809057730082], "(2.0, 0.0, 0.0)": [3.633396296117326, 3.6179219956095396, 3.4991943308796247, 3.5686568614235403, 3.6919786815663325, 3.31975261165377, 3.4749651827114434, 3.530213274818793, 3.240839100126684], "(2.0, 1.0, 0.0)": [3.591929157322707, 3.7199488964029204, 3.6947985555037333, 3.594621600463988, -8.784160160548794, 2.411585161753381, 3.4480607931161487, 3.358966150408319, 3.5800570263137077], "(1.0, 0.0, 1.0)": [2.3661886649635195, 2.2565918902474515, 2.350924812605003, 2.2345488577224666, 2.4532740453539197, 2.3614013137778005, 2.3075458399686255, 2.224384127901284, 2.2445576345596834], "(1.0, 1.0, 1.0)": [2.797583841186566, 2.763811419857552, 2.746983247928212, 2.7337292608358994, 2.6902034981810603, 2.87925986417707, -10.457735048114209, 2.736456085486035, 2.9065659986079053], "(0.0, 0.0, 1.0)": [2.8040173669867463, 2.897434389817208, 2.9360141702287037, 2.846784858462872, 2.863302378023125, 2.8406911047684016, 2.8455949370804996, 2.8464676369861976, 3.059553183503251], "(0.0, 1.0, 1.0)": [2.5281859724021656, 2.5999640657703127, 2.5264075358863294, 2.627061883821442, 2.5849627371201436, 2.5292533127706296, 2.631203580700697, 2.595119317966909, 2.7159062037706425], "(5.0, 0.0, 0.0)": [12.578112101351573, 0.9993100917591494, 7.019465606048269, 32.400378002897796, 0.7713109954931104, 0.0, 12.578112101351573, 1.4331287412040323, 0.0], "(5.0, 1.0, 0.0)": [31.21392760415634, 16.771201114370612, 20.629383014479416, 31.230857814301956, 27.4632385626795, 30.916165240759135, 23.490551862588745, 45.3686695215321, 14.262281569411797], "(6.0, 0.0, 0.0)": [0.0, 0.0, 0.012375, 0.0, 0.0, 0.0, 13.71067807841751, 0.0, 0.0]}}}