{"q": {"(3.0, 1.0, 0.0)": [0.0, 3.5782425674031173, 1.2961102499720234, 2.1734039755864423, 1.267315387838254, 1.2575350118735842, 2.3106440902766776, 3.1743019176571847, 2.7329344046645643], "(3.0, 0.0, 0.0)": [0.0, 0.8372151500642926, 0.1925216381893802, 0.2284736160969852, 0.8204460439426933, 0.7446500412741707, 0.8242958951912803, 0.7778011139231362, 0.8469315075448018], "(4.0, 1.0, 0.0)": [0.0, 6.463808349788195, 6.353185891337463, 6.5673802953039075, 4.348094160654837, 6.465560500970007, 6.5774726599019715, 6.446180992067108, 6.534190467060404], "(4.0, 0.0, 0.0)": [0.0, 0.9243366539223243, 0.9497164324472598, 0.9378798746973759, 0.8877059306595871, 0.9100619533317778, 0.9613409358854424, 0.9245645908147393, 0.921110213740159], "(5.0, 1.0, 0.0)": [0.0, 0.0, 6.860363154283547, 0.0, 0.0, 6.899177905442476, -0.21832555922152452, 0.0, 0.0], "(0.0, 1.0, 1.0)": [0.0, 0.8663078794775971, 0.881969947384683, 0.8723536513317798, 0.8824415916323666, 0.8667777334116863, 0.773813293859877, 0.8652264624402737, 0.7645370104735945], "(5.0, 0.0, 0.0)": [0.0, -6.732390709267042, -0.1264033700616258, -1.1531384905603688, -7.7757135624030695, -3.064322120038044, -1.7164179694080197, -9.269586831406727, -0.42521731656060924], "(0.0, 0.0, 1.0)": [0.0, -1.9768122488145434, -0.09488854722992994, -1.0733286972703004, -1.0557478699360119, -1.8811693891398056, -0.34727095791867113, -0.03966152035669794, -1.078906478414626], "(1.0, 0.0, 1.0)": [0.0, -0.41427872470885035, -1.8079921667104923, -0.20017003781000162, -2.7764984627455007, -2.0668394323951125, -2.567935770812908, -0.06707092565685713, -0.3828929051855229], "(2.0, 0.0, 0.0)": [0.0, 0.519368521567852, 0.4575735905075279, 0.47786581111983145, 0.4887021715590267, 0.49215441639026414, -0.42879046926925735, -2.038455905301572, 0.5006744081578415], "(2.0, 1.0, 0.0)": [0.0, 0.6764101928091619, 1.864295114899463, 0.7162434812134147, 0.6772905911353243, 0.6740892472478113, 0.6772195537316396, 0.668396529772196, 0.8927085459713334], "(1.0, 1.0, 1.0)": [0.0, 0.5751856969951644, 0.5690524202619207, 0.5665180231315253, 1.5587323365985162, 0.5700798470961496, 0.5769367594371965, 0.5717046595219046, 0.5610454128090551], "(6.0, 0.0, 0.0)": [0.0, 0.0, 0.0, 0.0, 0.0, 0.0, 0.0, 0.0, 0.0], "(6.0, 1.0, 0.0)": [0.0, 0.0, 0.0, 0.0, 0.0, 0.0, 0.0, 0.0, 0.0]}, "stats": {"total_messages": 584811, "total_updates": 512002, "total_reward": -27059.0, "action_counts": [60981, 70276, 67760, 65084, 67227, 64610, 66127, 60835, 61911], "state_visits": {"(3.0, 1.0, 0.0)": 3652, "(3.0, 0.0, 0.0)": 202503, "(4.0, 1.0, 0.0)": 1865, "(4.0, 0.0, 0.0)": 88299, "(5.0, 1.0, 0.0)": 27, "(0.0, 1.0, 1.0)": 833, "(5.0, 0.0, 0.0)": 334, "(0.0, 0.0, 1.0)": 35885, "(1.0, 0.0, 1.0)": 53324, "(2.0, 0.0, 0.0)": 122011, "(2.0, 1.0, 0.0)": 1811, "(1.0, 1.0, 1.0)": 1458, "(6.0, 0.0, 0.0)": 0, "(6.0, 1.0, 0.0)": 0}}}