{"q": {"(3.0, 1.0, 0.0)": [0.0, 0.859903617471193, 0.8188194366495918, 0.7928581736333552, 0.8205140703750081, 0.8220867860905923, 0.8383589187686696, 0.632037559498547, 0.7919221982119702], "(3.0, 0.0, 0.0)": [0.0, 0.6382633011064387, 0.6290906910887342, 0.62743020637689, 0.5583761947883734, 0.6205591541889945, 0.6837942294443001, 0.6505793155878046, 0.6290908757830422], "(4.0, 1.0, 0.0)": [0.0, 1.7970953695643148, 1.7043477149871185, 1.9261190924741385, 1.7964414250524152, 1.840708463187896, 1.8918405219668215, 1.7327700013796166, 1.6259797425515896], "(4.0, 0.0, 0.0)": [0.0, 0.48709913977503094, 0.5622769517452624, 0.534285229892837, 0.6386597640394402, 0.5544073432014748, 0.517310087983602, 0.5379775689780084, 0.5875579294484514], "(5.0, 1.0, 0.0)": [0.0, 0.0, 11.694966872193708, 0.0, 0.0, 5.95703125, -0.21832555922152452, 0.0, 0.0], "(0.0, 1.0, 1.0)": [0.0, 1.1187954832090274, 0.6536091850020194, 0.3721151463539015, 1.4397159726047966, 1.037324654593918, 0.9204443047266668, 0.7873011929502967, 0.36621825859045964], "(5.0, 0.0, 0.0)": [0.0, -9.413344088087007, -5.545740348731498, -0.5989905998674769, -8.949787095221595, -1.9161986374309419, -0.24156681742847258, -6.059479745947879, -5.909897447572939], "(0.0, 0.0, 1.0)": [0.0, -0.22725700618929273, 0.42967915107957594, 0.4671640031744836, 0.4195145386389022, 0.4176440071087153, 0.00650456127691923, 0.4126961067910058, 0.4278297533170348], "(1.0, 0.0, 1.0)": [0.0, 0.8904144836295934, 0.93057095190671, 0.8932408574701718, 0.8776216794993762, 0.9539030564082432, 0.8993251911563842, -1.7788123302410201, 0.9291093404696524], "(2.0, 0.0, 0.0)": [0.0, 0.7022430562457354, 0.7074672777626958, 0.7625525176858404, 0.7004293443003287, 0.6936261873400779, 0.7587181660550294, 0.7015483229669739, 0.7584558380566386], "(2.0, 1.0, 0.0)": [0.0, 0.9530505090020864, 0.3437886192318903, 0.7514686785479185, 0.7353225586385406, 0.6489310409668109, 0.9664043555011375, 1.020582726089978, 0.7342411729595848], "(1.0, 1.0, 1.0)": [0.0, 1.1172733142189881, 1.456812108994237, 1.4659537225905892, 1.3802404456653192, 1.2048027668487786, 1.3524702943643094, 1.410251794432146, 1.4495546342521908], "(6.0, 0.0, 0.0)": [0.0, 0.0, 0.0, 0.0, 0.0, 0.0, 0.0, 0.0, 0.0]}, "stats": {"total_messages": 350579, "total_updates": 289004, "total_reward": -20575.0, "action_counts": [51778, 40381, 38656, 39495, 36602, 39882, 37227, 34252, 32306], "state_visits": {"(3.0, 1.0, 0.0)": 3053, "(3.0, 0.0, 0.0)": 131111, "(4.0, 1.0, 0.0)": 1413, "(4.0, 0.0, 0.0)": 60160, "(5.0, 1.0, 0.0)": 11, "(0.0, 1.0, 1.0)": 407, "(5.0, 0.0, 0.0)": 204, "(0.0, 0.0, 1.0)": 15655, "(1.0, 0.0, 1.0)": 16932, "(2.0, 0.0, 0.0)": 58472, "(2.0, 1.0, 0.0)": 988, "(1.0, 1.0, 1.0)": 598, "(6.0, 0.0, 0.0)": 0}}}