{"q": {"(3.0, 1.0, 0.0)": [0.0, 2.1357242338426974, 1.5397444733336767, 2.1299358960747137, 1.267315387838254, 1.9453308816767523, 2.1393138791763757, 2.1501672757255728, 2.129817472562499], "(3.0, 0.0, 0.0)": [0.0, 0.4037875626582098, 0.391419045056144, 0.4235206977730326, 0.4151265264606954, 0.41258515150395997, 0.4047217310593554, 0.13381953006985184, 0.4035427206531773], "(4.0, 1.0, 0.0)": [0.0, 4.944572834217828, 5.664465828188979, 5.606461699284337, 4.348094160654837, 5.522690046497406, 5.569065023884236, 4.714883961077196, 5.708701862020728], "(4.0, 0.0, 0.0)": [0.0, -0.6621764385928326, 0.5975308655520255, -1.1940124576390658, -1.7607030209892534, 0.6400679759005676, 0.6404014793436961, 0.15151429737599487, 0.6492192376201311], "(5.0, 1.0, 0.0)": [0.0, 0.0, 6.860363154283547, 0.0, 0.0, 6.899177905442476, -0.21832555922152452, 0.0, 0.0], "(0.0, 1.0, 1.0)": [0.0, 0.8663078794775971, 0.6482479113277421, 0.8723536513317798, 0.8647927597997193, 0.8667777334116863, 0.773813293859877, 0.8652264624402737, 0.7645370104735945], "(5.0, 0.0, 0.0)": [0.0, -5.661969773962711, -0.07110189565966452, -1.1531384905603688, -4.373838878851727, -3.064322120038044, -1.7164179694080197, -6.952190123555045, -0.31891298742045693], "(0.0, 0.0, 1.0)": [0.0, -2.3951700617137486, -2.5225174970477275, -1.468987765305982, -2.501920938944666, -2.1855280192811537, -2.3956654397856743, -0.3376803472146651, -1.147017097065473], "(1.0, 0.0, 1.0)": [0.0, -0.03480003733591663, -1.3063584470992955, -0.07751601387231521, 0.11340714426362453, -1.91597248011263, -0.28181824412214296, -0.283164281761059, 0.12234792566247396], "(2.0, 0.0, 0.0)": [0.0, 0.34561101126964916, 0.32995795991142096, 0.3276913499285785, 0.336209769365268, 0.3554679391213127, 0.35283139881769593, 0.34969229109197614, 0.3332308437024103], "(2.0, 1.0, 0.0)": [0.0, 0.6764101928091619, 1.3769107700775072, 0.7162434812134147, 0.6772905911353243, 0.6740892472478113, 0.6772195537316396, 0.668396529772196, 0.8927085459713334], "(1.0, 1.0, 1.0)": [0.0, 0.5751856969951644, 0.5690524202619207, 0.5665180231315253, 1.1456682673999095, 0.5700798470961496, 0.5769367594371965, 0.5717046595219046, 0.5610454128090551], "(6.0, 0.0, 0.0)": [0.0, 0.0, 0.0, 0.0, 0.0, 0.0, 0.0, 0.0, 0.0], "(6.0, 1.0, 0.0)": [0.0, 0.0, 0.0, 0.0, 0.0, 0.0, 0.0, 0.0, 0.0]}, "stats": {"total_messages": 608966, "total_updates": 533005, "total_reward": -28917.0, "action_counts": [64056, 73346, 69634, 67428, 70243, 67221, 68612, 63522, 64904], "state_visits": {"(3.0, 1.0, 0.0)": 3713, "(3.0, 0.0, 0.0)": 210521, "(4.0, 1.0, 0.0)": 1910, "(4.0, 0.0, 0.0)": 93919, "(5.0, 1.0, 0.0)": 27, "(0.0, 1.0, 1.0)": 836, "(5.0, 0.0, 0.0)": 342, "(0.0, 0.0, 1.0)": 35964, "(1.0, 0.0, 1.0)": 53805, "(2.0, 0.0, 0.0)": 128682, "(2.0, 1.0, 0.0)": 1826, "(1.0, 1.0, 1.0)": 1460, "(6.0, 0.0, 0.0)": 0, "(6.0, 1.0, 0.0)": 0}}}