{"q": {"(3.0, 1.0, 0.0)": [0.0, 0.8376817782615873, 0.8726626652297715, 0.8873879656473096, 1.6737476412652752, 1.5924787731170658, 0.8665569715280786, 0.8914900582638922, 0.8331438806617704], "(3.0, 0.0, 0.0)": [0.0, 0.7016255870542965, 0.6647921303315183, 0.7225753224608913, 0.702311725463316, 0.7039131097366367, 0.6927350056616475, 0.6817057871605692, 0.6104810606093396], "(4.0, 1.0, 0.0)": [0.0, 2.8348619460906406, 2.840504314695014, 3.4247007507686376, 2.772017152484081, 4.5811810562128805, 2.7936540071057623, 2.809883033699148, 2.7632315344240284], "(4.0, 0.0, 0.0)": [0.0, 0.4623346978464558, 0.450112492616571, 0.4847428873833963, 0.44730142938464773, 0.44731042580629754, 0.44730142938365314, 0.4525018644619332, 0.4861972058517906], "(5.0, 1.0, 0.0)": [0.0, 0.0, 13.483954274284496, 0.0, 0.0, 5.375024768888167, -0.21832555922152452, 3.598412644113912, 0.0], "(0.0, 1.0, 1.0)": [0.0, 0.6418131152556622, 0.47281832296761817, 0.6411920390630532, 0.6424516567012555, 0.6391759798946359, 0.6406368367687647, 0.6245261208383119, 0.6267216402397748], "(5.0, 0.0, 0.0)": [0.0, -9.739349930981522, -0.4489502867096019, -0.6987324400283034, -9.57541211292838, -0.794595705920788, -2.596657528567862, -7.680923372225143, -4.431759660114627], "(0.0, 0.0, 1.0)": [0.0, -0.7629843154181066, -1.3847598723957764, -0.05381046530771506, -4.426279872759362, -1.9200277168490953, -5.253181236232995, -0.24681551158850962, -3.7783903960134486], "(1.0, 0.0, 1.0)": [0.0, 0.03597942098940816, -0.17388372033442911, -0.028196721642768596, -0.05181096054372002, 0.05842869987704692, 0.03977177773989757, 0.006454576383453169, -0.05426773869024766], "(2.0, 0.0, 0.0)": [0.0, 0.40151873176775377, 0.3980606354170093, 0.4322696586262126, 0.39768856649802076, 0.399183569198016, 0.39768808583065884, 0.3256427259474365, -0.23021268263505115], "(2.0, 1.0, 0.0)": [0.0, 0.6628819889529787, 0.6680966697279346, 0.6494469410197674, 0.5190436585096226, 0.6563630279073601, 0.70533669879776, 0.8494475780272007, 0.5647278967745059], "(1.0, 1.0, 1.0)": [0.0, 0.40007952616152165, 0.4049860612090339, 2.054815807638163, 0.39680870735379625, 0.40101673173227614, 0.4006907236062523, 0.40287215539515375, 0.3987270569557629], "(6.0, 0.0, 0.0)": [0.0, 0.0, 0.0, 0.0, 0.0, 0.0, 0.0, 0.0, 0.0], "(6.0, 1.0, 0.0)": [0.0, 0.0, 0.0, 0.0, 0.0, 0.0, 0.0, 0.0, 0.0]}, "stats": {"total_messages": 723618, "total_updates": 624004, "total_reward": -36393.0, "action_counts": [87123, 85567, 83723, 77675, 81173, 78444, 78515, 75277, 76121], "state_visits": {"(3.0, 1.0, 0.0)": 4132, "(3.0, 0.0, 0.0)": 255452, "(4.0, 1.0, 0.0)": 2164, "(4.0, 0.0, 0.0)": 120993, "(5.0, 1.0, 0.0)": 31, "(0.0, 1.0, 1.0)": 944, "(5.0, 0.0, 0.0)": 453, "(0.0, 0.0, 1.0)": 36667, "(1.0, 0.0, 1.0)": 57522, "(2.0, 0.0, 0.0)": 141924, "(2.0, 1.0, 0.0)": 2004, "(1.0, 1.0, 1.0)": 1717, "(6.0, 0.0, 0.0)": 1, "(6.0, 1.0, 0.0)": 0}}}