{"q": {"(3.0, 1.0, 0.0)": [0.0, 0.8376817782615873, 0.8726626652297715, 0.8873879656473096, 1.6737476412652752, 1.5924787731170658, 0.8665569715280786, 0.8914900582638922, 0.8331438806617704], "(3.0, 0.0, 0.0)": [0.0, 0.5747754850807344, 0.5980994328522347, 0.5796657681083954, 0.565863200561004, 0.6098465387541186, 0.6096651032723907, 0.604720155162604, 0.6025792703523705], "(4.0, 1.0, 0.0)": [0.0, 2.8348619460906406, 2.840504314695014, 3.4247007507686376, 2.772017152484081, 4.5811810562128805, 2.7936540071057623, 2.809883033699148, 2.7632315344240284], "(4.0, 0.0, 0.0)": [0.0, 0.3976777249684581, 0.4201455137886763, 0.4155669005778467, 0.4091243833141056, 0.41363882356616527, 0.4321063675175854, 0.41763022737969746, 0.4162044668944058], "(5.0, 1.0, 0.0)": [0.0, 0.0, 13.483954274284496, 0.0, 0.0, 5.375024768888167, -0.21832555922152452, 3.598412644113912, 0.0], "(0.0, 1.0, 1.0)": [0.0, 0.6418131152556622, 0.47281832296761817, 0.6411920390630532, 0.6424516567012555, 0.6391759798946359, 0.6406368367687647, 0.6245261208383119, 0.6267216402397748], "(5.0, 0.0, 0.0)": [0.0, -9.739349930981522, -0.4489502867096019, -0.6987324400283034, -9.57541211292838, -0.794595705920788, -2.596657528567862, -7.680923372225143, -4.431759660114627], "(0.0, 0.0, 1.0)": [0.0, -1.57601837300809, -4.774084178375227, -0.030268386735589722, -3.861284129087534, -0.8115991848953907, -2.8333983088408434, -0.10412529395140249, -2.1253445977575645], "(1.0, 0.0, 1.0)": [0.0, -0.028086798864101876, -0.12247373597724202, 0.03451762727643398, -0.015250320327077831, -0.039271645368756644, 0.0023099899930982895, 0.03176471188999738, 0.029487029170729283], "(2.0, 0.0, 0.0)": [0.0, 0.349287827784551, 0.37958302122844123, 0.3658734811781792, 0.27520733272121517, 0.359380344377664, 0.371535797308192, 0.3489011313152096, 0.17488553421923864], "(2.0, 1.0, 0.0)": [0.0, 0.6628819889529787, 0.6680966697279346, 0.6494469410197674, 0.5190436585096226, 0.6563630279073601, 0.70533669879776, 0.8494475780272007, 0.5647278967745059], "(1.0, 1.0, 1.0)": [0.0, 0.40007952616152165, 0.4049860612090339, 2.054815807638163, 0.39680870735379625, 0.40101673173227614, 0.4006907236062523, 0.40287215539515375, 0.3987270569557629], "(6.0, 0.0, 0.0)": [0.0, 0.0, 0.0, 0.0, 0.0, 0.0, 0.0, 0.0, 0.0], "(6.0, 1.0, 0.0)": [0.0, 0.0, 0.0, 0.0, 0.0, 0.0, 0.0, 0.0, 0.0]}, "stats": {"total_messages": 726904, "total_updates": 627004, "total_reward": -36764.0, "action_counts": [87426, 86605, 83896, 78280, 81716, 78778, 78575, 75327, 76301], "state_visits": {"(3.0, 1.0, 0.0)": 4132, "(3.0, 0.0, 0.0)": 256544, "(4.0, 1.0, 0.0)": 2164, "(4.0, 0.0, 0.0)": 121892, "(5.0, 1.0, 0.0)": 31, "(0.0, 1.0, 1.0)": 944, "(5.0, 0.0, 0.0)": 453, "(0.0, 0.0, 1.0)": 36719, "(1.0, 0.0, 1.0)": 57919, "(2.0, 0.0, 0.0)": 142484, "(2.0, 1.0, 0.0)": 2004, "(1.0, 1.0, 1.0)": 1717, "(6.0, 0.0, 0.0)": 1, "(6.0, 1.0, 0.0)": 0}}}