{"q": {"(3.0, 1.0, 0.0)": [0.0, 0.34638463105719464, 0.14340776414416034, 0.14770269031322292, 0.2746877041638536, 0.3227480413364199, 0.12105629208694105, 0.5951121015779799, 0.31231772539198], "(3.0, 0.0, 0.0)": [0.0, 0.03632181626280935, 0.15552615066110337, 0.13205015544026777, 0.3484616327021617, 0.3207054036593613, 0.2066603519332418, 0.14071045705372998, 0.1850806894548006], "(4.0, 1.0, 0.0)": [0.0, 0.7511633798254733, 0.691870878723313, 0.4164508688585529, 0.7588263832313005, 0.7510087260782441, 0.7564339550830733, 1.6284945483194835, 0.6495261071985411], "(4.0, 0.0, 0.0)": [0.0, -0.041389655010731066, -0.13391149749352366, -0.18888564665913649, -1.8770084584228046, 0.12440108133418651, -0.19638271328438014, -1.3098667943753068, -0.39601489181800686], "(5.0, 1.0, 0.0)": [0.0, 0.0, 2.5568858812699764, 0.4314805350687664, 6.34854866931428, 3.028868108091281, -0.21832555922152452, 3.2732795152764322, 0.0], "(0.0, 1.0, 1.0)": [0.0, -1.3491360906470997, 0.8053030107771426, -1.7710369478882173, 2.475306504390626, 0.7128188545817483, 0.9632207091665691, 0.9606119766169341, 0.5781905552203233], "(5.0, 0.0, 0.0)": [0.0, -6.308664276996634, -1.7265223176188527, -3.2176210812452717, -4.143182478106638, -0.46531596110283635, -2.364669968760172, -3.949809097271406, -1.7816116242609188], "(0.0, 0.0, 1.0)": [0.0, -2.1431892497391867, -0.46142088186886754, -0.035528417561345726, -0.08117089051550722, -0.2956800689034222, -0.48360703428946294, -1.1765054947820945, -1.1781090812111492], "(1.0, 0.0, 1.0)": [0.0, -0.07598540914698639, -0.07876295887131297, -0.02076128088856346, -0.3361107261606569, -0.8355881719311467, -0.06110017368000817, -0.031114481618742043, -0.002457955190858234], "(2.0, 0.0, 0.0)": [0.0, -0.5136110025611185, -1.492051890835379, -0.068864500648911, -0.5981035718465743, -2.456861378684671, -0.5426393666662154, -0.6627615177575412, -0.8537890634802044], "(2.0, 1.0, 0.0)": [0.0, 0.20659173533858613, 0.22120935710423636, 0.22241852889869856, 0.22043864942964664, 0.49323148296826325, 0.22158816503005163, 0.21929903730321748, 0.2202747693009376], "(1.0, 1.0, 1.0)": [0.0, 0.2618809995383986, 0.26256237470002414, 0.26456753785323256, 0.2630548325647728, 0.26426513656089096, 0.26372676114426036, 0.1577420386625356, 0.2005121242614383], "(6.0, 0.0, 0.0)": [0.0, 0.0, 0.0, 0.0, 0.0, 0.0, 0.0, 0.0, 0.0], "(6.0, 1.0, 0.0)": [0.0, 0.0, 0.0, 0.0, 0.0, 0.0, 0.0, 0.0, 0.0]}, "stats": {"total_messages": 936707, "total_updates": 807001, "total_reward": -43440.0, "action_counts": [115095, 110935, 110650, 99253, 106324, 99867, 100368, 97435, 96780], "state_visits": {"(3.0, 1.0, 0.0)": 10344, "(3.0, 0.0, 0.0)": 318694, "(4.0, 1.0, 0.0)": 6209, "(4.0, 0.0, 0.0)": 158996, "(5.0, 1.0, 0.0)": 53, "(0.0, 1.0, 1.0)": 1998, "(5.0, 0.0, 0.0)": 574, "(0.0, 0.0, 1.0)": 46918, "(1.0, 0.0, 1.0)": 78807, "(2.0, 0.0, 0.0)": 177281, "(2.0, 1.0, 0.0)": 3843, "(1.0, 1.0, 1.0)": 3283, "(6.0, 0.0, 0.0)": 1, "(6.0, 1.0, 0.0)": 0}}}