{"q": {"(3.0, 1.0, 0.0)": [0.0, 0.2548957757786251, 0.25662181455388183, 0.2515249246916079, 0.25276934061616313, 0.25395705352323583, 0.2518713713353723, 0.2566293373022378, 0.255623286927179], "(3.0, 0.0, 0.0)": [0.0, 1.5984268452166188, 0.682978403807901, 1.2363758007467713, 1.6193603149270412, 1.5220292259130588, 1.3256288036789377, 1.4898350754847078, 1.6137403968784572], "(4.0, 1.0, 0.0)": [0.0, 1.087202861937148, 1.086796047708974, 1.0822389389769895, 1.0842221828527934, 1.0952435726135172, 1.0993168705085983, 1.08842987087691, 1.0796582960624448], "(4.0, 0.0, 0.0)": [0.0, 0.22082492083514396, 0.2140988785235779, -2.2688270229939724, -0.3534895954092284, 0.23552522360517503, 0.21375093521771954, 0.2351036823619551, 0.09719413231301775], "(5.0, 1.0, 0.0)": [0.0, 0.0, 11.694966872193708, 0.0, 0.0, 5.95703125, -2.3326210184312908, 0.0, 0.0], "(0.0, 1.0, 1.0)": [0.0, 2.1221819228764973, 0.3761903818159485, 0.3721151463539015, 1.4397159726047966, 1.037324654593918, 0.3666853257422, 0.3694498026255397, 0.36621825859045964], "(5.0, 0.0, 0.0)": [0.0, -5.166853086873925, -5.80772294046435, -0.4785780678564, -5.308236479759216, -4.8405344566764565, -1.3572807739190993, -5.437285323728305, -1.0995244109062416], "(0.0, 0.0, 1.0)": [0.0, -2.549423017753293, -1.2363870687503549, -3.6315638529353196, -1.969629815747384, -2.4770972325565834, -3.935374452447542, -0.46174948605201505, -2.789384643204805], "(1.0, 0.0, 1.0)": [0.0, -1.038353584342421, -0.04684528858390423, -0.4547392150283488, -0.5151581286080037, -0.0004021151085318768, -0.5036862453829588, -1.4068826401972014, -2.2499196825215324], "(2.0, 0.0, 0.0)": [0.0, 0.8322988486776515, 0.2936027350965522, 0.8621800859208294, 0.5596813027663736, 0.8696688585557075, 0.8025516241690953, 0.8034584294948904, 0.6295857783268629], "(2.0, 1.0, 0.0)": [0.0, 0.37943472122797534, 0.37916106943006506, 0.34644645441704575, 0.38671136393696814, 0.38174366127515336, 0.38156018210315307, 0.383188083654996, 0.38108121157054664], "(1.0, 1.0, 1.0)": [0.0, 0.7013761539542837, 2.297567505007907, 2.24102096527763, 0.953928821295891, 2.0689796620810172, 1.062849396391695, 1.8314526450146873, 1.9155927687838479], "(6.0, 0.0, 0.0)": [0.0, 0.0, 0.0, 0.0, 0.0, 0.0, 0.0, 0.0, 0.0]}, "stats": {"total_messages": 231088, "total_updates": 189002, "total_reward": -11896.0, "action_counts": [32964, 26043, 25070, 26204, 23546, 26342, 25257, 24110, 21552], "state_visits": {"(3.0, 1.0, 0.0)": 2676, "(3.0, 0.0, 0.0)": 80112, "(4.0, 1.0, 0.0)": 1089, "(4.0, 0.0, 0.0)": 36734, "(5.0, 1.0, 0.0)": 8, "(0.0, 1.0, 1.0)": 377, "(5.0, 0.0, 0.0)": 128, "(0.0, 0.0, 1.0)": 13361, "(1.0, 0.0, 1.0)": 12273, "(2.0, 0.0, 0.0)": 40904, "(2.0, 1.0, 0.0)": 906, "(1.0, 1.0, 1.0)": 434, "(6.0, 0.0, 0.0)": 0}}}