{"q": {"(3.0, 1.0, 0.0)": [0.0, 0.2548957757786251, 0.25662181455388183, 0.2515249246916079, 0.25276934061616313, 0.25395705352323583, 0.2518713713353723, 0.2566293373022378, 0.255623286927179], "(3.0, 0.0, 0.0)": [0.0, 1.2013550511831823, 1.1658830703379568, 1.1444958373098635, 1.2036147677838143, 1.2428586945932583, 1.1921656307085118, 1.220638185933897, 1.1440808480290707], "(4.0, 1.0, 0.0)": [0.0, 1.087202861937148, 1.086796047708974, 1.0822389389769895, 1.0842221828527934, 1.0952435726135172, 1.0993168705085983, 1.08842987087691, 1.0796582960624448], "(4.0, 0.0, 0.0)": [0.0, -0.12480277457419055, 0.010412510232732514, -1.6524575521454037, -0.2158744544964984, 0.06749162913996984, -0.014857356748188721, 0.04622282244773753, -0.18487044967176916], "(5.0, 1.0, 0.0)": [0.0, 0.0, 11.694966872193708, 0.0, 0.0, 5.95703125, -2.3326210184312908, 0.0, 0.0], "(0.0, 1.0, 1.0)": [0.0, 2.1221819228764973, 0.3761903818159485, 0.3721151463539015, 1.4397159726047966, 1.037324654593918, 0.3666853257422, 0.3694498026255397, 0.36621825859045964], "(5.0, 0.0, 0.0)": [0.0, -5.166853086873925, -5.80772294046435, -0.4785780678564, -5.308236479759216, -4.8405344566764565, -1.3572807739190993, -6.327963992796229, -1.0995244109062416], "(0.0, 0.0, 1.0)": [0.0, -2.549423017753293, -1.2363870687503549, -3.6315638529353196, -1.969629815747384, -2.4770972325565834, -3.935374452447542, -0.46174948605201505, -2.789384643204805], "(1.0, 0.0, 1.0)": [0.0, -1.038353584342421, -0.026350474828446126, -0.4547392150283488, -0.5151581286080037, -0.0004021151085318768, -0.2833235130279143, -0.7913714851109258, -0.9491848660637715], "(2.0, 0.0, 0.0)": [0.0, 0.6553083324384785, 0.6123344818318107, 0.662642328441559, 0.5966204547047043, 0.6096454426088449, 0.632827745814404, 0.6575906171099783, 0.6520040623608399], "(2.0, 1.0, 0.0)": [0.0, 0.37943472122797534, 0.37916106943006506, 0.34644645441704575, 0.38671136393696814, 0.38174366127515336, 0.38156018210315307, 0.383188083654996, 0.38108121157054664], "(1.0, 1.0, 1.0)": [0.0, 0.7013761539542837, 2.297567505007907, 2.24102096527763, 0.953928821295891, 2.0689796620810172, 1.062849396391695, 1.8314526450146873, 1.9155927687838479], "(6.0, 0.0, 0.0)": [0.0, 0.0, 0.0, 0.0, 0.0, 0.0, 0.0, 0.0, 0.0]}, "stats": {"total_messages": 232184, "total_updates": 190004, "total_reward": -12011.0, "action_counts": [33058, 26239, 25104, 26334, 23610, 26549, 25399, 24194, 21697], "state_visits": {"(3.0, 1.0, 0.0)": 2676, "(3.0, 0.0, 0.0)": 80598, "(4.0, 1.0, 0.0)": 1089, "(4.0, 0.0, 0.0)": 36884, "(5.0, 1.0, 0.0)": 8, "(0.0, 1.0, 1.0)": 377, "(5.0, 0.0, 0.0)": 129, "(0.0, 0.0, 1.0)": 13361, "(1.0, 0.0, 1.0)": 12282, "(2.0, 0.0, 0.0)": 41260, "(2.0, 1.0, 0.0)": 906, "(1.0, 1.0, 1.0)": 434, "(6.0, 0.0, 0.0)": 0}}}