{"q": {"(3.0, 1.0, 0.0)": [0.0, 1.5339062249795758, 1.5708664959724334, 1.4670730140955799, 1.3816501013898432, 1.5581850245852926, 1.5652295343918181, 1.5667888608368898, 1.5868563592059075], "(3.0, 0.0, 0.0)": [0.0, 1.0043142892375467, 0.45179040327506426, 0.45329539587518936, 0.7712756691023449, 0.45323002393321243, 0.45287105722785714, 0.9846980439411437, 0.47487378381981665], "(4.0, 1.0, 0.0)": [0.0, 4.50008787109601, 4.6086470488862314, 4.733210908609744, 4.431652638017986, 4.758436224839125, 4.717509007343231, 4.714883961077196, 4.704431730599757], "(4.0, 0.0, 0.0)": [0.0, 0.5073511638638184, 0.3471293539866022, 0.5023292633368767, 0.5332708869359433, 0.41510533883867134, 0.3817878692317432, 0.5061436978445191, 0.49502067925616555], "(5.0, 1.0, 0.0)": [0.0, 0.0, 6.860363154283547, 0.0, 0.0, 5.375024768888167, -0.21832555922152452, 0.0, 0.0], "(0.0, 1.0, 1.0)": [0.0, 0.78435628700752, 0.6482479113277421, 0.7885386076032117, 0.7678896962689488, 0.7896155473485817, 0.7792623051488432, 0.7836081885253386, 0.7645370104735945], "(5.0, 0.0, 0.0)": [0.0, -4.246477330472033, -0.05332642174474839, -3.1486404009402076, -3.280379159138795, -2.298241590028533, -1.7164179694080197, -6.952190123555045, -0.2391847405653427], "(0.0, 0.0, 1.0)": [0.0, -0.23978745689245454, -1.546273868680133, -0.2614482619404445, -0.06673772829735726, -4.74765134142657, -0.758003518057186, -0.9192964429773964, -0.08612341889015085], "(1.0, 0.0, 1.0)": [0.0, -1.198726714112035, -0.29671456185055334, -3.251707370346618, -0.17094850377356538, -0.033075479896036375, -0.21678402322393148, -2.5752724167911403, -0.07545898481692337], "(2.0, 0.0, 0.0)": [0.0, 0.29497908686583385, 0.30449398201246763, 0.2984156796293441, -1.1286284973788183, 0.2894055590785166, 0.2901237569617565, 0.2955099301695791, -1.598967207109867], "(2.0, 1.0, 0.0)": [0.0, 0.6764101928091619, 1.4307983129281283, 0.8829464397007557, 0.9273340687568763, 0.8696293766790175, 0.6772195537316396, 0.668396529772196, 0.8927085459713334], "(1.0, 1.0, 1.0)": [0.0, 0.5524083433941558, 0.5132861354563376, 0.5551876626688949, 0.5371501797866569, 0.547504685151142, 0.5540900637634835, 0.5490651550048372, 0.5404857345024789], "(6.0, 0.0, 0.0)": [0.0, 0.0, 0.0, 0.0, 0.0, 0.0, 0.0, 0.0, 0.0], "(6.0, 1.0, 0.0)": [0.0, 0.0, 0.0, 0.0, 0.0, 0.0, 0.0, 0.0, 0.0]}, "stats": {"total_messages": 624449, "total_updates": 547004, "total_reward": -29256.0, "action_counts": [65477, 74840, 71564, 68973, 72663, 68577, 70601, 64950, 66804], "state_visits": {"(3.0, 1.0, 0.0)": 3822, "(3.0, 0.0, 0.0)": 216144, "(4.0, 1.0, 0.0)": 1975, "(4.0, 0.0, 0.0)": 96680, "(5.0, 1.0, 0.0)": 28, "(0.0, 1.0, 1.0)": 863, "(5.0, 0.0, 0.0)": 349, "(0.0, 0.0, 1.0)": 36033, "(1.0, 0.0, 1.0)": 56003, "(2.0, 0.0, 0.0)": 131729, "(2.0, 1.0, 0.0)": 1865, "(1.0, 1.0, 1.0)": 1513, "(6.0, 0.0, 0.0)": 0, "(6.0, 1.0, 0.0)": 0}}}