{"q": {"(3.0, 1.0, 0.0)": [0.0, 1.8726108336810092, 1.6559137659925294, 1.8322281849975726, 1.267315387838254, 1.8746241761354465, 1.8476786915175465, 1.8445722046076447, 1.7677128584199429], "(3.0, 0.0, 0.0)": [0.0, 0.4009020731407883, 0.4214387217582633, 0.4260064102851361, 0.4119777383672218, 0.40251388450648573, 0.4113135663055783, 0.4055876439918371, 0.6002356004767699], "(4.0, 1.0, 0.0)": [0.0, 4.8601838221968015, 4.779811721582411, 4.733210908609744, 4.431652638017986, 4.758436224839125, 5.012270617836989, 4.714883961077196, 4.8004405414283235], "(4.0, 0.0, 0.0)": [0.0, 0.29980955568398066, 0.3092362900949981, 0.3206413842383161, 0.31855641756409103, 0.3144645331133065, 0.32319069263263184, 0.3010278481931733, 0.3458427825296352], "(5.0, 1.0, 0.0)": [0.0, 0.0, 6.860363154283547, 0.0, 0.0, 5.375024768888167, -0.21832555922152452, 0.0, 0.0], "(0.0, 1.0, 1.0)": [0.0, 0.78435628700752, 0.6482479113277421, 0.7885386076032117, 0.7678896962689488, 0.7896155473485817, 0.7792623051488432, 0.7836081885253386, 0.7645370104735945], "(5.0, 0.0, 0.0)": [0.0, -4.246477330472033, -0.05332642174474839, -3.1486404009402076, -4.373838878851727, -2.298241590028533, -1.7164179694080197, -6.952190123555045, -0.2391847405653427], "(0.0, 0.0, 1.0)": [0.0, -0.5683850830043368, -1.546273868680133, -0.34859768258725937, -0.2109241783225118, -2.7917327745463796, -0.758003518057186, -1.6343047875153713, -0.15310830024915706], "(1.0, 0.0, 1.0)": [0.0, -1.5983022854827134, -0.9690794365337121, 0.10211378927089423, -1.0109983704787604, 0.12034431949490568, 0.13038567828533104, 0.06005827542113641, -0.1341493063411971], "(2.0, 0.0, 0.0)": [0.0, 0.4341046084080068, 0.45531987196373247, 0.43251936287355813, 0.45630148111548147, 0.4391282272290943, 0.4650044510955037, 0.37158558387904334, 0.4581209622716076], "(2.0, 1.0, 0.0)": [0.0, 0.6764101928091619, 1.4897941617327448, 0.8829464397007557, 0.9273340687568763, 0.8696293766790175, 0.6772195537316396, 0.668396529772196, 0.8927085459713334], "(1.0, 1.0, 1.0)": [0.0, 0.5524083433941558, 0.5553550969070111, 0.5551876626688949, 0.5570319829905366, 0.5586782501542266, 0.5540900637634835, 0.5490651550048372, 0.549824504552874], "(6.0, 0.0, 0.0)": [0.0, 0.0, 0.0, 0.0, 0.0, 0.0, 0.0, 0.0, 0.0], "(6.0, 1.0, 0.0)": [0.0, 0.0, 0.0, 0.0, 0.0, 0.0, 0.0, 0.0, 0.0]}, "stats": {"total_messages": 620743, "total_updates": 544003, "total_reward": -28971.0, "action_counts": [64794, 74534, 71204, 68620, 72262, 68278, 70281, 64546, 66224], "state_visits": {"(3.0, 1.0, 0.0)": 3754, "(3.0, 0.0, 0.0)": 214721, "(4.0, 1.0, 0.0)": 1964, "(4.0, 0.0, 0.0)": 96053, "(5.0, 1.0, 0.0)": 28, "(0.0, 1.0, 1.0)": 863, "(5.0, 0.0, 0.0)": 348, "(0.0, 0.0, 1.0)": 36014, "(1.0, 0.0, 1.0)": 55841, "(2.0, 0.0, 0.0)": 131055, "(2.0, 1.0, 0.0)": 1863, "(1.0, 1.0, 1.0)": 1499, "(6.0, 0.0, 0.0)": 0, "(6.0, 1.0, 0.0)": 0}}}