{"q": {"(3.0, 1.0, 0.0)": [0.0, 0.37340386572380185, 0.6458295382766235, 0.3660035362261143, 0.9087075856158584, 0.33431403186421293, 0.752338907892835, 0.7821850239008237, 0.2001519917021526], "(3.0, 0.0, 0.0)": [0.0, 0.5072250942154171, 0.5072093935560791, 0.5103902190479882, 0.5165593997852242, 0.52129376884115, 0.5127959166101339, 0.5094379929865224, 0.5513145582131291], "(4.0, 1.0, 0.0)": [0.0, 1.7303516202991445, 2.9505031521778258, 1.1498598999747018, 1.8605200512565567, 1.9316454354318542, 1.1380563011750509, 1.2967431741310687, 1.923187034148428], "(4.0, 0.0, 0.0)": [0.0, 0.786480355785085, 0.8498361076655958, 0.7613182196990127, 0.7823017988226436, 0.7624931000671272, 0.7491234467555442, 0.7481025482378935, 0.8133034267391802], "(5.0, 1.0, 0.0)": [0.0, 0.0, 11.694966872193708, 0.0, 0.0, 5.95703125, -2.3326210184312908, 0.0, 0.0], "(0.0, 1.0, 1.0)": [0.0, 0.3639137826893968, 0.42542516626137505, 0.44384548986346684, 0.44183332642726786, 0.42950311790053447, 0.4078597024651728, 0.4367218337031259, 0.4316504832865826], "(5.0, 0.0, 0.0)": [0.0, -8.025883272104515, -0.626798986612154, 0.47788773155464137, -6.8359375, -1.961758368875276, -4.289677507694931, -2.5, 0.2542028225289001], "(0.0, 0.0, 1.0)": [0.0, 0.36412447099053036, 0.38400694699471605, 0.3949553698671279, 0.2734619925263552, 0.3645019727562487, 0.38448084187649156, 0.11413823376937957, 0.39484259106813246], "(1.0, 0.0, 1.0)": [0.0, 0.4185303537032534, 0.4145538746660304, 0.44107648898877827, 0.4481454495429862, 0.45059998655802597, 0.4239250445545145, 0.4182441346649953, 0.44117166324507895], "(2.0, 0.0, 0.0)": [0.0, 0.6184796811204416, 0.6184796885134305, 0.6184796852733117, 0.6722605229570016, 0.6120472758124745, 0.5887943447602338, 0.6184796810316266, 0.617609126689002], "(2.0, 1.0, 0.0)": [0.0, 0.397452033270852, 0.22629889180718213, 0.18835818260502218, 0.25483228205065567, 0.4760726838007223, 0.1474065188846589, 0.11471159201710862, 0.2335136167037469], "(1.0, 1.0, 1.0)": [0.0, 0.5408378702920467, 1.0708186735576628, 0.8566649795894776, 1.0249031072627968, 1.0775917464157896, 1.1411353708762488, 0.6434685001106955, 0.9474503442544107], "(6.0, 0.0, 0.0)": [0.0, 0.0, 0.0, 0.0, 0.0, 0.0, 0.0, 0.0, 0.0]}, "stats": {"total_messages": 107905, "total_updates": 80005, "total_reward": -6189.0, "action_counts": [19241, 10233, 11942, 10296, 10448, 12135, 10226, 12077, 11307], "state_visits": {"(3.0, 1.0, 0.0)": 1684, "(3.0, 0.0, 0.0)": 35900, "(4.0, 1.0, 0.0)": 858, "(4.0, 0.0, 0.0)": 18778, "(5.0, 1.0, 0.0)": 8, "(0.0, 1.0, 1.0)": 191, "(5.0, 0.0, 0.0)": 79, "(0.0, 0.0, 1.0)": 8206, "(1.0, 0.0, 1.0)": 5068, "(2.0, 0.0, 0.0)": 8592, "(2.0, 1.0, 0.0)": 364, "(1.0, 1.0, 1.0)": 277, "(6.0, 0.0, 0.0)": 0}}}