{"q": {"(3.0, 1.0, 0.0)": [0.0, 2.288327519781287, 2.2251183725402894, 2.2867198453310187, 1.4712400881639935, 2.228314167315646, 2.2802874458791282, 1.60391095559737, 2.2035279919011597], "(3.0, 0.0, 0.0)": [0.0, 1.0875912359018938, 1.1032429774733215, 1.0688511040918989, 1.0552757382092899, 1.1048876379528711, 1.0615088719972452, 1.0190337794159443, 1.1076446812675376], "(4.0, 1.0, 0.0)": [0.0, 2.8348619460906406, 2.2636139962744597, 3.7989753995345485, 3.3752764884381925, 2.520884154159746, 4.110319980500854, 3.781061834898863, 3.784479394188298], "(4.0, 0.0, 0.0)": [0.0, 0.9082634019857216, 0.9156686489753676, 0.9207166753043927, 0.9661175842847491, 0.9872285342378985, 0.9119942673423334, 0.9352697730815718, 0.9109378365316878], "(5.0, 1.0, 0.0)": [0.0, 0.0, 13.483954274284496, 0.0, 0.0, 5.375024768888167, -0.21832555922152452, 3.598412644113912, 0.0], "(0.0, 1.0, 1.0)": [0.0, 0.5238277356444393, 0.5691485727823012, 0.5545722337857472, 0.5462646839795721, 0.5614425792727953, 0.5262619536531267, 0.5562130825866791, 0.5567073525001245], "(5.0, 0.0, 0.0)": [0.0, -8.976294245227638, 0.26396032423315047, -1.7010277481369402, -9.820876985141659, 0.5649261684780316, 0.5392321803498633, -7.171644933407091, 0.1660237790917], "(0.0, 0.0, 1.0)": [0.0, 0.6682534152757267, 0.648355003727588, 0.6218956901745054, 0.6081795853419515, 0.7093730755100933, 0.6589073325855346, 0.5883931762674346, 0.6342608725523295], "(1.0, 0.0, 1.0)": [0.0, 0.9929714481556495, 0.9929665616513559, 0.9403887437932388, 0.8583103187333255, 0.9865766867036044, 0.9578439839570554, 0.9995204202475495, 1.0793114800558214], "(2.0, 0.0, 0.0)": [0.0, 0.6842639845403612, 0.8046765336762812, 0.721599115316172, 0.8104588783128135, 0.6646203477990433, 0.8511657086269979, 0.7831660724405338, 0.7833047308657166], "(2.0, 1.0, 0.0)": [0.0, 0.6762234504022168, 0.8905589866666139, 1.0485359544309927, 1.1755813354037947, 1.1755521345456423, 1.6627707585751972, 1.2055387232483676, 1.594115989510839], "(1.0, 1.0, 1.0)": [0.0, 1.5252777222177114, 1.5481363432846698, 1.504416612458275, 1.6454787020268564, 1.6749019691947984, 1.6742224196845155, 1.6820798660941858, 1.6488803460513044], "(6.0, 0.0, 0.0)": [0.0, 0.0, 0.0, 0.0, 0.0, 0.0, 0.0, 0.0, 0.0], "(6.0, 1.0, 0.0)": [0.0, 0.0, 0.0, 0.0, 0.0, 0.0, 0.0, 0.0, 0.0]}, "stats": {"total_messages": 836768, "total_updates": 730003, "total_reward": -39294.0, "action_counts": [93003, 100860, 99531, 91674, 96104, 89217, 89354, 88571, 88454], "state_visits": {"(3.0, 1.0, 0.0)": 4714, "(3.0, 0.0, 0.0)": 290907, "(4.0, 1.0, 0.0)": 2323, "(4.0, 0.0, 0.0)": 139873, "(5.0, 1.0, 0.0)": 31, "(0.0, 1.0, 1.0)": 1168, "(5.0, 0.0, 0.0)": 524, "(0.0, 0.0, 1.0)": 45687, "(1.0, 0.0, 1.0)": 73493, "(2.0, 0.0, 0.0)": 166802, "(2.0, 1.0, 0.0)": 2497, "(1.0, 1.0, 1.0)": 1983, "(6.0, 0.0, 0.0)": 1, "(6.0, 1.0, 0.0)": 0}}}