{"q": {"(3.0, 1.0, 0.0)": [0.0, 0.8376817782615873, 0.8726626652297715, 0.8873879656473096, 1.6737476412652752, 1.5924787731170658, 0.8665569715280786, 0.8914900582638922, 0.8331438806617704], "(3.0, 0.0, 0.0)": [0.0, 0.5840856945979886, 0.7385831087283159, 0.5827357085597821, 0.6449788031522771, 0.6793261090519241, 0.679496460018171, 0.5583589510052941, 0.5680061145217581], "(4.0, 1.0, 0.0)": [0.0, 2.8348619460906406, 2.840504314695014, 3.4247007507686376, 2.772017152484081, 4.5811810562128805, 2.7936540071057623, 2.809883033699148, 2.7632315344240284], "(4.0, 0.0, 0.0)": [0.0, 0.32345718514902, 0.3445253826587504, 0.31699057723650464, 0.32028853773242183, 0.3217594826142039, 0.32014107523958657, 0.3414866894555707, 0.32689149747001656], "(5.0, 1.0, 0.0)": [0.0, 0.0, 13.483954274284496, 0.0, 0.0, 5.375024768888167, -0.21832555922152452, 3.598412644113912, 0.0], "(0.0, 1.0, 1.0)": [0.0, 0.6418131152556622, 0.47281832296761817, 0.6411920390630532, 0.6424516567012555, 0.6391759798946359, 0.6406368367687647, 0.6245261208383119, 0.6267216402397748], "(5.0, 0.0, 0.0)": [0.0, -9.853384336177108, -2.6420506766542102, -3.0240493300212274, -9.820876985141659, -0.595946779440591, -2.596657528567862, -7.680923372225143, -3.3238197450859706], "(0.0, 0.0, 1.0)": [0.0, -0.0015813630887401135, -4.801098410865665e-05, -0.010446033888275304, -0.11665361249040793, -0.6455335435029831, -0.0283980058698318, -0.0005870282227976873, -0.09118956760195096], "(1.0, 0.0, 1.0)": [0.0, 0.42139261967031105, 0.4078853143453338, 0.42793662810051664, 0.31842123215821316, 0.18887534799697822, -2.086414467661005, 0.3936148798510251, 0.39977396728094466], "(2.0, 0.0, 0.0)": [0.0, 0.6234788384532797, 0.590685920269407, 0.6378405385945491, 0.4922254576204098, 0.6189354909761366, 0.5774561999975445, 0.5996003546093398, 0.5868132955980092], "(2.0, 1.0, 0.0)": [0.0, 0.6628819889529787, 0.6680966697279346, 0.6494469410197674, 0.5190436585096226, 0.6563630279073601, 0.70533669879776, 0.8494475780272007, 0.5647278967745059], "(1.0, 1.0, 1.0)": [0.0, 0.40007952616152165, 0.4049860612090339, 2.054815807638163, 0.39680870735379625, 0.40101673173227614, 0.4006907236062523, 0.40287215539515375, 0.3987270569557629], "(6.0, 0.0, 0.0)": [0.0, 0.0, 0.0, 0.0, 0.0, 0.0, 0.0, 0.0, 0.0], "(6.0, 1.0, 0.0)": [0.0, 0.0, 0.0, 0.0, 0.0, 0.0, 0.0, 0.0, 0.0]}, "stats": {"total_messages": 737064, "total_updates": 636004, "total_reward": -36950.0, "action_counts": [88532, 87466, 85506, 79790, 82639, 79474, 80092, 76243, 77322], "state_visits": {"(3.0, 1.0, 0.0)": 4132, "(3.0, 0.0, 0.0)": 259745, "(4.0, 1.0, 0.0)": 2164, "(4.0, 0.0, 0.0)": 124682, "(5.0, 1.0, 0.0)": 31, "(0.0, 1.0, 1.0)": 944, "(5.0, 0.0, 0.0)": 465, "(0.0, 0.0, 1.0)": 36910, "(1.0, 0.0, 1.0)": 59157, "(2.0, 0.0, 0.0)": 144052, "(2.0, 1.0, 0.0)": 2004, "(1.0, 1.0, 1.0)": 1717, "(6.0, 0.0, 0.0)": 1, "(6.0, 1.0, 0.0)": 0}}}