{"q": {"(3.0, 1.0, 0.0)": [0.0, 1.205967454365491, 0.16106364683472862, 0.16307000696012444, 0.16421172411670992, 0.16024342873798142, 0.4012302185424817, 0.16130382480383437, 0.1610162852893392], "(3.0, 0.0, 0.0)": [0.0, -2.350538292145943, -1.318855608767258, -2.2563293513551383, -2.2908238945975414, -4.1969339910591685, -3.0665899606884475, -2.4247733057600915, -2.214566933915799], "(4.0, 1.0, 0.0)": [0.0, 0.09303982028355659, 0.27436780092003066, 0.3289005935651266, 0.09435047480503374, 0.4172482880682458, 0.4160346892907305, 0.4119499467816584, 0.09358722497054064], "(4.0, 0.0, 0.0)": [0.0, 0.15641210150317025, 0.21848288855021045, 0.1715096160118668, 0.22652929648193854, 0.24309931996323897, 0.15529465482896798, 0.23640449044555256, 0.21850276946967656], "(5.0, 1.0, 0.0)": [0.0, 0.0, 5.922525344478022, 0.0, 0.0, 5.375024768888167, -0.21832555922152452, 3.598412644113912, 0.0], "(0.0, 1.0, 1.0)": [0.0, 0.6550840161841065, 0.5830265087516049, 0.6721611823570912, 0.6543029319603604, 0.6721718996134527, 0.6120904436464184, 0.6607679256682887, 0.6665901040383542], "(5.0, 0.0, 0.0)": [0.0, -7.882069825771794, -2.302029756825137, -1.7010277481369402, -7.365657738856244, -0.8272283752939313, 0.7211921499009355, -3.6885495062602778, -2.375482165681225], "(0.0, 0.0, 1.0)": [0.0, -3.488702388052623, -2.540283142190325, -2.610004158205134, -3.609357882697121, -0.6375397075336509, -0.8768614974325281, -1.8982261904459867, -2.3337720296914397], "(1.0, 0.0, 1.0)": [0.0, -1.4897744104651351, -2.359156403509982, -4.782268474358054, -0.007658807880345122, -4.825998804105578, -0.04947597801108887, -0.9819389681747066, -0.3414314832133306], "(2.0, 0.0, 0.0)": [0.0, -0.0017917039387446367, -1.0226689887999536, -2.01182568578907, -3.564507721863053, -1.4255323484088969, -6.353026642219187, -0.010249350402159619, -0.0250998248307664], "(2.0, 1.0, 0.0)": [0.0, 0.15574360483112787, 0.15917613515893542, 0.15742114203513968, 0.20503390242680447, 0.22534861633058303, 0.32264811314071, 0.20680080528544903, 0.1528669833579936], "(1.0, 1.0, 1.0)": [0.0, 0.45285629922350684, 0.4608994627529775, 2.095801212514136, 0.4589110659281985, 0.4534005819324244, 0.45400267188980986, 0.45348037124086016, 0.4368240706671329], "(6.0, 0.0, 0.0)": [0.0, 0.0, 0.0, 0.0, 0.0, 0.0, 0.0, 0.0, 0.0], "(6.0, 1.0, 0.0)": [0.0, 0.0, 0.0, 0.0, 0.0, 0.0, 0.0, 0.0, 0.0]}, "stats": {"total_messages": 899745, "total_updates": 781001, "total_reward": -42332.0, "action_counts": [104667, 107563, 107143, 96835, 102945, 96277, 95362, 94761, 94192], "state_visits": {"(3.0, 1.0, 0.0)": 7351, "(3.0, 0.0, 0.0)": 308214, "(4.0, 1.0, 0.0)": 4316, "(4.0, 0.0, 0.0)": 151084, "(5.0, 1.0, 0.0)": 36, "(0.0, 1.0, 1.0)": 1637, "(5.0, 0.0, 0.0)": 554, "(0.0, 0.0, 1.0)": 46646, "(1.0, 0.0, 1.0)": 78023, "(2.0, 0.0, 0.0)": 176873, "(2.0, 1.0, 0.0)": 3534, "(1.0, 1.0, 1.0)": 2732, "(6.0, 0.0, 0.0)": 1, "(6.0, 1.0, 0.0)": 0}}}