{"q": {"(3.0, 1.0, 0.0)": [0.0, 0.6938190260123436, 0.7697275909113297, 0.7911851063333453, 0.8015726592493566, 0.7402437112713781, 0.7669212664553823, 0.7807905214360682, 0.7457419524195678], "(3.0, 0.0, 0.0)": [0.0, 0.9528994248297876, 0.9584350485923835, 0.9783229520350195, 0.9276269585071064, 0.9001974673834066, 0.970320775789623, 0.9061038366560985, 0.9525478621191052], "(4.0, 1.0, 0.0)": [0.0, 4.611884447707894, 13.105203168942415, 12.30193990821007, 1.6114102590704749, 1.840708463187896, 1.8918405219668215, 9.050701575024428, 8.185802751476054], "(4.0, 0.0, 0.0)": [0.0, 0.6662916874925727, 0.6856826597673429, 0.6933873277334702, 0.7193169085444333, 0.6319159450581678, 0.646592438971781, 0.661885417088529, 0.6950027738513889], "(5.0, 1.0, 0.0)": [0.0, 0.0, 11.694966872193708, 0.0, 0.0, 5.95703125, -0.21832555922152452, 0.0, 0.0], "(0.0, 1.0, 1.0)": [0.0, 1.1187954832090274, 0.6536091850020194, 0.3721151463539015, 1.4397159726047966, 1.2336623773885922, 1.0883413693887287, 0.7873011929502967, 0.36621825859045964], "(5.0, 0.0, 0.0)": [0.0, -4.333444456910178, -0.1264033700616258, -4.9902629383714245, -8.945412058372215, -6.378282322897209, -1.0441804182914027, -8.259653089599901, -1.8549436083971356], "(0.0, 0.0, 1.0)": [0.0, -0.08635707377115485, -4.481947893468933, -2.1476065011153205, -3.600242260205478, -1.4861449911959623, -0.018930762043944477, -0.5098703749989438, -5.070382232756334e-06], "(1.0, 0.0, 1.0)": [0.0, -1.01791823940539, 0.047200826576201206, 0.0400776039748324, -1.7999498851771412, -0.15807730818232324, -0.03530345595689178, -0.04793802866411016, -2.3683410264085145], "(2.0, 0.0, 0.0)": [0.0, 0.6111917118514777, 0.7161270350872488, 0.8111230649415111, 0.5178175553534451, 0.6831481234586131, 0.5725655377554645, 0.8482871463095558, 0.513363251850959], "(2.0, 1.0, 0.0)": [0.0, 1.0516005956150534, 0.891389024619486, 0.9288574597119171, 0.8984537288082882, 0.8228954144108094, 0.9084777674729323, 0.9667601268347984, 0.8653892775611545], "(1.0, 1.0, 1.0)": [0.0, 1.1172733142189881, 1.34614917552509, 1.3364125160931055, 1.3561674775902959, 1.2048027668487786, 1.3350078647055035, 1.410251794432146, 1.4495546342521908], "(6.0, 0.0, 0.0)": [0.0, 0.0, 0.0, 0.0, 0.0, 0.0, 0.0, 0.0, 0.0]}, "stats": {"total_messages": 449576, "total_updates": 381003, "total_reward": -24918.0, "action_counts": [58453, 52522, 50127, 49733, 52188, 50454, 46840, 45182, 44077], "state_visits": {"(3.0, 1.0, 0.0)": 3231, "(3.0, 0.0, 0.0)": 162801, "(4.0, 1.0, 0.0)": 1500, "(4.0, 0.0, 0.0)": 74777, "(5.0, 1.0, 0.0)": 11, "(0.0, 1.0, 1.0)": 415, "(5.0, 0.0, 0.0)": 286, "(0.0, 0.0, 1.0)": 20957, "(1.0, 0.0, 1.0)": 28316, "(2.0, 0.0, 0.0)": 86961, "(2.0, 1.0, 0.0)": 1093, "(1.0, 1.0, 1.0)": 655, "(6.0, 0.0, 0.0)": 0}}}