{"q": {"(3.0, 1.0, 0.0)": [0.0, 2.059642567971567, 1.5397444733336767, 2.0873371781532195, 1.267315387838254, 1.9453308816767523, 2.0545970495609915, 2.06502065160684, 2.087221123111249], "(3.0, 0.0, 0.0)": [0.0, 0.3879640341889158, 0.39808180255896375, 0.421694063134274, 0.4060118961537592, 0.4011235574283904, 0.4163314583311697, 0.40105464441836247, 0.4100049825786782], "(4.0, 1.0, 0.0)": [0.0, 4.8601838221968015, 4.779811721582411, 4.733210908609744, 4.431652638017986, 4.758436224839125, 5.012270617836989, 4.714883961077196, 4.8004405414283235], "(4.0, 0.0, 0.0)": [0.0, 0.4057997147331331, 0.393689270446158, 0.3804483388146033, 0.3914438624226564, 0.4077434317569581, 0.41075231615644503, 0.37943670093253756, 0.4115335617427017], "(5.0, 1.0, 0.0)": [0.0, 0.0, 6.860363154283547, 0.0, 0.0, 5.375024768888167, -0.21832555922152452, 0.0, 0.0], "(0.0, 1.0, 1.0)": [0.0, 0.78435628700752, 0.6482479113277421, 0.7885386076032117, 0.7678896962689488, 0.7896155473485817, 0.7792623051488432, 0.7836081885253386, 0.7645370104735945], "(5.0, 0.0, 0.0)": [0.0, -4.246477330472033, -0.05332642174474839, -0.8648538679202766, -4.373838878851727, -2.298241590028533, -1.7164179694080197, -6.952190123555045, -0.2391847405653427], "(0.0, 0.0, 1.0)": [0.0, -1.0104623697854875, -0.44254457261869096, -0.6197292134884611, -0.2812322377633491, -0.9220196331342367, -1.0106713574095814, -0.10684417236089011, -0.8602628227991047], "(1.0, 0.0, 1.0)": [0.0, 0.26370164068533325, 0.2785895889255712, 0.251749097100056, 0.2771284437455285, 0.02798476260696295, 0.2179234405068366, 0.2668489666823164, 0.2817574856244637], "(2.0, 0.0, 0.0)": [0.0, 0.6970995740977611, 0.7979651041680998, 0.2919043410324017, 0.4655621591131414, 0.24142349663338783, 0.3008027278314476, 0.239119686223319, 0.23326079886294823], "(2.0, 1.0, 0.0)": [0.0, 0.6764101928091619, 1.5972522022521976, 0.7162434812134147, 0.6772905911353243, 0.6740892472478113, 0.6772195537316396, 0.668396529772196, 0.8927085459713334], "(1.0, 1.0, 1.0)": [0.0, 0.5751856969951644, 0.5666888743949093, 0.5665180231315253, 0.5683999826434046, 0.5700798470961496, 0.5653980242484525, 0.5717046595219046, 0.5610454128090551], "(6.0, 0.0, 0.0)": [0.0, 0.0, 0.0, 0.0, 0.0, 0.0, 0.0, 0.0, 0.0], "(6.0, 1.0, 0.0)": [0.0, 0.0, 0.0, 0.0, 0.0, 0.0, 0.0, 0.0, 0.0]}, "stats": {"total_messages": 616383, "total_updates": 540001, "total_reward": -28862.0, "action_counts": [64440, 74073, 70533, 68109, 71663, 68123, 69473, 64234, 65735], "state_visits": {"(3.0, 1.0, 0.0)": 3721, "(3.0, 0.0, 0.0)": 212974, "(4.0, 1.0, 0.0)": 1964, "(4.0, 0.0, 0.0)": 95264, "(5.0, 1.0, 0.0)": 28, "(0.0, 1.0, 1.0)": 863, "(5.0, 0.0, 0.0)": 347, "(0.0, 0.0, 1.0)": 35992, "(1.0, 0.0, 1.0)": 55050, "(2.0, 0.0, 0.0)": 130475, "(2.0, 1.0, 0.0)": 1834, "(1.0, 1.0, 1.0)": 1489, "(6.0, 0.0, 0.0)": 0, "(6.0, 1.0, 0.0)": 0}}}