{"q": {"(3.0, 1.0, 0.0)": [0.0, 1.4978542675876902, 1.5708664959724334, 1.4611830956558265, 1.3816501013898432, 1.5581850245852926, 1.5652295343918181, 1.5667888608368898, 1.4712821953783277], "(3.0, 0.0, 0.0)": [0.0, 0.8774866799771417, 0.6803788668393551, 0.45329539587518936, 0.9454643592730909, 0.45323002393321243, 0.6499176966827815, 0.8706693389175015, 0.9459295260665415], "(4.0, 1.0, 0.0)": [0.0, 4.50008787109601, 4.6086470488862314, 4.733210908609744, 4.431652638017986, 4.758436224839125, 4.717509007343231, 4.714883961077196, 4.704431730599757], "(4.0, 0.0, 0.0)": [0.0, 0.6433717171377956, 0.3471293539866022, 0.5867342812357049, 0.5919019207373362, 0.41510533883867134, 0.4737127925908183, 0.5414784096734568, 0.49502067925616555], "(5.0, 1.0, 0.0)": [0.0, 0.0, 6.860363154283547, 0.0, 0.0, 5.375024768888167, -0.21832555922152452, 0.0, 0.0], "(0.0, 1.0, 1.0)": [0.0, 0.78435628700752, 0.6482479113277421, 0.7885386076032117, 0.7678896962689488, 0.7896155473485817, 0.7792623051488432, 0.7836081885253386, 0.7645370104735945], "(5.0, 0.0, 0.0)": [0.0, -4.246477330472033, -0.05332642174474839, -3.1486404009402076, -3.280379159138795, -2.298241590028533, -1.7164179694080197, -6.952190123555045, -0.2391847405653427], "(0.0, 0.0, 1.0)": [0.0, -0.23978745689245454, -5.244779051132575, -0.2614482619404445, -0.06673772829735726, -4.74765134142657, -4.801376978907167, -0.6894723322330474, -0.08612341889015085], "(1.0, 0.0, 1.0)": [0.0, -0.6742837766880196, -0.07041175637664498, -2.4387805277599632, -0.12821137783017403, -0.033075479896036375, -0.21678402322393148, -1.9314543125933552, -0.07545898481692337], "(2.0, 0.0, 0.0)": [0.0, 0.29497908686583385, 0.35881276678743446, 0.2850366628155667, 0.3646907308089128, 0.2894055590785166, 0.2901237569617565, 0.31075227449146914, -1.598967207109867], "(2.0, 1.0, 0.0)": [0.0, 0.6764101928091619, 1.4307983129281283, 1.1792077734265232, 0.9273340687568763, 0.8696293766790175, 0.6772195537316396, 0.668396529772196, 0.8927085459713334], "(1.0, 1.0, 1.0)": [0.0, 0.5524083433941558, 0.5110242820458261, 0.6738497765587784, 0.5371501797866569, 0.547504685151142, 0.5540900637634835, 0.5490651550048372, 0.5404857345024789], "(6.0, 0.0, 0.0)": [0.0, 0.0, 0.0, 0.0, 0.0, 0.0, 0.0, 0.0, 0.0], "(6.0, 1.0, 0.0)": [0.0, 0.0, 0.0, 0.0, 0.0, 0.0, 0.0, 0.0, 0.0]}, "stats": {"total_messages": 625701, "total_updates": 548003, "total_reward": -29345.0, "action_counts": [65714, 74921, 71674, 69056, 72977, 68587, 70610, 65288, 66874], "state_visits": {"(3.0, 1.0, 0.0)": 3836, "(3.0, 0.0, 0.0)": 216642, "(4.0, 1.0, 0.0)": 1975, "(4.0, 0.0, 0.0)": 96846, "(5.0, 1.0, 0.0)": 28, "(0.0, 1.0, 1.0)": 863, "(5.0, 0.0, 0.0)": 349, "(0.0, 0.0, 1.0)": 36038, "(1.0, 0.0, 1.0)": 56013, "(2.0, 0.0, 0.0)": 132017, "(2.0, 1.0, 0.0)": 1869, "(1.0, 1.0, 1.0)": 1527, "(6.0, 0.0, 0.0)": 0, "(6.0, 1.0, 0.0)": 0}}}