{"q": {"(3.0, 1.0, 0.0)": [0.0, 0.6938190260123436, 0.7920872194682798, 0.7911851063333453, 0.701432608988114, 0.7067463321112984, 0.7946588985982972, 0.7240020819559403, 0.6477342893549358], "(3.0, 0.0, 0.0)": [0.0, 0.6835490861954364, 0.6348675179573251, 0.7345557069962321, 0.6895825775917643, 0.6193560876333696, 0.5727503590753443, 0.5811511415922852, 0.5609464075513755], "(4.0, 1.0, 0.0)": [0.0, 1.7970953695643148, 13.105203168942415, 14.191577915368075, 1.6114102590704749, 1.840708463187896, 1.8918405219668215, 9.050701575024428, 1.5114838464940064], "(4.0, 0.0, 0.0)": [0.0, 0.34076822293444775, 0.3647552484130774, 0.3418212959633247, 0.3698715465753179, 0.34845943969982235, 0.3495411394979658, 0.27164099580124335, 0.3193704922834459], "(5.0, 1.0, 0.0)": [0.0, 0.0, 11.694966872193708, 0.0, 0.0, 5.95703125, -0.21832555922152452, 0.0, 0.0], "(0.0, 1.0, 1.0)": [0.0, 1.1187954832090274, 0.6536091850020194, 0.3721151463539015, 1.4397159726047966, 1.2336623773885922, 1.0883413693887287, 0.7873011929502967, 0.36621825859045964], "(5.0, 0.0, 0.0)": [0.0, -5.777925942546904, -0.1264033700616258, -4.9902629383714245, -6.666981320287492, -3.561390796261705, -1.0441804182914027, -8.259653089599901, -1.8549436083971356], "(0.0, 0.0, 1.0)": [0.0, -2.6524438856861985, -0.8012045206195724, -2.095826785976458, -0.006302645894480738, -0.7299879471338495, -0.448223063128162, -0.7360740390630978, -0.0002134245016135758], "(1.0, 0.0, 1.0)": [0.0, -1.3902149177972347, -0.0022061578442841294, 0.00883542152265896, -0.20494111424646388, 0.4195002500972941, -0.09292691904801476, -7.518803004823603e-06, -1.030501313522458], "(2.0, 0.0, 0.0)": [0.0, 0.5622247289107328, 0.6032629575691499, 0.5017155869919288, 0.5843717483397584, 0.5629030187407534, -0.21235769682478883, -0.05151683067620594, 0.6110736739895426], "(2.0, 1.0, 0.0)": [0.0, 0.9448906209243623, 0.977835885430532, 0.9288574597119171, 0.9353081323653546, 0.8228954144108094, 0.9084777674729323, 0.8117815670878797, 0.7914577469301222], "(1.0, 1.0, 1.0)": [0.0, 1.1172733142189881, 1.34614917552509, 1.3364125160931055, 1.3561674775902959, 1.2048027668487786, 1.3380705833334094, 1.410251794432146, 1.4495546342521908], "(6.0, 0.0, 0.0)": [0.0, 0.0, 0.0, 0.0, 0.0, 0.0, 0.0, 0.0, 0.0]}, "stats": {"total_messages": 439641, "total_updates": 372005, "total_reward": -24061.0, "action_counts": [57548, 51616, 48589, 48560, 50374, 49340, 46026, 44326, 43262], "state_visits": {"(3.0, 1.0, 0.0)": 3148, "(3.0, 0.0, 0.0)": 159532, "(4.0, 1.0, 0.0)": 1487, "(4.0, 0.0, 0.0)": 72964, "(5.0, 1.0, 0.0)": 11, "(0.0, 1.0, 1.0)": 415, "(5.0, 0.0, 0.0)": 279, "(0.0, 0.0, 1.0)": 20844, "(1.0, 0.0, 1.0)": 26960, "(2.0, 0.0, 0.0)": 84642, "(2.0, 1.0, 0.0)": 1072, "(1.0, 1.0, 1.0)": 651, "(6.0, 0.0, 0.0)": 0}}}