{"q": {"(3.0, 1.0, 0.0)": [0.0, 0.09783021427947983, 0.046908913068547047, 0.13066634785930722, 0.07033883643452765, 0.04643690232312095, 0.06544130223223509, 0.04711469584115615, 0.04703848925125392], "(3.0, 0.0, 0.0)": [0.0, 0.12365451987432066, 0.1250474242936501, 0.1208207538091774, 0.09704414625101203, 0.0974139095783226, -0.0062800864318612315, 0.058136826622672354, 0.12100507700285625], "(4.0, 1.0, 0.0)": [0.0, 0.41232932990240617, 0.40991914193404044, 0.4141155048816754, 0.4117865264553247, 0.4079189396976936, 0.4068259260053139, 0.3136834496535168, 0.4137310920199435], "(4.0, 0.0, 0.0)": [0.0, 0.1464035728039856, 0.44657811313321594, 0.14934085994269666, 0.15796855256688946, 0.14690084808490772, 0.15056570122038576, 0.1479008503821016, 0.14752775880560431], "(5.0, 1.0, 0.0)": [0.0, 0.0, 2.985873773317377, 0.0, 3.5, 3.028868108091281, -0.21832555922152452, 4.3948332934237255, 0.0], "(0.0, 1.0, 1.0)": [0.0, 1.4665979130347189, 0.8053030107771426, 1.053755732579758, 0.45137542775565287, 0.4509861133194605, 0.8236276233316148, 2.5918875854572425, 0.44502086734906315], "(5.0, 0.0, 0.0)": [0.0, -6.308664276996634, -1.7265223176188527, -3.2176210812452717, -5.524243304142184, -0.6204212814704485, -4.203857722240306, -5.266412129695208, -2.375482165681225], "(0.0, 0.0, 1.0)": [0.0, -3.4689911097252453, -5.436414958620945, -0.6121111558107941, -1.9218806458633448, -0.602617903123428, -0.8491515033678526, -1.2168059908610505, -2.191686699860491], "(1.0, 0.0, 1.0)": [0.0, -2.3496905208739043, -1.9273950842029748, -1.2542109119122482, -0.42118716148499513, -2.1252411998936562, -0.6043525903070452, -0.44723404464608285, -0.192274422011804], "(2.0, 0.0, 0.0)": [0.0, -1.6232644031561272, -0.33680109993122204, -0.1632343719085298, -4.480717385063683, -1.8185982448770233, -1.7150083687228537, -2.792871581002972, -3.0628623758846216], "(2.0, 1.0, 0.0)": [0.0, 0.1992987168121363, 0.26422608170687945, 0.2722138431530372, 0.2688840629416002, 0.26982006822058774, 0.27119757647319254, 0.2682462701543513, 0.2668431298282662], "(1.0, 1.0, 1.0)": [0.0, 0.4017080998875982, 0.32155836137827043, 0.39677989636002997, 0.39654113122647194, 0.3956424290942337, 0.39490858271954016, 0.39463793008698844, 0.40045834941839686], "(6.0, 0.0, 0.0)": [0.0, 0.0, 0.0, 0.0, 0.0, 0.0, 0.0, 0.0, 0.0], "(6.0, 1.0, 0.0)": [0.0, 0.0, 0.0, 0.0, 0.0, 0.0, 0.0, 0.0, 0.0]}, "stats": {"total_messages": 922702, "total_updates": 797002, "total_reward": -43137.0, "action_counts": [111294, 109282, 109602, 98492, 105097, 98551, 98650, 95959, 95775], "state_visits": {"(3.0, 1.0, 0.0)": 9003, "(3.0, 0.0, 0.0)": 313114, "(4.0, 1.0, 0.0)": 5803, "(4.0, 0.0, 0.0)": 157526, "(5.0, 1.0, 0.0)": 47, "(0.0, 1.0, 1.0)": 1870, "(5.0, 0.0, 0.0)": 568, "(0.0, 0.0, 1.0)": 46798, "(1.0, 0.0, 1.0)": 78151, "(2.0, 0.0, 0.0)": 177239, "(2.0, 1.0, 0.0)": 3760, "(1.0, 1.0, 1.0)": 3122, "(6.0, 0.0, 0.0)": 1, "(6.0, 1.0, 0.0)": 0}}}