{"q": {"(3.0, 1.0, 0.0)": [0.0, 0.05374619475683774, 0.04235593281930472, 0.17902513448108437, 0.038601114611846156, 0.09623739006611753, 0.053172903028638654, 0.08118057098555158, 0.04041765775953488], "(3.0, 0.0, 0.0)": [0.0, 0.7548446667915311, 0.817656126333872, 0.7524478020891787, 0.7524491126260198, 0.7524739131083903, 0.7524489752942659, 0.7524478020891888, 0.817878045749107], "(4.0, 1.0, 0.0)": [0.0, 2.8570621274936636, 0.21308229682912094, 0.17645485313069156, 0.14926670252865673, 1.2106719054414816, 0.03769113843203695, 2.5524390662682297, 0.037915453178087796], "(4.0, 0.0, 0.0)": [0.0, 0.901101290618512, 0.4688634889160149, 0.8589132892598178, 0.8617314579211814, 0.8357005035562874, 0.8474950688811392, 0.8397793855313935, 0.8528134343787676], "(5.0, 1.0, 0.0)": [0.0, 0.0, 0.0, 0.0, 0.0, 5.95703125, 0.0, 0.0, 0.0], "(0.0, 1.0, 1.0)": [0.0, 0.0, 0.5590502115954552, 0.0, 0.22501771016717073, 0.1285815486669547, 0.0, 0.0, 0.0], "(5.0, 0.0, 0.0)": [0.0, -5.826755336706924, -2.3266107961535454, 0.08664665206211238, -6.8359375, -1.961758368875276, -4.289677507694931, -2.5, 0.2542028225289001], "(0.0, 0.0, 1.0)": [0.0, 0.28110815862197225, 0.448230639118044, 0.46598515082860925, 0.550008822057775, 0.588815227506233, 0.37672457418309724, 0.634594880013384, 0.5107025885536772], "(1.0, 0.0, 1.0)": [0.0, 0.4097969399091952, 0.5905947260702739, 0.4253286077819713, 0.5438624957954875, 0.5431765600649106, 0.49085773697689017, 0.2963427378626578, 0.43085035378118386], "(2.0, 0.0, 0.0)": [0.0, -1.3552465410101124, 0.626398236939722, 0.5873336846544779, 0.6418198807144472, 0.6062508154861326, 0.6247293505396779, 0.6543584033862755, 0.5579305534416386], "(2.0, 1.0, 0.0)": [0.0, 0.009100249344812805, 0.0, 0.0, 0.0, 0.025395512986364624, 0.02390823264361643, 0.01785907385862901, 0.030105918525674197], "(1.0, 1.0, 1.0)": [0.0, 0.0, 1.1160713972678402, 0.03668008219861263, 0.0, 0.00868397701149333, 1.343696572154153, 0.08658281416507392, 0.027057452129922964], "(6.0, 0.0, 0.0)": [0.0, 0.0, 0.0, 0.0, 0.0, 0.0, 0.0, 0.0, 0.0]}, "stats": {"total_messages": 69401, "total_updates": 45002, "total_reward": -5685.0, "action_counts": [18916, 4074, 6334, 6245, 5109, 9031, 6491, 6884, 6317], "state_visits": {"(3.0, 1.0, 0.0)": 1332, "(3.0, 0.0, 0.0)": 22319, "(4.0, 1.0, 0.0)": 582, "(4.0, 0.0, 0.0)": 14069, "(5.0, 1.0, 0.0)": 5, "(0.0, 1.0, 1.0)": 42, "(5.0, 0.0, 0.0)": 70, "(0.0, 0.0, 1.0)": 3261, "(1.0, 0.0, 1.0)": 1320, "(2.0, 0.0, 0.0)": 1551, "(2.0, 1.0, 0.0)": 250, "(1.0, 1.0, 1.0)": 201, "(6.0, 0.0, 0.0)": 0}}}