{"q": {"(3.0, 1.0, 0.0)": [0.0, 0.05374619475683774, 0.04235593281930472, 0.05407040610278905, 0.038601114611846156, 0.042986263888855215, 0.053172903028638654, 0.053339720073202895, 0.04041765775953488], "(3.0, 0.0, 0.0)": [0.0, 0.5125284139174805, -8.802581451197359, 0.6510646262841151, 0.5404070025561567, 0.6792686234453438, 0.6918260031823793, 0.5862543046468863, 0.622153001834184], "(4.0, 1.0, 0.0)": [0.0, 2.9748668549496706, 0.21308229682912094, 0.17645485313069156, 0.14926670252865673, 0.10791893177827921, 0.03769113843203695, 0.22739708844387985, 0.037915453178087796], "(4.0, 0.0, 0.0)": [0.0, 0.4232484599949161, -1.9572697505070091, 0.4111069694623735, 0.4319895385611156, 0.4313169938067115, 0.41337125267037156, 0.4493114376618019, 0.37641659437935776], "(5.0, 1.0, 0.0)": [0.0, 0.0, 0.0, 0.0, 0.0, 5.95703125, 0.0, 0.0, 0.0], "(0.0, 1.0, 1.0)": [0.0, 0.0, 0.0, 0.0, 0.0, 0.0, 0.0, 0.0, 0.0], "(5.0, 0.0, 0.0)": [0.0, -5.826755336706924, -2.3266107961535454, 0.0, -6.8359375, -1.961758368875276, -4.289677507694931, -2.5, 0.2542028225289001], "(0.0, 0.0, 1.0)": [0.0, -5.548909185746766, 0.22498315416161302, 0.22507413343200522, -0.2407919141480647, 0.1644466936491818, 0.24241656806288797, -2.209515756478717, 0.12997292567454893], "(1.0, 0.0, 1.0)": [0.0, 0.1802759689785182, 0.22641558256194205, 0.2138571518799528, -0.002123832089943432, 0.24348926197831267, 0.10738964915706965, 0.18633580356410057, -0.01669999008097048], "(2.0, 0.0, 0.0)": [0.0, -6.379375963657335, -8.209317856719506e-09, -0.0017551812268679682, -0.010096428698518112, -2.0979764851050695e-09, -2.574893171417964e-06, -0.009657531798499824, -6.720920142065267e-08], "(2.0, 1.0, 0.0)": [0.0, 0.009100249344812805, 0.0, 0.0, 0.0, 0.025395512986364624, 0.02390823264361643, 0.01785907385862901, 0.030105918525674197], "(1.0, 1.0, 1.0)": [0.0, 0.0, 0.03626126748625301, 0.03668008219861263, 0.0, 0.00868397701149333, 1.343696572154153, 0.08658281416507392, 0.027057452129922964], "(6.0, 0.0, 0.0)": [0.0, 0.0, 0.0, 0.0, 0.0, 0.0, 0.0, 0.0, 0.0]}, "stats": {"total_messages": 57870, "total_updates": 37005, "total_reward": -5721.0, "action_counts": [18704, 2920, 5247, 5675, 4211, 7095, 5274, 4916, 3828], "state_visits": {"(3.0, 1.0, 0.0)": 1326, "(3.0, 0.0, 0.0)": 19496, "(4.0, 1.0, 0.0)": 566, "(4.0, 0.0, 0.0)": 11800, "(5.0, 1.0, 0.0)": 5, "(0.0, 1.0, 1.0)": 31, "(5.0, 0.0, 0.0)": 69, "(0.0, 0.0, 1.0)": 1621, "(1.0, 0.0, 1.0)": 702, "(2.0, 0.0, 0.0)": 946, "(2.0, 1.0, 0.0)": 250, "(1.0, 1.0, 1.0)": 193, "(6.0, 0.0, 0.0)": 0}}}