{"q": {"(3.0, 1.0, 0.0)": [0.0, 0.6938190260123436, 0.7920872194682798, 0.7911851063333453, 0.701432608988114, 0.7067463321112984, 0.7946588985982972, 0.7240020819559403, 0.6477342893549358], "(3.0, 0.0, 0.0)": [0.0, 0.5404774635541985, 0.6974051566520768, 0.5603503138090598, 0.6279102043393312, 0.7462223880883714, 0.5733699568880091, 0.7580490843907545, 0.5504018707940256], "(4.0, 1.0, 0.0)": [0.0, 1.7970953695643148, 13.105203168942415, 14.191577915368075, 1.6114102590704749, 1.840708463187896, 1.8918405219668215, 9.050701575024428, 1.5114838464940064], "(4.0, 0.0, 0.0)": [0.0, 0.33361950864608475, 0.402343055891792, 0.29061500466325074, 0.3206306766664221, 0.3016769547320313, 0.32359525707782205, 0.33302160573138695, 0.37023334331027136], "(5.0, 1.0, 0.0)": [0.0, 0.0, 11.694966872193708, 0.0, 0.0, 5.95703125, -0.21832555922152452, 0.0, 0.0], "(0.0, 1.0, 1.0)": [0.0, 1.1187954832090274, 0.6536091850020194, 0.3721151463539015, 1.4397159726047966, 1.2336623773885922, 1.0883413693887287, 0.7873011929502967, 0.36621825859045964], "(5.0, 0.0, 0.0)": [0.0, -9.413344088087007, -0.4221374053000758, -2.812356642144448, -7.243792814735778, -2.9980280822430303, 0.026577783964201927, -7.909407156599911, -4.405053888468158], "(0.0, 0.0, 1.0)": [0.0, -0.028668801391424206, -0.012252164607213484, -0.6588477058084719, -0.14922755048521358, -0.09139095156042792, -0.2592281846148399, -1.4137486932483476, -0.01197806287521683], "(1.0, 0.0, 1.0)": [0.0, 0.06718599779231288, -0.12104484196065497, 0.27162945215026074, -0.05379876772691002, 0.0012550726149533065, -0.28048083104108845, -0.15692798650999523, -0.027286493085047513], "(2.0, 0.0, 0.0)": [0.0, 0.6041556180980143, 0.8826772160416602, 0.9307673131623296, 0.9548076685664277, 0.6478948693464648, 0.6118739011531327, 0.777957549325053, 0.5510701684419875], "(2.0, 1.0, 0.0)": [0.0, 0.9448906209243623, 0.977835885430532, 0.9288574597119171, 0.9353081323653546, 0.8228954144108094, 0.9084777674729323, 0.8117815670878797, 0.7914577469301222], "(1.0, 1.0, 1.0)": [0.0, 1.1172733142189881, 1.34614917552509, 1.3364125160931055, 1.3561674775902959, 1.2048027668487786, 1.3380705833334094, 1.410251794432146, 1.4495546342521908], "(6.0, 0.0, 0.0)": [0.0, 0.0, 0.0, 0.0, 0.0, 0.0, 0.0, 0.0, 0.0]}, "stats": {"total_messages": 410414, "total_updates": 347004, "total_reward": -21658.0, "action_counts": [53394, 48553, 45856, 45376, 45735, 46041, 43583, 41995, 39881], "state_visits": {"(3.0, 1.0, 0.0)": 3148, "(3.0, 0.0, 0.0)": 151041, "(4.0, 1.0, 0.0)": 1487, "(4.0, 0.0, 0.0)": 67488, "(5.0, 1.0, 0.0)": 11, "(0.0, 1.0, 1.0)": 415, "(5.0, 0.0, 0.0)": 236, "(0.0, 0.0, 1.0)": 20618, "(1.0, 0.0, 1.0)": 25496, "(2.0, 0.0, 0.0)": 75341, "(2.0, 1.0, 0.0)": 1072, "(1.0, 1.0, 1.0)": 651, "(6.0, 0.0, 0.0)": 0}}}