{"q": {"(3.0, 1.0, 0.0)": [0.0, 0.8376817782615873, 0.8726626652297715, 0.8873879656473096, 1.6737476412652752, 1.5924787731170658, 0.8665569715280786, 0.8914900582638922, 0.8331438806617704], "(3.0, 0.0, 0.0)": [0.0, 0.5172959533011334, 0.5356971640092467, 0.5504821247363592, 0.5432379324715878, 0.5168026486429332, 0.5064435547578504, 0.5269524019982057, 0.5336572764284138], "(4.0, 1.0, 0.0)": [0.0, 2.8348619460906406, 2.840504314695014, 3.4247007507686376, 2.772017152484081, 4.5811810562128805, 2.7936540071057623, 2.809883033699148, 2.7632315344240284], "(4.0, 0.0, 0.0)": [0.0, 0.3316839541750376, 0.3303058537779402, 0.3496407212765553, 0.32166946357443105, 0.3219539681939603, 0.3224188369339111, 0.3216695921360879, 0.32166946357443116], "(5.0, 1.0, 0.0)": [0.0, 0.0, 13.483954274284496, 0.0, 0.0, 5.375024768888167, -0.21832555922152452, 3.598412644113912, 0.0], "(0.0, 1.0, 1.0)": [0.0, 0.6418131152556622, 0.47281832296761817, 0.6411920390630532, 0.6424516567012555, 0.6391759798946359, 0.6406368367687647, 0.6245261208383119, 0.6267216402397748], "(5.0, 0.0, 0.0)": [0.0, -9.853384336177108, -2.6420506766542102, -3.0240493300212274, -9.820876985141659, -0.595946779440591, -2.596657528567862, -7.680923372225143, -3.3238197450859706], "(0.0, 0.0, 1.0)": [0.0, -0.0037484162103469357, -8.535286063761181e-05, -0.024760969216652575, -0.15553814998721058, -1.1476151884497476, -0.08975172225527087, -0.0005870282227976873, -0.2161530491305504], "(1.0, 0.0, 1.0)": [0.0, 0.42379709452558306, 0.37417891994181424, 0.45467516521657286, 0.2851279255445352, 0.18887534799697822, 0.4100076562157231, 0.3936148798510251, 0.4183011685719463], "(2.0, 0.0, 0.0)": [0.0, 0.6234786919594999, 0.5517899008683004, 0.6776943902992685, 0.4922254576204098, 0.6189354909761366, 0.5524116657025675, 0.5886057165297822, 0.6263348748445394], "(2.0, 1.0, 0.0)": [0.0, 0.6628819889529787, 0.6680966697279346, 0.6494469410197674, 0.5190436585096226, 0.6563630279073601, 0.70533669879776, 0.8494475780272007, 0.5647278967745059], "(1.0, 1.0, 1.0)": [0.0, 0.40007952616152165, 0.4049860612090339, 2.054815807638163, 0.39680870735379625, 0.40101673173227614, 0.4006907236062523, 0.40287215539515375, 0.3987270569557629], "(6.0, 0.0, 0.0)": [0.0, 0.0, 0.0, 0.0, 0.0, 0.0, 0.0, 0.0, 0.0], "(6.0, 1.0, 0.0)": [0.0, 0.0, 0.0, 0.0, 0.0, 0.0, 0.0, 0.0, 0.0]}, "stats": {"total_messages": 735938, "total_updates": 635004, "total_reward": -36943.0, "action_counts": [88421, 87452, 85330, 79151, 82625, 79461, 80063, 76126, 77309], "state_visits": {"(3.0, 1.0, 0.0)": 4132, "(3.0, 0.0, 0.0)": 259373, "(4.0, 1.0, 0.0)": 2164, "(4.0, 0.0, 0.0)": 124369, "(5.0, 1.0, 0.0)": 31, "(0.0, 1.0, 1.0)": 944, "(5.0, 0.0, 0.0)": 465, "(0.0, 0.0, 1.0)": 36892, "(1.0, 0.0, 1.0)": 59021, "(2.0, 0.0, 0.0)": 143891, "(2.0, 1.0, 0.0)": 2004, "(1.0, 1.0, 1.0)": 1717, "(6.0, 0.0, 0.0)": 1, "(6.0, 1.0, 0.0)": 0}}}