{"q": {"(3.0, 1.0, 0.0)": [0.0, 0.8376817782615873, 0.8726626652297715, 0.8873879656473096, 1.6737476412652752, 1.5924787731170658, 0.8665569715280786, 0.8914900582638922, 0.8331438806617704], "(3.0, 0.0, 0.0)": [0.0, 0.4866048810755189, 0.5064172222919188, 0.528022181634335, 0.49341446474593487, 0.49054887703512146, 0.48581311775185365, 0.49413419606071335, 0.48578033841143164], "(4.0, 1.0, 0.0)": [0.0, 2.8348619460906406, 2.840504314695014, 3.4247007507686376, 2.772017152484081, 4.5811810562128805, 2.7936540071057623, 2.809883033699148, 2.7632315344240284], "(4.0, 0.0, 0.0)": [0.0, 0.3650041278056252, 0.3490630467627565, 0.35898596690793094, 0.3571433512747582, 0.35814745164181033, 0.3373343384606061, 0.3416446730168328, 0.3560904872798386], "(5.0, 1.0, 0.0)": [0.0, 0.0, 13.483954274284496, 0.0, 0.0, 5.375024768888167, -0.21832555922152452, 3.598412644113912, 0.0], "(0.0, 1.0, 1.0)": [0.0, 0.6418131152556622, 0.47281832296761817, 0.6411920390630532, 0.6424516567012555, 0.6391759798946359, 0.6406368367687647, 0.6245261208383119, 0.6267216402397748], "(5.0, 0.0, 0.0)": [0.0, -8.100499776060795, -1.8918728131301745, -2.9444527513949903, -8.210790138430708, -0.4065096264389963, -0.12887670475714896, -7.680923372225143, -2.575679546819503], "(0.0, 0.0, 1.0)": [0.0, -0.18880515345696952, -0.270505005695149, -3.3083533439198645, -2.267649892090086, -4.85927920405109, -0.6495346540771495, -0.024912225259011763, -3.402040947647696], "(1.0, 0.0, 1.0)": [0.0, -0.33228408516112395, -0.8112538010613559, -2.6923392777717323, -0.25953316387021075, -3.8659605805950603, -0.10908006707384153, -0.4165334553663162, -0.1010355100785546], "(2.0, 0.0, 0.0)": [0.0, 0.31762049422844696, 0.17626887364403182, -2.5723877856905233, 0.14387855025251212, 0.17583801640107183, 0.15562106468366813, 0.20342371492897632, 0.18575525185562347], "(2.0, 1.0, 0.0)": [0.0, 0.6628819889529787, 0.6680966697279346, 0.6494469410197674, 0.5190436585096226, 0.6563630279073601, 0.70533669879776, 0.8494475780272007, 0.5647278967745059], "(1.0, 1.0, 1.0)": [0.0, 0.40007952616152165, 0.4049860612090339, 2.054815807638163, 0.39680870735379625, 0.40101673173227614, 0.4006907236062523, 0.40287215539515375, 0.3987270569557629], "(6.0, 0.0, 0.0)": [0.0, 0.0, 0.0, 0.0, 0.0, 0.0, 0.0, 0.0, 0.0], "(6.0, 1.0, 0.0)": [0.0, 0.0, 0.0, 0.0, 0.0, 0.0, 0.0, 0.0, 0.0]}, "stats": {"total_messages": 711398, "total_updates": 614003, "total_reward": -35438.0, "action_counts": [85125, 84089, 81776, 76595, 80427, 77394, 77772, 74087, 74133], "state_visits": {"(3.0, 1.0, 0.0)": 4132, "(3.0, 0.0, 0.0)": 250733, "(4.0, 1.0, 0.0)": 2164, "(4.0, 0.0, 0.0)": 118056, "(5.0, 1.0, 0.0)": 31, "(0.0, 1.0, 1.0)": 944, "(5.0, 0.0, 0.0)": 409, "(0.0, 0.0, 1.0)": 36487, "(1.0, 0.0, 1.0)": 56995, "(2.0, 0.0, 0.0)": 140330, "(2.0, 1.0, 0.0)": 2004, "(1.0, 1.0, 1.0)": 1717, "(6.0, 0.0, 0.0)": 1, "(6.0, 1.0, 0.0)": 0}}}