{"q": {"(3.0, 1.0, 0.0)": [0.0, 0.6938190260123436, 0.7920872194682798, 0.7911851063333453, 0.7963443845036249, 0.8041790994244594, 0.7946588985982972, 0.7240020819559403, 0.7911305921294617], "(3.0, 0.0, 0.0)": [0.0, 0.673378280692956, 0.6664179133366863, 0.6465992284813393, 0.724367359260506, 0.6649806152391758, 0.6342929408877935, 0.6664469476702896, 0.6654353977852906], "(4.0, 1.0, 0.0)": [0.0, 1.7970953695643148, 1.7252443698812938, 15.620901755884383, 1.6114102590704749, 1.840708463187896, 1.8918405219668215, 1.759607593750333, 1.5114838464940064], "(4.0, 0.0, 0.0)": [0.0, 0.7510762291866848, 0.8103650018660011, 0.7787884700507903, 0.8495768414053824, 0.7816889186314756, 0.7904813586865334, 0.7588197383703653, 0.8496618680193588], "(5.0, 1.0, 0.0)": [0.0, 0.0, 11.694966872193708, 0.0, 0.0, 5.95703125, -0.21832555922152452, 0.0, 0.0], "(0.0, 1.0, 1.0)": [0.0, 1.1187954832090274, 0.6536091850020194, 0.3721151463539015, 1.4397159726047966, 1.037324654593918, 0.9204443047266668, 0.7873011929502967, 0.36621825859045964], "(5.0, 0.0, 0.0)": [0.0, -9.413344088087007, -5.545740348731498, -0.5989905998674769, -6.53527001057269, -0.8885312977324934, 0.05012431980157664, -6.059479745947879, -5.909897447572939], "(0.0, 0.0, 1.0)": [0.0, 0.6662168508746683, 0.7082812508142066, -4.259578663973268, 0.7082812321601407, -0.1070849855241241, -8.105350679292624, 0.7241487509303958, 0.7096421410450865], "(1.0, 0.0, 1.0)": [0.0, 0.7084792440429488, 0.6810441252233083, 0.7342768334381969, 0.6901362114394947, 0.7006926080325321, 0.7137491733640701, 0.680986552239336, 0.6755111647739763], "(2.0, 0.0, 0.0)": [0.0, 0.5983833665889778, 0.6125866588684925, 0.6141626563215801, 0.6132951381785146, 0.6113032825119147, 0.6126541412817701, 0.5650361524038692, 0.583127314156883], "(2.0, 1.0, 0.0)": [0.0, 0.9530505090020864, 0.977835885430532, 0.9335188971553354, 0.7353225586385406, 0.8228954144108094, 0.8667385600801784, 1.020582726089978, 0.8741693512117689], "(1.0, 1.0, 1.0)": [0.0, 1.1172733142189881, 1.34614917552509, 1.3364125160931055, 1.3561674775902959, 1.2048027668487786, 1.3380705833334094, 1.410251794432146, 1.4495546342521908], "(6.0, 0.0, 0.0)": [0.0, 0.0, 0.0, 0.0, 0.0, 0.0, 0.0, 0.0, 0.0]}, "stats": {"total_messages": 360791, "total_updates": 299004, "total_reward": -20771.0, "action_counts": [51863, 41198, 39717, 41079, 37965, 40882, 38540, 35541, 34006], "state_visits": {"(3.0, 1.0, 0.0)": 3111, "(3.0, 0.0, 0.0)": 134562, "(4.0, 1.0, 0.0)": 1473, "(4.0, 0.0, 0.0)": 61415, "(5.0, 1.0, 0.0)": 11, "(0.0, 1.0, 1.0)": 407, "(5.0, 0.0, 0.0)": 209, "(0.0, 0.0, 1.0)": 16601, "(1.0, 0.0, 1.0)": 18366, "(2.0, 0.0, 0.0)": 61159, "(2.0, 1.0, 0.0)": 1039, "(1.0, 1.0, 1.0)": 651, "(6.0, 0.0, 0.0)": 0}}}