{"q": {"(3.0, 1.0, 0.0)": [0.0, 0.03601988995833947, 0.035681002051832264, 0.036200635737769986, 0.035929907800643916, 0.036037507625759205, 0.03580925089840216, 0.0355234393299044, 0.03571103190652017], "(3.0, 0.0, 0.0)": [0.0, -0.22812884589762272, -0.8934054853614193, -0.1128963313957034, -0.9597456866886791, -0.281873090236485, -0.12565518578503412, -0.2938962747088706, -0.9278738978508839], "(4.0, 1.0, 0.0)": [0.0, 0.6070895457747054, 0.4556887898390876, 0.6188384851343103, 0.6145357147433572, 0.4369696161988445, 0.6074640753531856, 0.4507096970591113, 0.4940901123205591], "(4.0, 0.0, 0.0)": [0.0, 0.053590063858387195, 0.04458596163163664, 0.05338665111443652, 0.05309779651742387, 0.052767695847146016, 0.05273420612152879, 0.05154574767874976, 0.0528970236827251], "(5.0, 1.0, 0.0)": [0.0, 0.0, 2.5568858812699764, 0.4314805350687664, 6.51141150198571, 3.028868108091281, -0.21832555922152452, 3.2732795152764322, 0.0], "(0.0, 1.0, 1.0)": [0.0, -1.3491360906470997, 0.8310074657514094, -1.7710369478882173, 2.9273067454473134, 0.7128188545817483, 0.8005942003142548, 0.810974322857956, 0.5781905552203233], "(5.0, 0.0, 0.0)": [0.0, -6.308664276996634, -1.2948917382141394, -2.413215810933954, -5.607386858579979, -0.34898697082712726, -3.830126857427597, -2.962356822953555, -3.502156538646767], "(0.0, 0.0, 1.0)": [0.0, -5.8543961409238925, -3.6701449901077448, -4.592728989507163, -4.776559876901888, -2.529857820401984, -4.498296378726364, -2.4802153024902083, -2.502581794701068], "(1.0, 0.0, 1.0)": [0.0, -4.087788022158395, -4.557942763103808, -2.0554101679286205, -0.32030077939202817, -2.012174720098177, -3.2706856967832625, -4.6207371004528595, -4.379560729976129], "(2.0, 0.0, 0.0)": [0.0, -0.002171692457719569, -0.4459290705319037, -1.17716457745467, -0.003371934556015861, -0.010388304181854213, -4.375967963746435, -5.7840523429837045, -1.8952836921968301], "(2.0, 1.0, 0.0)": [0.0, 0.14686536132136654, 0.1453647042384135, 0.14817014241219784, 0.14747475766640133, 0.14678124841033968, 0.1454888540567404, 0.14754922491479847, 0.13821326084824104], "(1.0, 1.0, 1.0)": [0.0, -1.1805689688528895, 0.9599614703367023, 1.5544759761765776, 1.468116140522773, 0.20355516120549294, 0.5781600568293557, 0.1577420386625356, 0.6152983525385161], "(6.0, 0.0, 0.0)": [0.0, 0.0, 0.05726150153538704, 0.0, 0.0, 0.0, 0.0, 0.0, 0.0], "(6.0, 1.0, 0.0)": [0.0, 0.0, 0.0, 0.0, 0.0, 0.0, 0.0, 0.0, 0.0]}, "stats": {"total_messages": 969652, "total_updates": 833000, "total_reward": -44299.0, "action_counts": [121903, 114374, 113087, 102465, 109792, 104264, 102798, 101406, 99563], "state_visits": {"(3.0, 1.0, 0.0)": 11331, "(3.0, 0.0, 0.0)": 333998, "(4.0, 1.0, 0.0)": 6628, "(4.0, 0.0, 0.0)": 164475, "(5.0, 1.0, 0.0)": 54, "(0.0, 1.0, 1.0)": 2052, "(5.0, 0.0, 0.0)": 583, "(0.0, 0.0, 1.0)": 47373, "(1.0, 0.0, 1.0)": 81466, "(2.0, 0.0, 0.0)": 177440, "(2.0, 1.0, 0.0)": 4061, "(1.0, 1.0, 1.0)": 3537, "(6.0, 0.0, 0.0)": 2, "(6.0, 1.0, 0.0)": 0}}}