{"q": {"(3.0, 1.0, 0.0)": [0.0, 0.37340386572380185, 0.6458295382766235, 0.3660035362261143, 0.9087075856158584, 0.33431403186421293, 0.752338907892835, 0.7821850239008237, 0.2001519917021526], "(3.0, 0.0, 0.0)": [0.0, 0.4705784279883013, 0.47170588682774206, 0.4757723057862235, 0.5062282117895198, 0.5108678934643269, 0.49300969701892955, 0.5094379929865224, 0.486585282954895], "(4.0, 1.0, 0.0)": [0.0, 1.7303516202991445, 2.9505031521778258, 1.1498598999747018, 1.8605200512565567, 1.9316454354318542, 1.1380563011750509, 1.2967431741310687, 1.923187034148428], "(4.0, 0.0, 0.0)": [0.0, 0.7482482581920398, 0.7480862116343928, 0.7613182196990127, 0.7823017988226436, 0.7624931000671272, 0.7491234467555442, 0.7481366993284315, 0.8133034267391802], "(5.0, 1.0, 0.0)": [0.0, 0.0, 11.694966872193708, 0.0, 0.0, 5.95703125, -2.3326210184312908, 0.0, 0.0], "(0.0, 1.0, 1.0)": [0.0, 0.3639137826893968, 0.412392750759973, 0.44384548986346684, 0.42246875450763505, 0.42950311790053447, 0.4078597024651728, 0.4367218337031259, 0.4316504832865826], "(5.0, 0.0, 0.0)": [0.0, -8.428572719008947, -0.626798986612154, 0.47788773155464137, -6.8359375, -1.961758368875276, -4.289677507694931, -2.5, 0.2542028225289001], "(0.0, 0.0, 1.0)": [0.0, 0.35886564812675903, 0.3635658869022824, 0.3949553698671279, 0.35660905615837735, -2.1357837853633743, 0.38448084187649156, 0.2582189547195357, 0.3869716783705388], "(1.0, 0.0, 1.0)": [0.0, 0.5845181965927486, 0.5817200037574083, 0.4745291666424309, 0.6248773908732486, 0.45059998655802597, 0.5457095431732862, 0.4173210979070925, 0.4581890883897265], "(2.0, 0.0, 0.0)": [0.0, 0.5576919348138509, 0.5569157745532216, 0.5644004595641647, 0.6134745393704193, 0.6001346009145523, 0.5962156788502857, 0.5990673627198085, 0.5777014351339208], "(2.0, 1.0, 0.0)": [0.0, 0.397452033270852, 0.22629889180718213, 0.18835818260502218, 0.25483228205065567, 0.4760726838007223, 0.1474065188846589, 0.11471159201710862, 0.2335136167037469], "(1.0, 1.0, 1.0)": [0.0, 0.5408378702920467, 1.0708186735576628, 0.8566649795894776, 1.0249031072627968, 1.0775917464157896, 1.1411353708762488, 0.6434685001106955, 0.9474503442544107], "(6.0, 0.0, 0.0)": [0.0, 0.0, 0.0, 0.0, 0.0, 0.0, 0.0, 0.0, 0.0]}, "stats": {"total_messages": 108938, "total_updates": 81003, "total_reward": -6255.0, "action_counts": [19255, 10310, 12000, 10451, 10708, 12473, 10235, 12089, 11417], "state_visits": {"(3.0, 1.0, 0.0)": 1684, "(3.0, 0.0, 0.0)": 36271, "(4.0, 1.0, 0.0)": 858, "(4.0, 0.0, 0.0)": 18840, "(5.0, 1.0, 0.0)": 8, "(0.0, 1.0, 1.0)": 199, "(5.0, 0.0, 0.0)": 80, "(0.0, 0.0, 1.0)": 8354, "(1.0, 0.0, 1.0)": 5172, "(2.0, 0.0, 0.0)": 8896, "(2.0, 1.0, 0.0)": 364, "(1.0, 1.0, 1.0)": 277, "(6.0, 0.0, 0.0)": 0}}}