{"q": {"(3.0, 1.0, 0.0)": [0.0, 2.582593626996709, 2.4210265969828138, 2.6315504478741545, 2.419299450550961, 2.4764492997668013, 2.415128121190731, 2.0728635670530164, 2.4587906931087895], "(3.0, 0.0, 0.0)": [0.0, 0.9822137077604575, 1.0671721094297562, 0.9443105628964417, 0.8772311327239222, 0.8786750962667007, 0.9962775960395929, 0.9074415572764161, 0.975507580240095], "(4.0, 1.0, 0.0)": [0.0, 2.8348619460906406, 2.2636139962744597, 3.836743029879097, 3.3752764884381925, 1.655787534274976, 4.110319980500854, 3.5390089389197117, 3.811310836075207], "(4.0, 0.0, 0.0)": [0.0, 1.1762724834947245, 1.1386518542268702, 1.1681791496881384, 1.1514122247358376, 1.2369825382898179, 1.138050759508372, 1.138023935226752, 1.1445268469901477], "(5.0, 1.0, 0.0)": [0.0, 0.0, 13.483954274284496, 0.0, 0.0, 5.375024768888167, -0.21832555922152452, 3.598412644113912, 0.0], "(0.0, 1.0, 1.0)": [0.0, 0.5904189223597862, 0.47281832296761817, 0.6411920390630532, 0.5814277429379007, 0.5941252844666634, 0.611633016188428, 0.5909231995226524, 0.6019389234983726], "(5.0, 0.0, 0.0)": [0.0, -8.976294245227638, 0.26396032423315047, -1.7010277481369402, -9.820876985141659, -0.01302275740133274, 0.23998119270929485, -7.171644933407091, 0.1660237790917], "(0.0, 0.0, 1.0)": [0.0, 0.7714365369797926, 0.712992872494769, 0.5953897163366375, 0.5848363739881107, 0.6064035429893591, 0.7619813666135613, 0.7443888165029341, 0.8385179749780353], "(1.0, 0.0, 1.0)": [0.0, 0.7213102118277702, 0.6873941658741037, 0.5691415540972777, 0.7539669274788228, 0.6793895947927328, 0.6289441384328214, 0.7840328389432216, 0.6186112914506066], "(2.0, 0.0, 0.0)": [0.0, 0.7442153985393509, 0.7674915401724935, 0.7493404177659182, 0.8089297810210334, 0.671435578229521, 0.7436342062925945, 0.7430604016240909, 0.7845111661265735], "(2.0, 1.0, 0.0)": [0.0, 0.7293042132431402, 0.7004014811200775, 0.7053218077690032, 0.6913870782335718, 0.7212144061107988, 0.7053547367635798, 0.7032948090105859, 0.6866034155409058], "(1.0, 1.0, 1.0)": [0.0, 0.40007952616152165, 1.8887898301756665, 2.054815807638163, 1.888432293531273, 1.2620840913871019, 0.4006907236062523, 1.8898008510896562, 1.2611181348407605], "(6.0, 0.0, 0.0)": [0.0, 0.0, 0.0, 0.0, 0.0, 0.0, 0.0, 0.0, 0.0], "(6.0, 1.0, 0.0)": [0.0, 0.0, 0.0, 0.0, 0.0, 0.0, 0.0, 0.0, 0.0]}, "stats": {"total_messages": 820353, "total_updates": 714003, "total_reward": -39326.0, "action_counts": [92852, 99384, 97655, 89900, 92763, 87152, 87710, 86588, 86349], "state_visits": {"(3.0, 1.0, 0.0)": 4476, "(3.0, 0.0, 0.0)": 287045, "(4.0, 1.0, 0.0)": 2275, "(4.0, 0.0, 0.0)": 138196, "(5.0, 1.0, 0.0)": 31, "(0.0, 1.0, 1.0)": 1009, "(5.0, 0.0, 0.0)": 517, "(0.0, 0.0, 1.0)": 43646, "(1.0, 0.0, 1.0)": 71171, "(2.0, 0.0, 0.0)": 161710, "(2.0, 1.0, 0.0)": 2123, "(1.0, 1.0, 1.0)": 1803, "(6.0, 0.0, 0.0)": 1, "(6.0, 1.0, 0.0)": 0}}}