{"q": {"(3.0, 1.0, 0.0)": [0.0, 0.2679912157005657, 0.26777571634179276, 0.5982776937518208, 0.845155103421052, 0.26799565701268685, 0.2682604296623835, 0.2701586826974687, 0.26854326232925624], "(3.0, 0.0, 0.0)": [0.0, -0.9256103319102558, -1.6856645595576158, -2.2753049929799936, -1.1912182325520178, -0.7152685548345136, -1.6885469624200253, -1.746315057359202, -2.2743999543206517], "(4.0, 1.0, 0.0)": [0.0, 1.1424735598545217, 1.1573154323384567, 1.176718705581526, 1.1699412252244175, 1.1684724600750491, 3.036195848253234, 1.179090375186094, 1.1628945937273305], "(4.0, 0.0, 0.0)": [0.0, -0.9342419480680484, 0.19306880163345494, -2.4503390838309693, -2.3816998251014723, 0.1255770254412933, -1.0041193584787853, -1.3191628825106894, -0.9924055714032385], "(5.0, 1.0, 0.0)": [0.0, 0.0, 9.781940355384032, 0.0, 0.0, 5.375024768888167, -0.21832555922152452, 3.598412644113912, 0.0], "(0.0, 1.0, 1.0)": [0.0, 0.6062581300047019, -1.3866020731256148, 2.3172919513135404, 0.5462646839795721, 2.3481351051767616, 0.5256006369797743, 5.951838265691986, 0.5567073525001245], "(5.0, 0.0, 0.0)": [0.0, -9.56812413470541, -2.302029756825137, -1.7010277481369402, -7.365657738856244, -1.1029711670585751, -2.0955758647376026, -5.25139934168037, -2.375482165681225], "(0.0, 0.0, 1.0)": [0.0, -7.241904121001208, -4.476407752318509, -1.0988008706190604, -4.700189627611491, -5.157608550104221, -3.520499176305159, -5.834382053431751, -7.26785687841569], "(1.0, 0.0, 1.0)": [0.0, -3.864650454435876, -0.3916589026718782, -1.7132492602950675, -0.24178314076454815, -0.1433052101093525, -3.375761200341336, -2.0305368416853495, -2.5578479291116634], "(2.0, 0.0, 0.0)": [0.0, -0.010066967535113899, -3.249836884619979, -2.42971312472624, -0.4623552442999465, -0.19260600294550512, -4.283488114366328, -0.05758757098387626, -0.25071515319449883], "(2.0, 1.0, 0.0)": [0.0, 0.18336086363658075, 0.1818512681946316, 0.18285941120227597, 0.18194786582961198, 0.18469212737317958, 0.181022422528967, 0.18207314946214231, 0.1528669833579936], "(1.0, 1.0, 1.0)": [0.0, 0.5009911275707766, 0.49969142771903297, 0.4998744572364482, 0.5076894652195245, 0.5015932629689712, 0.5022593500415521, 1.8368050596341527, 0.4405516400126975], "(6.0, 0.0, 0.0)": [0.0, 0.0, 0.0, 0.0, 0.0, 0.0, 0.0, 0.0, 0.0], "(6.0, 1.0, 0.0)": [0.0, 0.0, 0.0, 0.0, 0.0, 0.0, 0.0, 0.0, 0.0]}, "stats": {"total_messages": 880042, "total_updates": 768000, "total_reward": -41845.0, "action_counts": [98243, 106345, 105220, 94857, 101703, 94738, 93412, 93035, 92489], "state_visits": {"(3.0, 1.0, 0.0)": 5899, "(3.0, 0.0, 0.0)": 304065, "(4.0, 1.0, 0.0)": 2796, "(4.0, 0.0, 0.0)": 146007, "(5.0, 1.0, 0.0)": 33, "(0.0, 1.0, 1.0)": 1237, "(5.0, 0.0, 0.0)": 536, "(0.0, 0.0, 1.0)": 46555, "(1.0, 0.0, 1.0)": 77952, "(2.0, 0.0, 0.0)": 176813, "(2.0, 1.0, 0.0)": 3460, "(1.0, 1.0, 1.0)": 2646, "(6.0, 0.0, 0.0)": 1, "(6.0, 1.0, 0.0)": 0}}}