{"q": {"(3.0, 1.0, 0.0)": [0.0, 1.4445271846658336, 1.2511195049383348, 1.0992933607058337, 1.0355898605060345, 1.4781672826937602, 1.2034509250953225, 0.8914900582638922, 1.137682798136928], "(3.0, 0.0, 0.0)": [0.0, 0.7349672416002483, 0.6731982916372264, 0.6853076402867662, 0.6968133597205699, 0.6764726250936426, 0.6458986680045721, 0.6765219558285167, 0.6868938670720773], "(4.0, 1.0, 0.0)": [0.0, 2.8348619460906406, 8.058143417833866, 3.4247007507686376, 2.772017152484081, 0.9358857921596604, 2.7936540071057623, 2.809883033699148, 3.3982431132392006], "(4.0, 0.0, 0.0)": [0.0, 0.7122406729766495, 0.7187135872982919, 0.7120506660535593, 0.7739674735022848, 0.7734994396371434, 0.7667328411797327, 0.7120500774290419, 0.7580194943071189], "(5.0, 1.0, 0.0)": [0.0, 0.0, 13.483954274284496, 0.0, 0.0, 5.375024768888167, -0.21832555922152452, 3.598412644113912, 0.0], "(0.0, 1.0, 1.0)": [0.0, 0.6418131152556622, 0.47281832296761817, 0.6411920390630532, 0.6424516567012555, 0.6391759798946359, 0.6406368367687647, 0.6245261208383119, 0.6267216402397748], "(5.0, 0.0, 0.0)": [0.0, -9.965207415713902, -1.0075915105792865, -1.7010277481369402, -9.820876985141659, -0.4469600845804433, 0.06282941128579561, -7.171644933407091, -0.35766493743154687], "(0.0, 0.0, 1.0)": [0.0, 0.3788627587550397, 0.3755466275381757, 0.37554197069490014, 0.378707988503064, 0.3967043149936154, 0.38779841796046, 0.3661930130617019, 0.40819779388180477], "(1.0, 0.0, 1.0)": [0.0, 0.5383691225421884, 0.543832832108482, 0.5355808363878247, 0.5562923425211291, 0.582153083017342, 0.5449544420380034, 0.5568992015635629, 0.5669839506883974], "(2.0, 0.0, 0.0)": [0.0, 0.8585794579952507, 0.8299830698318889, 0.7999254715063495, 0.7914838072205228, 0.8459492582958181, 0.8506432883717234, 0.8180196067410466, 0.8535904544879751], "(2.0, 1.0, 0.0)": [0.0, 0.6628819889529787, 0.6680966697279346, 0.6494469410197674, 0.5190436585096226, 0.7690922351491825, 0.70533669879776, 0.8325314645631864, 0.5647278967745059], "(1.0, 1.0, 1.0)": [0.0, 0.40007952616152165, 0.4049860612090339, 2.054815807638163, 0.39680870735379625, 0.40101673173227614, 0.4006907236062523, 0.40287215539515375, 0.3987270569557629], "(6.0, 0.0, 0.0)": [0.0, 0.0, 0.0, 0.0, 0.0, 0.0, 0.0, 0.0, 0.0], "(6.0, 1.0, 0.0)": [0.0, 0.0, 0.0, 0.0, 0.0, 0.0, 0.0, 0.0, 0.0]}, "stats": {"total_messages": 782604, "total_updates": 677004, "total_reward": -38240.0, "action_counts": [92505, 92807, 91955, 85636, 87074, 84405, 84105, 81795, 82322], "state_visits": {"(3.0, 1.0, 0.0)": 4235, "(3.0, 0.0, 0.0)": 275056, "(4.0, 1.0, 0.0)": 2172, "(4.0, 0.0, 0.0)": 133238, "(5.0, 1.0, 0.0)": 31, "(0.0, 1.0, 1.0)": 944, "(5.0, 0.0, 0.0)": 498, "(0.0, 0.0, 1.0)": 38470, "(1.0, 0.0, 1.0)": 66014, "(2.0, 0.0, 0.0)": 152615, "(2.0, 1.0, 0.0)": 2013, "(1.0, 1.0, 1.0)": 1717, "(6.0, 0.0, 0.0)": 1, "(6.0, 1.0, 0.0)": 0}}}