{"q": {"(3.0, 1.0, 0.0)": [0.0, 0.6408486029516636, 0.6458295382766235, 0.3660035362261143, 0.855268309920961, 0.33431403186421293, 0.752338907892835, 0.7821850239008237, 0.2001519917021526], "(3.0, 0.0, 0.0)": [0.0, 0.5586256156031748, 0.5263630763844708, 0.5655894043862791, 0.5529045504238481, 0.5361902689131237, 0.5513613931102499, 0.6009814411453198, 0.5574179667513249], "(4.0, 1.0, 0.0)": [0.0, 1.7303516202991445, 2.9505031521778258, 1.1498598999747018, 1.8605200512565567, 1.9316454354318542, 1.1380563011750509, 1.2967431741310687, 1.923187034148428], "(4.0, 0.0, 0.0)": [0.0, 0.8752779457833546, 0.7482391519511751, 0.7537568840324225, 0.80339504318256, 0.7624931000671272, 0.7491234467555442, 0.7416738255335926, 0.7970373582043966], "(5.0, 1.0, 0.0)": [0.0, 0.0, 11.694966872193708, 0.0, 0.0, 5.95703125, -2.3326210184312908, 0.0, 0.0], "(0.0, 1.0, 1.0)": [0.0, 0.3639137826893968, 0.4090595357726293, 0.44384548986346684, 0.42246875450763505, 0.42950311790053447, 0.4078597024651728, 0.4367218337031259, 0.4316504832865826], "(5.0, 0.0, 0.0)": [0.0, -8.428572719008947, -0.626798986612154, 0.47788773155464137, -6.8359375, -1.961758368875276, -4.289677507694931, -2.5, 0.2542028225289001], "(0.0, 0.0, 1.0)": [0.0, -0.9464745691258052, 0.3682174429065217, 0.38259281178472376, 0.3078096491415756, -5.417408842895379, 0.3994064567945914, -0.4261568091402563, 0.37058110608445993], "(1.0, 0.0, 1.0)": [0.0, 0.543777155194496, 0.5377956036272891, 0.5311149776219137, 0.5078131651002267, 0.5224535315998763, 0.5513263182810005, 0.5072206514843299, 0.508358881133811], "(2.0, 0.0, 0.0)": [0.0, 0.5315292611221716, 0.5569833267793571, 0.5456712244028982, 0.5270716547714189, 0.5728092308088089, 0.5377852209627891, 0.5271761205540741, 0.5269844923480784], "(2.0, 1.0, 0.0)": [0.0, 0.4362748747915224, 0.22629889180718213, 0.2975707329451157, 0.40538928756430603, 0.4760726838007223, 0.1474065188846589, 0.36127213049282464, 0.3229706646256484], "(1.0, 1.0, 1.0)": [0.0, 0.5408378702920467, 1.0708186735576628, 0.8566649795894776, 1.0249031072627968, 1.0775917464157896, 1.1411353708762488, 0.6434685001106955, 0.9474503442544107], "(6.0, 0.0, 0.0)": [0.0, 0.0, 0.0, 0.0, 0.0, 0.0, 0.0, 0.0, 0.0]}, "stats": {"total_messages": 111016, "total_updates": 83005, "total_reward": -6391.0, "action_counts": [19271, 10466, 12060, 10833, 11123, 12834, 10526, 12346, 11557], "state_visits": {"(3.0, 1.0, 0.0)": 1690, "(3.0, 0.0, 0.0)": 36975, "(4.0, 1.0, 0.0)": 858, "(4.0, 0.0, 0.0)": 18981, "(5.0, 1.0, 0.0)": 8, "(0.0, 1.0, 1.0)": 205, "(5.0, 0.0, 0.0)": 80, "(0.0, 0.0, 1.0)": 8653, "(1.0, 0.0, 1.0)": 5382, "(2.0, 0.0, 0.0)": 9506, "(2.0, 1.0, 0.0)": 390, "(1.0, 1.0, 1.0)": 277, "(6.0, 0.0, 0.0)": 0}}}