{"q": {"(3.0, 1.0, 0.0)": [0.0, 0.3981824266235409, 0.4036210116040093, 0.4020643034419594, 0.3919057551920129, 0.40355574606733813, 0.39481952418744765, 0.405107598658446, 0.4047748104226152], "(3.0, 0.0, 0.0)": [0.0, 0.3155680061327213, 0.3165227292961228, 0.324724508991824, 0.31709440290883995, 0.319437129701436, 0.3151235561196364, 0.3001556652906153, 0.29944068074981967], "(4.0, 1.0, 0.0)": [0.0, 1.132031301475581, 1.202313357051167, 1.1498598999747018, 1.1994659119372892, 1.2116587830380994, 1.191841737586213, 1.2286947366588148, 1.2187927777957608], "(4.0, 0.0, 0.0)": [0.0, 0.32847432814521127, 0.348565587448896, 0.351668262199882, 0.3069505596307618, 0.34350204581189814, 0.33426161978796365, 0.32913051592664216, 0.35664405916419917], "(5.0, 1.0, 0.0)": [0.0, 0.0, 11.694966872193708, 0.0, 0.0, 5.95703125, -2.3326210184312908, 0.0, 0.0], "(0.0, 1.0, 1.0)": [0.0, 2.829575897168663, 0.3761903818159485, 0.3721151463539015, 1.4397159726047966, 1.037324654593918, 0.3666853257422, 0.3694498026255397, 0.36621825859045964], "(5.0, 0.0, 0.0)": [0.0, -5.166853086873925, -5.80772294046435, -0.6381040904752, -5.308236479759216, -4.8405344566764565, -1.809707698558799, -5.437285323728305, -2.209266083390295], "(0.0, 0.0, 1.0)": [0.0, -2.724102377096827, -0.5742603654332199, -2.0116690718850125, -1.3354188225123176, -2.537232782460664, -3.178467405266307, -0.8208879752035823, -5.828518002640825], "(1.0, 0.0, 1.0)": [0.0, -1.2411783812906272, -0.29411145065360167, -2.5550230792264976, -1.6281540854771475, -0.07132596398625274, -1.591897269358487, -0.011234251679460284, -2.8087261446880607], "(2.0, 0.0, 0.0)": [0.0, 0.4368917474156757, 0.4362525943982406, 0.40823079164583964, 0.43406901962573397, 0.41439245919772194, 0.436707509981058, 0.4369688114753488, 0.4372756076190267], "(2.0, 1.0, 0.0)": [0.0, 0.4177939466716047, 0.4262328190517207, 0.4251840712008325, 0.4192592293482551, 0.42047604621453377, 0.6697411223726081, 0.41543940941651325, 0.4263129728775452], "(1.0, 1.0, 1.0)": [0.0, 0.7013761539542837, 2.297567505007907, 2.24102096527763, 0.953928821295891, 2.0689796620810172, 1.062849396391695, 1.8314526450146873, 1.9155927687838479], "(6.0, 0.0, 0.0)": [0.0, 0.0, 0.0, 0.0, 0.0, 0.0, 0.0, 0.0, 0.0]}, "stats": {"total_messages": 215495, "total_updates": 175006, "total_reward": -10909.0, "action_counts": [31393, 23987, 23466, 24055, 21945, 24657, 23679, 22322, 19991], "state_visits": {"(3.0, 1.0, 0.0)": 2460, "(3.0, 0.0, 0.0)": 73722, "(4.0, 1.0, 0.0)": 1053, "(4.0, 0.0, 0.0)": 34473, "(5.0, 1.0, 0.0)": 8, "(0.0, 1.0, 1.0)": 376, "(5.0, 0.0, 0.0)": 124, "(0.0, 0.0, 1.0)": 13332, "(1.0, 0.0, 1.0)": 12197, "(2.0, 0.0, 0.0)": 35991, "(2.0, 1.0, 0.0)": 836, "(1.0, 1.0, 1.0)": 434, "(6.0, 0.0, 0.0)": 0}}}