{"q": {"(3.0, 1.0, 0.0)": [0.0, 0.23576412393486232, 0.23946412529579658, 0.23673324692034384, 0.23790448123320782, 0.666519125491278, 0.23335765092726563, 0.23783881528606188, 0.23674738220546615], "(3.0, 0.0, 0.0)": [0.0, 0.4884636774802392, 0.4713165200633335, 0.4933576474712372, 0.487079423109972, 0.47903330360487795, 0.45388519959383705, 0.45388903567353805, 0.4878326054736551], "(4.0, 1.0, 0.0)": [0.0, 0.9567728906852189, 0.990138524065416, 0.9855640493140351, 0.9692479134501182, 0.8357655381867812, 0.9793606187721381, 0.8691522644176559, 0.7897155105399307], "(4.0, 0.0, 0.0)": [0.0, 0.3281982107178605, 0.31634039520558876, 0.05523871813756122, 0.3320916975656558, 0.30492852152397665, 0.2847329591130097, -1.3167391304064835, 0.3274684300526507], "(5.0, 1.0, 0.0)": [0.0, 0.0, 11.694966872193708, 0.0, 0.0, 5.95703125, -2.3326210184312908, 0.0, 0.0], "(0.0, 1.0, 1.0)": [0.0, 1.3541054303811262, 0.7323523845013985, 0.3721151463539015, 1.4397159726047966, 1.037324654593918, 0.3666853257422, 0.3694498026255397, 0.36621825859045964], "(5.0, 0.0, 0.0)": [0.0, -6.682429856918028, -4.060987131641998, -1.4198295700562418, -8.207881013793923, -4.542100473910381, -0.4294521198728401, -6.059479745947879, -2.963861860851071], "(0.0, 0.0, 1.0)": [0.0, -1.289921097485046, -3.725688971059356, -0.027879690126522593, -2.791574253027796, -1.2915293303519055, -6.374056537188564, -3.8852104437651125, -0.9169938538468095], "(1.0, 0.0, 1.0)": [0.0, -0.10677382793393066, -5.165688332544408, -0.49465677024171917, -0.8613257779113026, -2.4427924423394956, -0.02807743547989767, -0.6108211390696904, -0.9661746429346937], "(2.0, 0.0, 0.0)": [0.0, -3.190264434415515, -1.0553072950772258, -0.014830826735372324, -0.10901014920748031, -0.47874732911514295, -4.5766786798229395, -0.15009003792731357, -0.001149076825048942], "(2.0, 1.0, 0.0)": [0.0, 0.3459484501945023, 0.3437886192318903, 0.34644645441704575, 0.3429705833348483, 0.34667906874174703, 0.34644845748832903, 1.0626642295814015, 0.291999029347744], "(1.0, 1.0, 1.0)": [0.0, 0.7013761539542837, 1.690964084393481, 1.6798772112646077, 1.1416381956372337, 1.7144712672995595, 1.2916615880616606, 1.2928114333999978, 1.7159100512060645], "(6.0, 0.0, 0.0)": [0.0, 0.0, 0.0, 0.0, 0.0, 0.0, 0.0, 0.0, 0.0]}, "stats": {"total_messages": 294078, "total_updates": 237004, "total_reward": -18598.0, "action_counts": [47840, 32510, 30336, 33222, 30301, 33296, 30999, 28614, 26960], "state_visits": {"(3.0, 1.0, 0.0)": 2706, "(3.0, 0.0, 0.0)": 107288, "(4.0, 1.0, 0.0)": 1135, "(4.0, 0.0, 0.0)": 49657, "(5.0, 1.0, 0.0)": 8, "(0.0, 1.0, 1.0)": 387, "(5.0, 0.0, 0.0)": 177, "(0.0, 0.0, 1.0)": 13624, "(1.0, 0.0, 1.0)": 12695, "(2.0, 0.0, 0.0)": 47896, "(2.0, 1.0, 0.0)": 945, "(1.0, 1.0, 1.0)": 486, "(6.0, 0.0, 0.0)": 0}}}