{"q": {"(3.0, 1.0, 0.0)": [0.0, 0.721235711912941, 0.7680233069142474, 0.7063851861204709, 0.7151383618430615, 0.7103917866027809, 0.7348620010413257, 0.7069194787889831, 0.7238543292430075], "(3.0, 0.0, 0.0)": [0.0, 0.45960844610822554, 0.47102744775605365, 0.4539837071910712, 0.45413794881419844, 0.45403066520084423, 0.49346055129463867, 0.47593011872510443, 0.4548713928236614], "(4.0, 1.0, 0.0)": [0.0, 1.7303516202991445, 2.9505031521778258, 1.1498598999747018, 1.8605200512565567, 1.9316454354318542, 1.1380563011750509, 1.2967431741310687, 1.923187034148428], "(4.0, 0.0, 0.0)": [0.0, 0.6388631736885836, 0.6538507729980119, 0.6301184997735034, 0.6479791872091208, 0.6612303910081687, 0.6819317064585104, 0.6534035116444559, 0.6273854715425476], "(5.0, 1.0, 0.0)": [0.0, 0.0, 11.694966872193708, 0.0, 0.0, 5.95703125, -2.3326210184312908, 0.0, 0.0], "(0.0, 1.0, 1.0)": [0.0, 0.3833493124328311, 0.40485341695492816, 0.401211300146155, 0.41429932572903994, 0.40671747897989274, 0.40286541602765186, 0.4367218337031259, 0.4017847815366344], "(5.0, 0.0, 0.0)": [0.0, -8.428572719008947, -0.626798986612154, 0.47788773155464137, -6.8359375, -1.961758368875276, -4.289677507694931, -2.5, 0.2542028225289001], "(0.0, 0.0, 1.0)": [0.0, 0.2753357254125229, 0.2582707533075371, 0.2579359433641172, 0.26009540232699613, 0.2748489489992177, 0.25477338299014696, 0.2583515565452311, 0.2623215353376701], "(1.0, 0.0, 1.0)": [0.0, 0.4505287105516057, 0.46608513407094165, 0.4698690095007868, 0.4469170949951559, 0.43232185387031974, 0.4486997115731042, 0.43254262238809454, 0.44218094875533565], "(2.0, 0.0, 0.0)": [0.0, 0.530674441350587, 0.5522685592982048, 0.5201170295845456, 0.5652790683121077, 0.5200567428500232, 0.5084415228006094, 0.5382542522623953, 0.5647513663840338], "(2.0, 1.0, 0.0)": [0.0, 0.5988322502344817, 0.3710074700324143, 0.4733613202103938, 0.8341992515912344, 0.5023097582909885, 0.6154996061585591, 0.39483482863200464, 0.551880862320295], "(1.0, 1.0, 1.0)": [0.0, 0.7635282888169664, 1.062928690211949, 0.9758198873758233, 1.155185615250787, 1.051927931404442, 1.0732311780666837, 0.9119602746439139, 0.9474503442544107], "(6.0, 0.0, 0.0)": [0.0, 0.0, 0.0, 0.0, 0.0, 0.0, 0.0, 0.0, 0.0]}, "stats": {"total_messages": 121360, "total_updates": 93005, "total_reward": -6738.0, "action_counts": [19357, 10951, 12897, 12338, 11763, 14596, 13459, 13941, 12058], "state_visits": {"(3.0, 1.0, 0.0)": 1868, "(3.0, 0.0, 0.0)": 40126, "(4.0, 1.0, 0.0)": 858, "(4.0, 0.0, 0.0)": 19548, "(5.0, 1.0, 0.0)": 8, "(0.0, 1.0, 1.0)": 296, "(5.0, 0.0, 0.0)": 80, "(0.0, 0.0, 1.0)": 10254, "(1.0, 0.0, 1.0)": 6337, "(2.0, 0.0, 0.0)": 12841, "(2.0, 1.0, 0.0)": 447, "(1.0, 1.0, 1.0)": 342, "(6.0, 0.0, 0.0)": 0}}}