{"q": {"(3.0, 1.0, 0.0)": [0.0, 0.8376817782615873, 0.8726626652297715, 0.8873879656473096, 3.019436055303552, 0.8757564464998853, 0.8665569715280786, 0.8914900582638922, 0.8331438806617704], "(3.0, 0.0, 0.0)": [0.0, 0.7773504920947932, 0.5473276668480004, 0.7301211102305617, 0.7331410286831935, 0.7361346197710856, 0.707932009136255, 0.7126477553796015, 0.7048563585765116], "(4.0, 1.0, 0.0)": [0.0, 3.4337414088519127, 3.452410906089308, 3.5316821501318865, 3.519361704927392, 3.486781383969313, 3.545711319879107, 3.264133755145511, 2.7632315344240284], "(4.0, 0.0, 0.0)": [0.0, 0.29722730056359725, 0.2991909328967464, 0.2924064810233265, 0.306784662200674, 0.29257402043746933, 0.311560393953171, -0.6512050739952381, 0.3068050114321375], "(5.0, 1.0, 0.0)": [0.0, 0.0, 15.64527236571266, 0.0, 0.0, 5.375024768888167, -0.21832555922152452, 0.0, 0.0], "(0.0, 1.0, 1.0)": [0.0, 0.6418131152556622, 0.6432902353300927, 0.6411920390630532, 0.6424516567012555, 0.6522203876475877, 0.6406368367687647, 0.6483936962073341, 0.649783796070868], "(5.0, 0.0, 0.0)": [0.0, -4.246477330472033, -0.05332642174474839, -5.23458266914665, -2.4602843693540963, -1.7236811925213997, -1.2873134770560148, -6.410606944499713, -0.2391847405653427], "(0.0, 0.0, 1.0)": [0.0, -0.7521472892529208, -2.165118041455242, -1.8604261955445494, -4.108762705822907, -5.696948643633304, -2.2427359431647442, -1.4672830072138037, -3.0896278079714916], "(1.0, 0.0, 1.0)": [0.0, -1.2262455785312265, -0.7473070910563793, -0.7935082403943697, -6.366887428816162, -2.1028496980918288, -0.3743646931871778, -0.39303640488428465, -4.062645228162864], "(2.0, 0.0, 0.0)": [0.0, -0.024068182231457083, -0.32067796187654013, -2.134097620390614, -0.6010413188674704, -2.198506399143629, -0.23232923752038176, -0.42295668743464093, -0.07388132709696552], "(2.0, 1.0, 0.0)": [0.0, 0.6628819889529787, 0.6680966697279346, 0.6494469410197674, 0.5190436585096226, 0.6563630279073601, 0.70533669879776, 0.8494475780272007, 0.5647278967745059], "(1.0, 1.0, 1.0)": [0.0, 0.40007952616152165, 0.4049860612090339, 2.054815807638163, 0.39680870735379625, 0.40101673173227614, 0.4006907236062523, 0.40287215539515375, 0.3987270569557629], "(6.0, 0.0, 0.0)": [0.0, 0.0, 0.0, 0.0, 0.0, 0.0, 0.0, 0.0, 0.0], "(6.0, 1.0, 0.0)": [0.0, 0.0, 0.0, 0.0, 0.0, 0.0, 0.0, 0.0, 0.0]}, "stats": {"total_messages": 657665, "total_updates": 573000, "total_reward": -31698.0, "action_counts": [72648, 78023, 75596, 72240, 76173, 71659, 72742, 68947, 69637], "state_visits": {"(3.0, 1.0, 0.0)": 4115, "(3.0, 0.0, 0.0)": 228825, "(4.0, 1.0, 0.0)": 2079, "(4.0, 0.0, 0.0)": 102060, "(5.0, 1.0, 0.0)": 29, "(0.0, 1.0, 1.0)": 937, "(5.0, 0.0, 0.0)": 357, "(0.0, 0.0, 1.0)": 36200, "(1.0, 0.0, 1.0)": 56697, "(2.0, 0.0, 0.0)": 137980, "(2.0, 1.0, 0.0)": 2004, "(1.0, 1.0, 1.0)": 1717, "(6.0, 0.0, 0.0)": 0, "(6.0, 1.0, 0.0)": 0}}}