{"q": {"(3.0, 1.0, 0.0)": [0.0, 0.8725799941974659, 0.7857975814666015, 0.9046101152529663, 0.810992036273061, 0.9051703104879784, 0.8460360530438544, 0.4944317314151046, 0.8778714611750407], "(3.0, 0.0, 0.0)": [0.0, 0.8065365433438298, 0.5897570441354398, 0.8591325681227692, 0.6004611578560122, 0.5798983515404309, 0.7499264738679592, 0.6061821084047998, 0.7253526458603188], "(4.0, 1.0, 0.0)": [0.0, 1.9519037654654736, 1.7043477149871185, 1.9950864675380136, 1.997224731637282, 1.984400872972845, 1.8918405219668215, 1.3798767276398745, 0.9001748816396103], "(4.0, 0.0, 0.0)": [0.0, 0.636148181353519, 0.5764593486810212, 0.6212206736946323, 0.6559694760620183, 0.6740168249237197, 0.6275487708840194, 0.6710785596301128, 0.6470147940909643], "(5.0, 1.0, 0.0)": [0.0, 0.0, 11.694966872193708, 0.0, 0.0, 5.95703125, -0.21832555922152452, 0.0, 0.0], "(0.0, 1.0, 1.0)": [0.0, 1.3338937947275136, 0.7323523845013985, 0.3721151463539015, 1.4397159726047966, 1.037324654593918, 0.9204443047266668, 0.7873011929502967, 0.36621825859045964], "(5.0, 0.0, 0.0)": [0.0, -9.057715465082161, -5.545740348731498, -0.7986541331566359, -8.949787095221595, -1.9161986374309419, -0.24156681742847258, -6.059479745947879, -5.909897447572939], "(0.0, 0.0, 1.0)": [0.0, -0.02019070066716567, -1.0611009468749429e-10, -5.415253154247295e-06, -0.0075267910079713785, -0.012323728474389405, -3.5015036356632836e-05, -4.7380697311887055e-07, -0.0009480527466800958], "(1.0, 0.0, 1.0)": [0.0, 0.7599384579033293, 0.8590954380897039, 0.7903786331755871, 0.772762079913718, 0.7903678028654045, 0.6287755534121845, 0.7674096852966252, 0.6953182059724341], "(2.0, 0.0, 0.0)": [0.0, 0.5772551087182447, 0.5626188234832684, 0.6118034724230166, 0.5626188176026795, 0.5670803238868432, 0.5993714434417031, 0.5630377197582249, 0.5662304834339427], "(2.0, 1.0, 0.0)": [0.0, 0.3459484501945023, 0.3437886192318903, 0.34644645441704575, 0.3429705833348483, 0.34667906874174703, 0.34644845748832903, 1.0626642295814015, 0.291999029347744], "(1.0, 1.0, 1.0)": [0.0, 0.7013761539542837, 1.690964084393481, 1.635584726946783, 1.25088795850532, 1.596768900073171, 1.2916615880616606, 1.2928114333999978, 1.7159100512060645], "(6.0, 0.0, 0.0)": [0.0, 0.0, 0.0, 0.0, 0.0, 0.0, 0.0, 0.0, 0.0]}, "stats": {"total_messages": 332989, "total_updates": 272004, "total_reward": -20104.0, "action_counts": [51557, 38741, 36623, 37253, 34378, 38238, 34131, 31953, 30115], "state_visits": {"(3.0, 1.0, 0.0)": 2976, "(3.0, 0.0, 0.0)": 124380, "(4.0, 1.0, 0.0)": 1363, "(4.0, 0.0, 0.0)": 57322, "(5.0, 1.0, 0.0)": 11, "(0.0, 1.0, 1.0)": 396, "(5.0, 0.0, 0.0)": 200, "(0.0, 0.0, 1.0)": 14665, "(1.0, 0.0, 1.0)": 14867, "(2.0, 0.0, 0.0)": 54383, "(2.0, 1.0, 0.0)": 945, "(1.0, 1.0, 1.0)": 496, "(6.0, 0.0, 0.0)": 0}}}