{"q": {"(3.0, 1.0, 0.0)": [0.0, 0.5919429901018495, 0.23946412529579658, 0.23673324692034384, 0.23790448123320782, 0.5703744285878234, 0.23335765092726563, 0.4944317314151046, 0.23674738220546615], "(3.0, 0.0, 0.0)": [0.0, 0.6517013029375398, 0.6875258519477524, 0.5214111398655862, 0.5165187032303099, 0.7600803231150797, 0.5417067371811048, 0.521417513388554, 0.4983771230538156], "(4.0, 1.0, 0.0)": [0.0, 0.9235920025064548, 0.9335572747721979, 0.9855640493140351, 0.9344792617812441, 0.8357655381867812, 0.9793606187721381, 0.8691522644176559, 0.8803220565030828], "(4.0, 0.0, 0.0)": [0.0, 0.5864663031116297, 0.4657688404731499, 0.5048995696524096, 0.4919595037640734, 0.45900231695260524, 0.5014384826071806, 0.4612699293540155, 0.5636138419091024], "(5.0, 1.0, 0.0)": [0.0, 0.0, 11.694966872193708, 0.0, 0.0, 5.95703125, -2.3326210184312908, 0.0, 0.0], "(0.0, 1.0, 1.0)": [0.0, 1.3541054303811262, 0.7323523845013985, 0.3721151463539015, 1.4397159726047966, 1.037324654593918, 0.3666853257422, 0.3694498026255397, 0.36621825859045964], "(5.0, 0.0, 0.0)": [0.0, -8.74362062010955, -4.060987131641998, -0.7986541331566359, -6.932962352020734, -4.542100473910381, -0.4294521198728401, -6.059479745947879, -5.909897447572939], "(0.0, 0.0, 1.0)": [0.0, 0.29590384086131183, -0.7361327705755831, -0.0006623451590774638, -0.02942438759573717, -0.9686469977639292, -1.512593494664864, -0.6914839876720622, 0.3286331656044459], "(1.0, 0.0, 1.0)": [0.0, 0.34923981895567535, 0.092549645122712, -0.08803827771147785, 0.02953619981556943, -0.032644161559112636, -0.06797193646410325, 0.007555206851932748, 0.10162644952163007], "(2.0, 0.0, 0.0)": [0.0, 0.3800773910742663, 0.36201794598635734, 0.31742584599952345, 0.39230559719194685, 0.42661350110292173, 0.2523011059018174, 0.41011416945243645, 0.3839789182953266], "(2.0, 1.0, 0.0)": [0.0, 0.3459484501945023, 0.3437886192318903, 0.34644645441704575, 0.3429705833348483, 0.34667906874174703, 0.34644845748832903, 1.0626642295814015, 0.291999029347744], "(1.0, 1.0, 1.0)": [0.0, 0.7013761539542837, 1.690964084393481, 1.6798772112646077, 1.1416381956372337, 1.7144712672995595, 1.2916615880616606, 1.2928114333999978, 1.7159100512060645], "(6.0, 0.0, 0.0)": [0.0, 0.0, 0.0, 0.0, 0.0, 0.0, 0.0, 0.0, 0.0]}, "stats": {"total_messages": 309141, "total_updates": 250003, "total_reward": -18813.0, "action_counts": [49677, 35333, 32592, 35140, 32123, 34826, 31556, 29460, 28434], "state_visits": {"(3.0, 1.0, 0.0)": 2728, "(3.0, 0.0, 0.0)": 114625, "(4.0, 1.0, 0.0)": 1151, "(4.0, 0.0, 0.0)": 53228, "(5.0, 1.0, 0.0)": 8, "(0.0, 1.0, 1.0)": 387, "(5.0, 0.0, 0.0)": 189, "(0.0, 0.0, 1.0)": 13740, "(1.0, 0.0, 1.0)": 13123, "(2.0, 0.0, 0.0)": 49393, "(2.0, 1.0, 0.0)": 945, "(1.0, 1.0, 1.0)": 486, "(6.0, 0.0, 0.0)": 0}}}