{"q": {"(3.0, 1.0, 0.0)": [0.0, 2.0770421195697626, 2.103913868140151, 1.5519817009753196, 2.0695573543351022, 2.1065963758880413, 2.1479642897662643, 1.6161247302662933, 2.096900350404078], "(3.0, 0.0, 0.0)": [0.0, 0.7453189039421672, 0.7048399633646283, 0.7421254804996924, 0.7465708381276903, 0.694840943358648, 0.7094226247251408, 0.6870220747728548, 0.7257400018879346], "(4.0, 1.0, 0.0)": [0.0, 2.8348619460906406, 2.2636139962744597, 3.7989753995345485, 3.3752764884381925, 2.520884154159746, 4.110319980500854, 3.781061834898863, 3.784479394188298], "(4.0, 0.0, 0.0)": [0.0, 0.6938197542965482, 0.6986693374922169, 0.6580437973846126, 0.6680627701369444, 0.6617215651280788, 0.6746820097209318, 0.7111274349218443, 0.6585465516772412], "(5.0, 1.0, 0.0)": [0.0, 0.0, 13.483954274284496, 0.0, 0.0, 5.375024768888167, -0.21832555922152452, 3.598412644113912, 0.0], "(0.0, 1.0, 1.0)": [0.0, 0.5238277356444393, 1.02638527155107, 0.5545722337857472, 0.5462646839795721, 0.5439586763251649, 0.5256006369797743, 0.5562130825866791, 0.5567073525001245], "(5.0, 0.0, 0.0)": [0.0, -8.976294245227638, 0.26396032423315047, -1.7010277481369402, -9.820876985141659, -1.9608376303263555, 0.5392321803498633, -5.25139934168037, 0.1660237790917], "(0.0, 0.0, 1.0)": [0.0, -0.08607716902878204, -1.1208578665832492, -0.14016571528811145, -0.7506895053011975, -0.07108641475019711, -0.10202476836561802, -0.10207811900687114, -0.11914207871780397], "(1.0, 0.0, 1.0)": [0.0, 0.6231685746487935, 0.5984187352480923, 0.6162442317544674, 0.5846667079913545, 0.5842712684397324, 0.5996926841463202, 0.6348406663533002, 0.613245064479155], "(2.0, 0.0, 0.0)": [0.0, 0.5661146389126908, 0.5665801725838575, 0.5280557222141182, 0.5508215273718905, 0.5280040797072164, 0.5503301158729271, 0.5221967043020507, 0.5378979100274015], "(2.0, 1.0, 0.0)": [0.0, 0.8506995805968669, 1.0114512327951648, 1.7954395356551416, 1.3742894732639415, 1.2081006044993063, 1.3831229024778497, 1.3762377195607818, 1.376719040228179], "(1.0, 1.0, 1.0)": [0.0, 1.3943354874828668, 1.2772826237609731, 1.4204222818437455, 1.3835453810715133, 1.3294315009763849, 1.3784897839563077, 1.3951794957688106, 1.3964875428571006], "(6.0, 0.0, 0.0)": [0.0, 0.0, 0.0, 0.0, 0.0, 0.0, 0.0, 0.0, 0.0], "(6.0, 1.0, 0.0)": [0.0, 0.0, 0.0, 0.0, 0.0, 0.0, 0.0, 0.0, 0.0]}, "stats": {"total_messages": 843833, "total_updates": 737000, "total_reward": -39460.0, "action_counts": [93074, 101641, 100721, 92222, 96992, 90152, 90244, 89451, 89336], "state_visits": {"(3.0, 1.0, 0.0)": 4746, "(3.0, 0.0, 0.0)": 292930, "(4.0, 1.0, 0.0)": 2323, "(4.0, 0.0, 0.0)": 140316, "(5.0, 1.0, 0.0)": 31, "(0.0, 1.0, 1.0)": 1201, "(5.0, 0.0, 0.0)": 527, "(0.0, 0.0, 1.0)": 46371, "(1.0, 0.0, 1.0)": 75175, "(2.0, 0.0, 0.0)": 168685, "(2.0, 1.0, 0.0)": 2575, "(1.0, 1.0, 1.0)": 2119, "(6.0, 0.0, 0.0)": 1, "(6.0, 1.0, 0.0)": 0}}}