{"q": {"(3.0, 1.0, 0.0)": [0.0, 0.33205012245280163, 0.3252204153595122, 0.3256428464581195, 0.32002600952679316, 0.3114674438269555, 0.32385474550884286, 0.3148412453971559, 0.3228542387330181], "(3.0, 0.0, 0.0)": [0.0, 0.23841597816961474, 0.3175525177974859, 0.46556433569934624, 0.2794060587158805, 0.2342138718534431, 0.2927632787378726, 0.42832510566692866, 0.32568023847500754], "(4.0, 1.0, 0.0)": [0.0, 1.132031301475581, 1.1547017481119408, 1.1498598999747018, 1.1519670618245725, 1.140403553325195, 1.144644804777799, 1.1333089034536756, 1.1471180121191478], "(4.0, 0.0, 0.0)": [0.0, 0.32938783782243786, 0.25991278640512633, 0.2573739443585076, 0.26931231227295865, 0.3422118655733771, 0.3661269199909282, 0.29992420307412393, 0.3296228314103485], "(5.0, 1.0, 0.0)": [0.0, 0.0, 11.694966872193708, 0.0, 0.0, 5.95703125, -2.3326210184312908, 0.0, 0.0], "(0.0, 1.0, 1.0)": [0.0, 2.829575897168663, 0.3761903818159485, 0.3721151463539015, 1.4397159726047966, 1.037324654593918, 0.3666853257422, 0.3694498026255397, 0.36621825859045964], "(5.0, 0.0, 0.0)": [0.0, -5.166853086873925, -5.80772294046435, -0.4785780678564, -5.308236479759216, -4.8405344566764565, -1.3572807739190993, -5.437285323728305, -2.209266083390295], "(0.0, 0.0, 1.0)": [0.0, -3.399230690337724, -0.5742603654332199, -1.5087518039137593, -2.6261730876631786, -1.4271934401341235, -3.935374452447542, -0.8208879752035823, -3.278541376485464], "(1.0, 0.0, 1.0)": [0.0, -0.39271659720523755, -0.1240782682444882, -1.0779003615486786, -1.2211155641078606, -0.005355487629476214, -0.5036862453829588, -0.002665940584090673, -1.579908456387034], "(2.0, 0.0, 0.0)": [0.0, -0.06930562191610248, -1.0973637486149375, -0.309964978085122, -1.1673714597474585, -0.5207625990230145, -0.3107532085309421, -1.7430352313266102, 0.00870820797159455], "(2.0, 1.0, 0.0)": [0.0, 0.4673859181494034, 0.4262328190517207, 0.4251840712008325, 0.4192592293482551, 0.42047604621453377, 0.5583951619846969, 0.41543940941651325, 0.4263129728775452], "(1.0, 1.0, 1.0)": [0.0, 0.7013761539542837, 2.297567505007907, 2.24102096527763, 0.953928821295891, 2.0689796620810172, 1.062849396391695, 1.8314526450146873, 1.9155927687838479], "(6.0, 0.0, 0.0)": [0.0, 0.0, 0.0, 0.0, 0.0, 0.0, 0.0, 0.0, 0.0]}, "stats": {"total_messages": 221230, "total_updates": 180005, "total_reward": -11052.0, "action_counts": [32108, 24597, 24241, 24899, 22639, 25259, 24243, 22848, 20396], "state_visits": {"(3.0, 1.0, 0.0)": 2560, "(3.0, 0.0, 0.0)": 76076, "(4.0, 1.0, 0.0)": 1069, "(4.0, 0.0, 0.0)": 35292, "(5.0, 1.0, 0.0)": 8, "(0.0, 1.0, 1.0)": 376, "(5.0, 0.0, 0.0)": 126, "(0.0, 0.0, 1.0)": 13346, "(1.0, 0.0, 1.0)": 12228, "(2.0, 0.0, 0.0)": 37644, "(2.0, 1.0, 0.0)": 846, "(1.0, 1.0, 1.0)": 434, "(6.0, 0.0, 0.0)": 0}}}