{"q": {"(3.0, 1.0, 0.0)": [0.0, 0.6938190260123436, 0.7920872194682798, 0.7911851063333453, 0.7963443845036249, 0.8041790994244594, 0.7946588985982972, 0.7240020819559403, 0.7911305921294617], "(3.0, 0.0, 0.0)": [0.0, 0.6608770110986638, 0.666415563551457, 0.6399929811352305, 0.724367359260506, 0.6408938083730609, 0.6342929408877935, 0.6664179705810447, 0.6622774171040278], "(4.0, 1.0, 0.0)": [0.0, 1.7970953695643148, 1.7252443698812938, 15.620901755884383, 1.6114102590704749, 1.840708463187896, 1.8918405219668215, 1.759607593750333, 1.5114838464940064], "(4.0, 0.0, 0.0)": [0.0, 0.7091255066877353, 0.849661852982161, 0.7787884700507903, 0.8495768414053824, 0.9235455087208264, 0.8475578434709612, 0.8344518307340123, 0.8496618679946817], "(5.0, 1.0, 0.0)": [0.0, 0.0, 11.694966872193708, 0.0, 0.0, 5.95703125, -0.21832555922152452, 0.0, 0.0], "(0.0, 1.0, 1.0)": [0.0, 1.1187954832090274, 0.6536091850020194, 0.3721151463539015, 1.4397159726047966, 1.037324654593918, 0.9204443047266668, 0.7873011929502967, 0.36621825859045964], "(5.0, 0.0, 0.0)": [0.0, -9.413344088087007, -5.545740348731498, -0.5989905998674769, -6.53527001057269, -0.8885312977324934, 0.05012431980157664, -6.059479745947879, -5.909897447572939], "(0.0, 0.0, 1.0)": [0.0, 0.7698709167108985, 0.708281285177836, -4.259578663973268, 0.7082812321601407, -5.1270055027111905, -1.5404748502318963, 0.7241487509303958, 0.7107006170114664], "(1.0, 0.0, 1.0)": [0.0, 0.7137490607379926, 0.715516262800987, 0.7342768334381969, 0.6901362114394947, 0.7499582258756218, 0.7137491733640701, 0.6903488331449574, 0.6899615678055722], "(2.0, 0.0, 0.0)": [0.0, 0.6112590171770838, 0.6125860844658084, 0.6658541382451668, 0.612585807391659, 0.6113032825119147, 0.6127477843025115, 0.6125858071855537, 0.6126109086843976], "(2.0, 1.0, 0.0)": [0.0, 0.9530505090020864, 0.977835885430532, 0.9335188971553354, 0.7353225586385406, 0.8228954144108094, 0.8667385600801784, 1.020582726089978, 0.8741693512117689], "(1.0, 1.0, 1.0)": [0.0, 1.1172733142189881, 1.34614917552509, 1.3364125160931055, 1.3561674775902959, 1.2048027668487786, 1.3380705833334094, 1.410251794432146, 1.4495546342521908], "(6.0, 0.0, 0.0)": [0.0, 0.0, 0.0, 0.0, 0.0, 0.0, 0.0, 0.0, 0.0]}, "stats": {"total_messages": 359770, "total_updates": 298004, "total_reward": -20704.0, "action_counts": [51856, 41178, 39685, 40769, 37635, 40796, 38531, 35437, 33883], "state_visits": {"(3.0, 1.0, 0.0)": 3111, "(3.0, 0.0, 0.0)": 134221, "(4.0, 1.0, 0.0)": 1473, "(4.0, 0.0, 0.0)": 61296, "(5.0, 1.0, 0.0)": 11, "(0.0, 1.0, 1.0)": 407, "(5.0, 0.0, 0.0)": 209, "(0.0, 0.0, 1.0)": 16499, "(1.0, 0.0, 1.0)": 18211, "(2.0, 0.0, 0.0)": 60876, "(2.0, 1.0, 0.0)": 1039, "(1.0, 1.0, 1.0)": 651, "(6.0, 0.0, 0.0)": 0}}}