{"q": {"(3.0, 1.0, 0.0)": [0.0, 0.05374619475683774, 0.04235593281930472, 0.17902513448108437, 0.038601114611846156, 0.042986263888855215, 0.053172903028638654, 0.053339720073202895, 0.04041765775953488], "(3.0, 0.0, 0.0)": [0.0, 0.7883399219046017, 0.817656126333872, 0.7524497547254616, 0.7615085625246517, 0.7614779802663096, 0.7590173583433266, 0.8035922013577933, 0.817878045749107], "(4.0, 1.0, 0.0)": [0.0, 2.8570621274936636, 0.21308229682912094, 0.17645485313069156, 0.14926670252865673, 0.10791893177827921, 0.03769113843203695, 0.22739708844387985, 0.037915453178087796], "(4.0, 0.0, 0.0)": [0.0, 0.8962809216474358, 0.8017812966771409, 0.8368728896880769, 0.9268261097190064, 0.8266590970577101, 0.8474950688811392, 0.8543314416754471, 0.8528134343787676], "(5.0, 1.0, 0.0)": [0.0, 0.0, 0.0, 0.0, 0.0, 5.95703125, 0.0, 0.0, 0.0], "(0.0, 1.0, 1.0)": [0.0, 0.0, 0.5590502115954552, 0.0, 0.0, 0.0, 0.0, 0.0, 0.0], "(5.0, 0.0, 0.0)": [0.0, -5.826755336706924, -2.3266107961535454, 0.08664665206211238, -6.8359375, -1.961758368875276, -4.289677507694931, -2.5, 0.2542028225289001], "(0.0, 0.0, 1.0)": [0.0, -0.09607484390459547, 0.4122971026005313, 0.4091746796233665, 0.4122979550178303, 0.4298233783637791, 0.37672457418309724, 0.3405071514963294, 0.44814899000759406], "(1.0, 0.0, 1.0)": [0.0, 0.2267836918057915, 0.5005557631008141, 0.4109730366564295, 0.4688661416870398, 0.2992967961752798, 0.39074333383510274, 0.2963427378626578, 0.40937804401120614], "(2.0, 0.0, 0.0)": [0.0, -1.3552465410101124, 0.5565631643961124, 0.5387978236173718, 0.6071082954225658, 0.5387971986121003, 0.5197365714727878, 0.20794660404591708, 0.5579305534416386], "(2.0, 1.0, 0.0)": [0.0, 0.009100249344812805, 0.0, 0.0, 0.0, 0.025395512986364624, 0.02390823264361643, 0.01785907385862901, 0.030105918525674197], "(1.0, 1.0, 1.0)": [0.0, 0.0, 1.1160713972678402, 0.03668008219861263, 0.0, 0.00868397701149333, 1.343696572154153, 0.08658281416507392, 0.027057452129922964], "(6.0, 0.0, 0.0)": [0.0, 0.0, 0.0, 0.0, 0.0, 0.0, 0.0, 0.0, 0.0]}, "stats": {"total_messages": 66536, "total_updates": 43002, "total_reward": -5696.0, "action_counts": [18887, 3760, 5870, 6193, 4601, 8995, 6461, 6699, 5070], "state_visits": {"(3.0, 1.0, 0.0)": 1329, "(3.0, 0.0, 0.0)": 21556, "(4.0, 1.0, 0.0)": 568, "(4.0, 0.0, 0.0)": 13502, "(5.0, 1.0, 0.0)": 5, "(0.0, 1.0, 1.0)": 39, "(5.0, 0.0, 0.0)": 70, "(0.0, 0.0, 1.0)": 2920, "(1.0, 0.0, 1.0)": 1155, "(2.0, 0.0, 0.0)": 1407, "(2.0, 1.0, 0.0)": 250, "(1.0, 1.0, 1.0)": 201, "(6.0, 0.0, 0.0)": 0}}}