{"q": {"(3.0, 1.0, 0.0)": [0.0, 0.7575566140358394, 0.7763653716719905, 0.7781648686401194, 0.8280871102581223, 0.7785844474386965, 0.777328891583438, 0.7773881720771595, 0.7536534391711739], "(3.0, 0.0, 0.0)": [0.0, 1.500164350388468, 1.600383072762992, 1.5823871419705913, 1.5244665424549952, 1.0980432733396277, 1.4726039031816396, 1.5302394916025217, 1.4743225091430576], "(4.0, 1.0, 0.0)": [0.0, 11.497788749258367, 13.105203168942415, 12.194685473867487, 4.2227544231596115, 1.840708463187896, 1.8918405219668215, 12.055832545643344, 8.185802751476054], "(4.0, 0.0, 0.0)": [0.0, 4.027946010255107, 4.150203441567889, 4.266139936613399, 5.014316567514594, 3.9347248924397036, 6.571661599477029, 5.837314298831135, 4.344351715357489], "(5.0, 1.0, 0.0)": [0.0, 0.0, 11.694966872193708, 0.0, 0.0, 5.95703125, -0.21832555922152452, 0.0, 0.0], "(0.0, 1.0, 1.0)": [0.0, 1.0820354229599793, 0.887614989968123, 1.0252711733123194, 1.146967950140862, 1.1172208013522544, 1.0552696131716996, 0.9882968677494639, 1.055231538703935], "(5.0, 0.0, 0.0)": [0.0, -9.161303016615495, -0.1264033700616258, -1.1531384905603688, -7.7757135624030695, -0.7597316963181115, 0.16518540481769733, -9.03392165816092, -0.42521731656060924], "(0.0, 0.0, 1.0)": [0.0, 0.8199627027006022, 0.832175912725318, 0.8200266429032372, 0.8223312314293111, -0.15338301106385233, 0.8200266396134874, 0.8913333039218788, 0.8200266396081284], "(1.0, 0.0, 1.0)": [0.0, 0.7696326856461972, 0.7564392304927949, 0.8159573340968564, 0.7954250150590702, 0.8041979238565905, 0.7527296181220622, 0.7854122755009024, 0.7879319101401734], "(2.0, 0.0, 0.0)": [0.0, 0.7674043976994325, 0.7835585933212725, 0.7592415162297144, 0.7979360101272583, 0.5535592406816482, 0.7367102943862569, 0.7580149916640305, 0.74474205089829], "(2.0, 1.0, 0.0)": [0.0, 0.7562541547822518, 0.7586236413327052, 0.7915720765744289, 0.7632802805502655, 0.7645583876115479, 0.7336682538952087, 0.7906921892200546, 0.7610110861312026], "(1.0, 1.0, 1.0)": [0.0, 1.0019792570937147, 1.2421123301513437, 1.3364125160931055, 1.1651743871428542, 1.2048027668487786, 1.3086307772305419, 1.2990208021651146, 1.0397575043242193], "(6.0, 0.0, 0.0)": [0.0, 0.0, 0.0, 0.0, 0.0, 0.0, 0.0, 0.0, 0.0]}, "stats": {"total_messages": 537015, "total_updates": 466005, "total_reward": -26299.0, "action_counts": [59395, 63899, 60820, 59043, 61996, 59356, 60678, 55805, 56023], "state_visits": {"(3.0, 1.0, 0.0)": 3334, "(3.0, 0.0, 0.0)": 190107, "(4.0, 1.0, 0.0)": 1540, "(4.0, 0.0, 0.0)": 84319, "(5.0, 1.0, 0.0)": 11, "(0.0, 1.0, 1.0)": 508, "(5.0, 0.0, 0.0)": 321, "(0.0, 0.0, 1.0)": 30854, "(1.0, 0.0, 1.0)": 44550, "(2.0, 0.0, 0.0)": 108401, "(2.0, 1.0, 0.0)": 1358, "(1.0, 1.0, 1.0)": 702, "(6.0, 0.0, 0.0)": 0}}}