{"q": {"(3.0, 1.0, 0.0)": [0.0, 2.059642567971567, 1.5397444733336767, 2.0873371781532195, 1.267315387838254, 1.9453308816767523, 2.0545970495609915, 2.06502065160684, 2.087221123111249], "(3.0, 0.0, 0.0)": [0.0, 0.4201882391222717, 0.4075131274905499, 0.4104200196106882, 0.4071343217006074, 0.3938312210899145, 0.42276745294454793, 0.4156535670424532, 0.3937490342691972], "(4.0, 1.0, 0.0)": [0.0, 4.8601838221968015, 4.779811721582411, 4.733210908609744, 4.431652638017986, 4.758436224839125, 5.012270617836989, 4.714883961077196, 4.8004405414283235], "(4.0, 0.0, 0.0)": [0.0, 0.345929797177578, 0.45804008858287015, 0.46381532745094706, 0.3854588572689298, 0.43458163240114667, 0.44676192278226334, 0.44880535614153694, 0.45397155751005247], "(5.0, 1.0, 0.0)": [0.0, 0.0, 6.860363154283547, 0.0, 0.0, 5.375024768888167, -0.21832555922152452, 0.0, 0.0], "(0.0, 1.0, 1.0)": [0.0, 0.8166975083376927, 0.6482479113277421, 0.8210522778042605, 0.8305469665116504, 0.8363324463374368, 0.7792623051488432, 0.8159185636457087, 0.7645370104735945], "(5.0, 0.0, 0.0)": [0.0, -4.246477330472033, -0.05332642174474839, -0.8648538679202766, -4.373838878851727, -3.064322120038044, -1.7164179694080197, -6.952190123555045, -0.31891298742045693], "(0.0, 0.0, 1.0)": [0.0, -1.0104623697854875, -0.44254457261869096, -0.8263056179846148, -0.7536808027221849, -0.9220196331342367, -1.347561809879442, -0.14245889648118681, -0.8602628227991047], "(1.0, 0.0, 1.0)": [0.0, 0.26296495929218106, 0.2605086142363485, 0.12810100036880293, 0.3118574479213102, -0.7255652645987616, 0.07397746887710357, 0.3350025318026313, 0.2368293334623046], "(2.0, 0.0, 0.0)": [0.0, 0.27318819547179596, 0.2705657484117514, 0.2675851901328128, 0.26905691965801115, 0.25238235192607267, 0.25742238795760786, 0.2739703627270186, 0.25965541980759355], "(2.0, 1.0, 0.0)": [0.0, 0.6764101928091619, 1.6970524635273119, 0.7162434812134147, 0.6772905911353243, 0.6740892472478113, 0.6772195537316396, 0.668396529772196, 0.8927085459713334], "(1.0, 1.0, 1.0)": [0.0, 0.5751856969951644, 0.5690524202619207, 0.5665180231315253, 0.8013288323350953, 0.5700798470961496, 0.5769367594371965, 0.5717046595219046, 0.5610454128090551], "(6.0, 0.0, 0.0)": [0.0, 0.0, 0.0, 0.0, 0.0, 0.0, 0.0, 0.0, 0.0], "(6.0, 1.0, 0.0)": [0.0, 0.0, 0.0, 0.0, 0.0, 0.0, 0.0, 0.0, 0.0]}, "stats": {"total_messages": 614249, "total_updates": 538006, "total_reward": -28881.0, "action_counts": [64311, 73866, 70189, 67880, 71261, 67947, 69387, 63842, 65566], "state_visits": {"(3.0, 1.0, 0.0)": 3721, "(3.0, 0.0, 0.0)": 212256, "(4.0, 1.0, 0.0)": 1964, "(4.0, 0.0, 0.0)": 94924, "(5.0, 1.0, 0.0)": 28, "(0.0, 1.0, 1.0)": 850, "(5.0, 0.0, 0.0)": 345, "(0.0, 0.0, 1.0)": 35986, "(1.0, 0.0, 1.0)": 54668, "(2.0, 0.0, 0.0)": 129965, "(2.0, 1.0, 0.0)": 1831, "(1.0, 1.0, 1.0)": 1468, "(6.0, 0.0, 0.0)": 0, "(6.0, 1.0, 0.0)": 0}}}