{"q": {"(3.0, 1.0, 0.0)": [0.0, 0.8376817782615873, 0.8726626652297715, 0.8873879656473096, 3.019436055303552, 0.8757564464998853, 0.8665569715280786, 0.8914900582638922, 0.8331438806617704], "(3.0, 0.0, 0.0)": [0.0, 0.4241908512639938, 0.3890056073825039, 0.388888976721097, 0.39045451595417946, 0.13591580075174275, 0.41924617236839745, 0.4061060549461739, 0.39073194128920524], "(4.0, 1.0, 0.0)": [0.0, 3.4337414088519127, 3.452410906089308, 3.5316821501318865, 3.519361704927392, 3.486781383969313, 3.545711319879107, 3.264133755145511, 2.7632315344240284], "(4.0, 0.0, 0.0)": [0.0, 0.14149919647626472, 0.20305393995174437, 0.22415398224710964, 0.20638905514936806, 0.19182101273560392, 0.2189217727677433, 0.15974153071576808, 0.06637995650169941], "(5.0, 1.0, 0.0)": [0.0, 0.0, 15.64527236571266, 0.0, 0.0, 5.375024768888167, -0.21832555922152452, 0.0, 0.0], "(0.0, 1.0, 1.0)": [0.0, 0.6418131152556622, 0.6432902353300927, 0.6411920390630532, 0.6424516567012555, 0.6522203876475877, 0.6406368367687647, 0.6483936962073341, 0.649783796070868], "(5.0, 0.0, 0.0)": [0.0, -5.684857997854025, -0.05332642174474839, -5.23458266914665, -2.4602843693540963, -1.7236811925213997, -1.2873134770560148, -4.807955208374785, -0.2391847405653427], "(0.0, 0.0, 1.0)": [0.0, -0.5641104669396906, -0.9134091737389302, -3.284867301245357, -5.58157202936718, -3.204533612043733, -2.2427359431647442, -1.1004622554103527, -2.3172208559786185], "(1.0, 0.0, 1.0)": [0.0, -1.923572353442861, -0.7473070910563793, -0.251070966687281, -3.5813741787090914, -1.1828529551766538, -1.5641851049383404, -0.2947773036632135, -2.2852379408416112], "(2.0, 0.0, 0.0)": [0.0, 0.025586037530901665, -2.6014645113749992, -0.5064313689012883, -1.6598143063972142, -0.3912869055116468, -1.5042638970789108, 0.1253171698352285, -3.6417693717938064], "(2.0, 1.0, 0.0)": [0.0, 0.6628819889529787, 0.6680966697279346, 0.6494469410197674, 0.5190436585096226, 0.6563630279073601, 0.70533669879776, 0.8494475780272007, 0.5647278967745059], "(1.0, 1.0, 1.0)": [0.0, 0.40007952616152165, 0.4049860612090339, 2.054815807638163, 0.39680870735379625, 0.40101673173227614, 0.4006907236062523, 0.40287215539515375, 0.3987270569557629], "(6.0, 0.0, 0.0)": [0.0, 0.0, 0.0, 0.0, 0.0, 0.0, 0.0, 0.0, 0.0], "(6.0, 1.0, 0.0)": [0.0, 0.0, 0.0, 0.0, 0.0, 0.0, 0.0, 0.0, 0.0]}, "stats": {"total_messages": 661458, "total_updates": 576002, "total_reward": -32111.0, "action_counts": [73420, 78416, 76007, 72554, 76708, 71855, 73013, 69366, 70119], "state_visits": {"(3.0, 1.0, 0.0)": 4115, "(3.0, 0.0, 0.0)": 230893, "(4.0, 1.0, 0.0)": 2079, "(4.0, 0.0, 0.0)": 102884, "(5.0, 1.0, 0.0)": 29, "(0.0, 1.0, 1.0)": 937, "(5.0, 0.0, 0.0)": 359, "(0.0, 0.0, 1.0)": 36212, "(1.0, 0.0, 1.0)": 56714, "(2.0, 0.0, 0.0)": 138059, "(2.0, 1.0, 0.0)": 2004, "(1.0, 1.0, 1.0)": 1717, "(6.0, 0.0, 0.0)": 0, "(6.0, 1.0, 0.0)": 0}}}