{"q": {"(3.0, 1.0, 0.0)": [0.0, 0.6938190260123436, 0.7697275909113297, 0.7911851063333453, 0.8449868472021657, 0.7986358719398224, 0.7669212664553823, 0.7859662122376708, 0.7457419524195678], "(3.0, 0.0, 0.0)": [0.0, 0.5671112545917302, 0.5823226673110554, 0.5584852094764133, 0.5727845775709719, 0.5979343859881495, 0.5501031742936199, 0.5733779137489181, 0.5727828316028344], "(4.0, 1.0, 0.0)": [0.0, 4.611884447707894, 13.105203168942415, 12.30193990821007, 1.6114102590704749, 1.840708463187896, 1.8918405219668215, 9.050701575024428, 8.185802751476054], "(4.0, 0.0, 0.0)": [0.0, 0.5157965157045382, 0.536179651844197, 0.517616469102124, 0.5333235955305565, 0.5606478658327597, 0.5244123317373446, 0.5204926311484848, 0.5157960834204798], "(5.0, 1.0, 0.0)": [0.0, 0.0, 11.694966872193708, 0.0, 0.0, 5.95703125, -0.21832555922152452, 0.0, 0.0], "(0.0, 1.0, 1.0)": [0.0, 1.1187954832090274, 0.6536091850020194, 0.3721151463539015, 1.4397159726047966, 1.2336623773885922, 1.0883413693887287, 0.7873011929502967, 0.36621825859045964], "(5.0, 0.0, 0.0)": [0.0, -8.813625216732822, -0.1264033700616258, -3.62413060539327, -7.7757135624030695, -2.358709776680516, 0.16518540481769733, -8.904658158106116, -1.8549436083971356], "(0.0, 0.0, 1.0)": [0.0, 0.4103946047366339, 0.39649262214583675, 0.39223465566257315, -5.3843815070666174, 0.378445003278716, 0.38265449456378425, 0.4114296938379272, 0.3828874398898048], "(1.0, 0.0, 1.0)": [0.0, 0.5796646632532328, 0.546998808104427, 0.5649619445763454, 0.5720820814817851, 0.5358896775525281, 0.5332914901929744, 0.5344260974005952, 0.5362457482269126], "(2.0, 0.0, 0.0)": [0.0, 0.4584816807280574, 0.44170701468158113, 0.4319047496987449, 0.4692073384468659, 0.443183755965185, 0.43214257487461605, 0.43424850667467474, 0.43909537096454465], "(2.0, 1.0, 0.0)": [0.0, 1.0516005956150534, 0.8477123645256748, 0.8582037988478128, 0.8984537288082882, 0.8228954144108094, 0.9084777674729323, 0.9667601268347984, 0.8653892775611545], "(1.0, 1.0, 1.0)": [0.0, 1.1172733142189881, 1.34614917552509, 1.3364125160931055, 1.3561674775902959, 1.2048027668487786, 1.3350078647055035, 1.410251794432146, 1.4495546342521908], "(6.0, 0.0, 0.0)": [0.0, 0.0, 0.0, 0.0, 0.0, 0.0, 0.0, 0.0, 0.0]}, "stats": {"total_messages": 501095, "total_updates": 431007, "total_reward": -26151.0, "action_counts": [59075, 59550, 56195, 55915, 58551, 55733, 55393, 50100, 50583], "state_visits": {"(3.0, 1.0, 0.0)": 3246, "(3.0, 0.0, 0.0)": 180129, "(4.0, 1.0, 0.0)": 1500, "(4.0, 0.0, 0.0)": 81314, "(5.0, 1.0, 0.0)": 11, "(0.0, 1.0, 1.0)": 415, "(5.0, 0.0, 0.0)": 308, "(0.0, 0.0, 1.0)": 26134, "(1.0, 0.0, 1.0)": 36791, "(2.0, 0.0, 0.0)": 99409, "(2.0, 1.0, 0.0)": 1095, "(1.0, 1.0, 1.0)": 655, "(6.0, 0.0, 0.0)": 0}}}