{"q": {"(3.0, 1.0, 0.0)": [0.0, 1.4445271846658336, 1.2511195049383348, 1.0992933607058337, 1.0355898605060345, 1.4781672826937602, 1.2034509250953225, 0.8914900582638922, 1.137682798136928], "(3.0, 0.0, 0.0)": [0.0, 0.6453850592191908, 0.7013308659925204, 0.6469423565687931, 0.6452263382098324, 0.6816579641914495, 0.6388630319523473, 0.5982680603254337, 0.6446913785111361], "(4.0, 1.0, 0.0)": [0.0, 2.8348619460906406, 8.058143417833866, 3.4247007507686376, 2.772017152484081, 0.9358857921596604, 2.7936540071057623, 2.809883033699148, 3.3982431132392006], "(4.0, 0.0, 0.0)": [0.0, 0.6815742527293703, 0.6833324382589832, 0.6871756863195921, 0.6509851879283752, 0.6498485933890503, 0.7060086403949951, 0.6829761171039893, 0.6709594743796633], "(5.0, 1.0, 0.0)": [0.0, 0.0, 13.483954274284496, 0.0, 0.0, 5.375024768888167, -0.21832555922152452, 3.598412644113912, 0.0], "(0.0, 1.0, 1.0)": [0.0, 0.6418131152556622, 0.47281832296761817, 0.6411920390630532, 0.6424516567012555, 0.6391759798946359, 0.6406368367687647, 0.6245261208383119, 0.6267216402397748], "(5.0, 0.0, 0.0)": [0.0, -9.965207415713902, -1.0075915105792865, -1.7010277481369402, -9.820876985141659, -0.4469600845804433, 0.06282941128579561, -7.171644933407091, -0.35766493743154687], "(0.0, 0.0, 1.0)": [0.0, 0.35906784429696836, 0.3591443371601797, 0.3590701214909665, 0.3599921158215942, 0.33373933554335866, 0.3311927476581523, 0.3366277594505572, 0.3580624690442026], "(1.0, 0.0, 1.0)": [0.0, 0.5205807436626988, 0.5675747808973761, 0.5214313517024673, 0.5162120805032593, 0.5523510107199554, 0.5440792748018883, 0.5221687986558019, 0.5325259862960254], "(2.0, 0.0, 0.0)": [0.0, 0.7423277475515097, 0.7748970121282966, 0.7267438238625411, 0.756516434514862, 0.7746458309652404, 0.7898931013815214, 0.7272736387788417, 0.7269001837848363], "(2.0, 1.0, 0.0)": [0.0, 0.6628819889529787, 0.6680966697279346, 0.6494469410197674, 0.5190436585096226, 0.7690922351491825, 0.70533669879776, 0.8325314645631864, 0.5647278967745059], "(1.0, 1.0, 1.0)": [0.0, 0.40007952616152165, 0.4049860612090339, 2.054815807638163, 0.39680870735379625, 0.40101673173227614, 0.4006907236062523, 0.40287215539515375, 0.3987270569557629], "(6.0, 0.0, 0.0)": [0.0, 0.0, 0.0, 0.0, 0.0, 0.0, 0.0, 0.0, 0.0], "(6.0, 1.0, 0.0)": [0.0, 0.0, 0.0, 0.0, 0.0, 0.0, 0.0, 0.0, 0.0]}, "stats": {"total_messages": 786662, "total_updates": 681004, "total_reward": -38235.0, "action_counts": [92536, 94182, 92163, 86066, 87587, 84575, 84430, 82225, 82898], "state_visits": {"(3.0, 1.0, 0.0)": 4235, "(3.0, 0.0, 0.0)": 276403, "(4.0, 1.0, 0.0)": 2172, "(4.0, 0.0, 0.0)": 133875, "(5.0, 1.0, 0.0)": 31, "(0.0, 1.0, 1.0)": 944, "(5.0, 0.0, 0.0)": 498, "(0.0, 0.0, 1.0)": 39058, "(1.0, 0.0, 1.0)": 66627, "(2.0, 0.0, 0.0)": 153430, "(2.0, 1.0, 0.0)": 2013, "(1.0, 1.0, 1.0)": 1717, "(6.0, 0.0, 0.0)": 1, "(6.0, 1.0, 0.0)": 0}}}