{"q": {"(3.0, 1.0, 0.0)": [0.0, 0.2548957757786251, 0.25662181455388183, 0.2515249246916079, 0.25276934061616313, 0.25395705352323583, 0.2518713713353723, 0.2566293373022378, 0.255623286927179], "(3.0, 0.0, 0.0)": [0.0, 0.6651665671105201, 0.6727525571627975, 0.7310997445631227, 0.624818462221153, 0.653620457182962, 0.6403672050495365, 0.648659250461995, 0.6749942349668169], "(4.0, 1.0, 0.0)": [0.0, 1.087202861937148, 1.086796047708974, 1.0822389389769895, 1.0842221828527934, 1.0952435726135172, 1.0993168705085983, 1.08842987087691, 1.0796582960624448], "(4.0, 0.0, 0.0)": [0.0, -0.014596647323175418, -1.0286713286915659, -1.7417426451538671, -1.100034701759227, 0.00754845921196626, 0.4409620285311654, -0.07128700606666676, -0.9950409547960322], "(5.0, 1.0, 0.0)": [0.0, 0.0, 11.694966872193708, 0.0, 0.0, 5.95703125, -2.3326210184312908, 0.0, 0.0], "(0.0, 1.0, 1.0)": [0.0, 2.1221819228764973, 0.3761903818159485, 0.3721151463539015, 1.4397159726047966, 1.037324654593918, 0.3666853257422, 0.3694498026255397, 0.36621825859045964], "(5.0, 0.0, 0.0)": [0.0, -3.8751398151554435, -5.80772294046435, -0.4785780678564, -5.308236479759216, -4.8405344566764565, -1.3572807739190993, -6.327963992796229, -1.0995244109062416], "(0.0, 0.0, 1.0)": [0.0, -1.6620672633149698, -0.5079677261720746, -2.0427546672761174, -1.1079167713579035, -2.4770972325565834, -2.9515308393356565, -0.3463121145390113, -1.5690288618027028], "(1.0, 0.0, 1.0)": [0.0, -3.278765188256816, -0.01111660656825071, -0.34105441127126157, -0.5151581286080037, -0.00022618974854918071, -0.1593694760782018, -2.2088598452811716, -0.4004373653706536], "(2.0, 0.0, 0.0)": [0.0, 0.15679620682922069, 0.07377118203505055, 0.05189673201387386, -2.3386810972119685, -0.8902625404047142, 0.15670273066620294, -0.6893194946024512, -2.3543357118669404], "(2.0, 1.0, 0.0)": [0.0, 0.37943472122797534, 0.37916106943006506, 0.34644645441704575, 0.38671136393696814, 0.38174366127515336, 0.38156018210315307, 0.383188083654996, 0.38108121157054664], "(1.0, 1.0, 1.0)": [0.0, 0.7013761539542837, 2.297567505007907, 2.24102096527763, 0.953928821295891, 2.0689796620810172, 1.062849396391695, 1.8314526450146873, 1.9155927687838479], "(6.0, 0.0, 0.0)": [0.0, 0.0, 0.0, 0.0, 0.0, 0.0, 0.0, 0.0, 0.0]}, "stats": {"total_messages": 235796, "total_updates": 193004, "total_reward": -12327.0, "action_counts": [33658, 26688, 25456, 26637, 23960, 27044, 25932, 24466, 21955], "state_visits": {"(3.0, 1.0, 0.0)": 2676, "(3.0, 0.0, 0.0)": 82017, "(4.0, 1.0, 0.0)": 1089, "(4.0, 0.0, 0.0)": 37182, "(5.0, 1.0, 0.0)": 8, "(0.0, 1.0, 1.0)": 377, "(5.0, 0.0, 0.0)": 130, "(0.0, 0.0, 1.0)": 13372, "(1.0, 0.0, 1.0)": 12297, "(2.0, 0.0, 0.0)": 42516, "(2.0, 1.0, 0.0)": 906, "(1.0, 1.0, 1.0)": 434, "(6.0, 0.0, 0.0)": 0}}}