{"q": {"(3.0, 1.0, 0.0)": [0.0, 1.4445271846658336, 1.3553189539999941, 1.3251252575240908, 1.0355898605060345, 1.4781672826937602, 1.2034509250953225, 0.8914900582638922, 1.137682798136928], "(3.0, 0.0, 0.0)": [0.0, 0.6264317854030148, 0.7098571715911821, 0.6770359304529976, 0.6166100168459354, 0.6768345816028892, 0.7471028386837267, 0.607738849622755, 0.7715805553957933], "(4.0, 1.0, 0.0)": [0.0, 2.8348619460906406, 7.584260119717893, 3.4247007507686376, 2.772017152484081, 0.9358857921596604, 2.7936540071057623, 2.809883033699148, 3.3982431132392006], "(4.0, 0.0, 0.0)": [0.0, 1.7332536811781947, 2.1693954658791443, 1.7388373154016676, 0.6054389634613572, 2.2424815122167514, 2.4420619760127638, 0.9572751927496737, 1.893259906694128], "(5.0, 1.0, 0.0)": [0.0, 0.0, 13.483954274284496, 0.0, 0.0, 5.375024768888167, -0.21832555922152452, 3.598412644113912, 0.0], "(0.0, 1.0, 1.0)": [0.0, 0.6418131152556622, 0.47281832296761817, 0.6411920390630532, 0.5227421155887966, 0.6391759798946359, 0.6406368367687647, 0.6245261208383119, 0.6267216402397748], "(5.0, 0.0, 0.0)": [0.0, -9.965207415713902, -0.47824488967288753, -1.7010277481369402, -9.820876985141659, -0.4469600845804433, 0.06282941128579561, -7.171644933407091, -0.35766493743154687], "(0.0, 0.0, 1.0)": [0.0, 0.32608182172568234, 0.3107494903734353, 0.33777070252678887, 0.31074904632464584, 0.32286730226239174, 0.31081928647466533, 0.3173075153259815, 0.3154251234249386], "(1.0, 0.0, 1.0)": [0.0, 0.8309658259224085, 0.7801133120699723, 0.8043943762748429, 0.7835250913328654, 0.8086030124734535, 0.8014741583052563, 0.8094237976433413, 0.7896511012881524], "(2.0, 0.0, 0.0)": [0.0, 0.7864427461423965, 0.8514227042751341, 0.7979176154937896, 0.7387043366834435, 0.8993379242247751, 0.8589109807660564, 0.7489107294360775, 0.7240798749738526], "(2.0, 1.0, 0.0)": [0.0, 0.744860092970367, 0.6680966697279346, 0.6494469410197674, 0.5190436585096226, 0.7690922351491825, 0.70533669879776, 0.8312463209940881, 0.5647278967745059], "(1.0, 1.0, 1.0)": [0.0, 0.40007952616152165, 1.7267291535745615, 2.054815807638163, 0.39680870735379625, 1.2620840913871019, 0.4006907236062523, 1.8898008510896562, 1.2611181348407605], "(6.0, 0.0, 0.0)": [0.0, 0.0, 0.0, 0.0, 0.0, 0.0, 0.0, 0.0, 0.0], "(6.0, 1.0, 0.0)": [0.0, 0.0, 0.0, 0.0, 0.0, 0.0, 0.0, 0.0, 0.0]}, "stats": {"total_messages": 792743, "total_updates": 687003, "total_reward": -38213.0, "action_counts": [92583, 95047, 94063, 86603, 88194, 85132, 85298, 82765, 83058], "state_visits": {"(3.0, 1.0, 0.0)": 4253, "(3.0, 0.0, 0.0)": 278399, "(4.0, 1.0, 0.0)": 2175, "(4.0, 0.0, 0.0)": 134711, "(5.0, 1.0, 0.0)": 31, "(0.0, 1.0, 1.0)": 955, "(5.0, 0.0, 0.0)": 500, "(0.0, 0.0, 1.0)": 39907, "(1.0, 0.0, 1.0)": 67472, "(2.0, 0.0, 0.0)": 154807, "(2.0, 1.0, 0.0)": 2028, "(1.0, 1.0, 1.0)": 1764, "(6.0, 0.0, 0.0)": 1, "(6.0, 1.0, 0.0)": 0}}}