{"q": {"(3.0, 1.0, 0.0)": [0.0, 6.323704511670502, 1.2961102499720234, 1.0649846273955603, 1.3087079478052988, 1.2575350118735842, 0.9491458140635557, 3.643105875433066, 1.293382998302044], "(3.0, 0.0, 0.0)": [0.0, 2.2983720433731616, 2.2234092435531094, 2.17428393093539, 2.3605616159307945, 2.181433886045909, 2.1965192548816246, 2.263013759926564, 2.1721703039713383], "(4.0, 1.0, 0.0)": [0.0, 11.102607848347796, 11.134814441566496, 11.188504298819138, 4.2227544231596115, 12.049098872419691, 11.641995672354108, 11.31617462286451, 12.033158617434859], "(4.0, 0.0, 0.0)": [0.0, 5.595832464297746, 5.5056639166948536, 5.243186392819787, 5.378349357319698, 5.0969330032451605, 5.274499509027166, 5.385719774577938, 5.34941080523298], "(5.0, 1.0, 0.0)": [0.0, 0.0, 11.694966872193708, 0.0, 0.0, 5.95703125, -0.21832555922152452, 0.0, 0.0], "(0.0, 1.0, 1.0)": [0.0, 1.0090388992356074, 1.007299049909618, 1.0087818089291378, 1.0108149467821552, 1.0948763853252093, 1.0072793708416943, 1.007350713373432, 1.027508055015801], "(5.0, 0.0, 0.0)": [0.0, -9.161303016615495, -0.1264033700616258, -1.1531384905603688, -7.7757135624030695, -0.7597316963181115, 0.16518540481769733, -9.03392165816092, -0.42521731656060924], "(0.0, 0.0, 1.0)": [0.0, 0.7024937278435598, 0.6722324713263292, 0.7211308256113182, 0.7029304370676361, 0.7015798962420171, 0.7024937891064426, 0.6743028433681783, 0.7328789355110781], "(1.0, 0.0, 1.0)": [0.0, 1.4360026144166136, 1.1693182323577898, 1.1385101371298862, 1.322355081019262, 0.9000295589347269, 1.224490549473521, 1.2488013655120185, 1.3213326111016939], "(2.0, 0.0, 0.0)": [0.0, 1.6236579465082281, 1.5689136331357325, 1.6207724128453114, 1.630272991260234, 1.6065171104458225, 1.5344893667516168, 1.667114937182971, 1.6029855172061815], "(2.0, 1.0, 0.0)": [0.0, 0.8879454582537366, 0.8371796895679802, 0.8672313749687479, 0.860301909510646, 0.7765228036582854, 0.8989065109969582, 0.8338316192353206, 0.8701187893280414], "(1.0, 1.0, 1.0)": [0.0, 0.9911187515896279, 1.04641592267158, 1.0496121841926835, 0.9718121903003916, 0.9858871473694463, 1.009408438979779, 1.0486256795919695, 1.040010655992172], "(6.0, 0.0, 0.0)": [0.0, 0.0, 0.0, 0.0, 0.0, 0.0, 0.0, 0.0, 0.0]}, "stats": {"total_messages": 566475, "total_updates": 495005, "total_reward": -26224.0, "action_counts": [59645, 68097, 65244, 62484, 65437, 62426, 64208, 58921, 60013], "state_visits": {"(3.0, 1.0, 0.0)": 3559, "(3.0, 0.0, 0.0)": 197043, "(4.0, 1.0, 0.0)": 1672, "(4.0, 0.0, 0.0)": 85949, "(5.0, 1.0, 0.0)": 11, "(0.0, 1.0, 1.0)": 760, "(5.0, 0.0, 0.0)": 321, "(0.0, 0.0, 1.0)": 34870, "(1.0, 0.0, 1.0)": 50250, "(2.0, 0.0, 0.0)": 117767, "(2.0, 1.0, 0.0)": 1636, "(1.0, 1.0, 1.0)": 1167, "(6.0, 0.0, 0.0)": 0}}}