{"q": {"(3.0, 1.0, 0.0)": [0.0, 1.3114015248312885, 0.7763653716719905, 1.0649846273955603, 1.3087079478052988, 0.7420934159116381, 0.7348559996979733, 1.4134627692703485, 1.1472223090268225], "(3.0, 0.0, 0.0)": [0.0, 2.4926257467676463, 3.570669160665626, 3.4714955930804368, 3.773364681408805, 3.7556715828710026, 3.507226688967153, 3.466131792927691, 3.5940014880755657], "(4.0, 1.0, 0.0)": [0.0, 11.87991640191272, 13.105203168942415, 12.062611079801387, 4.2227544231596115, 12.049098872419691, 11.641995672354108, 12.056384290674533, 11.310858281529992], "(4.0, 0.0, 0.0)": [0.0, 6.530871059679249, 6.259051926908997, 5.148847334473254, 6.32232225422933, 6.008208238580898, 6.197555106331251, 6.231683549938608, 5.62147057660358], "(5.0, 1.0, 0.0)": [0.0, 0.0, 11.694966872193708, 0.0, 0.0, 5.95703125, -0.21832555922152452, 0.0, 0.0], "(0.0, 1.0, 1.0)": [0.0, 1.0146718207135494, 1.0103076928097312, 1.0087818089291378, 1.0108149467821552, 1.0948763853252093, 1.0072793708416943, 1.007350713373432, 1.027508055015801], "(5.0, 0.0, 0.0)": [0.0, -9.161303016615495, -0.1264033700616258, -1.1531384905603688, -7.7757135624030695, -0.7597316963181115, 0.16518540481769733, -9.03392165816092, -0.42521731656060924], "(0.0, 0.0, 1.0)": [0.0, 0.7052799672630895, 0.7532209257504714, 0.753700841747267, 0.8156650780667456, 0.7878994093119601, 0.7603946885210584, 0.7504728055843829, 0.7746858147245277], "(1.0, 0.0, 1.0)": [0.0, 0.7664336310804494, 0.7329677887892093, 0.7184402614590485, 0.7809131771464819, 0.7306903062689996, 0.7186519520956507, 0.728828245822326, 0.7345934654855204], "(2.0, 0.0, 0.0)": [0.0, 1.1627332420209144, 1.130454532312338, 1.086865629147311, 1.1440000083541655, 1.0641039263090444, 1.0726299168487385, 1.053413658545943, 1.11821511081929], "(2.0, 1.0, 0.0)": [0.0, 0.9772210032804174, 0.8974779944635403, 0.7605864394055879, 0.7522093510209032, 0.7765228036582854, 0.8666869186699705, 0.7410638347946279, 0.7379769968688205], "(1.0, 1.0, 1.0)": [0.0, 1.1279714341921032, 1.229529513238613, 1.0825697619798984, 1.182819167442316, 1.0524585631895458, 1.3086307772305419, 1.202664328701374, 1.2039535187432382], "(6.0, 0.0, 0.0)": [0.0, 0.0, 0.0, 0.0, 0.0, 0.0, 0.0, 0.0, 0.0]}, "stats": {"total_messages": 553298, "total_updates": 482003, "total_reward": -26257.0, "action_counts": [59527, 66327, 63099, 61058, 63485, 60982, 63056, 57374, 58390], "state_visits": {"(3.0, 1.0, 0.0)": 3425, "(3.0, 0.0, 0.0)": 194113, "(4.0, 1.0, 0.0)": 1604, "(4.0, 0.0, 0.0)": 85285, "(5.0, 1.0, 0.0)": 11, "(0.0, 1.0, 1.0)": 736, "(5.0, 0.0, 0.0)": 321, "(0.0, 0.0, 1.0)": 33235, "(1.0, 0.0, 1.0)": 47402, "(2.0, 0.0, 0.0)": 113457, "(2.0, 1.0, 0.0)": 1501, "(1.0, 1.0, 1.0)": 913, "(6.0, 0.0, 0.0)": 0}}}