{"q": {"(3.0, 1.0, 0.0)": [0.0, 0.05374619475683774, 0.04235593281930472, 0.05407040610278905, 0.038601114611846156, 0.042986263888855215, 0.053172903028638654, 0.053339720073202895, 0.04041765775953488], "(3.0, 0.0, 0.0)": [0.0, -0.04876987871163024, 0.4873412034653761, 0.2171944919784973, -2.2756893504868883, 0.013769826683353581, 0.4311730581518562, -1.1765530127707224, 0.34093044569023434], "(4.0, 1.0, 0.0)": [0.0, 2.9748668549496706, 0.21308229682912094, 0.17645485313069156, 0.14926670252865673, 0.10791893177827921, 0.03769113843203695, 0.22739708844387985, 0.037915453178087796], "(4.0, 0.0, 0.0)": [0.0, -0.16666544028819247, -0.09764562628858803, -0.8697755876820074, -0.3414503770851132, -0.10555519234840707, -0.00919640105068478, -0.2534281523495777, -0.013612017679356403], "(5.0, 1.0, 0.0)": [0.0, 0.0, 0.0, 0.0, 0.0, 5.95703125, 0.0, 0.0, 0.0], "(0.0, 1.0, 1.0)": [0.0, 0.0, 0.0, 0.0, 0.0, 0.0, 0.0, 0.0, 0.0], "(5.0, 0.0, 0.0)": [0.0, 0.0, -2.5, 0.0, 0.0, 0.0, 0.0, 0.0, 0.0], "(0.0, 0.0, 1.0)": [0.0, -0.4364526542260827, -0.29544331174422617, -0.8503073912632215, -0.05282606844079932, -0.12015771704323702, -3.884684609082697, -0.2520197213175281, -2.738419391236217], "(1.0, 0.0, 1.0)": [0.0, -0.114299754429457, -1.9691201559637674, -0.8344669219518868, -0.5022918991636429, -0.3357961382095497, -0.38532572328009385, -0.4451612406155664, -1.4187236246073915], "(2.0, 0.0, 0.0)": [0.0, -0.8937432359277399, -0.2574134693514207, -0.1751224203105059, -1.3476005734726502, -1.9711131856056916, -2.557517256289957, -1.9515871994323077, -0.0019207122678384218], "(2.0, 1.0, 0.0)": [0.0, 0.009100249344812805, 0.0, 0.0, 0.0, 0.025395512986364624, 0.02390823264361643, 0.01785907385862901, 0.030105918525674197], "(1.0, 1.0, 1.0)": [0.0, 0.0, 0.03626126748625301, 0.03668008219861263, 0.0, 0.00868397701149333, 1.343696572154153, 0.08658281416507392, 0.027057452129922964]}, "stats": {"total_messages": 36190, "total_updates": 23002, "total_reward": -2023.0, "action_counts": [12917, 1845, 2904, 3379, 2739, 2864, 4118, 2903, 2521], "state_visits": {"(3.0, 1.0, 0.0)": 1326, "(3.0, 0.0, 0.0)": 11629, "(4.0, 1.0, 0.0)": 566, "(4.0, 0.0, 0.0)": 7616, "(5.0, 1.0, 0.0)": 5, "(0.0, 1.0, 1.0)": 31, "(5.0, 0.0, 0.0)": 4, "(0.0, 0.0, 1.0)": 554, "(1.0, 0.0, 1.0)": 320, "(2.0, 0.0, 0.0)": 508, "(2.0, 1.0, 0.0)": 250, "(1.0, 1.0, 1.0)": 193}}}