{"q": {"(3.0, 1.0, 0.0)": [0.0, 0.25220577729327187, 0.16106364683472862, 0.18994315402503156, 0.16421172411670992, 0.2538673710796789, 0.25130652089086913, 0.2493046030489453, 0.24843428281763197], "(3.0, 0.0, 0.0)": [0.0, -0.7437250064993022, -0.7418562799315827, -0.26250675997058714, -1.288588440711117, -3.1477004932943764, -0.9702882297490791, -0.5754100715817405, -0.9342704252457277], "(4.0, 1.0, 0.0)": [0.0, 0.14067052757761037, 0.1421110024759255, 0.1407975072909578, 0.14127469934260023, 0.14182821920495178, 0.14084036600282354, 0.14038698096981542, 0.1396247481129938], "(4.0, 0.0, 0.0)": [0.0, 0.0848510070388703, 0.10545476747816974, 0.10158478898420492, 0.10499240732120046, 0.10440550703168369, 0.10299151796679654, 0.10395074628082926, 0.10372074995590119], "(5.0, 1.0, 0.0)": [0.0, 0.0, 4.951673394606505, 0.0, 0.0, 5.375024768888167, -0.21832555922152452, 3.598412644113912, 0.0], "(0.0, 1.0, 1.0)": [0.0, 0.6165598353603516, 0.5827754088990618, 0.6199800729941347, 0.6158246851376354, 0.6199899582501651, 0.6067237699827115, 1.81098640876111, 0.6148414877360653], "(5.0, 0.0, 0.0)": [0.0, -7.882069825771794, -2.302029756825137, -1.7010277481369402, -7.365657738856244, -0.8272283752939313, -2.271810296320407, -3.6885495062602778, -2.375482165681225], "(0.0, 0.0, 1.0)": [0.0, -3.488702388052623, -2.540283142190325, -2.610004158205134, -2.7070184120228404, -2.9781547806502378, -0.8768614974325281, -1.42366964283449, -4.25032902226858], "(1.0, 0.0, 1.0)": [0.0, -1.4897744104651351, -4.269367302632487, -3.403920983912942, -1.8028021851407048, -4.825998804105578, -0.04947597801108887, -0.9819389681747066, -0.3414314832133306], "(2.0, 0.0, 0.0)": [0.0, -0.0017917039387446367, -1.0226689887999536, -2.01182568578907, -3.564507721863053, -1.4255323484088969, -4.086433114686219, -0.010249350402159619, -2.5188248686230748], "(2.0, 1.0, 0.0)": [0.0, 0.15574360483112787, 0.15917613515893542, 0.15742114203513968, 0.20503390242680447, 0.22534861633058303, 1.9919860848555324, 0.20680080528544903, 0.1528669833579936], "(1.0, 1.0, 1.0)": [0.0, 0.45285629922350684, 0.7100201714013417, 0.6913697313629014, 0.4589110659281985, 0.5265610199754394, 0.5830314622671561, 0.6961721476572105, 0.49704493260527316], "(6.0, 0.0, 0.0)": [0.0, 0.0, 0.0, 0.0, 0.0, 0.0, 0.0, 0.0, 0.0], "(6.0, 1.0, 0.0)": [0.0, 0.0, 0.0, 0.0, 0.0, 0.0, 0.0, 0.0, 0.0]}, "stats": {"total_messages": 902346, "total_updates": 783000, "total_reward": -42380.0, "action_counts": [105232, 107729, 107344, 97219, 103169, 96616, 95627, 95036, 94374], "state_visits": {"(3.0, 1.0, 0.0)": 7529, "(3.0, 0.0, 0.0)": 308241, "(4.0, 1.0, 0.0)": 4754, "(4.0, 0.0, 0.0)": 152285, "(5.0, 1.0, 0.0)": 37, "(0.0, 1.0, 1.0)": 1671, "(5.0, 0.0, 0.0)": 558, "(0.0, 0.0, 1.0)": 46650, "(1.0, 0.0, 1.0)": 78048, "(2.0, 0.0, 0.0)": 176877, "(2.0, 1.0, 0.0)": 3535, "(1.0, 1.0, 1.0)": 2814, "(6.0, 0.0, 0.0)": 1, "(6.0, 1.0, 0.0)": 0}}}