{"q": {"(3.0, 1.0, 0.0)": [0.0, 0.36099737963192036, 0.2849343395011851, 0.36612559939468875, 0.22329463114713788, 0.22201805979225137, 0.27723015242488036, 0.30225748032424354, 0.3563110058561731], "(3.0, 0.0, 0.0)": [0.0, -2.2408860977190113, -2.122949942326736, -2.4271231220319334, -2.326610134998832, -2.167073408735074, -2.2547014359202464, -2.12709963509556, -0.05256113420320491], "(4.0, 1.0, 0.0)": [0.0, 0.42692850826668693, 0.427924640540883, 0.4306607128629112, 0.4275400785514533, 0.3762932912901994, 0.4256248682520099, 0.42892104771618383, 0.4276381046439072], "(4.0, 0.0, 0.0)": [0.0, 0.10007219658267799, 0.10311690888932397, 0.10161039147053927, 0.10104993498881593, 0.09967149136129627, 0.10278926356397193, 0.09946821083664331, 0.09918026106060071], "(5.0, 1.0, 0.0)": [0.0, 0.0, 7.879006282841783, 0.0, 0.0, 5.375024768888167, -0.21832555922152452, 3.598412644113912, 0.0], "(0.0, 1.0, 1.0)": [0.0, 0.9235357596756355, -0.6836089489569577, 2.8565659401016195, 1.007625369508058, 1.4582035213923292, 0.5256006369797743, 1.447026283811604, 0.5567073525001245], "(5.0, 0.0, 0.0)": [0.0, -9.56812413470541, -2.302029756825137, -1.7010277481369402, -7.365657738856244, -1.1029711670585751, -2.0955758647376026, -3.6885495062602778, -2.375482165681225], "(0.0, 0.0, 1.0)": [0.0, -5.555178301047384, -0.796704407089891, -0.260750597226984, -5.143856665531464, -6.368206412578165, -1.4852105900037391, -6.221034946593639, -2.5375277453989042], "(1.0, 0.0, 1.0)": [0.0, -2.648487840826907, -2.0402310995646986, -0.4065620803239272, -0.04303220449642472, -0.10747890758201437, -1.424149256394001, -4.022902631264012, -1.4387894601253106], "(2.0, 0.0, 0.0)": [0.0, -0.007550225651335424, -5.746024935699054, -1.36671363265851, -0.4623552442999465, -0.08125565749263497, -3.212616085774746, -0.024294756508822797, -0.1057704552539292], "(2.0, 1.0, 0.0)": [0.0, 0.15574360483112787, 0.15917613515893542, 0.15742114203513968, 0.1594025992491517, 0.22534861633058303, 0.436855687551849, 0.15705892045842645, 0.1528669833579936], "(1.0, 1.0, 1.0)": [0.0, 0.5009911275707766, 0.49969142771903297, 0.4998744572364482, 0.5076894652195245, 0.5015932629689712, 0.5022593500415521, 1.5314321079393116, 0.4405516400126975], "(6.0, 0.0, 0.0)": [0.0, 0.0, 0.0, 0.0, 0.0, 0.0, 0.0, 0.0, 0.0], "(6.0, 1.0, 0.0)": [0.0, 0.0, 0.0, 0.0, 0.0, 0.0, 0.0, 0.0, 0.0]}, "stats": {"total_messages": 886170, "total_updates": 772000, "total_reward": -42001.0, "action_counts": [100297, 106657, 106010, 95233, 102014, 95446, 94218, 93550, 92745], "state_visits": {"(3.0, 1.0, 0.0)": 6372, "(3.0, 0.0, 0.0)": 304704, "(4.0, 1.0, 0.0)": 3263, "(4.0, 0.0, 0.0)": 148152, "(5.0, 1.0, 0.0)": 34, "(0.0, 1.0, 1.0)": 1374, "(5.0, 0.0, 0.0)": 537, "(0.0, 0.0, 1.0)": 46588, "(1.0, 0.0, 1.0)": 77974, "(2.0, 0.0, 0.0)": 176829, "(2.0, 1.0, 0.0)": 3517, "(1.0, 1.0, 1.0)": 2655, "(6.0, 0.0, 0.0)": 1, "(6.0, 1.0, 0.0)": 0}}}