{"q": {"(3.0, 1.0, 0.0)": [0.0, 1.4445271846658336, 1.2511195049383348, 1.0992933607058337, 1.0355898605060345, 1.4781672826937602, 1.2034509250953225, 0.8914900582638922, 1.137682798136928], "(3.0, 0.0, 0.0)": [0.0, 0.6294913833095248, 0.6097921382777408, 0.6355998668597862, 0.5847518775110034, 0.633734442995845, 0.5886578550026841, 0.5982680603254337, 0.5847518775112747], "(4.0, 1.0, 0.0)": [0.0, 2.8348619460906406, 8.058143417833866, 3.4247007507686376, 2.772017152484081, 0.9358857921596604, 2.7936540071057623, 2.809883033699148, 3.3982431132392006], "(4.0, 0.0, 0.0)": [0.0, 0.7020805980256044, 0.6985047660775504, 0.6871756863195921, 0.6756002874529062, 0.6759019742993088, 0.7351193673417274, 0.6973786152667052, 0.6855099019611481], "(5.0, 1.0, 0.0)": [0.0, 0.0, 13.483954274284496, 0.0, 0.0, 5.375024768888167, -0.21832555922152452, 3.598412644113912, 0.0], "(0.0, 1.0, 1.0)": [0.0, 0.6418131152556622, 0.47281832296761817, 0.6411920390630532, 0.6424516567012555, 0.6391759798946359, 0.6406368367687647, 0.6245261208383119, 0.6267216402397748], "(5.0, 0.0, 0.0)": [0.0, -9.965207415713902, -1.0075915105792865, -1.7010277481369402, -9.820876985141659, -0.4469600845804433, 0.06282941128579561, -7.171644933407091, -0.35766493743154687], "(0.0, 0.0, 1.0)": [0.0, 0.35906784429696836, 0.3591443371601797, 0.3590701214909665, 0.3902911347477499, 0.35906784396793134, 0.38779841796046, 0.36132229200150623, 0.38419249801920363], "(1.0, 0.0, 1.0)": [0.0, 0.5205807436626988, 0.5123472654385155, 0.5123472654384778, 0.5162120805032593, 0.5195512244509338, 0.5123473282891001, 0.8287733787208691, 0.6167836620541074], "(2.0, 0.0, 0.0)": [0.0, 0.8414078688353457, 0.7766292373130034, 0.7813609264895914, 0.7741921546931456, 0.7838724951002976, 0.7898931013815214, 0.779182976720213, 0.7740952393285179], "(2.0, 1.0, 0.0)": [0.0, 0.6628819889529787, 0.6680966697279346, 0.6494469410197674, 0.5190436585096226, 0.7690922351491825, 0.70533669879776, 0.8325314645631864, 0.5647278967745059], "(1.0, 1.0, 1.0)": [0.0, 0.40007952616152165, 0.4049860612090339, 2.054815807638163, 0.39680870735379625, 0.40101673173227614, 0.4006907236062523, 0.40287215539515375, 0.3987270569557629], "(6.0, 0.0, 0.0)": [0.0, 0.0, 0.0, 0.0, 0.0, 0.0, 0.0, 0.0, 0.0], "(6.0, 1.0, 0.0)": [0.0, 0.0, 0.0, 0.0, 0.0, 0.0, 0.0, 0.0, 0.0]}, "stats": {"total_messages": 785649, "total_updates": 680003, "total_reward": -38237.0, "action_counts": [92529, 94026, 91994, 85909, 87446, 84487, 84220, 82169, 82869], "state_visits": {"(3.0, 1.0, 0.0)": 4235, "(3.0, 0.0, 0.0)": 276065, "(4.0, 1.0, 0.0)": 2172, "(4.0, 0.0, 0.0)": 133718, "(5.0, 1.0, 0.0)": 31, "(0.0, 1.0, 1.0)": 944, "(5.0, 0.0, 0.0)": 498, "(0.0, 0.0, 1.0)": 38915, "(1.0, 0.0, 1.0)": 66478, "(2.0, 0.0, 0.0)": 153216, "(2.0, 1.0, 0.0)": 2013, "(1.0, 1.0, 1.0)": 1717, "(6.0, 0.0, 0.0)": 1, "(6.0, 1.0, 0.0)": 0}}}