{"q": {"(3.0, 1.0, 0.0)": [0.0, 0.23576412393486232, 0.23946412529579658, 0.23673324692034384, 0.23790448123320782, 0.666519125491278, 0.23335765092726563, 0.23783881528606188, 0.23674738220546615], "(3.0, 0.0, 0.0)": [0.0, 0.38450389251096484, 0.2711980413344731, 0.2867122090248564, 0.20136202243407572, 0.3613501179823896, 0.2969306309331336, 0.25229911752437273, 0.2709959262922979], "(4.0, 1.0, 0.0)": [0.0, 0.9567728906852189, 0.990138524065416, 0.9855640493140351, 0.9692479134501182, 0.8357655381867812, 0.9793606187721381, 0.8691522644176559, 0.7897155105399307], "(4.0, 0.0, 0.0)": [0.0, 0.27008604230610894, 0.27910370054124484, 0.27752404569075595, 0.265330028695333, 0.26740247999109473, 0.27022598980395635, 0.2787299861559471, 0.2700085510476736], "(5.0, 1.0, 0.0)": [0.0, 0.0, 11.694966872193708, 0.0, 0.0, 5.95703125, -2.3326210184312908, 0.0, 0.0], "(0.0, 1.0, 1.0)": [0.0, 1.3541054303811262, 0.7323523845013985, 0.3721151463539015, 1.4397159726047966, 1.037324654593918, 0.3666853257422, 0.3694498026255397, 0.36621825859045964], "(5.0, 0.0, 0.0)": [0.0, -6.554766146024937, -6.855792205348262, -0.4785780678564, -4.860883019864559, -3.6304008425073424, -1.3572807739190993, -6.327963992796229, -0.6184824811347609], "(0.0, 0.0, 1.0)": [0.0, -0.1070682268464587, -4.249800363616553, -5.002060150094741, -1.675512337499095, -4.944756448608762, -4.281520772974563, -0.6151562327397018, -1.0995484530554034], "(1.0, 0.0, 1.0)": [0.0, -1.9974227577411603, -3.165918157406482, -0.0010815558208495286, -3.7720618338004095, -2.937817484553414, -1.5091087068493936, -5.092121514838171, -0.03215282393241646], "(2.0, 0.0, 0.0)": [0.0, -0.18632880071735827, -0.18860610998828886, -0.0012260835478705824, -7.376578168535031e-05, -0.14291947309592812, -0.3891463927027807, -0.03299810576418882, -0.15167812578513767], "(2.0, 1.0, 0.0)": [0.0, 0.3459484501945023, 0.3437886192318903, 0.34644645441704575, 0.3429705833348483, 0.34667906874174703, 0.34644845748832903, 1.0626642295814015, 0.291999029347744], "(1.0, 1.0, 1.0)": [0.0, 0.7013761539542837, 1.690964084393481, 1.6798772112646077, 1.1416381956372337, 1.7144712672995595, 1.2916615880616606, 1.2928114333999978, 1.7159100512060645], "(6.0, 0.0, 0.0)": [0.0, 0.0, 0.0, 0.0, 0.0, 0.0, 0.0, 0.0, 0.0]}, "stats": {"total_messages": 259839, "total_updates": 211004, "total_reward": -15885.0, "action_counts": [39677, 29155, 27517, 29367, 26281, 29952, 28156, 25764, 23970], "state_visits": {"(3.0, 1.0, 0.0)": 2706, "(3.0, 0.0, 0.0)": 91931, "(4.0, 1.0, 0.0)": 1135, "(4.0, 0.0, 0.0)": 41534, "(5.0, 1.0, 0.0)": 8, "(0.0, 1.0, 1.0)": 387, "(5.0, 0.0, 0.0)": 138, "(0.0, 0.0, 1.0)": 13482, "(1.0, 0.0, 1.0)": 12455, "(2.0, 0.0, 0.0)": 45797, "(2.0, 1.0, 0.0)": 945, "(1.0, 1.0, 1.0)": 486, "(6.0, 0.0, 0.0)": 0}}}