{"q": {"(3.0, 1.0, 0.0)": [0.0, 0.6938190260123436, 0.7697275909113297, 0.7911851063333453, 0.8449868472021657, 0.7986358719398224, 0.7669212664553823, 0.7859662122376708, 0.7457419524195678], "(3.0, 0.0, 0.0)": [0.0, 0.452784001917562, 0.4629254159151374, 0.4797347622525989, 0.4663378226594007, 0.45267932260516053, 0.492042056455398, 0.4631686974247998, 0.4713192239959022], "(4.0, 1.0, 0.0)": [0.0, 4.611884447707894, 13.105203168942415, 12.30193990821007, 1.6114102590704749, 1.840708463187896, 1.8918405219668215, 9.050701575024428, 8.185802751476054], "(4.0, 0.0, 0.0)": [0.0, 0.4027321619028563, 0.3898290840295492, 0.39366419288576804, 0.39446393617161546, 0.40063034447822354, 0.3965371904473384, 0.37093930601708014, 0.40175635665602694], "(5.0, 1.0, 0.0)": [0.0, 0.0, 11.694966872193708, 0.0, 0.0, 5.95703125, -0.21832555922152452, 0.0, 0.0], "(0.0, 1.0, 1.0)": [0.0, 1.1187954832090274, 0.6536091850020194, 0.3721151463539015, 1.4397159726047966, 1.2336623773885922, 1.0883413693887287, 0.7873011929502967, 0.36621825859045964], "(5.0, 0.0, 0.0)": [0.0, -7.5395271321869535, -0.1264033700616258, -3.62413060539327, -8.945412058372215, -6.378282322897209, -0.6645687153332531, -8.259653089599901, -1.8549436083971356], "(0.0, 0.0, 1.0)": [0.0, 0.46898582149007756, 0.48081673697097865, 0.4752046094862235, 0.5094226704521123, 0.48731523069990923, 0.4686688570539623, 0.4096418150807807, 0.48407908728116084], "(1.0, 0.0, 1.0)": [0.0, 0.6113784918367061, 0.6645418389500932, 0.6363752478162805, 0.6205414907722182, 0.6270518231521544, 0.622457003809128, 0.6253344299504415, 0.6119952946755414], "(2.0, 0.0, 0.0)": [0.0, 0.7533977808751147, 0.5428673633428156, 0.5310506416991592, 0.6926925539420266, 0.4613801431467982, 0.5897708196526306, 0.5346401764026801, 0.4649541781711414], "(2.0, 1.0, 0.0)": [0.0, 1.0516005956150534, 0.8477123645256748, 0.8582037988478128, 0.8984537288082882, 0.8228954144108094, 0.9084777674729323, 0.9667601268347984, 0.8653892775611545], "(1.0, 1.0, 1.0)": [0.0, 1.1172733142189881, 1.34614917552509, 1.3364125160931055, 1.3561674775902959, 1.2048027668487786, 1.3350078647055035, 1.410251794432146, 1.4495546342521908], "(6.0, 0.0, 0.0)": [0.0, 0.0, 0.0, 0.0, 0.0, 0.0, 0.0, 0.0, 0.0]}, "stats": {"total_messages": 477268, "total_updates": 408004, "total_reward": -24951.0, "action_counts": [58865, 57055, 54073, 52398, 56368, 52962, 50715, 47176, 47656], "state_visits": {"(3.0, 1.0, 0.0)": 3246, "(3.0, 0.0, 0.0)": 173060, "(4.0, 1.0, 0.0)": 1500, "(4.0, 0.0, 0.0)": 78239, "(5.0, 1.0, 0.0)": 11, "(0.0, 1.0, 1.0)": 415, "(5.0, 0.0, 0.0)": 291, "(0.0, 0.0, 1.0)": 23126, "(1.0, 0.0, 1.0)": 33057, "(2.0, 0.0, 0.0)": 93309, "(2.0, 1.0, 0.0)": 1095, "(1.0, 1.0, 1.0)": 655, "(6.0, 0.0, 0.0)": 0}}}