{"q": {"(3.0, 1.0, 0.0)": [0.0, 0.6938190260123436, 0.7763653716719905, 0.7781648686401194, 0.8449868472021657, 0.7785844474386965, 0.7759907725762167, 0.7859662122376708, 0.7457419524195678], "(3.0, 0.0, 0.0)": [0.0, 0.9620086675678232, 0.9219069612403055, 0.8032973236012451, 0.9088489503092575, 0.9135225879867481, 1.0017430009004595, 0.9168654269273491, 0.9216035711355919], "(4.0, 1.0, 0.0)": [0.0, 11.497788749258367, 13.105203168942415, 12.30193990821007, 1.6114102590704749, 1.840708463187896, 1.8918405219668215, 11.655522960381827, 8.185802751476054], "(4.0, 0.0, 0.0)": [0.0, 2.4362175081245576, 2.552353628817119, 2.552352456845254, 2.6361399872794995, 2.5923962163830927, 2.5741311495241668, 2.387076161527693, 2.418849855103838], "(5.0, 1.0, 0.0)": [0.0, 0.0, 11.694966872193708, 0.0, 0.0, 5.95703125, -0.21832555922152452, 0.0, 0.0], "(0.0, 1.0, 1.0)": [0.0, 1.1187954832090274, 0.887614989968123, 0.3721151463539015, 1.146967950140862, 1.1172208013522544, 1.0800586555739449, 0.9882968677494639, 1.056390480213566], "(5.0, 0.0, 0.0)": [0.0, -9.161303016615495, -0.1264033700616258, -1.1531384905603688, -7.7757135624030695, -0.7597316963181115, 0.16518540481769733, -9.03392165816092, -0.42521731656060924], "(0.0, 0.0, 1.0)": [0.0, 0.5848196494150009, 0.5825992485395108, 0.62857374095072, 0.6083606684400447, 0.578789422175076, 0.5798207827071543, -1.2532893934615408, 0.5892681695105446], "(1.0, 0.0, 1.0)": [0.0, 0.860805397073279, 0.8258441620232252, 0.7993899123418857, 0.7751296949725159, 0.795155411119866, 0.8336727172634324, 0.6972466682983083, 0.7970638498404123], "(2.0, 0.0, 0.0)": [0.0, 0.640720297177851, 0.6405741763556555, 0.6660769701511204, 0.666230939759476, 0.6090695673699417, 0.6962761836334241, 0.6821394434379973, 0.6407858474122928], "(2.0, 1.0, 0.0)": [0.0, 0.8343076690582971, 0.8409294336283765, 0.7915720765744289, 0.8158570683267843, 0.7831597407280237, 0.9084777674729323, 0.8923165346765999, 0.835399604733823], "(1.0, 1.0, 1.0)": [0.0, 1.1172733142189881, 1.2230855099606608, 1.3364125160931055, 1.1651743871428542, 1.2048027668487786, 1.3350078647055035, 1.3767123746545888, 1.1898557812977515], "(6.0, 0.0, 0.0)": [0.0, 0.0, 0.0, 0.0, 0.0, 0.0, 0.0, 0.0, 0.0]}, "stats": {"total_messages": 529791, "total_updates": 459004, "total_reward": -26135.0, "action_counts": [59330, 62571, 59864, 58354, 61373, 58768, 59937, 54150, 55444], "state_visits": {"(3.0, 1.0, 0.0)": 3280, "(3.0, 0.0, 0.0)": 188382, "(4.0, 1.0, 0.0)": 1516, "(4.0, 0.0, 0.0)": 83688, "(5.0, 1.0, 0.0)": 11, "(0.0, 1.0, 1.0)": 453, "(5.0, 0.0, 0.0)": 321, "(0.0, 0.0, 1.0)": 29593, "(1.0, 0.0, 1.0)": 43162, "(2.0, 0.0, 0.0)": 106655, "(2.0, 1.0, 0.0)": 1251, "(1.0, 1.0, 1.0)": 692, "(6.0, 0.0, 0.0)": 0}}}