{"q": {"(3.0, 0.0, 0.0)": [0.0, 0.13197613640408162, 0.13366700910544066, 0.13373117128569295, 0.10395517273639836, 0.060572529348382795, 0.056399647902181355, 0.12367785642800874, 0.09390451430029878], "(4.0, 0.0, 0.0)": [0.0, 0.09665706332431118, 0.1011538615686203, 0.10274934742086259, 0.07056879833745441, 0.011155617672489225, 0.07554719274359914, 0.10832407743472457, 0.07062155691988868], "(4.0, 1.0, 0.0)": [0.0, 0.0, 0.0, 0.0, 0.0, 0.0, 0.0, 0.0, 0.0], "(3.0, 1.0, 0.0)": [0.0, 0.0041415737311600006, 0.0041415737311600006, 0.0, -4.948144310211667, 0.0, -4.977319639174418, 0.0, 0.0041415737311600006], "(2.0, 0.0, 0.0)": [0.0, 0.11852797134186874, 0.16038521516691806, 0.16016979288896616, 0.16060527776357478, 0.1578927600193188, 0.11471136164050905, 0.13385432297707048, 0.10583074460250892], "(2.0, 1.0, 0.0)": [0.0, 0.02888521685288065, 0.04942115264963493, 0.05920255074595186, -4.910397613695704, 0.05471933516406159, 0.028686183023577755, 0.04755191180712657, 0.052050045281934985], "(5.0, 1.0, 0.0)": [0.0, 0.0, 0.0, 0.0, 0.0, 0.0, 0.0, 0.0, 0.0], "(0.0, 1.0, 1.0)": [0.0, 0.0, 0.0, 0.0, 0.0, 0.0, 0.0, 0.0, 0.0], "(1.0, 0.0, 1.0)": [0.0, 0.07107981436050809, 0.44588772367333945, 0.09229470368611431, 0.061267418623238236, 0.05752455775625112, 0.03751017954322104, 0.06300113091357196, 0.078230810205448]}, "stats": {"total_messages": 4033, "total_updates": 3867, "total_reward": -13.329999999998064, "action_counts": [178, 158, 439, 269, 1778, 975, 135, 38, 63], "state_visits": {"(3.0, 0.0, 0.0)": 1790, "(4.0, 0.0, 0.0)": 577, "(4.0, 1.0, 0.0)": 0, "(3.0, 1.0, 0.0)": 40, "(2.0, 0.0, 0.0)": 1015, "(2.0, 1.0, 0.0)": 253, "(5.0, 1.0, 0.0)": 0, "(0.0, 1.0, 1.0)": 0, "(1.0, 0.0, 1.0)": 192}}}