{"q": {"(3.0, 1.0, 0.0)": [0.0, 0.23576412393486232, 0.23946412529579658, 0.23673324692034384, 0.23790448123320782, 0.666519125491278, 0.23335765092726563, 0.23783881528606188, 0.23674738220546615], "(3.0, 0.0, 0.0)": [0.0, 0.4863886504116938, 0.46419851127951445, 0.44816688993308856, 0.44855046865713816, 0.4474943504322021, 0.47323907764448, 0.4785907780409966, 0.4507820655140993], "(4.0, 1.0, 0.0)": [0.0, 0.9567728906852189, 0.990138524065416, 0.9855640493140351, 0.9692479134501182, 0.8357655381867812, 0.9793606187721381, 0.8691522644176559, 0.7897155105399307], "(4.0, 0.0, 0.0)": [0.0, 0.3146971954600564, 0.3350775005229282, 0.3300498647733337, 0.3420481295700405, 0.3176810335556833, 0.311621562770645, 0.33263829526509603, 0.3333177394498071], "(5.0, 1.0, 0.0)": [0.0, 0.0, 11.694966872193708, 0.0, 0.0, 5.95703125, -2.3326210184312908, 0.0, 0.0], "(0.0, 1.0, 1.0)": [0.0, 1.3541054303811262, 0.7323523845013985, 0.3721151463539015, 1.4397159726047966, 1.037324654593918, 0.3666853257422, 0.3694498026255397, 0.36621825859045964], "(5.0, 0.0, 0.0)": [0.0, -6.682429856918028, -4.060987131641998, -0.7986541331566359, -6.932962352020734, -4.542100473910381, -0.4294521198728401, -6.059479745947879, -2.963861860851071], "(0.0, 0.0, 1.0)": [0.0, -2.6331211816528195, -3.725688971059356, -0.0011775025050266023, -0.9289070778532391, -0.9686469977639292, -1.512593494664864, -0.9219786502294163, -0.2901425865687171], "(1.0, 0.0, 1.0)": [0.0, -0.0010701509148753061, -0.6895361562057263, -0.08803827771147785, -0.645994333433477, -0.04352554874548352, -0.1892928547741437, -0.3435868907267008, -0.3478715828304558], "(2.0, 0.0, 0.0)": [0.0, 0.2930936121320292, 0.3103349162800135, 0.13189267950714173, 0.3185778383574422, 0.11952822281595979, -0.13284128601060052, 0.31365293599934807, 0.11898546872943724], "(2.0, 1.0, 0.0)": [0.0, 0.3459484501945023, 0.3437886192318903, 0.34644645441704575, 0.3429705833348483, 0.34667906874174703, 0.34644845748832903, 1.0626642295814015, 0.291999029347744], "(1.0, 1.0, 1.0)": [0.0, 0.7013761539542837, 1.690964084393481, 1.6798772112646077, 1.1416381956372337, 1.7144712672995595, 1.2916615880616606, 1.2928114333999978, 1.7159100512060645], "(6.0, 0.0, 0.0)": [0.0, 0.0, 0.0, 0.0, 0.0, 0.0, 0.0, 0.0, 0.0]}, "stats": {"total_messages": 302646, "total_updates": 244008, "total_reward": -18760.0, "action_counts": [49339, 34057, 31588, 34636, 31169, 34218, 31275, 28715, 27649], "state_visits": {"(3.0, 1.0, 0.0)": 2706, "(3.0, 0.0, 0.0)": 111626, "(4.0, 1.0, 0.0)": 1135, "(4.0, 0.0, 0.0)": 51662, "(5.0, 1.0, 0.0)": 8, "(0.0, 1.0, 1.0)": 387, "(5.0, 0.0, 0.0)": 183, "(0.0, 0.0, 1.0)": 13667, "(1.0, 0.0, 1.0)": 12754, "(2.0, 0.0, 0.0)": 48449, "(2.0, 1.0, 0.0)": 945, "(1.0, 1.0, 1.0)": 486, "(6.0, 0.0, 0.0)": 0}}}