{"q": {"(3.0, 1.0, 0.0)": [0.0, 2.372900507531903, 2.7674661492237265, 2.070641814593831, 1.0355898605060345, 2.1633337600339098, 1.979651917142959, 1.9568092853892813, 1.9519059885823862], "(3.0, 0.0, 0.0)": [0.0, 1.273768585823543, 1.3049009295701584, 1.384531043459365, 1.2937433200249975, 1.2869314738223563, 1.3320845678689865, 1.3062074022817471, 1.2796214680172904], "(4.0, 1.0, 0.0)": [0.0, 2.8348619460906406, 4.496333372788314, 3.934890706960407, 2.772017152484081, 0.9358857921596604, 4.07427002749409, 2.809883033699148, 3.3982431132392006], "(4.0, 0.0, 0.0)": [0.0, 1.551229613775222, 1.6096296205619942, 1.6059520144801955, 1.6863999130848408, 1.5518850851659725, 1.5514879111177422, 1.6024749468279293, 1.6041637762254572], "(5.0, 1.0, 0.0)": [0.0, 0.0, 13.483954274284496, 0.0, 0.0, 5.375024768888167, -0.21832555922152452, 3.598412644113912, 0.0], "(0.0, 1.0, 1.0)": [0.0, 0.6418131152556622, 0.47281832296761817, 0.6411920390630532, 0.5227421155887966, 0.6391759798946359, 0.6406368367687647, 0.6245261208383119, 0.6267216402397748], "(5.0, 0.0, 0.0)": [0.0, -8.976294245227638, 0.26396032423315047, -1.7010277481369402, -9.820876985141659, -0.4469600845804433, 0.06282941128579561, -7.171644933407091, -0.35766493743154687], "(0.0, 0.0, 1.0)": [0.0, -3.2410576912828013, 0.6648457107898146, 0.6648535587411948, 0.7226583810364587, 0.6710877794291967, 0.6648678674003405, 0.6648457105548623, 0.6648452865493264], "(1.0, 0.0, 1.0)": [0.0, 0.7773808178866264, 0.7775065541766406, 0.777506029438876, 0.8451152493900915, 0.7887177476505995, 0.7900809986183056, 0.7776545007881965, 0.7804312616711444], "(2.0, 0.0, 0.0)": [0.0, 1.000591938964757, 1.0201608692464061, 1.0020037935681172, 1.0319843747684536, 1.0291322374728653, 1.0059632334625452, 1.087599933657345, 1.0253040327809653], "(2.0, 1.0, 0.0)": [0.0, 0.7600274503442104, 0.6680966697279346, 0.6494469410197674, 0.5190436585096226, 0.7690922351491825, 0.70533669879776, 0.8312463209940881, 0.5647278967745059], "(1.0, 1.0, 1.0)": [0.0, 0.40007952616152165, 1.8865414458977627, 2.054815807638163, 0.39680870735379625, 1.2620840913871019, 0.4006907236062523, 1.8898008510896562, 1.2611181348407605], "(6.0, 0.0, 0.0)": [0.0, 0.0, 0.0, 0.0, 0.0, 0.0, 0.0, 0.0, 0.0], "(6.0, 1.0, 0.0)": [0.0, 0.0, 0.0, 0.0, 0.0, 0.0, 0.0, 0.0, 0.0]}, "stats": {"total_messages": 801044, "total_updates": 695005, "total_reward": -38255.0, "action_counts": [92659, 96534, 94632, 88559, 90163, 85964, 85828, 83318, 83387], "state_visits": {"(3.0, 1.0, 0.0)": 4319, "(3.0, 0.0, 0.0)": 281122, "(4.0, 1.0, 0.0)": 2202, "(4.0, 0.0, 0.0)": 135662, "(5.0, 1.0, 0.0)": 31, "(0.0, 1.0, 1.0)": 955, "(5.0, 0.0, 0.0)": 511, "(0.0, 0.0, 1.0)": 41041, "(1.0, 0.0, 1.0)": 68499, "(2.0, 0.0, 0.0)": 156852, "(2.0, 1.0, 0.0)": 2033, "(1.0, 1.0, 1.0)": 1777, "(6.0, 0.0, 0.0)": 1, "(6.0, 1.0, 0.0)": 0}}}