{"q": {"(3.0, 1.0, 0.0)": [0.0, 0.23576412393486232, 0.23946412529579658, 0.23673324692034384, 0.23790448123320782, 0.666519125491278, 0.23335765092726563, 0.23783881528606188, 0.23674738220546615], "(3.0, 0.0, 0.0)": [0.0, 0.4905987177618441, 0.48958215264159255, 0.4649616493354978, 0.4724953095404336, 0.4944293490026802, 0.48156664101266494, 0.507093996937643, 0.4808321273754213], "(4.0, 1.0, 0.0)": [0.0, 0.9567728906852189, 0.990138524065416, 0.9855640493140351, 0.9692479134501182, 0.8357655381867812, 0.9793606187721381, 0.8691522644176559, 0.7897155105399307], "(4.0, 0.0, 0.0)": [0.0, 0.4648259849927079, 0.4622289428014336, 0.46281551413218913, 0.4516620890995574, 0.44036258271796463, 0.44506756084133736, 0.47755151179588945, 0.44622795758347], "(5.0, 1.0, 0.0)": [0.0, 0.0, 11.694966872193708, 0.0, 0.0, 5.95703125, -2.3326210184312908, 0.0, 0.0], "(0.0, 1.0, 1.0)": [0.0, 1.3541054303811262, 0.7323523845013985, 0.3721151463539015, 1.4397159726047966, 1.037324654593918, 0.3666853257422, 0.3694498026255397, 0.36621825859045964], "(5.0, 0.0, 0.0)": [0.0, -8.909906475890704, -5.181599126855105, -5.9831501223769195, -4.860883019864559, -2.722800631880507, -1.3572807739190993, -6.059479745947879, -2.963861860851071], "(0.0, 0.0, 1.0)": [0.0, -2.51429188306355, -2.4422798703142945, -1.5826830943659143, -6.178856931652618, -4.999491875315117, -5.3519624490554865, -8.433907766619, -7.024466922238685], "(1.0, 0.0, 1.0)": [0.0, -2.038247044441539, -0.751287218993921, -1.875108277706003, -4.282857868479513, -0.4267690576200813, -0.1373926278515331, -2.864318352096471, -0.7814031074572296], "(2.0, 0.0, 0.0)": [0.0, -0.34427697224519876, -0.022588528419415423, -0.012819221447533542, -2.0052292658284805, -1.0086652725886047, -0.6612520241144033, -0.7225345014058245, -2.5042037901545777], "(2.0, 1.0, 0.0)": [0.0, 0.3459484501945023, 0.3437886192318903, 0.34644645441704575, 0.3429705833348483, 0.34667906874174703, 0.34644845748832903, 1.0626642295814015, 0.291999029347744], "(1.0, 1.0, 1.0)": [0.0, 0.7013761539542837, 1.690964084393481, 1.6798772112646077, 1.1416381956372337, 1.7144712672995595, 1.2916615880616606, 1.2928114333999978, 1.7159100512060645], "(6.0, 0.0, 0.0)": [0.0, 0.0, 0.0, 0.0, 0.0, 0.0, 0.0, 0.0, 0.0]}, "stats": {"total_messages": 270314, "total_updates": 219003, "total_reward": -16633.0, "action_counts": [42137, 30525, 28431, 30811, 26843, 31089, 28711, 26976, 24791], "state_visits": {"(3.0, 1.0, 0.0)": 2706, "(3.0, 0.0, 0.0)": 96180, "(4.0, 1.0, 0.0)": 1135, "(4.0, 0.0, 0.0)": 43741, "(5.0, 1.0, 0.0)": 8, "(0.0, 1.0, 1.0)": 387, "(5.0, 0.0, 0.0)": 154, "(0.0, 0.0, 1.0)": 13543, "(1.0, 0.0, 1.0)": 12514, "(2.0, 0.0, 0.0)": 47204, "(2.0, 1.0, 0.0)": 945, "(1.0, 1.0, 1.0)": 486, "(6.0, 0.0, 0.0)": 0}}}