{"q": {"(3.0, 1.0, 0.0)": [0.0, 0.7868004937117306, 0.7680233069142474, 0.5728872544383187, 0.7247859770669234, 0.5595182447856415, 0.7442888539347318, 0.7821850239008237, 0.7231863722948397], "(3.0, 0.0, 0.0)": [0.0, 0.4923937916083966, 0.479457648104372, 0.4794576484466194, 0.47945764707055, 0.4824380308817162, 0.5203422531134081, 0.5211496163781614, 0.4794576470679086], "(4.0, 1.0, 0.0)": [0.0, 1.7303516202991445, 2.9505031521778258, 1.1498598999747018, 1.8605200512565567, 1.9316454354318542, 1.1380563011750509, 1.2967431741310687, 1.923187034148428], "(4.0, 0.0, 0.0)": [0.0, 0.7015150185620223, 0.702969002080787, 0.7020746449863003, 0.7040936914224027, 0.6801917788977756, 0.7399606989949588, 0.7184446627451877, 0.6910804335007122], "(5.0, 1.0, 0.0)": [0.0, 0.0, 11.694966872193708, 0.0, 0.0, 5.95703125, -2.3326210184312908, 0.0, 0.0], "(0.0, 1.0, 1.0)": [0.0, 0.3833493124328311, 0.4090595357726293, 0.3993703678900933, 0.41429932572903994, 0.42950311790053447, 0.4078597024651728, 0.4367218337031259, 0.4017964202764666], "(5.0, 0.0, 0.0)": [0.0, -8.428572719008947, -0.626798986612154, 0.47788773155464137, -6.8359375, -1.961758368875276, -4.289677507694931, -2.5, 0.2542028225289001], "(0.0, 0.0, 1.0)": [0.0, 0.20116262696188175, -0.5040066624721521, 0.30478296379554126, -0.31920743096196524, 0.30351826165264384, 0.33128583021254476, 0.3032840720631591, 0.2987918881385208], "(1.0, 0.0, 1.0)": [0.0, 0.4217650457961936, 0.5344445883256863, 0.5118385993755762, 0.5092823323490571, 0.5116588866972969, 0.5506898473134503, 0.5066337085898949, 0.5228143870179283], "(2.0, 0.0, 0.0)": [0.0, 0.48167783924569274, 0.48530573277771855, 0.4578833082229944, 0.4464812741745591, 0.44692612347340344, 0.4694512802011016, 0.4486163020055108, 0.4498750779847427], "(2.0, 1.0, 0.0)": [0.0, 0.5988322502344817, 0.3710074700324143, 0.4733613202103938, 0.4912493846056477, 0.5377239217944787, 0.6154996061585591, 0.39483482863200464, 0.5470879372051018], "(1.0, 1.0, 1.0)": [0.0, 0.7635282888169664, 1.0708186735576628, 0.8566649795894776, 1.0495945632961194, 1.061550393403966, 1.1411353708762488, 0.80471695620662, 0.9474503442544107], "(6.0, 0.0, 0.0)": [0.0, 0.0, 0.0, 0.0, 0.0, 0.0, 0.0, 0.0, 0.0]}, "stats": {"total_messages": 116239, "total_updates": 88005, "total_reward": -6746.0, "action_counts": [19308, 10614, 12345, 11749, 11311, 14106, 11544, 13297, 11965], "state_visits": {"(3.0, 1.0, 0.0)": 1777, "(3.0, 0.0, 0.0)": 38548, "(4.0, 1.0, 0.0)": 858, "(4.0, 0.0, 0.0)": 19285, "(5.0, 1.0, 0.0)": 8, "(0.0, 1.0, 1.0)": 266, "(5.0, 0.0, 0.0)": 80, "(0.0, 0.0, 1.0)": 9425, "(1.0, 0.0, 1.0)": 5889, "(2.0, 0.0, 0.0)": 11117, "(2.0, 1.0, 0.0)": 441, "(1.0, 1.0, 1.0)": 311, "(6.0, 0.0, 0.0)": 0}}}