{"q": {"(3.0, 1.0, 0.0)": [0.0, 0.6741271813797605, 0.6496079887063615, 0.6465423772344544, 0.6476249317214332, 0.6392417228139947, 0.6508272832725669, 0.6782214387776846, 0.6688168888885013], "(3.0, 0.0, 0.0)": [0.0, 0.655845016614564, 0.6554425693763841, 0.6474508163652254, 0.7018389461955288, 0.6993094947949423, 0.6686605993100314, 0.6811428332715102, 0.6852421466394234], "(4.0, 1.0, 0.0)": [0.0, 1.7303516202991445, 2.561407122330504, 1.1498598999747018, 1.8605200512565567, 1.9316454354318542, 2.0494163661228058, 1.916995554200301, 2.094132817902185], "(4.0, 0.0, 0.0)": [0.0, 1.033160627149917, 0.5011012387890774, 1.0238111082513188, 0.7144634454782446, 1.3273473055625065, 1.3530819693221314, 1.2716251293460574, 0.4704664986221967], "(5.0, 1.0, 0.0)": [0.0, 0.0, 11.694966872193708, 0.0, 0.0, 5.95703125, -2.3326210184312908, 0.0, 0.0], "(0.0, 1.0, 1.0)": [0.0, 0.40074596005773455, 0.38913051700409595, 0.393715909683227, 0.378756418261474, 0.39027525466793767, 0.4023923345810623, 0.3829683812563083, 0.4017847815366344], "(5.0, 0.0, 0.0)": [0.0, -8.428572719008947, -0.626798986612154, 0.47788773155464137, -6.8359375, -1.961758368875276, -4.289677507694931, -2.5, 0.2542028225289001], "(0.0, 0.0, 1.0)": [0.0, 0.447521000592887, 0.4683663456498813, 0.43187797850437426, 0.39701194267875284, 0.4687634020873805, 0.45263778400517163, 0.46448314013767783, 0.4564303687564422], "(1.0, 0.0, 1.0)": [0.0, 0.4795621271916822, 0.44171954133262237, 0.46034549246641254, 0.4517292354740172, 0.4757526516049642, 0.47012053291531886, 0.4755403488474111, 0.46169072353835794], "(2.0, 0.0, 0.0)": [0.0, 0.6247057536890243, 0.6654277579987762, 0.6235632458209608, 0.4411166188423296, 0.6757140292571403, 0.6316406127178379, 0.5666183568048329, 0.6217449791650439], "(2.0, 1.0, 0.0)": [0.0, 0.7317080151215086, 0.6325474038523897, 0.7380309149528633, 0.7044947327870771, 0.7825293168285242, 0.6154996061585591, 0.39483482863200464, 0.6461981838206379], "(1.0, 1.0, 1.0)": [0.0, 0.7635282888169664, 1.062928690211949, 0.9758198873758233, 1.155185615250787, 1.051927931404442, 1.062849396391695, 0.9496628974906165, 1.042246208541727], "(6.0, 0.0, 0.0)": [0.0, 0.0, 0.0, 0.0, 0.0, 0.0, 0.0, 0.0, 0.0]}, "stats": {"total_messages": 140522, "total_updates": 112003, "total_reward": -6691.0, "action_counts": [19537, 15300, 14866, 15713, 14001, 16523, 16089, 15372, 13121], "state_visits": {"(3.0, 1.0, 0.0)": 2053, "(3.0, 0.0, 0.0)": 45800, "(4.0, 1.0, 0.0)": 871, "(4.0, 0.0, 0.0)": 20788, "(5.0, 1.0, 0.0)": 8, "(0.0, 1.0, 1.0)": 331, "(5.0, 0.0, 0.0)": 80, "(0.0, 0.0, 1.0)": 12764, "(1.0, 0.0, 1.0)": 9194, "(2.0, 0.0, 0.0)": 19180, "(2.0, 1.0, 0.0)": 568, "(1.0, 1.0, 1.0)": 366, "(6.0, 0.0, 0.0)": 0}}}