{"q": {"(3.0, 1.0, 0.0)": [0.0, 1.8782261395461637, 1.6559137659925294, 1.8322281849975726, 1.267315387838254, 1.8746241761354465, 1.8853864199158639, 1.882216535313923, 1.7677128584199429], "(3.0, 0.0, 0.0)": [0.0, 0.46513514324798727, 0.46669289544710274, 0.49198579986671853, 0.4547686605346687, 0.4606758361901606, 0.4608637620352932, 0.4760818367600939, 0.47773984032764466], "(4.0, 1.0, 0.0)": [0.0, 4.8601838221968015, 4.779811721582411, 4.733210908609744, 4.431652638017986, 4.758436224839125, 5.012270617836989, 4.714883961077196, 4.8004405414283235], "(4.0, 0.0, 0.0)": [0.0, 0.32933463047175704, 0.35504181534506457, 0.3478217551939377, 0.3354095593672043, 0.34019150630512407, 0.3575832547044071, 0.34375027015540993, 0.35249425481049274], "(5.0, 1.0, 0.0)": [0.0, 0.0, 6.860363154283547, 0.0, 0.0, 5.375024768888167, -0.21832555922152452, 0.0, 0.0], "(0.0, 1.0, 1.0)": [0.0, 0.78435628700752, 0.6482479113277421, 0.7885386076032117, 0.7678896962689488, 0.7896155473485817, 0.7792623051488432, 0.7836081885253386, 0.7645370104735945], "(5.0, 0.0, 0.0)": [0.0, -4.246477330472033, -0.05332642174474839, -3.1486404009402076, -4.373838878851727, -2.298241590028533, -1.7164179694080197, -6.952190123555045, -0.2391847405653427], "(0.0, 0.0, 1.0)": [0.0, -0.5683850830043368, -2.748931322098014, -0.34859768258725937, -0.2109241783225118, -0.5186360436380082, -0.758003518057186, -1.6343047875153713, -0.2721925337762792], "(1.0, 0.0, 1.0)": [0.0, 0.35190883166269593, 0.6015985100122943, 0.3439235387174863, 0.6524162895114871, 0.284639802500367, 0.3724390528059501, 0.38281670193858863, 0.4509044706518936], "(2.0, 0.0, 0.0)": [0.0, 0.5174601326663992, 0.49217408885748837, 0.4950689620893134, 0.4967546297986959, 0.49629067136606764, 0.4902154076380888, 0.3394985554367298, 0.5029562303311723], "(2.0, 1.0, 0.0)": [0.0, 0.6764101928091619, 2.0171357783538544, 0.8829464397007557, 0.6772905911353243, 0.6740892472478113, 0.6772195537316396, 0.668396529772196, 0.8927085459713334], "(1.0, 1.0, 1.0)": [0.0, 0.5524083433941558, 0.5553550969070111, 0.5551876626688949, 0.5570319829905366, 0.5586782501542266, 0.5540900637634835, 0.5490651550048372, 0.549824504552874], "(6.0, 0.0, 0.0)": [0.0, 0.0, 0.0, 0.0, 0.0, 0.0, 0.0, 0.0, 0.0], "(6.0, 1.0, 0.0)": [0.0, 0.0, 0.0, 0.0, 0.0, 0.0, 0.0, 0.0, 0.0]}, "stats": {"total_messages": 619669, "total_updates": 543003, "total_reward": -28858.0, "action_counts": [64718, 74355, 71111, 68517, 72180, 68207, 70130, 64376, 66075], "state_visits": {"(3.0, 1.0, 0.0)": 3751, "(3.0, 0.0, 0.0)": 214286, "(4.0, 1.0, 0.0)": 1964, "(4.0, 0.0, 0.0)": 95845, "(5.0, 1.0, 0.0)": 28, "(0.0, 1.0, 1.0)": 863, "(5.0, 0.0, 0.0)": 348, "(0.0, 0.0, 1.0)": 36008, "(1.0, 0.0, 1.0)": 55642, "(2.0, 0.0, 0.0)": 130923, "(2.0, 1.0, 0.0)": 1846, "(1.0, 1.0, 1.0)": 1499, "(6.0, 0.0, 0.0)": 0, "(6.0, 1.0, 0.0)": 0}}}