{"q": {"(3.0, 1.0, 0.0)": [0.0, -0.0014522939994846876, -0.5920808151208488, -1.4727605981842107, -2.052770526254386, -1.5139497949532976, -2.010793408134614, -0.0402800276392279, -1.8120549358958744], "(3.0, 0.0, 0.0)": [0.0, 0.18170229013991285, 0.19676301366283172, 0.12743361877849058, 0.10926378008081496, 0.16556999130055355, 0.22460723655973483, 0.18076544673751635, 0.18168233210554502], "(4.0, 0.0, 0.0)": [0.0, 0.18961207596888974, 0.14204317212674605, 0.4371774562028543, 0.18978062486929753, 0.17270486137563867, 0.2310813968663939, 0.1792159930542622, 0.18841367268706238], "(4.0, 1.0, 0.0)": [0.0, 0.04491189967308717, 0.09620697903464429, -3.6250314761368703, -2.660630029156538, -4.87748682461881, -4.887716511799791, 0.10171539972954491, -0.7408088425662963], "(5.0, 0.0, 0.0)": [0.0, 0.0, 0.0, 0.0, 0.0068359375, 0.0, 0.0, 0.0, -2.4975], "(0.0, 0.0, 1.0)": [0.0, -0.697839654586387, -1.0877793473377826, -0.04205586350329357, -2.5668715693335984, -2.1539969705627304, -5.1782748508453365, -0.4865009819898085, -8.329084226307291], "(1.0, 0.0, 1.0)": [0.0, -1.010155486579748, -2.164855148536747, -1.8210374250514536, -0.7317593008522699, -3.072642720480183, -2.8875516655840645, -3.1640128309506217, -0.5816425462783328], "(2.0, 0.0, 0.0)": [0.0, -0.22994600569608992, -0.3126616447762513, -0.001810730186318334, -1.718383621399292, -0.12523048184276175, -1.020038440112376, -0.1710373903006685, -0.17028952836014777], "(2.0, 1.0, 0.0)": [0.0, -0.7930834483544607, -0.7838735193516376, 0.11357054297182789, -3.6403209227896474, -0.5753954833622972, 0.04893434873851381, -3.723938029671949, -0.5864323676160015], "(5.0, 1.0, 0.0)": [0.0, 0.0, 0.0, 0.0, 0.0025, 0.0, 0.0, -0.18034062500000014, 0.0], "(0.0, 1.0, 1.0)": [0.0, -1.2266613398610717, -0.747506433654398, -4.826366671271877, -1.5366980862210502, -2.5049567599264915, -1.6350223080958375, -1.0272530010296559, -0.5946159144229504], "(1.0, 1.0, 1.0)": [0.0, -4.530717581980575, -3.6028271617397705, 0.10882190233116054, -3.629631201379441, -3.4739284391630827, -4.66215928056719, 0.01681259012050851, -4.680416710652244], "(-1.0, 0.0, 1.0)": [0.0, 0.0, 0.0, 0.0, 0.0, 0.0, 0.0, 0.0, 0.0], "(-1.0, 1.0, 1.0)": [0.0, 0.0, 0.0, 0.0, 0.0, 0.0, 0.0, 0.0, 0.0]}, "stats": {"total_messages": 30933, "total_updates": 23253, "total_reward": -1610.470000000166, "action_counts": [7377, 2644, 2076, 5198, 4021, 4146, 1527, 2204, 1740], "state_visits": {"(3.0, 1.0, 0.0)": 2639, "(3.0, 0.0, 0.0)": 8880, "(4.0, 0.0, 0.0)": 6383, "(4.0, 1.0, 0.0)": 2243, "(5.0, 0.0, 0.0)": 5, "(0.0, 0.0, 1.0)": 124, "(1.0, 0.0, 1.0)": 303, "(2.0, 0.0, 0.0)": 888, "(2.0, 1.0, 0.0)": 683, "(5.0, 1.0, 0.0)": 5, "(0.0, 1.0, 1.0)": 650, "(1.0, 1.0, 1.0)": 450, "(-1.0, 0.0, 1.0)": 0, "(-1.0, 1.0, 1.0)": 0}}}