{"q": {"(3.0, 1.0, 0.0)": [0.0, 0.2548957757786251, 0.25662181455388183, 0.2515249246916079, 0.25276934061616313, 0.25395705352323583, 0.2518713713353723, 0.2566293373022378, 0.255623286927179], "(3.0, 0.0, 0.0)": [0.0, -1.92211717802216, 0.5586347709859752, 0.5624252400208501, -1.324197992779506, 0.7652998711128667, 0.5041081300182045, -1.350390877760001, 0.5254130495416213], "(4.0, 1.0, 0.0)": [0.0, 1.087202861937148, 1.086796047708974, 1.0822389389769895, 1.0842221828527934, 1.0952435726135172, 1.0993168705085983, 1.08842987087691, 1.0796582960624448], "(4.0, 0.0, 0.0)": [0.0, 0.5286514081078717, -0.4703802049748918, -0.8706761330446096, -0.7614218865405004, 0.056591173167428004, 0.14592950115396633, 0.028385615209448933, -0.3015530976223232], "(5.0, 1.0, 0.0)": [0.0, 0.0, 11.694966872193708, 0.0, 0.0, 5.95703125, -2.3326210184312908, 0.0, 0.0], "(0.0, 1.0, 1.0)": [0.0, 2.1221819228764973, 0.3761903818159485, 0.3721151463539015, 1.4397159726047966, 1.037324654593918, 0.3666853257422, 0.3694498026255397, 0.36621825859045964], "(5.0, 0.0, 0.0)": [0.0, -3.8751398151554435, -6.855792205348262, -0.4785780678564, -5.308236479759216, -4.8405344566764565, -1.3572807739190993, -6.327963992796229, -1.0995244109062416], "(0.0, 0.0, 1.0)": [0.0, -1.6620672633149698, -0.5079677261720746, -1.532066000457088, -0.8309375785184276, -1.8578229244174376, -2.9515308393356565, -0.19480056442819382, -1.5690288618027028], "(1.0, 0.0, 1.0)": [0.0, -1.844305418394459, -0.008337454926188032, -0.25579080845344615, -0.5151581286080037, -0.00022618974854918071, -0.11952710705865134, -2.2088598452811716, -0.12670088513680836], "(2.0, 0.0, 0.0)": [0.0, -1.638691792885607, 0.19771802165171642, 0.21019195350362113, -0.36243161996475326, -0.6236825899840126, 0.13442135001132485, -0.0539614365607394, -0.7428735811790581], "(2.0, 1.0, 0.0)": [0.0, 0.37943472122797534, 0.37916106943006506, 0.34644645441704575, 0.38671136393696814, 0.38174366127515336, 0.38156018210315307, 0.383188083654996, 0.38108121157054664], "(1.0, 1.0, 1.0)": [0.0, 0.7013761539542837, 2.297567505007907, 2.24102096527763, 0.953928821295891, 2.0689796620810172, 1.062849396391695, 1.8314526450146873, 1.9155927687838479], "(6.0, 0.0, 0.0)": [0.0, 0.0, 0.0, 0.0, 0.0, 0.0, 0.0, 0.0, 0.0]}, "stats": {"total_messages": 236952, "total_updates": 194005, "total_reward": -12426.0, "action_counts": [33803, 26832, 25560, 26780, 24016, 27182, 26149, 24523, 22107], "state_visits": {"(3.0, 1.0, 0.0)": 2676, "(3.0, 0.0, 0.0)": 82470, "(4.0, 1.0, 0.0)": 1089, "(4.0, 0.0, 0.0)": 37342, "(5.0, 1.0, 0.0)": 8, "(0.0, 1.0, 1.0)": 377, "(5.0, 0.0, 0.0)": 131, "(0.0, 0.0, 1.0)": 13377, "(1.0, 0.0, 1.0)": 12306, "(2.0, 0.0, 0.0)": 42889, "(2.0, 1.0, 0.0)": 906, "(1.0, 1.0, 1.0)": 434, "(6.0, 0.0, 0.0)": 0}}}