{"q": {"(3.0, 1.0, 0.0)": [0.0, 0.7337037995278264, 0.7763653716719905, 0.7423979069390071, 0.7189727802709056, 0.7510588484451886, 0.777328891583438, 0.7773881720771595, 0.7536534391711739], "(3.0, 0.0, 0.0)": [0.0, 1.4809120991469118, 1.7636337650922997, 2.1063079220957124, 1.9442289301732765, 2.0022825454419775, 1.4233776415982784, 1.7160835548090667, 2.060891969222273], "(4.0, 1.0, 0.0)": [0.0, 11.87991640191272, 13.105203168942415, 12.194685473867487, 4.2227544231596115, 1.840708463187896, 8.949361343178918, 12.055832545643344, 8.185802751476054], "(4.0, 0.0, 0.0)": [0.0, 5.096097709643728, 4.150203441567889, 6.13192628251471, 6.257449002637818, 6.182123618228587, 8.01564861703843, 5.494033519545473, 4.344351715357489], "(5.0, 1.0, 0.0)": [0.0, 0.0, 11.694966872193708, 0.0, 0.0, 5.95703125, -0.21832555922152452, 0.0, 0.0], "(0.0, 1.0, 1.0)": [0.0, 1.0182024211413767, 1.0583161990280012, 1.0544992373052704, 1.146967950140862, 1.1172208013522544, 1.0552696131716996, 0.9882968677494639, 1.055231538703935], "(5.0, 0.0, 0.0)": [0.0, -9.161303016615495, -0.1264033700616258, -1.1531384905603688, -7.7757135624030695, -0.7597316963181115, 0.16518540481769733, -9.03392165816092, -0.42521731656060924], "(0.0, 0.0, 1.0)": [0.0, 0.7717076584152603, 0.8714269243569022, 0.8200266396081304, 0.7853888279148071, 0.6467806348864795, 0.8200266396090823, 0.817680375929185, 0.9141694297328979], "(1.0, 0.0, 1.0)": [0.0, 0.9465477257772725, 0.9219275460955128, 0.799919938275407, 0.8246214750556379, 0.8701444363251547, 0.7515451147180104, 0.9056504729542095, 0.8955908383995731], "(2.0, 0.0, 0.0)": [0.0, 1.0713500449821916, 1.00028196361378, 0.6836934472135056, 0.8165303578824932, 0.9944152580500227, 0.6784807532594539, 0.8963763207453129, 0.9885354501958735], "(2.0, 1.0, 0.0)": [0.0, 0.8013738702076773, 0.7586236413327052, 0.7915720765744289, 0.7632802805502655, 0.873985154941999, 0.7967811068069781, 0.8157625759974477, 0.7798477608129561], "(1.0, 1.0, 1.0)": [0.0, 1.2277892571283702, 1.2300322187775299, 1.3364125160931055, 1.202362351572912, 1.2048027668487786, 1.3086307772305419, 1.2298914556705183, 1.1694639568017646], "(6.0, 0.0, 0.0)": [0.0, 0.0, 0.0, 0.0, 0.0, 0.0, 0.0, 0.0, 0.0]}, "stats": {"total_messages": 540064, "total_updates": 469003, "total_reward": -26284.0, "action_counts": [59425, 64152, 61868, 59376, 62408, 59521, 60875, 56346, 56093], "state_visits": {"(3.0, 1.0, 0.0)": 3356, "(3.0, 0.0, 0.0)": 190806, "(4.0, 1.0, 0.0)": 1551, "(4.0, 0.0, 0.0)": 84559, "(5.0, 1.0, 0.0)": 11, "(0.0, 1.0, 1.0)": 550, "(5.0, 0.0, 0.0)": 321, "(0.0, 0.0, 1.0)": 31392, "(1.0, 0.0, 1.0)": 45042, "(2.0, 0.0, 0.0)": 109267, "(2.0, 1.0, 0.0)": 1393, "(1.0, 1.0, 1.0)": 755, "(6.0, 0.0, 0.0)": 0}}}