{"q": {"(3.0, 1.0, 0.0)": [0.0, 4.205921593235598, 1.2961102499720234, 2.1734039755864423, 1.267315387838254, 1.2575350118735842, 2.3106440902766776, 3.1743019176571847, 2.7329344046645643], "(3.0, 0.0, 0.0)": [0.0, 0.9216420110219481, 0.9208079933036366, 1.3296523168234466, 0.9204976843972718, 0.9569129318295064, 0.9039073424689404, 0.9508438798016432, 0.9049063111984564], "(4.0, 1.0, 0.0)": [0.0, 6.730329393781961, 6.716743756083755, 6.701408464595824, 3.752746217711356, 6.732153791097466, 6.711706795818338, 6.683872781899031, 6.803613564202837], "(4.0, 0.0, 0.0)": [0.0, 1.1484582755809543, 1.1844499472396413, 1.163568001551223, 1.1212990391766346, 1.1190776452432343, 1.2034570669694846, 1.1901050322592739, 1.141919468931539], "(5.0, 1.0, 0.0)": [0.0, 0.0, 6.860363154283547, 0.0, 0.0, 6.899177905442476, -0.21832555922152452, 0.0, 0.0], "(0.0, 1.0, 1.0)": [0.0, 0.8663078794775971, 0.881969947384683, 0.8723536513317798, 0.8824415916323666, 0.8667777334116863, 0.773813293859877, 0.8652264624402737, 0.7645370104735945], "(5.0, 0.0, 0.0)": [0.0, -6.732390709267042, -0.1264033700616258, -1.1531384905603688, -7.7757135624030695, -3.064322120038044, -1.7164179694080197, -9.269586831406727, -0.42521731656060924], "(0.0, 0.0, 1.0)": [0.0, -2.635749665086058, -0.09488854722992994, -1.9081399062583118, -1.407663826581349, -2.5082258521864076, -0.6173705918554154, -0.03966152035669794, -1.078906478414626], "(1.0, 0.0, 1.0)": [0.0, -0.41427872470885035, -1.8079921667104923, -0.2668933837466688, -0.0660626740482142, -0.4779048890239769, -0.5089436072239095, -0.06707092565685713, -0.3828929051855229], "(2.0, 0.0, 0.0)": [0.0, 1.0790825978975715, 1.068782007205102, 0.9635486819870065, 1.0162226452876306, 0.9287452481868426, -1.2425219558823057, 0.31990386378855534, 0.49001851938598406], "(2.0, 1.0, 0.0)": [0.0, 0.6764101928091619, 1.9807808766962138, 0.6701760988405879, 0.6772905911353243, 0.6740892472478113, 0.6772195537316396, 0.668396529772196, 0.8927085459713334], "(1.0, 1.0, 1.0)": [0.0, 0.5751856969951644, 0.5690524202619207, 0.5665180231315253, 1.5587323365985162, 0.5700798470961496, 0.5769367594371965, 0.5717046595219046, 0.5610454128090551], "(6.0, 0.0, 0.0)": [0.0, 0.0, 0.0, 0.0, 0.0, 0.0, 0.0, 0.0, 0.0], "(6.0, 1.0, 0.0)": [0.0, 0.0, 0.0, 0.0, 0.0, 0.0, 0.0, 0.0, 0.0]}, "stats": {"total_messages": 583582, "total_updates": 511006, "total_reward": -26814.0, "action_counts": [60747, 70167, 67634, 64937, 67091, 64417, 66069, 60738, 61782], "state_visits": {"(3.0, 1.0, 0.0)": 3644, "(3.0, 0.0, 0.0)": 202156, "(4.0, 1.0, 0.0)": 1851, "(4.0, 0.0, 0.0)": 88019, "(5.0, 1.0, 0.0)": 27, "(0.0, 1.0, 1.0)": 833, "(5.0, 0.0, 0.0)": 334, "(0.0, 0.0, 1.0)": 35878, "(1.0, 0.0, 1.0)": 53304, "(2.0, 0.0, 0.0)": 121695, "(2.0, 1.0, 0.0)": 1807, "(1.0, 1.0, 1.0)": 1458, "(6.0, 0.0, 0.0)": 0, "(6.0, 1.0, 0.0)": 0}}}