{"q": {"(3.0, 1.0, 0.0)": [0.0, 0.7575566140358394, 0.7763653716719905, 0.7781648686401194, 0.8449868472021657, 0.7785844474386965, 0.777328891583438, 0.7774032014779948, 0.7536534391711739], "(3.0, 0.0, 0.0)": [0.0, 1.757996628247539, 0.7677325398426106, 1.0594157300152083, 0.9272740622293766, 0.9732735554721861, 1.0643717828934927, 1.1173625207656355, 1.2776545224886968], "(4.0, 1.0, 0.0)": [0.0, 11.497788749258367, 13.105203168942415, 12.194685473867487, 1.6114102590704749, 1.840708463187896, 1.8918405219668215, 12.047253981706085, 8.185802751476054], "(4.0, 0.0, 0.0)": [0.0, 4.1220679521546835, 4.143576928200386, 4.53269889312, 2.4514305885082823, 3.6442776960710703, 4.170700096477912, 4.170081921862863, 3.3285171572665506], "(5.0, 1.0, 0.0)": [0.0, 0.0, 11.694966872193708, 0.0, 0.0, 5.95703125, -0.21832555922152452, 0.0, 0.0], "(0.0, 1.0, 1.0)": [0.0, 1.1187954832090274, 0.887614989968123, 0.9640282894393198, 1.146967950140862, 1.1172208013522544, 1.0552893128524017, 0.9882968677494639, 1.055231538703935], "(5.0, 0.0, 0.0)": [0.0, -9.161303016615495, -0.1264033700616258, -1.1531384905603688, -7.7757135624030695, -0.7597316963181115, 0.16518540481769733, -9.03392165816092, -0.42521731656060924], "(0.0, 0.0, 1.0)": [0.0, 0.6761312369757978, 0.8131595969787606, 0.8026515678188342, 0.6807032342506991, -0.15338301106385233, 0.8200266564877404, 0.8913333039218788, 0.8200266396016939], "(1.0, 0.0, 1.0)": [0.0, 0.7896841248781021, 0.8234326306083548, 0.8159573340968564, 0.8833150761369117, 0.8436675586605549, 0.8800521111168227, 0.8821367604219417, 0.8129059034707306], "(2.0, 0.0, 0.0)": [0.0, 0.5630491581386341, 0.5390125434830244, 0.5643205224865777, 0.5698567146236806, 0.5858463349808751, 0.5512353757842324, 0.5589131075260942, 0.5394442222331257], "(2.0, 1.0, 0.0)": [0.0, 0.8077721608807137, 0.7733139013922676, 0.7915720765744289, 0.7759174313214762, 0.7766624133325724, 0.773750161269869, 0.8232946576635304, 0.7725171801397185], "(1.0, 1.0, 1.0)": [0.0, 1.0019792570937147, 1.2230855099606608, 1.3364125160931055, 1.1651743871428542, 1.2048027668487786, 1.3350078647055035, 1.3767123746545888, 1.0397575043242193], "(6.0, 0.0, 0.0)": [0.0, 0.0, 0.0, 0.0, 0.0, 0.0, 0.0, 0.0, 0.0]}, "stats": {"total_messages": 534955, "total_updates": 464004, "total_reward": -26305.0, "action_counts": [59368, 63599, 60622, 58831, 61715, 59156, 60543, 55278, 55843], "state_visits": {"(3.0, 1.0, 0.0)": 3319, "(3.0, 0.0, 0.0)": 189666, "(4.0, 1.0, 0.0)": 1531, "(4.0, 0.0, 0.0)": 84130, "(5.0, 1.0, 0.0)": 11, "(0.0, 1.0, 1.0)": 494, "(5.0, 0.0, 0.0)": 321, "(0.0, 0.0, 1.0)": 30488, "(1.0, 0.0, 1.0)": 44160, "(2.0, 0.0, 0.0)": 107876, "(2.0, 1.0, 0.0)": 1312, "(1.0, 1.0, 1.0)": 696, "(6.0, 0.0, 0.0)": 0}}}