{"q": {"(3.0, 1.0, 0.0)": [0.0, 2.744209390090101, 2.7674661492237265, 2.8047876396209457, 2.3903595019397677, 2.6317754499991093, 1.979651917142959, 1.9568092853892813, 2.47030549818051], "(3.0, 0.0, 0.0)": [0.0, 1.1608700088318273, 1.1654381998355492, 1.261815226991156, 1.1632007308307342, 1.1858319228898766, 1.1878026643344657, 1.2297614321694714, 1.2141625870589237], "(4.0, 1.0, 0.0)": [0.0, 2.8348619460906406, 4.147274739805351, 3.836743029879097, 3.3752764884381925, 1.655787534274976, 4.110319980500854, 2.809883033699148, 3.3982431132392006], "(4.0, 0.0, 0.0)": [0.0, 1.271555170699456, 1.3549560490336034, 1.299196117423027, 1.2584985224495888, 1.2909251871770555, 1.3519751430628444, 1.3361316038857107, 1.3679302446443997], "(5.0, 1.0, 0.0)": [0.0, 0.0, 13.483954274284496, 0.0, 0.0, 5.375024768888167, -0.21832555922152452, 3.598412644113912, 0.0], "(0.0, 1.0, 1.0)": [0.0, 0.6418131152556622, 0.47281832296761817, 0.6411920390630532, 0.5227421155887966, 0.6391759798946359, 0.6406368367687647, 0.6245261208383119, 0.6267216402397748], "(5.0, 0.0, 0.0)": [0.0, -8.976294245227638, 0.26396032423315047, -1.7010277481369402, -9.820876985141659, -0.4469600845804433, 0.06282941128579561, -7.171644933407091, -0.35766493743154687], "(0.0, 0.0, 1.0)": [0.0, 0.703722431541641, 0.13920224496723083, -3.487432488005249, -1.6420092650491631, 0.7825575300529872, 0.7245730716516586, 0.7401071421928276, 0.7316753201540102], "(1.0, 0.0, 1.0)": [0.0, 0.7138835731062286, 0.7899807471468561, 0.7081254501284402, 0.7908357016474356, 0.7470620806099794, 0.7211507365129605, 0.7178843190929012, 0.7586500198123021], "(2.0, 0.0, 0.0)": [0.0, 0.8222511474391471, 0.8340093435725658, 0.8225910865191624, 0.8222503682155864, 0.8280587661745743, 0.8229192571070021, 0.8222503682155864, 0.8937504002343328], "(2.0, 1.0, 0.0)": [0.0, 0.7293042132431402, 0.6680966697279346, 0.7040491611991309, 0.6611599327389936, 0.766579923682292, 0.7053547367635798, 0.7667151396020865, 0.5647278967745059], "(1.0, 1.0, 1.0)": [0.0, 0.40007952616152165, 1.8887898301756665, 2.054815807638163, 1.888432293531273, 1.2620840913871019, 0.4006907236062523, 1.8898008510896562, 1.2611181348407605], "(6.0, 0.0, 0.0)": [0.0, 0.0, 0.0, 0.0, 0.0, 0.0, 0.0, 0.0, 0.0], "(6.0, 1.0, 0.0)": [0.0, 0.0, 0.0, 0.0, 0.0, 0.0, 0.0, 0.0, 0.0]}, "stats": {"total_messages": 808157, "total_updates": 702002, "total_reward": -39218.0, "action_counts": [92722, 97118, 94867, 88959, 91292, 86539, 86533, 85263, 84864], "state_visits": {"(3.0, 1.0, 0.0)": 4354, "(3.0, 0.0, 0.0)": 283388, "(4.0, 1.0, 0.0)": 2219, "(4.0, 0.0, 0.0)": 136674, "(5.0, 1.0, 0.0)": 31, "(0.0, 1.0, 1.0)": 955, "(5.0, 0.0, 0.0)": 511, "(0.0, 0.0, 1.0)": 42066, "(1.0, 0.0, 1.0)": 69462, "(2.0, 0.0, 0.0)": 158473, "(2.0, 1.0, 0.0)": 2065, "(1.0, 1.0, 1.0)": 1803, "(6.0, 0.0, 0.0)": 1, "(6.0, 1.0, 0.0)": 0}}}