{"q": {"(3.0, 1.0, 0.0)": [0.0, 0.20754822183529187, 0.17686498460859407, 0.05694451018792307, 0.1400909079020464, 0.2074430741441263, 0.12105629208694105, 0.20652485376007534, 0.1763817898286571], "(3.0, 0.0, 0.0)": [0.0, 0.10331987690601725, 0.09970607528066527, 0.08006716901401109, 0.10387188861631244, 0.10412641438703794, 0.08916614087175266, 0.10076097952507852, 0.0998056063843346], "(4.0, 1.0, 0.0)": [0.0, 0.4699822868504011, 0.2783273788132065, 0.2759047022145867, 0.2761720596881292, 0.2758951748303659, 0.5266420749090632, 0.4638338301134537, 1.1087107732429287], "(4.0, 0.0, 0.0)": [0.0, 0.2152131183728128, 0.4915369515972417, 0.1890529366654748, 0.20411311998662554, 0.22616008984955277, 0.2514489297050214, 0.25484289574630115, 0.25403911775627336], "(5.0, 1.0, 0.0)": [0.0, 0.0, 2.985873773317377, 0.0, 3.5, 3.028868108091281, -0.21832555922152452, 4.306936627555251, 0.0], "(0.0, 1.0, 1.0)": [0.0, 1.4665979130347189, 0.8053030107771426, 1.053755732579758, 0.45137542775565287, 0.4509861133194605, 0.8236276233316148, 2.1177608645865362, 0.44502086734906315], "(5.0, 0.0, 0.0)": [0.0, -6.308664276996634, -1.7265223176188527, -3.2176210812452717, -4.143182478106638, -0.46531596110283635, -3.1528932916802295, -5.266412129695208, -2.375482165681225], "(0.0, 0.0, 1.0)": [0.0, -1.9513074992204507, -3.057983414224282, -0.09431252514357169, -1.0810578632981316, -0.19067207091014715, -0.9925232571468634, -0.5133400273945057, -1.2328237686715262], "(1.0, 0.0, 1.0)": [0.0, -1.762267890655428, -2.9591597348641736, -0.9406581839341861, -0.04941777833530976, -2.1252411998936562, -1.4918391206869717, -0.33542553348456217, -0.10815436238163975], "(2.0, 0.0, 0.0)": [0.0, -1.2174483023670954, -1.492051890835379, -0.12242577893139735, -2.5204035290983215, -0.4315618881885905, -0.9646922074066051, -1.5709902643141715, -3.0628623758846216], "(2.0, 1.0, 0.0)": [0.0, 0.20659173533858613, 0.22572383377983302, 0.22695768254969242, 0.22493739737719046, 0.22740232659621945, 0.22611037247964452, 0.22377452786042598, 0.22477017275605876], "(1.0, 1.0, 1.0)": [0.0, 0.3417583972559589, 0.32155836137827043, 0.33756566392694665, 0.33736253138023387, 0.33659794883781, 0.33733127140545344, 0.3357433582262257, 0.33474596142208085], "(6.0, 0.0, 0.0)": [0.0, 0.0, 0.0, 0.0, 0.0, 0.0, 0.0, 0.0, 0.0], "(6.0, 1.0, 0.0)": [0.0, 0.0, 0.0, 0.0, 0.0, 0.0, 0.0, 0.0, 0.0]}, "stats": {"total_messages": 928512, "total_updates": 802001, "total_reward": -43149.0, "action_counts": [111999, 109766, 110219, 98942, 105732, 99446, 99337, 96585, 96486], "state_visits": {"(3.0, 1.0, 0.0)": 10104, "(3.0, 0.0, 0.0)": 316363, "(4.0, 1.0, 0.0)": 5976, "(4.0, 0.0, 0.0)": 157815, "(5.0, 1.0, 0.0)": 48, "(0.0, 1.0, 1.0)": 1880, "(5.0, 0.0, 0.0)": 571, "(0.0, 0.0, 1.0)": 46820, "(1.0, 0.0, 1.0)": 78166, "(2.0, 0.0, 0.0)": 177255, "(2.0, 1.0, 0.0)": 3823, "(1.0, 1.0, 1.0)": 3179, "(6.0, 0.0, 0.0)": 1, "(6.0, 1.0, 0.0)": 0}}}