{"q": {"(3.0, 1.0, 0.0)": [0.0, 0.6363251355033097, 0.6294101383821737, 0.6229449474876828, 0.6346724330870046, 0.6320655505690569, 0.6378107376071156, 0.627661745653873, 0.6198325349118964], "(3.0, 0.0, 0.0)": [0.0, 0.5798420705371816, 0.6378568705243588, 0.4788627394402713, 0.5220594898351607, 0.5762609758623379, 0.5351734910203977, 0.5375151696380711, 0.4014150158166299], "(4.0, 1.0, 0.0)": [0.0, 1.7303516202991445, 2.0928561070243386, 1.1498598999747018, 2.0775088955698413, 1.9316454354318542, 2.0494163661228058, 1.916995554200301, 2.0522501615441415], "(4.0, 0.0, 0.0)": [0.0, 0.2426534458728072, 0.24916611464979171, 0.2404711850510807, 0.2365913638292742, 0.2292496599439543, 0.23461522662442943, 0.2351646938496033, 0.24746362245613807], "(5.0, 1.0, 0.0)": [0.0, 0.0, 11.694966872193708, 0.0, 0.0, 5.95703125, -2.3326210184312908, 0.0, 0.0], "(0.0, 1.0, 1.0)": [0.0, 0.37717889163865925, 0.3761903818159485, 0.3721151463539015, 0.378756418261474, 0.3824697495745789, 0.3800633615081554, 0.3829683812563083, 0.3797337175378511], "(5.0, 0.0, 0.0)": [0.0, -8.428572719008947, -0.4700992399591155, -1.512543029274548, -8.6651611328125, -1.103489082492343, -3.217258130771198, -1.875, -2.209266083390295], "(0.0, 0.0, 1.0)": [0.0, -0.9712592355296843, -1.376063145846887, -0.10304994678933158, -2.2467052622334545, -0.8672094986433753, -0.6007206750951002, -4.662231770276693, -0.07379019549417593], "(1.0, 0.0, 1.0)": [0.0, -0.1357683803854103, -0.051007280993612444, -2.5805723155286353, -1.3574650222976672, -0.017429780282700043, -0.034833633579993556, -0.031861044875094946, -2.5099131438273052], "(2.0, 0.0, 0.0)": [0.0, 0.35236213610692807, 0.3404666367787225, 0.34394678950534974, 0.36850259604359487, 0.35055767708527014, 0.31826509029947203, 0.3442469026300635, 0.3356935246620448], "(2.0, 1.0, 0.0)": [0.0, 0.5998507016572063, 0.6083430582626396, 0.6110969656630889, 0.6300300811792084, 0.614267728309187, 0.603189614035388, 0.46441896495195045, 0.6048020534332491], "(1.0, 1.0, 1.0)": [0.0, 0.7635282888169664, 13.047196517658962, 0.9819327512373648, 0.953928821295891, 1.051927931404442, 1.062849396391695, 0.9496628974906165, 1.042246208541727], "(6.0, 0.0, 0.0)": [0.0, 0.0, 0.0, 0.0, 0.0, 0.0, 0.0, 0.0, 0.0]}, "stats": {"total_messages": 168260, "total_updates": 135003, "total_reward": -8683.0, "action_counts": [24294, 19325, 17430, 18819, 16563, 20253, 19129, 17559, 14888], "state_visits": {"(3.0, 1.0, 0.0)": 2072, "(3.0, 0.0, 0.0)": 55027, "(4.0, 1.0, 0.0)": 884, "(4.0, 0.0, 0.0)": 25112, "(5.0, 1.0, 0.0)": 8, "(0.0, 1.0, 1.0)": 349, "(5.0, 0.0, 0.0)": 91, "(0.0, 0.0, 1.0)": 13091, "(1.0, 0.0, 1.0)": 11408, "(2.0, 0.0, 0.0)": 25961, "(2.0, 1.0, 0.0)": 627, "(1.0, 1.0, 1.0)": 373, "(6.0, 0.0, 0.0)": 0}}}