{"q": {"(3.0, 1.0, 0.0)": [0.0, 1.4445271846658336, 1.2511195049383348, 1.0992933607058337, 1.0355898605060345, 1.4781672826937602, 1.2034509250953225, 0.8914900582638922, 1.137682798136928], "(3.0, 0.0, 0.0)": [0.0, 0.9827210540225628, 0.9314285875901256, 0.9041033697007592, 0.8984340102296677, 0.9609711568855199, 0.9172062315310583, 0.873146932752868, 0.904795085159058], "(4.0, 1.0, 0.0)": [0.0, 2.8348619460906406, 8.058143417833866, 3.4247007507686376, 2.772017152484081, 0.9358857921596604, 2.7936540071057623, 2.809883033699148, 3.3982431132392006], "(4.0, 0.0, 0.0)": [0.0, 0.994441248077033, 1.0585576706945035, 0.982400484143765, 1.0655783792511355, 0.9944299635108784, 0.9722731590475405, 1.014214293962633, 1.0138579352534915], "(5.0, 1.0, 0.0)": [0.0, 0.0, 13.483954274284496, 0.0, 0.0, 5.375024768888167, -0.21832555922152452, 3.598412644113912, 0.0], "(0.0, 1.0, 1.0)": [0.0, 0.6418131152556622, 0.47281832296761817, 0.6411920390630532, 0.6424516567012555, 0.6391759798946359, 0.6406368367687647, 0.6245261208383119, 0.6267216402397748], "(5.0, 0.0, 0.0)": [0.0, -9.965207415713902, -2.6420506766542102, -3.0240493300212274, -9.820876985141659, -0.4469600845804433, -2.596657528567862, -9.690440638125999, -1.4022364549581439], "(0.0, 0.0, 1.0)": [0.0, -4.46941347107246, -2.5226724583014114e-08, -2.5041982722386946e-12, -3.5650334668949424e-10, -6.790804239159537e-07, -7.462823764496286e-05, -0.9269793479185036, -0.49665880722937805], "(1.0, 0.0, 1.0)": [0.0, 0.4499109823382465, 0.5176206128039784, 0.5505322657483385, 0.45307085063814323, 0.47960907424521154, 0.4235110044684054, 0.48414981962197434, 0.4061614025990706], "(2.0, 0.0, 0.0)": [0.0, 0.525224012415642, 0.5241637758931825, 0.7466736847265099, 0.7755045803221237, 0.7236049012031753, 0.686090774026515, 0.8428284041019034, 0.6614963047177074], "(2.0, 1.0, 0.0)": [0.0, 0.6628819889529787, 0.6680966697279346, 0.6494469410197674, 0.5190436585096226, 0.7690922351491825, 0.70533669879776, 0.8325314645631864, 0.5647278967745059], "(1.0, 1.0, 1.0)": [0.0, 0.40007952616152165, 0.4049860612090339, 2.054815807638163, 0.39680870735379625, 0.40101673173227614, 0.4006907236062523, 0.40287215539515375, 0.3987270569557629], "(6.0, 0.0, 0.0)": [0.0, 0.0, 0.0, 0.0, 0.0, 0.0, 0.0, 0.0, 0.0], "(6.0, 1.0, 0.0)": [0.0, 0.0, 0.0, 0.0, 0.0, 0.0, 0.0, 0.0, 0.0]}, "stats": {"total_messages": 769332, "total_updates": 665006, "total_reward": -38284.0, "action_counts": [91770, 91655, 90232, 83790, 85769, 82646, 82733, 79923, 80814], "state_visits": {"(3.0, 1.0, 0.0)": 4235, "(3.0, 0.0, 0.0)": 270487, "(4.0, 1.0, 0.0)": 2172, "(4.0, 0.0, 0.0)": 131288, "(5.0, 1.0, 0.0)": 31, "(0.0, 1.0, 1.0)": 944, "(5.0, 0.0, 0.0)": 481, "(0.0, 0.0, 1.0)": 37605, "(1.0, 0.0, 1.0)": 64121, "(2.0, 0.0, 0.0)": 149911, "(2.0, 1.0, 0.0)": 2013, "(1.0, 1.0, 1.0)": 1717, "(6.0, 0.0, 0.0)": 1, "(6.0, 1.0, 0.0)": 0}}}