{"q": {"(3.0, 1.0, 0.0)": [0.0, 0.6938190260123436, 0.7920872194682798, 0.7911851063333453, 0.701432608988114, 0.7067463321112984, 0.7946588985982972, 0.7240020819559403, 0.6477342893549358], "(3.0, 0.0, 0.0)": [0.0, 0.5631856634457021, 0.5792716997986916, 0.6120027876863225, 0.5630426701440142, 0.5860836687032618, 0.5265808362168524, 0.5666357494197193, 0.5713416423929853], "(4.0, 1.0, 0.0)": [0.0, 1.7970953695643148, 13.105203168942415, 14.191577915368075, 1.6114102590704749, 1.840708463187896, 1.8918405219668215, 9.050701575024428, 1.5114838464940064], "(4.0, 0.0, 0.0)": [0.0, 0.32690496810467407, 0.32917521494423185, 0.3667408528654229, 0.38179413846260496, 0.3555311095064341, 0.3760994055466738, 0.3828408615373369, 0.3592764286257205], "(5.0, 1.0, 0.0)": [0.0, 0.0, 11.694966872193708, 0.0, 0.0, 5.95703125, -0.21832555922152452, 0.0, 0.0], "(0.0, 1.0, 1.0)": [0.0, 1.1187954832090274, 0.6536091850020194, 0.3721151463539015, 1.4397159726047966, 1.2336623773885922, 1.0883413693887287, 0.7873011929502967, 0.36621825859045964], "(5.0, 0.0, 0.0)": [0.0, -5.793762042524806, -0.1685378267488344, -2.812356642144448, -4.074633458288876, -3.561390796261705, -1.0441804182914027, -5.874733249421988, -3.2976775260393523], "(0.0, 0.0, 1.0)": [0.0, -6.739382166668847, -1.4114188819436682, -0.665524485450864, -0.11192066286391018, -1.8119358704560358, -0.18390299843568822, -0.7456682921558654, -0.005053245275482101], "(1.0, 0.0, 1.0)": [0.0, 0.0428237728159233, -0.8194807620463538, 0.04945197882557932, -0.550767582127861, 0.009023574106576608, 0.03599921934449852, -0.8728398027173383, -0.637972069918756], "(2.0, 0.0, 0.0)": [0.0, 0.5098833206313632, 0.5673426249960694, 0.5601817855790177, 0.5556575611839006, 0.5918357758002707, 0.6039705963423847, 0.5580367980444079, 0.5556581104943521], "(2.0, 1.0, 0.0)": [0.0, 0.9448906209243623, 0.977835885430532, 0.9288574597119171, 0.9353081323653546, 0.8228954144108094, 0.9084777674729323, 0.8117815670878797, 0.7914577469301222], "(1.0, 1.0, 1.0)": [0.0, 1.1172733142189881, 1.34614917552509, 1.3364125160931055, 1.3561674775902959, 1.2048027668487786, 1.3380705833334094, 1.410251794432146, 1.4495546342521908], "(6.0, 0.0, 0.0)": [0.0, 0.0, 0.0, 0.0, 0.0, 0.0, 0.0, 0.0, 0.0]}, "stats": {"total_messages": 416895, "total_updates": 353004, "total_reward": -21975.0, "action_counts": [53848, 49218, 46597, 46318, 46608, 46893, 44462, 42457, 40494], "state_visits": {"(3.0, 1.0, 0.0)": 3148, "(3.0, 0.0, 0.0)": 152958, "(4.0, 1.0, 0.0)": 1487, "(4.0, 0.0, 0.0)": 68662, "(5.0, 1.0, 0.0)": 11, "(0.0, 1.0, 1.0)": 415, "(5.0, 0.0, 0.0)": 254, "(0.0, 0.0, 1.0)": 20739, "(1.0, 0.0, 1.0)": 26090, "(2.0, 0.0, 0.0)": 77517, "(2.0, 1.0, 0.0)": 1072, "(1.0, 1.0, 1.0)": 651, "(6.0, 0.0, 0.0)": 0}}}