{"q": {"(3.0, 1.0, 0.0)": [0.0, 0.23576412393486232, 0.23946412529579658, 0.23673324692034384, 0.23790448123320782, 0.666519125491278, 0.23335765092726563, 0.23783881528606188, 0.23674738220546615], "(3.0, 0.0, 0.0)": [0.0, 0.3850940750650673, 0.37507180101314874, 0.36068810696896936, 0.38753408330978945, 0.362483688187899, 0.390833112779331, 0.331420718070842, 0.34515726322350804], "(4.0, 1.0, 0.0)": [0.0, 0.9918925580274466, 0.990138524065416, 0.9855640493140351, 0.9692479134501182, 0.8357655381867812, 0.9793606187721381, 0.8691522644176559, 0.9820217288843262], "(4.0, 0.0, 0.0)": [0.0, 0.357728855142415, -0.00321654114559361, -0.06807738413855355, -0.11445277296218406, 0.32591192940782127, 0.24454694564481358, 0.28794270340331624, 0.08047271703008807], "(5.0, 1.0, 0.0)": [0.0, 0.0, 11.694966872193708, 0.0, 0.0, 5.95703125, -2.3326210184312908, 0.0, 0.0], "(0.0, 1.0, 1.0)": [0.0, 1.9182843746810798, 0.7323523845013985, 0.3721151463539015, 1.4397159726047966, 1.037324654593918, 0.3666853257422, 0.3694498026255397, 0.36621825859045964], "(5.0, 0.0, 0.0)": [0.0, -6.554766146024937, -6.855792205348262, -0.4785780678564, -5.308236479759216, -4.8405344566764565, -1.3572807739190993, -6.327963992796229, -1.0995244109062416], "(0.0, 0.0, 1.0)": [0.0, -1.6620672633149698, -5.121661663359133, -6.266005257957126, -2.3424023879166156, -1.0450253949848087, -4.160236097126306, -5.592886116088608, -7.374967414597322], "(1.0, 0.0, 1.0)": [0.0, -1.3832290637958442, -2.372323805068579, -0.14388232975506346, -1.5692492516298762, -2.4599457019626683, -2.528364342788332, -0.5241727953157468, -2.5534519359170913], "(2.0, 0.0, 0.0)": [0.0, -2.0716608657195947, -2.784969030993818, -0.891600754571366, -0.9494960184545278, 0.13108942948396574, 0.13891246810755392, 0.10332509910377086, 0.1279193844626316], "(2.0, 1.0, 0.0)": [0.0, 0.3459484501945023, 0.3437886192318903, 0.34644645441704575, 0.3499699829947432, 0.34667906874174703, 0.34644845748832903, 0.3491346510428483, 0.291999029347744], "(1.0, 1.0, 1.0)": [0.0, 0.7013761539542837, 1.690964084393481, 1.6798772112646077, 1.1416381956372337, 1.7144712672995595, 1.062849396391695, 1.7237485778666637, 1.7159100512060645], "(6.0, 0.0, 0.0)": [0.0, 0.0, 0.0, 0.0, 0.0, 0.0, 0.0, 0.0, 0.0]}, "stats": {"total_messages": 240548, "total_updates": 197004, "total_reward": -13107.0, "action_counts": [34403, 27140, 26360, 27292, 24086, 27769, 26692, 24639, 22167], "state_visits": {"(3.0, 1.0, 0.0)": 2706, "(3.0, 0.0, 0.0)": 83965, "(4.0, 1.0, 0.0)": 1131, "(4.0, 0.0, 0.0)": 37660, "(5.0, 1.0, 0.0)": 8, "(0.0, 1.0, 1.0)": 383, "(5.0, 0.0, 0.0)": 133, "(0.0, 0.0, 1.0)": 13402, "(1.0, 0.0, 1.0)": 12344, "(2.0, 0.0, 0.0)": 43846, "(2.0, 1.0, 0.0)": 943, "(1.0, 1.0, 1.0)": 483, "(6.0, 0.0, 0.0)": 0}}}