{"q": {"(3.0, 1.0, 0.0)": [0.0, 1.4445271846658336, 1.2511195049383348, 1.0992933607058337, 1.0355898605060345, 1.4781672826937602, 1.2034509250953225, 0.8914900582638922, 1.137682798136928], "(3.0, 0.0, 0.0)": [0.0, 0.8637294598321272, 0.7640630007790206, 0.7366154488871554, 0.7568832971101592, 0.72976342828393, 0.7481087319822471, 0.7929033259843855, 0.7295439384790658], "(4.0, 1.0, 0.0)": [0.0, 2.8348619460906406, 8.058143417833866, 3.4247007507686376, 2.772017152484081, 0.9358857921596604, 2.7936540071057623, 2.809883033699148, 3.3982431132392006], "(4.0, 0.0, 0.0)": [0.0, 0.8047239147144513, 0.8601427636823016, 0.7919214775890384, 0.828382774246422, 0.8386016269654659, 0.8178425346495417, 0.8572399135960758, 0.8002014333255306], "(5.0, 1.0, 0.0)": [0.0, 0.0, 13.483954274284496, 0.0, 0.0, 5.375024768888167, -0.21832555922152452, 3.598412644113912, 0.0], "(0.0, 1.0, 1.0)": [0.0, 0.6418131152556622, 0.47281832296761817, 0.6411920390630532, 0.6424516567012555, 0.6391759798946359, 0.6406368367687647, 0.6245261208383119, 0.6267216402397748], "(5.0, 0.0, 0.0)": [0.0, -9.965207415713902, -1.9815380074906577, -1.7010277481369402, -9.820876985141659, -0.4469600845804433, 0.06282941128579561, -9.690440638125999, -0.35766493743154687], "(0.0, 0.0, 1.0)": [0.0, 0.352478498253874, 0.46116559786331895, 0.4334223507986851, 0.36397603444341853, 0.43495516554447833, 0.42468480917259216, 0.23833669468293164, 0.42669394106025577], "(1.0, 0.0, 1.0)": [0.0, 0.5999737951192106, 0.5968993474497539, 0.6248517268862539, 0.58437567698909, 0.6283885176326217, 0.5791736698734664, 0.5952677802958639, 0.6104529643954019], "(2.0, 0.0, 0.0)": [0.0, 0.62461909695986, 0.6507550520986187, 0.6740492774826136, 0.6743415362441104, 0.6203942605200137, 0.6271929357790209, 0.6587472206394561, 0.646877455519031], "(2.0, 1.0, 0.0)": [0.0, 0.6628819889529787, 0.6680966697279346, 0.6494469410197674, 0.5190436585096226, 0.7690922351491825, 0.70533669879776, 0.8325314645631864, 0.5647278967745059], "(1.0, 1.0, 1.0)": [0.0, 0.40007952616152165, 0.4049860612090339, 2.054815807638163, 0.39680870735379625, 0.40101673173227614, 0.4006907236062523, 0.40287215539515375, 0.3987270569557629], "(6.0, 0.0, 0.0)": [0.0, 0.0, 0.0, 0.0, 0.0, 0.0, 0.0, 0.0, 0.0], "(6.0, 1.0, 0.0)": [0.0, 0.0, 0.0, 0.0, 0.0, 0.0, 0.0, 0.0, 0.0]}, "stats": {"total_messages": 778472, "total_updates": 673002, "total_reward": -38261.0, "action_counts": [92472, 92506, 91589, 85323, 86357, 83750, 83828, 81267, 81380], "state_visits": {"(3.0, 1.0, 0.0)": 4235, "(3.0, 0.0, 0.0)": 273673, "(4.0, 1.0, 0.0)": 2172, "(4.0, 0.0, 0.0)": 132653, "(5.0, 1.0, 0.0)": 31, "(0.0, 1.0, 1.0)": 944, "(5.0, 0.0, 0.0)": 495, "(0.0, 0.0, 1.0)": 37906, "(1.0, 0.0, 1.0)": 65468, "(2.0, 0.0, 0.0)": 151694, "(2.0, 1.0, 0.0)": 2013, "(1.0, 1.0, 1.0)": 1717, "(6.0, 0.0, 0.0)": 1, "(6.0, 1.0, 0.0)": 0}}}