{"q": {"(3.0, 1.0, 0.0)": [0.0, 0.32880202311304285, 0.8357904773381104, 0.3660035362261143, 0.9087075856158584, 0.33431403186421293, 0.752338907892835, 0.7821850239008237, 0.2001519917021526], "(3.0, 0.0, 0.0)": [0.0, 0.5076899776303875, 0.5072103054651848, 0.5310386778996737, 0.5293723712844234, 0.5405945794169882, 0.5204515222768019, 0.5239050373916471, 0.5513145582131291], "(4.0, 1.0, 0.0)": [0.0, 1.7303516202991445, 2.9505031521778258, 1.1498598999747018, 1.8605200512565567, 1.9316454354318542, 1.1380563011750509, 1.2967431741310687, 1.923187034148428], "(4.0, 0.0, 0.0)": [0.0, 0.7482468871500193, 0.7482391526000456, 0.7613182196990127, 0.7823017988226436, 0.7715084753502138, 0.7491234467555442, 0.7481025482378935, 0.8133034267391802], "(5.0, 1.0, 0.0)": [0.0, 0.0, 11.694966872193708, 0.0, 0.0, 5.95703125, -2.3326210184312908, 0.0, 0.0], "(0.0, 1.0, 1.0)": [0.0, 0.3639137826893968, 0.4476686740885799, 0.48120209381844536, 0.44183332642726786, 0.42950311790053447, 0.4078597024651728, 0.4367218337031259, 0.4316504832865826], "(5.0, 0.0, 0.0)": [0.0, -5.826755336706924, -0.626798986612154, 0.47788773155464137, -6.8359375, -1.961758368875276, -4.289677507694931, -2.5, 0.2542028225289001], "(0.0, 0.0, 1.0)": [0.0, 0.42798162499222403, 0.39382884154511727, 0.3964991311212054, 0.2734619925263552, 0.42798871515683595, 0.3716706203285859, 0.11413823376937957, 0.42807482759176385], "(1.0, 0.0, 1.0)": [0.0, 0.44107648897973606, 0.44136625201426366, 0.4410765176223494, 0.4481454495429862, 0.45059998655802597, 0.44359244789631463, 0.47943096628226606, 0.4413020872383969], "(2.0, 0.0, 0.0)": [0.0, 0.6184796811204416, 0.6202222330607974, 0.6184463019414621, 0.6722605229570016, 0.5981501038508176, 0.5481144393777271, 0.6184796811033505, 0.6157282992136699], "(2.0, 1.0, 0.0)": [0.0, 0.397452033270852, 0.22629889180718213, 0.18835818260502218, 0.25483228205065567, 0.4760726838007223, 0.1474065188846589, 0.11471159201710862, 0.2335136167037469], "(1.0, 1.0, 1.0)": [0.0, 0.5408378702920467, 1.0708186735576628, 0.8566649795894776, 1.0249031072627968, 1.0775917464157896, 1.1411353708762488, 0.6434685001106955, 0.9474503442544107], "(6.0, 0.0, 0.0)": [0.0, 0.0, 0.0, 0.0, 0.0, 0.0, 0.0, 0.0, 0.0]}, "stats": {"total_messages": 106879, "total_updates": 79006, "total_reward": -6163.0, "action_counts": [19232, 10219, 11922, 10253, 10164, 12082, 10216, 12006, 10785], "state_visits": {"(3.0, 1.0, 0.0)": 1680, "(3.0, 0.0, 0.0)": 35549, "(4.0, 1.0, 0.0)": 858, "(4.0, 0.0, 0.0)": 18699, "(5.0, 1.0, 0.0)": 8, "(0.0, 1.0, 1.0)": 184, "(5.0, 0.0, 0.0)": 76, "(0.0, 0.0, 1.0)": 8068, "(1.0, 0.0, 1.0)": 4956, "(2.0, 0.0, 0.0)": 8287, "(2.0, 1.0, 0.0)": 364, "(1.0, 1.0, 1.0)": 277, "(6.0, 0.0, 0.0)": 0}}}