{"q": {"(3.0, 1.0, 0.0)": [0.0, 0.6938190260123436, 0.7920872194682798, 0.7911851063333453, 0.701432608988114, 0.7067463321112984, 0.7946588985982972, 0.7240020819559403, 0.6477342893549358], "(3.0, 0.0, 0.0)": [0.0, 0.564607270664533, 0.5834082532830749, 0.5601880270117656, 0.5683067072857397, 0.5367356599990489, 0.5438983661715653, 0.5604138012791607, 0.5692693425920876], "(4.0, 1.0, 0.0)": [0.0, 1.7970953695643148, 13.105203168942415, 14.191577915368075, 1.6114102590704749, 1.840708463187896, 1.8918405219668215, 9.050701575024428, 1.5114838464940064], "(4.0, 0.0, 0.0)": [0.0, 0.5718535199087901, 1.070979886973479, 1.14473929215849, 1.1441159032515316, 1.1613711445790353, 1.1179686176293555, 1.1480400576791894, 1.0684864067259956], "(5.0, 1.0, 0.0)": [0.0, 0.0, 11.694966872193708, 0.0, 0.0, 5.95703125, -0.21832555922152452, 0.0, 0.0], "(0.0, 1.0, 1.0)": [0.0, 1.1187954832090274, 0.6536091850020194, 0.3721151463539015, 1.4397159726047966, 1.2336623773885922, 1.0883413693887287, 0.7873011929502967, 0.36621825859045964], "(5.0, 0.0, 0.0)": [0.0, -9.413344088087007, -1.3867334176683745, -0.5989905998674769, -6.53527001057269, -0.8885312977324934, 0.05012431980157664, -7.437036730208334, -5.909897447572939], "(0.0, 0.0, 1.0)": [0.0, 0.788569400967561, 0.7653194558028245, 0.7943503160215819, 0.7716508311334466, 0.8084516865109429, 0.7653194559615308, 0.7603897411985907, 0.743777076409407], "(1.0, 0.0, 1.0)": [0.0, 0.5132863053072025, 0.5193694190820359, 0.4933847001148064, 0.5310045639392422, 0.5362858297398301, 0.5279995906603279, 0.5279932982485569, 0.5346462417646557], "(2.0, 0.0, 0.0)": [0.0, 0.6749274629451847, 0.6233708728552966, 0.6161054231753388, 0.6209332659635153, 0.6256691330497287, 0.6491365325653898, 0.6544054701609654, 0.6085193622524037], "(2.0, 1.0, 0.0)": [0.0, 0.9448906209243623, 0.977835885430532, 0.9288574597119171, 0.9353081323653546, 0.8228954144108094, 0.9084777674729323, 0.8117815670878797, 0.7914577469301222], "(1.0, 1.0, 1.0)": [0.0, 1.1172733142189881, 1.34614917552509, 1.3364125160931055, 1.3561674775902959, 1.2048027668487786, 1.3380705833334094, 1.410251794432146, 1.4495546342521908], "(6.0, 0.0, 0.0)": [0.0, 0.0, 0.0, 0.0, 0.0, 0.0, 0.0, 0.0, 0.0]}, "stats": {"total_messages": 389129, "total_updates": 327005, "total_reward": -20766.0, "action_counts": [52115, 45552, 43185, 43145, 42879, 43710, 41269, 39418, 37856], "state_visits": {"(3.0, 1.0, 0.0)": 3148, "(3.0, 0.0, 0.0)": 144373, "(4.0, 1.0, 0.0)": 1487, "(4.0, 0.0, 0.0)": 64473, "(5.0, 1.0, 0.0)": 11, "(0.0, 1.0, 1.0)": 415, "(5.0, 0.0, 0.0)": 215, "(0.0, 0.0, 1.0)": 19340, "(1.0, 0.0, 1.0)": 22929, "(2.0, 0.0, 0.0)": 68891, "(2.0, 1.0, 0.0)": 1072, "(1.0, 1.0, 1.0)": 651, "(6.0, 0.0, 0.0)": 0}}}