{"q": {"(3.0, 1.0, 0.0)": [0.0, 0.8376817782615873, 0.8726626652297715, 0.8873879656473096, 1.6737476412652752, 1.5924787731170658, 0.8665569715280786, 0.8914900582638922, 0.8331438806617704], "(3.0, 0.0, 0.0)": [0.0, 0.3641245954559701, 0.37184947657746403, -0.8793071601925544, -0.9756456332892395, 0.25337970332396687, -0.00255003852130542, 0.41152960720533627, 0.46774518523348774], "(4.0, 1.0, 0.0)": [0.0, 2.8348619460906406, 2.840504314695014, 3.4247007507686376, 2.772017152484081, 4.5811810562128805, 2.7936540071057623, 2.809883033699148, 2.7632315344240284], "(4.0, 0.0, 0.0)": [0.0, 0.5869622212362247, 0.5542611372659508, 0.566195420886811, 0.661327855238704, 0.5855745811788314, 0.58909122572309, 0.5934112402315659, 0.6565615176792936], "(5.0, 1.0, 0.0)": [0.0, 0.0, 13.483954274284496, 0.0, 0.0, 5.375024768888167, -0.21832555922152452, 3.598412644113912, 0.0], "(0.0, 1.0, 1.0)": [0.0, 0.6418131152556622, 0.47281832296761817, 0.6411920390630532, 0.6424516567012555, 0.6391759798946359, 0.6406368367687647, 0.6245261208383119, 0.6267216402397748], "(5.0, 0.0, 0.0)": [0.0, -7.4673330347477265, -0.03999481630856129, -5.23458266914665, -6.819182468321259, -1.7130282200556883, -0.7241138308440084, -7.836262808237375, -0.10090606242600396], "(0.0, 0.0, 1.0)": [0.0, -1.9460210030944523, -4.8112322187452845, -4.249205563375717, -4.526179580855491, -6.479038938734786, -6.119752509127471, -1.3981534372013575, -1.4991854206735848], "(1.0, 0.0, 1.0)": [0.0, -3.3190930963449814, -3.4186168406865365, -0.25169775292579566, -0.820252962355234, -0.22023476001390918, -1.0895703819160611, -4.2237402682650504, -3.189619499169405], "(2.0, 0.0, 0.0)": [0.0, -0.07591960157427108, -0.001113280066632772, -2.6849842476591954, -0.4726556661379936, -0.5027202028642599, -0.036058165014855675, -3.474545654686299, -0.008918323845195048], "(2.0, 1.0, 0.0)": [0.0, 0.6628819889529787, 0.6680966697279346, 0.6494469410197674, 0.5190436585096226, 0.6563630279073601, 0.70533669879776, 0.8494475780272007, 0.5647278967745059], "(1.0, 1.0, 1.0)": [0.0, 0.40007952616152165, 0.4049860612090339, 2.054815807638163, 0.39680870735379625, 0.40101673173227614, 0.4006907236062523, 0.40287215539515375, 0.3987270569557629], "(6.0, 0.0, 0.0)": [0.0, 0.0, 0.0, 0.0, 0.0, 0.0, 0.0, 0.0, 0.0], "(6.0, 1.0, 0.0)": [0.0, 0.0, 0.0, 0.0, 0.0, 0.0, 0.0, 0.0, 0.0]}, "stats": {"total_messages": 698245, "total_updates": 604004, "total_reward": -34314.0, "action_counts": [82068, 82906, 79609, 75693, 79537, 75884, 76291, 73316, 72941], "state_visits": {"(3.0, 1.0, 0.0)": 4132, "(3.0, 0.0, 0.0)": 245997, "(4.0, 1.0, 0.0)": 2164, "(4.0, 0.0, 0.0)": 114111, "(5.0, 1.0, 0.0)": 31, "(0.0, 1.0, 1.0)": 944, "(5.0, 0.0, 0.0)": 386, "(0.0, 0.0, 1.0)": 36394, "(1.0, 0.0, 1.0)": 56925, "(2.0, 0.0, 0.0)": 139198, "(2.0, 1.0, 0.0)": 2004, "(1.0, 1.0, 1.0)": 1717, "(6.0, 0.0, 0.0)": 1, "(6.0, 1.0, 0.0)": 0}}}