{"q": {"(3.0, 1.0, 0.0)": [0.0, 0.8495571439428494, 0.8280554728416232, 0.8350327401792146, 0.8205140703750081, 0.8220867860905923, 0.8383589187686696, 0.5790129699735634, 0.8517894815740138], "(3.0, 0.0, 0.0)": [0.0, 0.613777046563549, 0.5517926147093117, 0.6854078356868735, 0.5162636889600479, 0.5699790845389937, 0.5155299430515332, 0.5660169824714285, 0.5603577072363739], "(4.0, 1.0, 0.0)": [0.0, 1.7970953695643148, 1.7043477149871185, 1.9261190924741385, 1.7964414250524152, 1.8636014292251255, 1.8918405219668215, 1.3798767276398745, 1.5123854361435534], "(4.0, 0.0, 0.0)": [0.0, 0.5114827996771413, 0.5523559729655916, 0.5554466969124867, 0.5309859169017345, 0.5114503576994298, 0.5253400897339433, 0.5559243010615176, 0.5553535919157792], "(5.0, 1.0, 0.0)": [0.0, 0.0, 11.694966872193708, 0.0, 0.0, 5.95703125, -0.21832555922152452, 0.0, 0.0], "(0.0, 1.0, 1.0)": [0.0, 1.3338937947275136, 0.7323523845013985, 0.3721151463539015, 1.4397159726047966, 1.037324654593918, 0.9204443047266668, 0.7873011929502967, 0.36621825859045964], "(5.0, 0.0, 0.0)": [0.0, -9.413344088087007, -5.545740348731498, -0.5989905998674769, -8.949787095221595, -1.9161986374309419, -0.24156681742847258, -6.059479745947879, -5.909897447572939], "(0.0, 0.0, 1.0)": [0.0, -2.33900351398669, 0.30608870895193663, 0.34632322794518205, 0.32714334461227546, -0.3524310543164907, -1.9485092178369632, 0.5280207796881939, 0.41509900023941765], "(1.0, 0.0, 1.0)": [0.0, 1.0459368243450706, 0.9550642367923803, 0.6603991322018807, 1.0099014570336187, 1.0220211720882695, 1.0458949623233145, 1.0471209308348615, 1.136883931294879], "(2.0, 0.0, 0.0)": [0.0, 0.6810334352803745, 0.6479385008327226, 0.6607394383633858, 0.6265882254241322, 0.6464058061646667, 0.8767434203182504, 0.8066038702167764, 0.6599519001755215], "(2.0, 1.0, 0.0)": [0.0, 0.5038741104495992, 0.3437886192318903, 0.34644645441704575, 0.7353225586385406, 0.6489310409668109, 0.9664043555011375, 1.0626642295814015, 0.291999029347744], "(1.0, 1.0, 1.0)": [0.0, 1.048184854026513, 1.5915218685184693, 1.557550130675345, 1.4234934742813619, 1.2048027668487786, 1.357667930456746, 1.410251794432146, 1.5573694827644482], "(6.0, 0.0, 0.0)": [0.0, 0.0, 0.0, 0.0, 0.0, 0.0, 0.0, 0.0, 0.0]}, "stats": {"total_messages": 345502, "total_updates": 284003, "total_reward": -20234.0, "action_counts": [51730, 40278, 37340, 38944, 35780, 39739, 36481, 33515, 31695], "state_visits": {"(3.0, 1.0, 0.0)": 3013, "(3.0, 0.0, 0.0)": 129240, "(4.0, 1.0, 0.0)": 1402, "(4.0, 0.0, 0.0)": 59416, "(5.0, 1.0, 0.0)": 11, "(0.0, 1.0, 1.0)": 396, "(5.0, 0.0, 0.0)": 204, "(0.0, 0.0, 1.0)": 15252, "(1.0, 0.0, 1.0)": 16297, "(2.0, 0.0, 0.0)": 57229, "(2.0, 1.0, 0.0)": 965, "(1.0, 1.0, 1.0)": 578, "(6.0, 0.0, 0.0)": 0}}}