{"q": {"(3.0, 1.0, 0.0)": [0.0, 0.964795443453903, 0.9825171912372745, 0.9986975574191521, 0.9928892009245288, 1.2394178823207707, 1.2081434199310772, 1.0031414118124253, 0.9704145457697942], "(3.0, 0.0, 0.0)": [0.0, 0.42232336642440477, 0.6342912153813582, 0.8370801436649885, 0.7920163011729304, 0.6842793250031232, 0.4858283457724471, 0.7740794399512383, 0.788022916105299], "(4.0, 1.0, 0.0)": [0.0, 4.078868378018059, 3.452410906089308, 4.092609413426389, 4.030692381520897, 4.1552224984378645, 4.099813052856359, 3.264133755145511, 4.115197160901827], "(4.0, 0.0, 0.0)": [0.0, 0.8517946454273962, 0.5777176248967575, 0.7574935008613932, 0.4105131360315659, 0.8408049831336802, 0.6121223730842683, 0.6315356214807453, 0.830950167928321], "(5.0, 1.0, 0.0)": [0.0, 0.0, 6.860363154283547, 0.0, 0.0, 5.375024768888167, -0.21832555922152452, 0.0, 0.0], "(0.0, 1.0, 1.0)": [0.0, 0.6418131152556622, 0.6432902353300927, 0.6411920390630532, 0.6424516567012555, 0.6522203876475877, 0.6406368367687647, 0.6483936962073341, 0.649783796070868], "(5.0, 0.0, 0.0)": [0.0, -4.246477330472033, -0.05332642174474839, -3.6461102255288664, -3.280379159138795, -1.7236811925213997, -1.2873134770560148, -6.410606944499713, -0.2391847405653427], "(0.0, 0.0, 1.0)": [0.0, -4.226056648532186, -4.466266722269588, -3.3074243476347545, -0.817543745863059, -5.6941374941584515, -2.7549088673119195, -1.0838074577422352, -1.1981993625079632], "(1.0, 0.0, 1.0)": [0.0, -0.003607678674648159, -2.051621707965424, -0.04426318277644699, -4.387326764391405, -0.586265939979627, -2.5078170314209163, -2.2083362337531276, -0.0001888569765311539], "(2.0, 0.0, 0.0)": [0.0, 0.1701678444405869, 0.11002764610750773, -1.114495270918076, -0.37616878164638456, 0.1851428749031044, -0.17352589877124558, 0.18945273971325058, -0.14683430672759412], "(2.0, 1.0, 0.0)": [0.0, 0.6628819889529787, 0.6680966697279346, 0.6494469410197674, 0.5190436585096226, 0.6563630279073601, 0.6636751626570068, 1.0396228718747575, 0.5647278967745059], "(1.0, 1.0, 1.0)": [0.0, 0.42507748276815105, 0.4265688253189348, 0.43181526920212254, 0.4281904635069434, 0.4175517823118244, 0.40814250098836874, 0.42804460237141173, 0.43086243698173826], "(6.0, 0.0, 0.0)": [0.0, 0.0, 0.0, 0.0, 0.0, 0.0, 0.0, 0.0, 0.0], "(6.0, 1.0, 0.0)": [0.0, 0.0, 0.0, 0.0, 0.0, 0.0, 0.0, 0.0, 0.0]}, "stats": {"total_messages": 645526, "total_updates": 564006, "total_reward": -30559.0, "action_counts": [69513, 76683, 74639, 71144, 75111, 70422, 71787, 67669, 68558], "state_visits": {"(3.0, 1.0, 0.0)": 4036, "(3.0, 0.0, 0.0)": 223761, "(4.0, 1.0, 0.0)": 2027, "(4.0, 0.0, 0.0)": 99997, "(5.0, 1.0, 0.0)": 28, "(0.0, 1.0, 1.0)": 937, "(5.0, 0.0, 0.0)": 355, "(0.0, 0.0, 1.0)": 36148, "(1.0, 0.0, 1.0)": 56611, "(2.0, 0.0, 0.0)": 136420, "(2.0, 1.0, 0.0)": 1993, "(1.0, 1.0, 1.0)": 1693, "(6.0, 0.0, 0.0)": 0, "(6.0, 1.0, 0.0)": 0}}}