{"q": {"(3.0, 1.0, 0.0)": [0.0, 0.17254130808421775, 0.15562893024026192, 0.14770269031322292, 0.1744894020885322, 0.1755735827480403, 0.1724543766882664, -0.7691070774719013, 0.1728272974178655], "(3.0, 0.0, 0.0)": [0.0, 0.29648475174722644, 0.07784936471225656, 0.06942563587905713, 0.0586693247639456, 0.09165736903921246, 0.06616299667527666, 0.27723656020818865, 0.11797283349529487], "(4.0, 1.0, 0.0)": [0.0, 0.8185307662528742, 0.691870878723313, 0.4164508688585529, 0.7588263832313005, 0.7510087260782441, 0.7564339550830733, 0.9438225572551223, 0.8468659981662932], "(4.0, 0.0, 0.0)": [0.0, -0.4416002864137968, -0.07887918774561804, -0.012124937026538427, -0.005917729996111914, -0.32380318295922217, -0.5239508138921585, -0.03582271584557747, -0.6779365015259826], "(5.0, 1.0, 0.0)": [0.0, 0.0, 2.5568858812699764, 0.4314805350687664, 6.34854866931428, 3.028868108091281, -0.21832555922152452, 3.2732795152764322, 0.0], "(0.0, 1.0, 1.0)": [0.0, -1.3491360906470997, 1.0224278226500922, -1.7710369478882173, 1.3133073644677626, 0.7128188545817483, 0.9632207091665691, 0.9606119766169341, 0.5781905552203233], "(5.0, 0.0, 0.0)": [0.0, -6.308664276996634, -1.2948917382141394, -2.413215810933954, -4.143182478106638, -0.34898697082712726, -3.830126857427597, -3.949809097271406, -1.3362087181956892], "(0.0, 0.0, 1.0)": [0.0, -0.6781184735502894, -0.10949733817786601, 0.12667517400113273, -1.4404939694362298, 0.1254208826747469, 0.049605371304129064, -0.3722536917083971, -0.20367006226445578], "(1.0, 0.0, 1.0)": [0.0, 0.07956903322754803, 0.16435048482550746, 0.06290553913026126, 0.2157626303275986, 0.07830090678136672, 0.12421076446410939, 0.08085179468700837, 0.08035576215088201], "(2.0, 0.0, 0.0)": [0.0, -0.09141172384449595, -1.1190389181265343, -0.021789158408444496, -0.18924370827958015, -0.24596355446701246, -0.17169448710923219, -0.27960251530396274, -0.2701441958667834], "(2.0, 1.0, 0.0)": [0.0, 0.19885121215513177, 0.19288298094706616, 0.1996326664004673, 0.19503033225658736, 0.19873732584344403, 0.19629218768150591, 0.19885222146583517, 0.19686690217995262], "(1.0, 1.0, 1.0)": [0.0, 0.20658931591633045, 0.20181234377410096, 0.20555446851172643, 0.20468093221637815, 0.20355516120549294, 0.20317636026534197, 0.1577420386625356, 0.2005121242614383], "(6.0, 0.0, 0.0)": [0.0, 0.0, 0.05726150153538704, 0.0, 0.0, 0.0, 0.0, 0.0, 0.0], "(6.0, 1.0, 0.0)": [0.0, 0.0, 0.0, 0.0, 0.0, 0.0, 0.0, 0.0, 0.0]}, "stats": {"total_messages": 949150, "total_updates": 817005, "total_reward": -43748.0, "action_counts": [117464, 112171, 111686, 100675, 107408, 101639, 100789, 99354, 97964], "state_visits": {"(3.0, 1.0, 0.0)": 10511, "(3.0, 0.0, 0.0)": 324169, "(4.0, 1.0, 0.0)": 6238, "(4.0, 0.0, 0.0)": 160774, "(5.0, 1.0, 0.0)": 53, "(0.0, 1.0, 1.0)": 2006, "(5.0, 0.0, 0.0)": 580, "(0.0, 0.0, 1.0)": 47019, "(1.0, 0.0, 1.0)": 80950, "(2.0, 0.0, 0.0)": 177315, "(2.0, 1.0, 0.0)": 3946, "(1.0, 1.0, 1.0)": 3442, "(6.0, 0.0, 0.0)": 2, "(6.0, 1.0, 0.0)": 0}}}