{"q": {"(3.0, 1.0, 0.0)": [0.0, 0.6938190260123436, 0.7712864685281461, 0.7911851063333453, 0.8015726592493566, 0.8362935579395242, 0.7669212664553823, 0.7952384130782882, 0.7457419524195678], "(3.0, 0.0, 0.0)": [0.0, 1.0164626527585994, 0.998674790184794, 1.0357260256083358, 1.0219745106306672, 1.004625855309746, 1.036804724323324, 1.0164597332434786, 1.049982780447525], "(4.0, 1.0, 0.0)": [0.0, 4.611884447707894, 13.105203168942415, 12.30193990821007, 1.6114102590704749, 1.840708463187896, 1.8918405219668215, 9.050701575024428, 8.185802751476054], "(4.0, 0.0, 0.0)": [0.0, 0.6940894706524382, 0.693642964333026, 0.6933873277334702, 0.7193169085444333, 0.6319159450581678, 0.646592438971781, 0.7539847460840673, 0.7278162017209827], "(5.0, 1.0, 0.0)": [0.0, 0.0, 11.694966872193708, 0.0, 0.0, 5.95703125, -0.21832555922152452, 0.0, 0.0], "(0.0, 1.0, 1.0)": [0.0, 1.1187954832090274, 0.6536091850020194, 0.3721151463539015, 1.4397159726047966, 1.2336623773885922, 1.0883413693887287, 0.7873011929502967, 0.36621825859045964], "(5.0, 0.0, 0.0)": [0.0, -5.777925942546904, -0.1264033700616258, -4.9902629383714245, -8.945412058372215, -6.378282322897209, -1.0441804182914027, -8.259653089599901, -1.8549436083971356], "(0.0, 0.0, 1.0)": [0.0, -0.6469475522023781, -0.1901295883892149, -3.8179671130939035, -3.600242260205478, -1.4861449911959623, -0.03365468807812352, -2.1485895637815577, -1.6024911747970635e-05], "(1.0, 0.0, 1.0)": [0.0, -1.8443979564433466, 0.05328354975539126, -1.3540286992564856, -1.7999498851771412, -2.6428572486089177, -0.20801330239478233, -0.07839229170218193, -4.246903328301832], "(2.0, 0.0, 0.0)": [0.0, 0.5136116207032357, 0.5043212459112298, 0.514862070886139, 0.5178175553534451, 0.5033145114761122, 0.5223657513178841, 0.5481552708998385, 0.513363251850959], "(2.0, 1.0, 0.0)": [0.0, 1.0516005956150534, 0.891389024619486, 0.9288574597119171, 0.8984537288082882, 0.8228954144108094, 0.9084777674729323, 0.8117815670878797, 0.8653892775611545], "(1.0, 1.0, 1.0)": [0.0, 1.1172733142189881, 1.34614917552509, 1.3364125160931055, 1.3561674775902959, 1.2048027668487786, 1.3350078647055035, 1.410251794432146, 1.4495546342521908], "(6.0, 0.0, 0.0)": [0.0, 0.0, 0.0, 0.0, 0.0, 0.0, 0.0, 0.0, 0.0]}, "stats": {"total_messages": 448473, "total_updates": 380004, "total_reward": -24845.0, "action_counts": [58347, 52512, 49902, 49444, 52118, 50435, 46786, 44983, 43946], "state_visits": {"(3.0, 1.0, 0.0)": 3211, "(3.0, 0.0, 0.0)": 162440, "(4.0, 1.0, 0.0)": 1500, "(4.0, 0.0, 0.0)": 74601, "(5.0, 1.0, 0.0)": 11, "(0.0, 1.0, 1.0)": 415, "(5.0, 0.0, 0.0)": 285, "(0.0, 0.0, 1.0)": 20935, "(1.0, 0.0, 1.0)": 28132, "(2.0, 0.0, 0.0)": 86728, "(2.0, 1.0, 0.0)": 1091, "(1.0, 1.0, 1.0)": 655, "(6.0, 0.0, 0.0)": 0}}}