{"q": {"(3.0, 1.0, 0.0)": [0.0, 0.8378052257167167, 0.9185286385944391, 0.9198998350620253, 0.9269754232417958, 0.9461957676367736, 0.9333358120047861, 0.9250518315641174, 0.8331438806617704], "(3.0, 0.0, 0.0)": [0.0, 0.5530533386705424, 0.5884710437367207, 0.5824278378270424, 0.5711599046126723, 0.5836295243082019, 0.5355183575748717, 0.612058106102905, 0.590625508312687], "(4.0, 1.0, 0.0)": [0.0, 3.709418544511414, 3.452410906089308, 3.7271545670394595, 3.7281371118583566, 3.766732268787405, 3.6782544490421043, 3.264133755145511, 3.689237113642915], "(4.0, 0.0, 0.0)": [0.0, 0.6028437971552723, 0.5666826130475862, 0.5817968887843588, 0.4105131360315659, 0.5718128066291849, 0.5783218322338995, 0.5963194591982455, 0.5897840746397938], "(5.0, 1.0, 0.0)": [0.0, 0.0, 6.860363154283547, 0.0, 0.0, 5.375024768888167, -0.21832555922152452, 0.0, 0.0], "(0.0, 1.0, 1.0)": [0.0, 0.6418131152556622, 0.6432902353300927, 0.6411920390630532, 0.6424516567012555, 0.6522203876475877, 0.6406368367687647, 0.6483936962073341, 0.649783796070868], "(5.0, 0.0, 0.0)": [0.0, -4.246477330472033, -0.05332642174474839, -3.6461102255288664, -3.280379159138795, -1.7236811925213997, -1.2873134770560148, -6.410606944499713, -0.2391847405653427], "(0.0, 0.0, 1.0)": [0.0, -4.226056648532186, -4.466266722269588, -2.480568260726066, -0.817543745863059, -5.6941374941584515, -2.7549088673119195, -0.4572312712350054, -0.6739871414107294], "(1.0, 0.0, 1.0)": [0.0, -0.0015219894408671918, -2.051621707965424, -0.018673530233813573, -4.387326764391405, -0.4396994549847202, -1.880862773565687, -1.2421891314861342, -0.0001416427323983654], "(2.0, 0.0, 0.0)": [0.0, -0.302426847037373, -1.2737401804637787, -0.22677736115920358, -3.9763145224165557, -0.021778768627069844, -0.08007414803626216, -0.0015745435334962154, -0.11314232013892156], "(2.0, 1.0, 0.0)": [0.0, 0.6628819889529787, 0.6680966697279346, 0.6494469410197674, 0.5190436585096226, 0.6563630279073601, 0.6636751626570068, 0.9984538061485172, 0.5647278967745059], "(1.0, 1.0, 1.0)": [0.0, 0.4082444144505323, 0.4049860612090339, 0.40642107685088413, 0.4112341211520685, 0.4092007466655879, 0.40814250098836874, 0.41109403611750384, 0.4068643438324111], "(6.0, 0.0, 0.0)": [0.0, 0.0, 0.0, 0.0, 0.0, 0.0, 0.0, 0.0, 0.0], "(6.0, 1.0, 0.0)": [0.0, 0.0, 0.0, 0.0, 0.0, 0.0, 0.0, 0.0, 0.0]}, "stats": {"total_messages": 646828, "total_updates": 565002, "total_reward": -30815.0, "action_counts": [69841, 76776, 74711, 71268, 75220, 70655, 71840, 67799, 68718], "state_visits": {"(3.0, 1.0, 0.0)": 4095, "(3.0, 0.0, 0.0)": 224107, "(4.0, 1.0, 0.0)": 2059, "(4.0, 0.0, 0.0)": 100182, "(5.0, 1.0, 0.0)": 28, "(0.0, 1.0, 1.0)": 937, "(5.0, 0.0, 0.0)": 355, "(0.0, 0.0, 1.0)": 36154, "(1.0, 0.0, 1.0)": 56622, "(2.0, 0.0, 0.0)": 136759, "(2.0, 1.0, 0.0)": 1995, "(1.0, 1.0, 1.0)": 1709, "(6.0, 0.0, 0.0)": 0, "(6.0, 1.0, 0.0)": 0}}}