{"q": {"(3.0, 1.0, 0.0)": [0.0, 0.03529949215917268, 0.03496738201079562, 0.03547662302301459, 0.03521130964463104, 0.03531675747324402, 0.035093065880434114, 0.46887410839218724, 0.034996811268389764], "(3.0, 0.0, 0.0)": [0.0, -0.0962418568630596, -0.2826790793526366, -0.026218258236688757, -0.12811058452076057, -0.047154242763432365, -0.012579706938714737, -0.09299061816960358, -0.695905423388163], "(4.0, 1.0, 0.0)": [0.0, 0.6592952319294351, 0.5027319353639991, 0.5593809765731108, 0.6590280171160257, 0.5169283630127506, 0.658692578671479, 0.6474955678469383, 0.5450807016323764], "(4.0, 0.0, 0.0)": [0.0, 0.02503148098525507, 0.024993327005047843, 0.049259960792044276, 0.059867962442797164, 0.0537151155723151, 0.029529134849899427, 0.05507580246657907, 0.06358939557496271], "(5.0, 1.0, 0.0)": [0.0, 0.0, 2.5568858812699764, 0.4314805350687664, 4.8835586264892825, 3.028868108091281, -0.21832555922152452, 3.2732795152764322, 0.0], "(0.0, 1.0, 1.0)": [0.0, -1.3491360906470997, 0.8310074657514094, -1.7710369478882173, 0.9246273089551438, 0.7128188545817483, 0.838739629969238, 0.9365168871016993, 0.5781905552203233], "(5.0, 0.0, 0.0)": [0.0, -6.308664276996634, -1.2948917382141394, -2.413215810933954, -5.607386858579979, -0.2617402281203455, -3.830126857427597, -2.962356822953555, -3.502156538646767], "(0.0, 0.0, 1.0)": [0.0, -4.390797105692919, -3.6701449901077448, -3.444546742130372, -4.776559876901888, -1.8973933653014878, -4.498296378726364, -2.4802153024902083, -2.502581794701068], "(1.0, 0.0, 1.0)": [0.0, -3.065841016618796, -1.9228821031844192, -2.0554101679286205, -0.18016918840801585, -1.5091310400736329, -2.453014272587447, -3.4655528253396444, -4.379560729976129], "(2.0, 0.0, 0.0)": [0.0, -0.002171692457719569, -0.3344468028989278, -0.4966163061136889, -0.0018967131877589216, -0.005843421102292995, -2.4614819796073695, -5.7840523429837045, -1.4214627691476225], "(2.0, 1.0, 0.0)": [0.0, 0.14686536132136654, 0.1453647042384135, 0.14817014241219784, 0.14747475766640133, 0.14678124841033968, 0.1454888540567404, 0.14754922491479847, 0.13821326084824104], "(1.0, 1.0, 1.0)": [0.0, -1.1805689688528895, 0.9599614703367023, 1.5544759761765776, 1.468116140522773, 0.20355516120549294, 0.5781600568293557, 0.1577420386625356, 0.6152983525385161], "(6.0, 0.0, 0.0)": [0.0, 0.0, 0.05726150153538704, 0.0, 0.0, 0.0, 0.0, 0.0, 0.0], "(6.0, 1.0, 0.0)": [0.0, 0.0, 0.0, 0.0, 0.0, 0.0, 0.0, 0.0, 0.0]}, "stats": {"total_messages": 972664, "total_updates": 835001, "total_reward": -44299.0, "action_counts": [122905, 114602, 113241, 102659, 110307, 104507, 102976, 101694, 99773], "state_visits": {"(3.0, 1.0, 0.0)": 11339, "(3.0, 0.0, 0.0)": 334035, "(4.0, 1.0, 0.0)": 6748, "(4.0, 0.0, 0.0)": 166229, "(5.0, 1.0, 0.0)": 55, "(0.0, 1.0, 1.0)": 2109, "(5.0, 0.0, 0.0)": 584, "(0.0, 0.0, 1.0)": 47376, "(1.0, 0.0, 1.0)": 81475, "(2.0, 0.0, 0.0)": 177451, "(2.0, 1.0, 0.0)": 4061, "(1.0, 1.0, 1.0)": 3537, "(6.0, 0.0, 0.0)": 2, "(6.0, 1.0, 0.0)": 0}}}