{"q": {"(3.0, 1.0, 0.0)": [0.0, 0.6363251355033097, 0.6294101383821737, 0.6229449474876828, 0.6346724330870046, 0.6320655505690569, 0.6378107376071156, 0.627661745653873, 0.6198325349118964], "(3.0, 0.0, 0.0)": [0.0, 0.28093980814562614, 0.4059690600575061, 0.43018883878071823, -0.9172107150645186, 0.388809569159091, 0.35780350629099783, 0.3045883630422427, 0.4412032765325644], "(4.0, 1.0, 0.0)": [0.0, 1.7303516202991445, 2.0928561070243386, 1.1498598999747018, 2.0775088955698413, 1.9316454354318542, 2.0494163661228058, 1.916995554200301, 2.0522501615441415], "(4.0, 0.0, 0.0)": [0.0, 0.3195336143319961, 0.3359343530261637, 0.3325154232931553, 0.2365913638292742, 0.311432971231668, 0.291683237846396, 0.32350433746832263, 0.34290723893854935], "(5.0, 1.0, 0.0)": [0.0, 0.0, 11.694966872193708, 0.0, 0.0, 5.95703125, -2.3326210184312908, 0.0, 0.0], "(0.0, 1.0, 1.0)": [0.0, 0.37717889163865925, 0.3761903818159485, 0.3721151463539015, 0.378756418261474, 0.3824697495745789, 0.3800633615081554, 0.3829683812563083, 0.3797337175378511], "(5.0, 0.0, 0.0)": [0.0, -8.428572719008947, -0.26443082247700245, -1.512543029274548, -8.6651611328125, -1.103489082492343, -3.217258130771198, -1.875, -2.209266083390295], "(0.0, 0.0, 1.0)": [0.0, -0.7284444266472632, -1.376063145846887, -0.10304994678933158, -2.2467052622334545, -0.8672094986433753, -0.6007206750951002, -4.662231770276693, -0.07379019549417593], "(1.0, 0.0, 1.0)": [0.0, -0.1357683803854103, -0.03825546074520933, -2.5805723155286353, -1.3574650222976672, -0.017429780282700043, -0.026125225184995167, -0.02389578365632121, -2.5099131438273052], "(2.0, 0.0, 0.0)": [0.0, 0.34562801560173007, 0.399110334771356, 0.34394678950534974, 0.433649462220091, 0.3242848227439232, 0.33954595808251903, 0.3536477498409818, 0.36834222804730854], "(2.0, 1.0, 0.0)": [0.0, 0.5998507016572063, 0.6083430582626396, 0.6110969656630889, 0.6300300811792084, 0.614267728309187, 0.603189614035388, 0.46441896495195045, 0.6048020534332491], "(1.0, 1.0, 1.0)": [0.0, 0.7635282888169664, 13.047196517658962, 0.9819327512373648, 0.953928821295891, 1.051927931404442, 1.062849396391695, 0.9496628974906165, 1.042246208541727], "(6.0, 0.0, 0.0)": [0.0, 0.0, 0.0, 0.0, 0.0, 0.0, 0.0, 0.0, 0.0]}, "stats": {"total_messages": 169409, "total_updates": 136004, "total_reward": -8772.0, "action_counts": [24427, 19471, 17698, 18869, 16739, 20345, 19206, 17605, 15049], "state_visits": {"(3.0, 1.0, 0.0)": 2072, "(3.0, 0.0, 0.0)": 55418, "(4.0, 1.0, 0.0)": 884, "(4.0, 0.0, 0.0)": 25398, "(5.0, 1.0, 0.0)": 8, "(0.0, 1.0, 1.0)": 349, "(5.0, 0.0, 0.0)": 93, "(0.0, 0.0, 1.0)": 13092, "(1.0, 0.0, 1.0)": 11411, "(2.0, 0.0, 0.0)": 26279, "(2.0, 1.0, 0.0)": 627, "(1.0, 1.0, 1.0)": 373, "(6.0, 0.0, 0.0)": 0}}}