{"q": {"(3.0, 1.0, 0.0)": [0.0, 0.6938190260123436, 0.7697275909113297, 0.7911851063333453, 0.8449868472021657, 0.7986358719398224, 0.7669212664553823, 0.7859662122376708, 0.7457419524195678], "(3.0, 0.0, 0.0)": [0.0, 0.6402526986634898, 0.7151021646094466, 0.6253255123764451, 0.6830808760287124, 0.6941379093087712, 0.6379542846647349, 0.6298175932366658, 0.8878450838354268], "(4.0, 1.0, 0.0)": [0.0, 4.611884447707894, 13.105203168942415, 12.30193990821007, 1.6114102590704749, 1.840708463187896, 1.8918405219668215, 9.050701575024428, 8.185802751476054], "(4.0, 0.0, 0.0)": [0.0, 0.5707538141320622, 0.5963695626830622, 0.5869239824326785, 0.6379608093266059, 0.48904278916968635, 0.5599815893767335, 0.5724779920229928, 0.5905783174213441], "(5.0, 1.0, 0.0)": [0.0, 0.0, 11.694966872193708, 0.0, 0.0, 5.95703125, -0.21832555922152452, 0.0, 0.0], "(0.0, 1.0, 1.0)": [0.0, 1.1187954832090274, 0.6536091850020194, 0.3721151463539015, 1.4397159726047966, 1.2336623773885922, 1.0883413693887287, 0.7873011929502967, 0.36621825859045964], "(5.0, 0.0, 0.0)": [0.0, -8.813625216732822, -0.1264033700616258, -3.62413060539327, -8.945412058372215, -6.378282322897209, 0.16518540481769733, -8.259653089599901, -1.8549436083971356], "(0.0, 0.0, 1.0)": [0.0, 0.6392387769412309, 0.6348988429711551, 0.7005150508052426, 0.6274347334259938, 0.6202288528497477, 0.6567496200036441, 0.670600345886752, 0.6794695771741567], "(1.0, 0.0, 1.0)": [0.0, 0.6101951334210372, 0.598148219530093, 0.609955267348234, 0.6099562394713535, 0.6116512008582969, 0.5787438621937773, 0.5640110290940658, 0.5840520033748732], "(2.0, 0.0, 0.0)": [0.0, 0.6441938184332793, 0.6715931862525606, 0.6822641185714441, 0.6749193568479217, 0.6928692667361194, 0.6504469118377864, 0.6472505979645167, 0.650462475235429], "(2.0, 1.0, 0.0)": [0.0, 1.0516005956150534, 0.8477123645256748, 0.8582037988478128, 0.8984537288082882, 0.8228954144108094, 0.9084777674729323, 0.9667601268347984, 0.8653892775611545], "(1.0, 1.0, 1.0)": [0.0, 1.1172733142189881, 1.34614917552509, 1.3364125160931055, 1.3561674775902959, 1.2048027668487786, 1.3350078647055035, 1.410251794432146, 1.4495546342521908], "(6.0, 0.0, 0.0)": [0.0, 0.0, 0.0, 0.0, 0.0, 0.0, 0.0, 0.0, 0.0]}, "stats": {"total_messages": 487557, "total_updates": 418007, "total_reward": -25020.0, "action_counts": [58951, 57900, 55157, 53894, 57080, 53467, 53042, 48953, 49113], "state_visits": {"(3.0, 1.0, 0.0)": 3246, "(3.0, 0.0, 0.0)": 176303, "(4.0, 1.0, 0.0)": 1500, "(4.0, 0.0, 0.0)": 79827, "(5.0, 1.0, 0.0)": 11, "(0.0, 1.0, 1.0)": 415, "(5.0, 0.0, 0.0)": 299, "(0.0, 0.0, 1.0)": 24130, "(1.0, 0.0, 1.0)": 34688, "(2.0, 0.0, 0.0)": 95838, "(2.0, 1.0, 0.0)": 1095, "(1.0, 1.0, 1.0)": 655, "(6.0, 0.0, 0.0)": 0}}}