{"q": {"(3.0, 1.0, 0.0)": [0.0, 0.05374619475683774, 0.04235593281930472, 0.05407040610278905, 0.038601114611846156, 0.042986263888855215, 0.053172903028638654, 0.053339720073202895, 0.04041765775953488], "(3.0, 0.0, 0.0)": [0.0, 0.0005136678105172078, 0.02122749205683592, -0.003494890743000016, -0.0013973243214228832, 0.0024020857049670205, 0.029742371277766445, 0.02963426824670482, -0.1015726355700269], "(4.0, 1.0, 0.0)": [0.0, 1.951987217618599, 0.21308229682912094, 0.17645485313069156, 0.14926670252865673, 0.10791893177827921, 0.03769113843203695, 0.22739708844387985, 0.037915453178087796], "(4.0, 0.0, 0.0)": [0.0, -0.03709990640733043, 0.013116516239255745, 0.01693139448267071, 0.0027924537036053583, 0.01700497046199701, 0.01680897382537938, 0.0010428406726822517, 0.017757848416877293], "(5.0, 1.0, 0.0)": [0.0, 0.0, 0.0, 0.0, 0.0, 5.609375, 0.0, 0.0, 0.0], "(0.0, 1.0, 1.0)": [0.0, 0.0, 0.0, 0.0, 0.0, 0.0, 0.0, 0.0, 0.0], "(5.0, 0.0, 0.0)": [0.0, 0.0, -2.5, 0.0, 0.0, 0.0, 0.0, 0.0, 0.0], "(0.0, 0.0, 1.0)": [0.0, -0.8494357866911665, -0.22528351124513402, -0.44418669339580164, -0.22260861762707201, -0.9507880751122416, -1.1693045347924373, -0.6535375083508634, -0.8769798044008832], "(1.0, 0.0, 1.0)": [0.0, -0.10991954254087977, -0.5288287501064345, -1.034261333765333, -0.7637457508689742, -1.1028980771724455, -1.7940898233790037, -1.3579275683417444, -0.09344666921239586], "(2.0, 0.0, 0.0)": [0.0, -0.007119965065106896, -0.7722412980804876, -0.09681434425379147, -2.8978160497015946, -0.32513545465268573, -1.9791877622646892, -0.39514074146175654, -0.08084736804618653], "(2.0, 1.0, 0.0)": [0.0, 0.009100249344812805, 0.0, 0.0, 0.0, 0.025395512986364624, 0.03319204865141805, 0.01785907385862901, 0.030105918525674197], "(1.0, 1.0, 1.0)": [0.0, 0.0, 0.03626126748625301, 0.03668008219861263, 0.0, 0.00868397701149333, 1.828158601570276, 0.08658281416507392, 0.027057452129922964]}, "stats": {"total_messages": 23481, "total_updates": 15001, "total_reward": -690.0, "action_counts": [8275, 1335, 1746, 2438, 1816, 1747, 2794, 1549, 1781], "state_visits": {"(3.0, 1.0, 0.0)": 1326, "(3.0, 0.0, 0.0)": 7782, "(4.0, 1.0, 0.0)": 564, "(4.0, 0.0, 0.0)": 3709, "(5.0, 1.0, 0.0)": 4, "(0.0, 1.0, 1.0)": 30, "(5.0, 0.0, 0.0)": 1, "(0.0, 0.0, 1.0)": 492, "(1.0, 0.0, 1.0)": 245, "(2.0, 0.0, 0.0)": 410, "(2.0, 1.0, 0.0)": 247, "(1.0, 1.0, 1.0)": 191}}}