{"q": {"(3.0, 1.0, 0.0)": [0.0, 0.05374619475683774, 0.04235593281930472, 0.05407040610278905, 0.038601114611846156, 0.042986263888855215, 0.053172903028638654, 0.053339720073202895, 0.04041765775953488], "(3.0, 0.0, 0.0)": [0.0, 0.5408506885968235, -8.802581451197359, 0.5693998396010281, 0.5472428696177285, 0.5376610225733622, 0.5353655566717086, 0.5862543046468863, 0.5182330807239216], "(4.0, 1.0, 0.0)": [0.0, 2.9748668549496706, 0.21308229682912094, 0.17645485313069156, 0.14926670252865673, 0.10791893177827921, 0.03769113843203695, 0.22739708844387985, 0.037915453178087796], "(4.0, 0.0, 0.0)": [0.0, 0.3474686993491357, -1.9572697505070091, 0.45081291677854773, 0.488223991850416, 0.40220210983960275, 0.46984171730852453, 0.4493114376618019, 0.45145847312006127], "(5.0, 1.0, 0.0)": [0.0, 0.0, 0.0, 0.0, 0.0, 5.95703125, 0.0, 0.0, 0.0], "(0.0, 1.0, 1.0)": [0.0, 0.0, 0.0, 0.0, 0.0, 0.0, 0.0, 0.0, 0.0], "(5.0, 0.0, 0.0)": [0.0, -5.826755336706924, -2.3266107961535454, 0.0, -6.8359375, -1.961758368875276, -4.289677507694931, -2.5, 0.2542028225289001], "(0.0, 0.0, 1.0)": [0.0, -5.548909185746766, 0.19972191100909653, 0.17451191375486572, -7.96363766337906, 0.21634378344513186, -0.8351719331716041, -3.020691048978305, -1.7792100206690862], "(1.0, 0.0, 1.0)": [0.0, -1.290285090301091, -0.017145725975075476, -0.02184188399343001, -0.002123832089943432, -1.905983256287965e-09, -2.55143477519614, -0.44500010947813495, -0.01669999008097048], "(2.0, 0.0, 0.0)": [0.0, -6.379375963657335, -0.00014528611680297629, -0.031168028419521186, -0.010096428698518112, -3.7213273524326395e-07, -0.6069108332797456, -0.054262346017359776, -3.7762536216597175e-07], "(2.0, 1.0, 0.0)": [0.0, 0.009100249344812805, 0.0, 0.0, 0.0, 0.025395512986364624, 0.02390823264361643, 0.01785907385862901, 0.030105918525674197], "(1.0, 1.0, 1.0)": [0.0, 0.0, 0.03626126748625301, 0.03668008219861263, 0.0, 0.00868397701149333, 1.343696572154153, 0.08658281416507392, 0.027057452129922964], "(6.0, 0.0, 0.0)": [0.0, 0.0, 0.0, 0.0, 0.0, 0.0, 0.0, 0.0, 0.0]}, "stats": {"total_messages": 54906, "total_updates": 35003, "total_reward": -5739.0, "action_counts": [18268, 2766, 5161, 5435, 3901, 6226, 5151, 4322, 3676], "state_visits": {"(3.0, 1.0, 0.0)": 1326, "(3.0, 0.0, 0.0)": 18729, "(4.0, 1.0, 0.0)": 566, "(4.0, 0.0, 0.0)": 11265, "(5.0, 1.0, 0.0)": 5, "(0.0, 1.0, 1.0)": 31, "(5.0, 0.0, 0.0)": 69, "(0.0, 0.0, 1.0)": 1195, "(1.0, 0.0, 1.0)": 545, "(2.0, 0.0, 0.0)": 829, "(2.0, 1.0, 0.0)": 250, "(1.0, 1.0, 1.0)": 193, "(6.0, 0.0, 0.0)": 0}}}