{"q": {"(3.0, 1.0, 0.0)": [0.0, 0.6363251355033097, 0.6294101383821737, 0.6229449474876828, 0.6346724330870046, 0.6320655505690569, 0.6378107376071156, 0.627661745653873, 0.6198325349118964], "(3.0, 0.0, 0.0)": [0.0, 0.5848089208130968, 0.6711147333857594, 0.5885197137892546, 0.574409698126223, 0.5768457361419359, 0.746234809590411, 0.5675698310927596, 0.574711489465689], "(4.0, 1.0, 0.0)": [0.0, 1.7303516202991445, 2.0928561070243386, 1.1498598999747018, 2.0775088955698413, 1.9316454354318542, 2.0494163661228058, 1.916995554200301, 2.0522501615441415], "(4.0, 0.0, 0.0)": [0.0, 0.7327580205406755, 0.7383664905192726, 0.7483516526781346, 0.7579387848593647, 0.7717127014373784, 0.7500900259805587, 0.7759271814843858, 0.7488512693856579], "(5.0, 1.0, 0.0)": [0.0, 0.0, 11.694966872193708, 0.0, 0.0, 5.95703125, -2.3326210184312908, 0.0, 0.0], "(0.0, 1.0, 1.0)": [0.0, 0.37717889163865925, 0.3761903818159485, 0.3721151463539015, 0.378756418261474, 0.3824697495745789, 0.3800633615081554, 0.3829683812563083, 0.3797337175378511], "(5.0, 0.0, 0.0)": [0.0, -8.428572719008947, -0.626798986612154, -2.016724039032731, -6.8359375, -1.961758368875276, -4.289677507694931, -1.875, -2.209266083390295], "(0.0, 0.0, 1.0)": [0.0, -3.149126541312761, -0.590585790991496, -0.7941126413489055, -0.8810791401089287, -0.9077765997240757, -2.667098028201872, -1.52125070764244, -0.7370696924106559], "(1.0, 0.0, 1.0)": [0.0, -3.1282254236095016e-05, -1.02926604989745, -0.06351282862473615, -0.8389286163033864, 0.3494789793350615, -3.011162962256977, -0.10645952254489251, -1.0383514025003118], "(2.0, 0.0, 0.0)": [0.0, 0.6209328097622047, 0.627942324775894, 0.6289575043050231, -1.823527178303472, 0.6652405400208379, -1.8769241147738756, 0.6635253349826884, -0.1447740433408361], "(2.0, 1.0, 0.0)": [0.0, 0.5998507016572063, 0.6083430582626396, 0.6110969656630889, 0.6300300811792084, 0.614267728309187, 0.603189614035388, 0.46441896495195045, 0.6048020534332491], "(1.0, 1.0, 1.0)": [0.0, 0.7635282888169664, 13.047196517658962, 0.9819327512373648, 0.953928821295891, 1.051927931404442, 1.062849396391695, 0.9496628974906165, 1.042246208541727], "(6.0, 0.0, 0.0)": [0.0, 0.0, 0.0, 0.0, 0.0, 0.0, 0.0, 0.0, 0.0]}, "stats": {"total_messages": 145983, "total_updates": 117009, "total_reward": -6952.0, "action_counts": [20002, 16158, 15536, 16298, 14445, 17154, 17022, 15908, 13460], "state_visits": {"(3.0, 1.0, 0.0)": 2072, "(3.0, 0.0, 0.0)": 47377, "(4.0, 1.0, 0.0)": 884, "(4.0, 0.0, 0.0)": 21223, "(5.0, 1.0, 0.0)": 8, "(0.0, 1.0, 1.0)": 349, "(5.0, 0.0, 0.0)": 83, "(0.0, 0.0, 1.0)": 13005, "(1.0, 0.0, 1.0)": 10207, "(2.0, 0.0, 0.0)": 20801, "(2.0, 1.0, 0.0)": 627, "(1.0, 1.0, 1.0)": 373, "(6.0, 0.0, 0.0)": 0}}}