{"q": {"(3.0, 1.0, 0.0)": [0.0, 1.4445271846658336, 1.2511195049383348, 1.0992933607058337, 1.0355898605060345, 1.4781672826937602, 1.2034509250953225, 0.8914900582638922, 1.137682798136928], "(3.0, 0.0, 0.0)": [0.0, 1.0547840998368498, 0.9895672337266131, 0.9998126764058095, 1.0756165583641044, 1.0275894322265011, 0.9988554282361433, 1.0116217419661429, 1.0485244498321582], "(4.0, 1.0, 0.0)": [0.0, 2.8348619460906406, 8.058143417833866, 3.4247007507686376, 2.772017152484081, 0.9358857921596604, 2.7936540071057623, 2.809883033699148, 3.3982431132392006], "(4.0, 0.0, 0.0)": [0.0, 1.4305534144153076, 1.3922489791483135, 1.0663618303978337, 1.424383727467052, 1.3922476867202973, 1.4825413527817166, 1.4023948739623033, 1.513312702956839], "(5.0, 1.0, 0.0)": [0.0, 0.0, 13.483954274284496, 0.0, 0.0, 5.375024768888167, -0.21832555922152452, 3.598412644113912, 0.0], "(0.0, 1.0, 1.0)": [0.0, 0.6418131152556622, 0.47281832296761817, 0.6411920390630532, 0.6424516567012555, 0.6391759798946359, 0.6406368367687647, 0.6245261208383119, 0.6267216402397748], "(5.0, 0.0, 0.0)": [0.0, -9.965207415713902, -2.6420506766542102, -3.0240493300212274, -9.820876985141659, -0.595946779440591, -2.596657528567862, -9.449672245557334, -3.3238197450859706], "(0.0, 0.0, 1.0)": [0.0, -5.823438630675021, -0.33370971679840616, -1.049329443237193e-06, -0.00014938491989272706, -0.505873385890026, -0.005584499224282929, -0.0007894533332515924, -0.4865247696051548], "(1.0, 0.0, 1.0)": [0.0, 0.52859219695166, 0.17288678932688734, 0.5446919268896571, 0.5347012464502322, -4.54456799896005, -0.5032681865238382, 0.46592606284647226, 0.5011165841056586], "(2.0, 0.0, 0.0)": [0.0, 0.8677846187679372, 0.8524702934304917, 0.9265968638296245, 0.8376094338869224, 0.8666905273248457, 0.8524691123397309, 0.8524691142397098, 0.8319406709531774], "(2.0, 1.0, 0.0)": [0.0, 0.6628819889529787, 0.6680966697279346, 0.6494469410197674, 0.5190436585096226, 0.7690922351491825, 0.70533669879776, 0.8325314645631864, 0.5647278967745059], "(1.0, 1.0, 1.0)": [0.0, 0.40007952616152165, 0.4049860612090339, 2.054815807638163, 0.39680870735379625, 0.40101673173227614, 0.4006907236062523, 0.40287215539515375, 0.3987270569557629], "(6.0, 0.0, 0.0)": [0.0, 0.0, 0.0, 0.0, 0.0, 0.0, 0.0, 0.0, 0.0], "(6.0, 1.0, 0.0)": [0.0, 0.0, 0.0, 0.0, 0.0, 0.0, 0.0, 0.0, 0.0]}, "stats": {"total_messages": 753900, "total_updates": 651004, "total_reward": -37898.0, "action_counts": [90325, 89482, 88368, 82077, 83742, 81215, 81148, 78080, 79463], "state_visits": {"(3.0, 1.0, 0.0)": 4235, "(3.0, 0.0, 0.0)": 265199, "(4.0, 1.0, 0.0)": 2172, "(4.0, 0.0, 0.0)": 128478, "(5.0, 1.0, 0.0)": 31, "(0.0, 1.0, 1.0)": 944, "(5.0, 0.0, 0.0)": 475, "(0.0, 0.0, 1.0)": 37283, "(1.0, 0.0, 1.0)": 61587, "(2.0, 0.0, 0.0)": 146869, "(2.0, 1.0, 0.0)": 2013, "(1.0, 1.0, 1.0)": 1717, "(6.0, 0.0, 0.0)": 1, "(6.0, 1.0, 0.0)": 0}}}