{"q": {"(3.0, 1.0, 0.0)": [0.0, 0.8376817782615873, 0.8726626652297715, 0.8873879656473096, 1.6737476412652752, 1.5924787731170658, 0.8665569715280786, 0.8914900582638922, 0.8331438806617704], "(3.0, 0.0, 0.0)": [0.0, 0.661641817848596, 0.608903689815163, 0.6087104724207197, 0.6087077319098936, 0.6114033703961994, 0.6140742144899687, 0.6186498550354405, 0.6148768064820107], "(4.0, 1.0, 0.0)": [0.0, 2.8348619460906406, 2.840504314695014, 3.4247007507686376, 2.772017152484081, 4.5811810562128805, 2.7936540071057623, 2.809883033699148, 2.7632315344240284], "(4.0, 0.0, 0.0)": [0.0, 0.458241887483023, 0.42940927997285727, 0.42158253648438127, 0.4259641985227311, 0.44373364920234565, 0.4321063675175854, 0.4525018644619332, 0.4215825364855962], "(5.0, 1.0, 0.0)": [0.0, 0.0, 13.483954274284496, 0.0, 0.0, 5.375024768888167, -0.21832555922152452, 3.598412644113912, 0.0], "(0.0, 1.0, 1.0)": [0.0, 0.6418131152556622, 0.47281832296761817, 0.6411920390630532, 0.6424516567012555, 0.6391759798946359, 0.6406368367687647, 0.6245261208383119, 0.6267216402397748], "(5.0, 0.0, 0.0)": [0.0, -9.739349930981522, -0.4489502867096019, -0.6987324400283034, -9.57541211292838, -0.794595705920788, -2.596657528567862, -7.680923372225143, -4.431759660114627], "(0.0, 0.0, 1.0)": [0.0, -0.7629843154181066, -6.365445571166969, -0.030268386735589722, -3.2267475652445246, -2.5650542139903703, -2.8333983088408434, -0.24681551158850962, -3.7783903960134486], "(1.0, 0.0, 1.0)": [0.0, 0.04375597600705347, -0.17388372033442911, 0.03451762727643398, -0.05181096054372002, 0.015092611384454922, -0.04087534075633524, 0.03176471188999738, 0.023812677650892598], "(2.0, 0.0, 0.0)": [0.0, 0.3804830048647505, 0.3716545582961256, 0.3658734811781792, 0.3500443644859083, 0.36276833266016334, 0.371535797308192, 0.3489011313152096, 0.11439963081947262], "(2.0, 1.0, 0.0)": [0.0, 0.6628819889529787, 0.6680966697279346, 0.6494469410197674, 0.5190436585096226, 0.6563630279073601, 0.70533669879776, 0.8494475780272007, 0.5647278967745059], "(1.0, 1.0, 1.0)": [0.0, 0.40007952616152165, 0.4049860612090339, 2.054815807638163, 0.39680870735379625, 0.40101673173227614, 0.4006907236062523, 0.40287215539515375, 0.3987270569557629], "(6.0, 0.0, 0.0)": [0.0, 0.0, 0.0, 0.0, 0.0, 0.0, 0.0, 0.0, 0.0], "(6.0, 1.0, 0.0)": [0.0, 0.0, 0.0, 0.0, 0.0, 0.0, 0.0, 0.0, 0.0]}, "stats": {"total_messages": 725810, "total_updates": 626003, "total_reward": -36670.0, "action_counts": [87315, 86247, 83751, 78188, 81676, 78618, 78538, 75300, 76177], "state_visits": {"(3.0, 1.0, 0.0)": 4132, "(3.0, 0.0, 0.0)": 256189, "(4.0, 1.0, 0.0)": 2164, "(4.0, 0.0, 0.0)": 121587, "(5.0, 1.0, 0.0)": 31, "(0.0, 1.0, 1.0)": 944, "(5.0, 0.0, 0.0)": 453, "(0.0, 0.0, 1.0)": 36698, "(1.0, 0.0, 1.0)": 57790, "(2.0, 0.0, 0.0)": 142293, "(2.0, 1.0, 0.0)": 2004, "(1.0, 1.0, 1.0)": 1717, "(6.0, 0.0, 0.0)": 1, "(6.0, 1.0, 0.0)": 0}}}