{"q": {"(3.0, 1.0, 0.0)": [0.0, 1.4445271846658336, 1.2511195049383348, 1.0992933607058337, 1.0355898605060345, 1.4781672826937602, 1.2034509250953225, 0.8914900582638922, 1.137682798136928], "(3.0, 0.0, 0.0)": [0.0, 0.7111454440658379, 0.7399155735884551, 0.706131608530361, 0.7212439268264663, 0.7191931982219008, 0.7668004052910821, 0.712529406357219, 0.7185926535909624], "(4.0, 1.0, 0.0)": [0.0, 2.8348619460906406, 8.058143417833866, 3.4247007507686376, 2.772017152484081, 0.9358857921596604, 2.7936540071057623, 2.809883033699148, 3.3982431132392006], "(4.0, 0.0, 0.0)": [0.0, 0.9674510209828614, 0.9828100093433788, 0.9701992387817451, 0.9327493004332124, 0.9465500391645921, 0.9595146302019931, 0.9500712249310298, 1.0138579352534915], "(5.0, 1.0, 0.0)": [0.0, 0.0, 13.483954274284496, 0.0, 0.0, 5.375024768888167, -0.21832555922152452, 3.598412644113912, 0.0], "(0.0, 1.0, 1.0)": [0.0, 0.6418131152556622, 0.47281832296761817, 0.6411920390630532, 0.6424516567012555, 0.6391759798946359, 0.6406368367687647, 0.6245261208383119, 0.6267216402397748], "(5.0, 0.0, 0.0)": [0.0, -9.965207415713902, -1.9815380074906577, -1.7010277481369402, -9.820876985141659, -0.4469600845804433, -0.821598671148425, -9.690440638125999, -1.4022364549581439], "(0.0, 0.0, 1.0)": [0.0, -0.14157471445084924, -4.489814995365549e-09, -1.4117943926011068e-14, -2.68284261365108e-13, -5.09885405881413e-08, -7.479686580189534e-07, -0.16498240835756572, -0.049721960971556844], "(1.0, 0.0, 1.0)": [0.0, 0.6793935865279466, 0.6794031512824803, 0.6250459236729629, 0.4530897286439699, 0.6482237999523341, 0.6791949063578889, 0.596655809743836, 0.6246647695417628], "(2.0, 0.0, 0.0)": [0.0, 0.7760999164254418, 0.7642846379813978, 0.7853728836500424, 0.7524423583332502, 0.8122782180321453, 0.7646439653053748, 0.7474831287530279, 0.7472960167755374], "(2.0, 1.0, 0.0)": [0.0, 0.6628819889529787, 0.6680966697279346, 0.6494469410197674, 0.5190436585096226, 0.7690922351491825, 0.70533669879776, 0.8325314645631864, 0.5647278967745059], "(1.0, 1.0, 1.0)": [0.0, 0.40007952616152165, 0.4049860612090339, 2.054815807638163, 0.39680870735379625, 0.40101673173227614, 0.4006907236062523, 0.40287215539515375, 0.3987270569557629], "(6.0, 0.0, 0.0)": [0.0, 0.0, 0.0, 0.0, 0.0, 0.0, 0.0, 0.0, 0.0], "(6.0, 1.0, 0.0)": [0.0, 0.0, 0.0, 0.0, 0.0, 0.0, 0.0, 0.0, 0.0]}, "stats": {"total_messages": 772739, "total_updates": 668003, "total_reward": -38276.0, "action_counts": [92177, 91843, 90562, 84050, 86246, 83020, 82949, 80815, 81077], "state_visits": {"(3.0, 1.0, 0.0)": 4235, "(3.0, 0.0, 0.0)": 271703, "(4.0, 1.0, 0.0)": 2172, "(4.0, 0.0, 0.0)": 131765, "(5.0, 1.0, 0.0)": 31, "(0.0, 1.0, 1.0)": 944, "(5.0, 0.0, 0.0)": 488, "(0.0, 0.0, 1.0)": 37705, "(1.0, 0.0, 1.0)": 64635, "(2.0, 0.0, 0.0)": 150594, "(2.0, 1.0, 0.0)": 2013, "(1.0, 1.0, 1.0)": 1717, "(6.0, 0.0, 0.0)": 1, "(6.0, 1.0, 0.0)": 0}}}