{"q": {"(3.0, 1.0, 0.0)": [0.0, 0.05374619475683774, 0.04235593281930472, 0.05407040610278905, 0.038601114611846156, 0.042986263888855215, 0.053172903028638654, 0.053339720073202895, 0.04041765775953488], "(3.0, 0.0, 0.0)": [0.0, -0.07731626565535166, -0.3885271050013389, -0.06049383285412631, -0.3085472951468131, -0.0022941674798802165, -0.283099193111535, -0.25849963318963054, -0.3408588336086793], "(4.0, 1.0, 0.0)": [0.0, 1.951987217618599, 0.21308229682912094, 0.17645485313069156, 0.14926670252865673, 0.10791893177827921, 0.03769113843203695, 0.22739708844387985, 0.037915453178087796], "(4.0, 0.0, 0.0)": [0.0, 0.38349674467631056, 0.36008763762512314, 0.4308727438688107, 0.4734957014326571, 0.25983344957999194, -0.14440640900541185, 0.5860377560667298, 0.3859793059367447], "(5.0, 1.0, 0.0)": [0.0, 0.0, 0.0, 0.0, 0.0, 5.609375, 0.0, 0.0, 0.0], "(0.0, 1.0, 1.0)": [0.0, 0.0, 0.0, 0.0, 0.0, 0.0, 0.0, 0.0, 0.0], "(5.0, 0.0, 0.0)": [0.0, 0.0, -2.5, 0.0, 0.0, 0.0, 0.0, 0.0, 0.0], "(0.0, 0.0, 1.0)": [0.0, -3.137076840018375, -2.3164628124261966, -0.2498550150351384, -0.125217347415228, -0.28481829225063593, -4.399550350615559, -2.961799185530487, -3.1577348533006626], "(1.0, 0.0, 1.0)": [0.0, -0.06182974267924487, -0.39662156257982584, -0.7756960003239998, -2.1166539289858863, -0.6203801684095006, -3.5091755256506896, -1.1132582022529725, -0.05256375143197267], "(2.0, 0.0, 0.0)": [0.0, -0.0022528014463814782, -0.7722412980804876, -4.139144682662236, -0.29048740029639186, -0.18288869324213575, -1.1132931162738877, -2.6667000003041785, -0.01079182091778625], "(2.0, 1.0, 0.0)": [0.0, 0.009100249344812805, 0.0, 0.0, 0.0, 0.025395512986364624, 0.03319204865141805, 0.01785907385862901, 0.030105918525674197], "(1.0, 1.0, 1.0)": [0.0, 0.0, 0.03626126748625301, 0.03668008219861263, 0.0, 0.00868397701149333, 1.828158601570276, 0.08658281416507392, 0.027057452129922964]}, "stats": {"total_messages": 30854, "total_updates": 21001, "total_reward": -1242.0, "action_counts": [9642, 1741, 2441, 3259, 2654, 2646, 3601, 2490, 2380], "state_visits": {"(3.0, 1.0, 0.0)": 1326, "(3.0, 0.0, 0.0)": 10286, "(4.0, 1.0, 0.0)": 564, "(4.0, 0.0, 0.0)": 7139, "(5.0, 1.0, 0.0)": 4, "(0.0, 1.0, 1.0)": 30, "(5.0, 0.0, 0.0)": 2, "(0.0, 0.0, 1.0)": 510, "(1.0, 0.0, 1.0)": 264, "(2.0, 0.0, 0.0)": 438, "(2.0, 1.0, 0.0)": 247, "(1.0, 1.0, 1.0)": 191}}}