{"q": {"(3.0, 1.0, 0.0)": [0.0, 0.4581631627389695, 0.4593513575139183, 0.45725183169590783, 0.4610819202678119, 0.4710520337355581, 0.45830422506158286, 0.45565262216541325, 0.46720146685078695], "(3.0, 0.0, 0.0)": [0.0, 0.5392249068373112, 0.5264385009034048, 0.5105428460027865, 0.5078146588342143, 0.5014555735282987, 0.4995837504465554, 0.45773994589443917, 0.49459774236399023], "(4.0, 1.0, 0.0)": [0.0, 1.7303516202991445, 2.0928561070243386, 1.1498598999747018, 2.0775088955698413, 1.9316454354318542, 2.0494163661228058, 1.916995554200301, 2.0522501615441415], "(4.0, 0.0, 0.0)": [0.0, 0.3016669277751957, 0.3033431362633436, 0.3127495359615708, 0.2981422581880986, 0.3032008353994741, 0.318437023892423, 0.2972125608334484, 0.30644461631014874], "(5.0, 1.0, 0.0)": [0.0, 0.0, 11.694966872193708, 0.0, 0.0, 5.95703125, -2.3326210184312908, 0.0, 0.0], "(0.0, 1.0, 1.0)": [0.0, 2.829575897168663, 0.3761903818159485, 0.3721151463539015, 1.4397159726047966, 1.037324654593918, 0.3666853257422, 0.3694498026255397, 0.36621825859045964], "(5.0, 0.0, 0.0)": [0.0, -6.321429539256711, -0.06275067369327304, -1.512543029274548, -9.249153137207031, -0.8276168118692572, -1.809707698558799, -1.40625, -2.209266083390295], "(0.0, 0.0, 1.0)": [0.0, -0.1296474577699841, -0.43539497974061664, -0.0058031046943314, -0.12651986983263322, -0.0015469341275558444, -0.07145002166437867, -1.1063694532980826, -0.005540513679168184], "(1.0, 0.0, 1.0)": [0.0, -0.4125551431074804, -0.1256263395195806, -2.961450046121459, -0.056702063448631254, -2.116604738543062, -0.006161842452754198, -1.3900981268533326, -1.279900893900571], "(2.0, 0.0, 0.0)": [0.0, -0.8465877435806208, 0.47257583134722037, 0.409157156569081, 0.4487178347149774, 0.5319361568917612, 0.643983820271536, 0.42143490021214663, -0.9065810264457513], "(2.0, 1.0, 0.0)": [0.0, 0.4518978011964687, 0.4713128055686621, 0.4703775736834917, 0.46340441499016394, 0.4628260255594352, 0.46389583447128363, 0.45582335731923906, 0.4621939387820425], "(1.0, 1.0, 1.0)": [0.0, 0.7013761539542837, 3.6565249349668907, 2.24102096527763, 0.953928821295891, 2.0689796620810172, 1.062849396391695, 0.9496628974906165, 1.9155927687838479], "(6.0, 0.0, 0.0)": [0.0, 0.0, 0.0, 0.0, 0.0, 0.0, 0.0, 0.0, 0.0]}, "stats": {"total_messages": 183242, "total_updates": 148001, "total_reward": -9301.0, "action_counts": [26202, 20889, 19900, 20155, 17993, 21756, 20558, 19144, 16645], "state_visits": {"(3.0, 1.0, 0.0)": 2247, "(3.0, 0.0, 0.0)": 60904, "(4.0, 1.0, 0.0)": 884, "(4.0, 0.0, 0.0)": 27716, "(5.0, 1.0, 0.0)": 8, "(0.0, 1.0, 1.0)": 376, "(5.0, 0.0, 0.0)": 105, "(0.0, 0.0, 1.0)": 13187, "(1.0, 0.0, 1.0)": 12004, "(2.0, 0.0, 0.0)": 29406, "(2.0, 1.0, 0.0)": 756, "(1.0, 1.0, 1.0)": 408, "(6.0, 0.0, 0.0)": 0}}}