{"q": {"(3.0, 1.0, 0.0)": [0.0, 0.6938190260123436, 0.7697275909113297, 0.7911851063333453, 0.8449868472021657, 0.7986358719398224, 0.7669212664553823, 0.7859662122376708, 0.7457419524195678], "(3.0, 0.0, 0.0)": [0.0, 0.5729279121497922, 0.5953971971878153, 0.5741708494912006, 0.572790591118069, 0.6225889066932002, 0.5727817930566944, 0.5833675228988714, 0.5911421952501218], "(4.0, 1.0, 0.0)": [0.0, 4.611884447707894, 13.105203168942415, 12.30193990821007, 1.6114102590704749, 1.840708463187896, 1.8918405219668215, 9.050701575024428, 8.185802751476054], "(4.0, 0.0, 0.0)": [0.0, 0.526824489722102, 0.536179651844197, 0.5378043058643065, 0.5333235955305565, 0.5606478658327597, 0.5229612746950234, 0.5421845844526797, 0.5591327072430681], "(5.0, 1.0, 0.0)": [0.0, 0.0, 11.694966872193708, 0.0, 0.0, 5.95703125, -0.21832555922152452, 0.0, 0.0], "(0.0, 1.0, 1.0)": [0.0, 1.1187954832090274, 0.6536091850020194, 0.3721151463539015, 1.4397159726047966, 1.2336623773885922, 1.0883413693887287, 0.7873011929502967, 0.36621825859045964], "(5.0, 0.0, 0.0)": [0.0, -8.813625216732822, -0.1264033700616258, -3.62413060539327, -7.7757135624030695, -2.358709776680516, 0.16518540481769733, -8.904658158106116, -1.8549436083971356], "(0.0, 0.0, 1.0)": [0.0, 0.41087643600427787, 0.39169729643202994, 0.4318260290682585, -3.9826331284661673, 0.3879148605087623, -3.2010285835647196, 0.44605799688264086, -1.4265252458768503], "(1.0, 0.0, 1.0)": [0.0, 0.6077074503122122, 0.5592010078318127, 0.5694426731554243, 0.6078271824258865, 0.5593824269325232, 0.5896268984751354, 0.5670880022585434, 0.566055267526578], "(2.0, 0.0, 0.0)": [0.0, 0.5067593152612412, 0.49743557413620937, 0.46920733793247965, 0.47474029964930275, 0.5100079759665017, 0.4706220508871842, 0.46945384302508697, 0.4767897320804293], "(2.0, 1.0, 0.0)": [0.0, 1.0516005956150534, 0.8477123645256748, 0.8582037988478128, 0.8984537288082882, 0.8228954144108094, 0.9084777674729323, 0.9667601268347984, 0.8653892775611545], "(1.0, 1.0, 1.0)": [0.0, 1.1172733142189881, 1.34614917552509, 1.3364125160931055, 1.3561674775902959, 1.2048027668487786, 1.3350078647055035, 1.410251794432146, 1.4495546342521908], "(6.0, 0.0, 0.0)": [0.0, 0.0, 0.0, 0.0, 0.0, 0.0, 0.0, 0.0, 0.0]}, "stats": {"total_messages": 499034, "total_updates": 429004, "total_reward": -26091.0, "action_counts": [59051, 59173, 56183, 55862, 58318, 54698, 55370, 49825, 50554], "state_visits": {"(3.0, 1.0, 0.0)": 3246, "(3.0, 0.0, 0.0)": 179519, "(4.0, 1.0, 0.0)": 1500, "(4.0, 0.0, 0.0)": 81139, "(5.0, 1.0, 0.0)": 11, "(0.0, 1.0, 1.0)": 415, "(5.0, 0.0, 0.0)": 308, "(0.0, 0.0, 1.0)": 25822, "(1.0, 0.0, 1.0)": 36445, "(2.0, 0.0, 0.0)": 98849, "(2.0, 1.0, 0.0)": 1095, "(1.0, 1.0, 1.0)": 655, "(6.0, 0.0, 0.0)": 0}}}