{"q": {"(3.0, 1.0, 0.0)": [0.0, 0.6938190260123436, 0.7920872194682798, 0.7911851063333453, 0.701432608988114, 0.7067463321112984, 0.7946588985982972, 0.7240020819559403, 0.6477342893549358], "(3.0, 0.0, 0.0)": [0.0, 0.5733422886924032, 0.613801646300146, 0.602201389368647, 0.573362157083637, 0.6231970045879569, 0.5865966009031862, 0.5811511415922852, 0.5874083792097207], "(4.0, 1.0, 0.0)": [0.0, 1.7970953695643148, 13.105203168942415, 14.191577915368075, 1.6114102590704749, 1.840708463187896, 1.8918405219668215, 9.050701575024428, 1.5114838464940064], "(4.0, 0.0, 0.0)": [0.0, 0.3540339762283372, 0.3446315007157843, 0.33664330471493703, 0.34050015332490313, 0.3696082086466146, 0.3545593468431568, 0.3653521472533586, 0.348348097420552], "(5.0, 1.0, 0.0)": [0.0, 0.0, 11.694966872193708, 0.0, 0.0, 5.95703125, -0.21832555922152452, 0.0, 0.0], "(0.0, 1.0, 1.0)": [0.0, 1.1187954832090274, 0.6536091850020194, 0.3721151463539015, 1.4397159726047966, 1.2336623773885922, 1.0883413693887287, 0.7873011929502967, 0.36621825859045964], "(5.0, 0.0, 0.0)": [0.0, -5.777925942546904, -0.1264033700616258, -4.9902629383714245, -7.50023599021562, -5.171043097196279, -1.0441804182914027, -8.259653089599901, -1.8549436083971356], "(0.0, 0.0, 1.0)": [0.0, -2.6524438856861985, -0.33800815713638205, -2.095826785976458, -0.006302645894480738, -3.047490960350387, -0.18909410475719332, -0.7360740390630978, -0.00012005128215763639], "(1.0, 0.0, 1.0)": [0.0, -0.9507691466879238, -0.0022061578442841294, 0.03903575394875958, 0.06735310122953671, -1.5973234817320887, 0.050732607884070136, 0.12106826338226084, -1.030501313522458], "(2.0, 0.0, 0.0)": [0.0, 0.5524381003917733, 0.5379295056932119, 0.5293290061316973, 0.5566319285650819, 0.580942977745982, 0.45756055522475525, 0.25632029392054867, 0.587451536882954], "(2.0, 1.0, 0.0)": [0.0, 0.9448906209243623, 0.977835885430532, 0.9288574597119171, 0.9353081323653546, 0.8228954144108094, 0.9084777674729323, 0.8117815670878797, 0.7914577469301222], "(1.0, 1.0, 1.0)": [0.0, 1.1172733142189881, 1.34614917552509, 1.3364125160931055, 1.3561674775902959, 1.2048027668487786, 1.3380705833334094, 1.410251794432146, 1.4495546342521908], "(6.0, 0.0, 0.0)": [0.0, 0.0, 0.0, 0.0, 0.0, 0.0, 0.0, 0.0, 0.0]}, "stats": {"total_messages": 440725, "total_updates": 373003, "total_reward": -24091.0, "action_counts": [57633, 51746, 48784, 48580, 50610, 49559, 46054, 44342, 43417], "state_visits": {"(3.0, 1.0, 0.0)": 3148, "(3.0, 0.0, 0.0)": 159887, "(4.0, 1.0, 0.0)": 1487, "(4.0, 0.0, 0.0)": 73187, "(5.0, 1.0, 0.0)": 11, "(0.0, 1.0, 1.0)": 415, "(5.0, 0.0, 0.0)": 281, "(0.0, 0.0, 1.0)": 20853, "(1.0, 0.0, 1.0)": 27066, "(2.0, 0.0, 0.0)": 84945, "(2.0, 1.0, 0.0)": 1072, "(1.0, 1.0, 1.0)": 651, "(6.0, 0.0, 0.0)": 0}}}