{"q": {"(3.0, 1.0, 0.0)": [0.0, 0.6938190260123436, 0.7920872194682798, 0.7911851063333453, 0.701432608988114, 0.7067463321112984, 0.7946588985982972, 0.7240020819559403, 0.6477342893549358], "(3.0, 0.0, 0.0)": [0.0, 0.5079453027608125, 0.4839305209344219, 0.49737493828268486, 0.5223576196432816, 0.5043612412119307, 0.5173430381584864, 0.5072997971495887, 0.5073383983251788], "(4.0, 1.0, 0.0)": [0.0, 1.7970953695643148, 13.105203168942415, 14.191577915368075, 1.6114102590704749, 1.840708463187896, 1.8918405219668215, 9.050701575024428, 1.5114838464940064], "(4.0, 0.0, 0.0)": [0.0, 0.3635184304283293, 0.38349685249909204, 0.3882129813463958, 0.40833880392036026, 0.4161055888335272, 0.38782834128157884, 0.342064209849702, 0.3563236009746163], "(5.0, 1.0, 0.0)": [0.0, 0.0, 11.694966872193708, 0.0, 0.0, 5.95703125, -0.21832555922152452, 0.0, 0.0], "(0.0, 1.0, 1.0)": [0.0, 1.1187954832090274, 0.6536091850020194, 0.3721151463539015, 1.4397159726047966, 1.2336623773885922, 1.0883413693887287, 0.7873011929502967, 0.36621825859045964], "(5.0, 0.0, 0.0)": [0.0, -9.413344088087007, -0.7800375474384608, -2.812356642144448, -7.243792814735778, -2.9980280822430303, 0.04821366705524159, -7.909407156599911, -4.405053888468158], "(0.0, 0.0, 1.0)": [0.0, -0.028668801391424206, -0.02904216795783937, -2.082284107246528, -0.1989700673136181, -0.38512071768674155, -0.8192890773012225, -1.8849982576644635, -0.015970750500289108], "(1.0, 0.0, 1.0)": [0.0, -0.007916652244651975, -0.6801092903578091, -0.044823104480367484, -0.5373808934233768, -0.7236247349048042, -2.801644832054378, -0.6612932435647536, -0.06467909472011263], "(2.0, 0.0, 0.0)": [0.0, 0.42472689052532214, 0.44487841871850736, 0.4179408214336651, 0.4259094415780206, 0.45324121473413614, 0.4309880200713887, 0.4389319368969871, 0.4421097151089337], "(2.0, 1.0, 0.0)": [0.0, 0.9448906209243623, 0.977835885430532, 0.9288574597119171, 0.9353081323653546, 0.8228954144108094, 0.9084777674729323, 0.8117815670878797, 0.7914577469301222], "(1.0, 1.0, 1.0)": [0.0, 1.1172733142189881, 1.34614917552509, 1.3364125160931055, 1.3561674775902959, 1.2048027668487786, 1.3380705833334094, 1.410251794432146, 1.4495546342521908], "(6.0, 0.0, 0.0)": [0.0, 0.0, 0.0, 0.0, 0.0, 0.0, 0.0, 0.0, 0.0]}, "stats": {"total_messages": 406764, "total_updates": 344002, "total_reward": -21683.0, "action_counts": [52780, 48176, 45392, 45044, 45154, 45810, 43263, 41581, 39564], "state_visits": {"(3.0, 1.0, 0.0)": 3148, "(3.0, 0.0, 0.0)": 149922, "(4.0, 1.0, 0.0)": 1487, "(4.0, 0.0, 0.0)": 66902, "(5.0, 1.0, 0.0)": 11, "(0.0, 1.0, 1.0)": 415, "(5.0, 0.0, 0.0)": 231, "(0.0, 0.0, 1.0)": 20599, "(1.0, 0.0, 1.0)": 25437, "(2.0, 0.0, 0.0)": 74127, "(2.0, 1.0, 0.0)": 1072, "(1.0, 1.0, 1.0)": 651, "(6.0, 0.0, 0.0)": 0}}}