{"q": {"(3.0, 1.0, 0.0)": [0.0, 0.05858508933602377, 0.039831561190648186, 0.058707071102029815, 0.04836594712839936, 0.0596870124152154, 0.04013181915560215, 0.04540268331084353, 0.0585106620345528], "(3.0, 0.0, 0.0)": [0.0, 0.06457220867804156, 0.061876801913307175, 0.06410690809279675, 0.06344517035251751, 0.06407840123060053, 0.06445358053072994, 0.06389288576197198, 0.06247818337010107], "(4.0, 1.0, 0.0)": [0.0, 0.04421878738245599, 0.036000257994688784, 0.03358387938189283, 0.04891887379845268, 0.049392101734833695, 0.2871165243728472, 0.03973035622681023, 0.03480926775259596], "(4.0, 0.0, 0.0)": [0.0, 0.0, 0.0, 0.0, 0.0, 0.0, 0.0, 0.0, 0.0], "(5.0, 1.0, 0.0)": [0.0, 0.0, 0.0, 0.0, 0.0, 0.0, 0.0, 0.0, 0.0], "(0.0, 1.0, 1.0)": [0.0, 0.0, 0.0, 0.0, 0.0, 0.0, 0.0, 0.0, 0.0], "(5.0, 0.0, 0.0)": [0.0, 0.0, 0.0, 0.0, 0.0, 0.0, 0.0, 0.0, 0.0], "(0.0, 0.0, 1.0)": [0.0, 0.017828935392974206, 0.0050337931855022515, 0.0031459592161938543, 0.011874293574481406, 0.009440558253696694, 0.01350928898888041, -1.2384362337675998, 0.011699731063963187], "(1.0, 0.0, 1.0)": [0.0, 0.22552316648944642, 0.5314288441082675, 0.07552271958806667, 0.056350000000000004, 0.09058221565130559, 0.09243083229725059, 0.08415513859547813, 0.11530650661831995], "(2.0, 0.0, 0.0)": [0.0, -0.2959367501058512, 0.06054708605939992, -0.5439664664794648, 0.046254948660829215, 0.06088450066384475, 0.46166967085889365, 0.02654300145846431, 0.02188102326888963], "(2.0, 1.0, 0.0)": [0.0, 0.009100249344812805, 0.0, 0.0, 0.0, 0.05725103304176, 0.05727037339898884, 0.01232145957936443, 0.02818083478052415], "(1.0, 1.0, 1.0)": [0.0, 0.0, 0.0, 0.0, 0.0, 0.0, 0.0, 0.0, 0.0]}, "stats": {"total_messages": 11018, "total_updates": 8001, "total_reward": -18.0, "action_counts": [2912, 628, 1083, 1289, 1077, 1050, 1009, 838, 1132], "state_visits": {"(3.0, 1.0, 0.0)": 591, "(3.0, 0.0, 0.0)": 6248, "(4.0, 1.0, 0.0)": 126, "(4.0, 0.0, 0.0)": 52, "(5.0, 1.0, 0.0)": 1, "(0.0, 1.0, 1.0)": 23, "(5.0, 0.0, 0.0)": 0, "(0.0, 0.0, 1.0)": 308, "(1.0, 0.0, 1.0)": 103, "(2.0, 0.0, 0.0)": 344, "(2.0, 1.0, 0.0)": 191, "(1.0, 1.0, 1.0)": 14}}}