{"q": {"(3.0, 1.0, 0.0)": [0.0, 0.6516525679354264, 0.694026238301694, 0.6910524186203507, 0.6124890531453328, 0.7081889313380636, 0.662086176630097, 0.6782214387776846, 0.6688168888885013], "(3.0, 0.0, 0.0)": [0.0, 0.6212538279197812, 0.5388864465678556, 0.6226685523021258, 0.5596732738067574, 0.47268158498593643, 0.6767804395081273, 0.49424105986820316, 0.5468612532472383], "(4.0, 1.0, 0.0)": [0.0, 1.7303516202991445, 2.9505031521778258, 1.1498598999747018, 1.8605200512565567, 1.9316454354318542, 1.1380563011750509, 1.2967431741310687, 1.923187034148428], "(4.0, 0.0, 0.0)": [0.0, 0.5015854036269685, 0.5019897597864182, 0.5049242794884935, 0.5436754802218703, 0.5452109231408284, 0.5261893938730339, 0.525476648975403, 0.5155507373740624], "(5.0, 1.0, 0.0)": [0.0, 0.0, 11.694966872193708, 0.0, 0.0, 5.95703125, -2.3326210184312908, 0.0, 0.0], "(0.0, 1.0, 1.0)": [0.0, 0.40074596005773455, 0.40351058510265525, 0.401211300146155, 0.4111705160484989, 0.40671747897989274, 0.40286541602765186, 0.4367218337031259, 0.4017847815366344], "(5.0, 0.0, 0.0)": [0.0, -8.428572719008947, -0.626798986612154, 0.47788773155464137, -6.8359375, -1.961758368875276, -4.289677507694931, -2.5, 0.2542028225289001], "(0.0, 0.0, 1.0)": [0.0, 0.5295446089977528, 0.2994555583970057, 0.35668375039715094, 0.3028654264710896, 0.48659259158175655, 0.48718104027793263, 0.3823904181619468, 0.25447284560293726], "(1.0, 0.0, 1.0)": [0.0, 0.5865116628977532, 0.579189447487242, 0.570961140608827, 0.6206099314256066, 0.5756789156689501, 0.5717483737000817, 0.5900522461031683, 0.5198307619710478], "(2.0, 0.0, 0.0)": [0.0, 0.51364245415367, 0.5136409357935708, 0.5136415525220981, 0.558305320181443, 0.5136409419854189, 0.5136408945738389, 0.5202883342446379, 0.5137892173002646], "(2.0, 1.0, 0.0)": [0.0, 0.7652098168520943, 0.3710074700324143, 0.6744076032938697, 0.8341992515912344, 0.5023097582909885, 0.6154996061585591, 0.39483482863200464, 0.551880862320295], "(1.0, 1.0, 1.0)": [0.0, 0.7635282888169664, 1.062928690211949, 0.9758198873758233, 1.155185615250787, 1.051927931404442, 1.0632125629560145, 0.9119602746439139, 1.0141199630938418], "(6.0, 0.0, 0.0)": [0.0, 0.0, 0.0, 0.0, 0.0, 0.0, 0.0, 0.0, 0.0]}, "stats": {"total_messages": 133454, "total_updates": 105006, "total_reward": -6712.0, "action_counts": [19478, 14083, 14206, 14569, 13441, 15530, 14816, 14672, 12659], "state_visits": {"(3.0, 1.0, 0.0)": 1934, "(3.0, 0.0, 0.0)": 43936, "(4.0, 1.0, 0.0)": 858, "(4.0, 0.0, 0.0)": 20383, "(5.0, 1.0, 0.0)": 8, "(0.0, 1.0, 1.0)": 309, "(5.0, 0.0, 0.0)": 80, "(0.0, 0.0, 1.0)": 11985, "(1.0, 0.0, 1.0)": 7883, "(2.0, 0.0, 0.0)": 16808, "(2.0, 1.0, 0.0)": 466, "(1.0, 1.0, 1.0)": 356, "(6.0, 0.0, 0.0)": 0}}}