{"q": {"(3.0, 0.0, 0.0)": [0.0, 0.11750023590220038, 0.12469637540896769, 0.09373805353453687, 0.05871762242302135, 0.12083837158880746, 0.12401030461440718, 0.12291843295041899, 0.12119282266633871], "(4.0, 0.0, 0.0)": [0.0, 0.013956062290798304, 0.0, 0.0, 0.020813718553503526, 0.0, 0.016831218136534872, 0.07624882787176299, 0.017679157860361533], "(3.0, 1.0, 0.0)": [0.0, 0.05734215779075489, 0.023016091512069327, 0.0, 0.11007786414685788, 0.0, -2.7601740388998466, 0.033272323148877125, 0.0], "(4.0, 1.0, 0.0)": [0.0, 0.023638852270865634, 0.0, 0.11063635375292581, 0.014273798200067536, 0.047509493660251666, 0.0047319154, 0.02824496431705248, -3.7150842973133225], "(2.0, 0.0, 0.0)": [0.0, 0.0, 0.0, 0.0047319154, 0.0, 0.0, 0.06336567242274022, 0.0, 0.0], "(2.0, 1.0, 0.0)": [0.0, 0.0, 0.0, 0.0, 0.0, 0.0, 0.0, 0.0, 0.0]}, "stats": {"total_messages": 1429, "total_updates": 1349, "total_reward": -24.509999999999383, "action_counts": [72, 15, 11, 133, 273, 713, 62, 81, 69], "state_visits": {"(3.0, 0.0, 0.0)": 1006, "(4.0, 0.0, 0.0)": 74, "(3.0, 1.0, 0.0)": 91, "(4.0, 1.0, 0.0)": 142, "(2.0, 0.0, 0.0)": 36, "(2.0, 1.0, 0.0)": 0}}}