{"q": {"(3.0, 1.0, 0.0)": [0.0, 1.3114015248312885, 1.0793146515797876, 1.0649846273955603, 1.3087079478052988, 1.123738564614722, 0.7348559996979733, 1.4134627692703485, 1.1472223090268225], "(3.0, 0.0, 0.0)": [0.0, 2.8005650174554644, 2.9800514964269316, 2.7562940010150343, 2.893370105977197, 2.6556539019861134, 2.948450039512135, 2.4714194921223385, 2.9699108748585274], "(4.0, 1.0, 0.0)": [0.0, 11.87991640191272, 11.134814441566496, 12.05692528163775, 4.2227544231596115, 12.049098872419691, 11.641995672354108, 12.056384290674533, 12.033158617434859], "(4.0, 0.0, 0.0)": [0.0, 5.7331436972295915, 5.786638798990913, 5.973513451523407, 5.747330501738039, 5.738051849043314, 5.772240892393195, 6.231683549938608, 5.758922385705368], "(5.0, 1.0, 0.0)": [0.0, 0.0, 11.694966872193708, 0.0, 0.0, 5.95703125, -0.21832555922152452, 0.0, 0.0], "(0.0, 1.0, 1.0)": [0.0, 1.0146718207135494, 1.007299049909618, 1.0087818089291378, 1.0108149467821552, 1.0948763853252093, 1.0072793708416943, 1.007350713373432, 1.027508055015801], "(5.0, 0.0, 0.0)": [0.0, -9.161303016615495, -0.1264033700616258, -1.1531384905603688, -7.7757135624030695, -0.7597316963181115, 0.16518540481769733, -9.03392165816092, -0.42521731656060924], "(0.0, 0.0, 1.0)": [0.0, 0.7514154803758036, 0.7281860794793261, 0.718378774982623, 0.7281934655371012, 0.7282111524870234, 0.7915146364533706, 0.7281031277613585, 0.7281737345213699], "(1.0, 0.0, 1.0)": [0.0, 1.0568459505667083, 1.1045426841946226, 1.0562595629925091, 0.7253728989745205, 1.0090164638155645, 1.0140342439209582, 0.7104906852645172, 1.0287383556119494], "(2.0, 0.0, 0.0)": [0.0, 1.2812891349990299, 1.2864846200894318, 1.28637226259871, 1.2863731967151957, 1.27994057361972, 1.2326305222481684, 1.3702661060737962, 1.2607264046455535], "(2.0, 1.0, 0.0)": [0.0, 0.943426482857628, 0.8974779944635403, 0.8672313749687479, 0.9123606739210416, 0.7765228036582854, 0.8989065109969582, 0.8779556069080914, 0.8747993373814875], "(1.0, 1.0, 1.0)": [0.0, 1.144382766580772, 1.229529513238613, 1.1346343898502627, 1.1254510876905892, 1.126113391092294, 1.0477234199465892, 1.203222572729816, 1.1484396981511866], "(6.0, 0.0, 0.0)": [0.0, 0.0, 0.0, 0.0, 0.0, 0.0, 0.0, 0.0, 0.0]}, "stats": {"total_messages": 559411, "total_updates": 488002, "total_reward": -26243.0, "action_counts": [59583, 66717, 64404, 61742, 64387, 62064, 63368, 58141, 59005], "state_visits": {"(3.0, 1.0, 0.0)": 3432, "(3.0, 0.0, 0.0)": 195592, "(4.0, 1.0, 0.0)": 1644, "(4.0, 0.0, 0.0)": 85489, "(5.0, 1.0, 0.0)": 11, "(0.0, 1.0, 1.0)": 755, "(5.0, 0.0, 0.0)": 321, "(0.0, 0.0, 1.0)": 34002, "(1.0, 0.0, 1.0)": 48669, "(2.0, 0.0, 0.0)": 115510, "(2.0, 1.0, 0.0)": 1597, "(1.0, 1.0, 1.0)": 980, "(6.0, 0.0, 0.0)": 0}}}