{"q": {"(3.0, 1.0, 0.0)": [0.0, 0.6938190260123436, 0.7920872194682798, 0.7911851063333453, 0.7963443845036249, 0.8041790994244594, 0.7946588985982972, 0.7240020819559403, 0.7911305921294617], "(3.0, 0.0, 0.0)": [0.0, 0.5485936221153244, 0.5893538458524443, 0.5095363131034812, 0.7157446952139102, 0.586956657109547, 0.5615763225371634, 0.5165965659138678, 0.6608780553844087], "(4.0, 1.0, 0.0)": [0.0, 1.7970953695643148, 1.7252443698812938, 15.620901755884383, 1.6114102590704749, 1.840708463187896, 1.8918405219668215, 1.759607593750333, 1.5114838464940064], "(4.0, 0.0, 0.0)": [0.0, 0.5879949278684891, 0.6196280214349725, 0.583829926395846, 0.5709285593368671, 0.6007312117604443, 0.5709853053785607, 0.5791003343718384, 0.5725516585789541], "(5.0, 1.0, 0.0)": [0.0, 0.0, 11.694966872193708, 0.0, 0.0, 5.95703125, -0.21832555922152452, 0.0, 0.0], "(0.0, 1.0, 1.0)": [0.0, 1.1187954832090274, 0.6536091850020194, 0.3721151463539015, 1.4397159726047966, 1.037324654593918, 0.9204443047266668, 0.7873011929502967, 0.36621825859045964], "(5.0, 0.0, 0.0)": [0.0, -9.413344088087007, -1.3867334176683745, -0.5989905998674769, -6.53527001057269, -0.8885312977324934, 0.05012431980157664, -6.059479745947879, -5.909897447572939], "(0.0, 0.0, 1.0)": [0.0, 0.7530158789694339, 0.7001267001492195, 0.6927746236496565, 0.7293159861416598, 0.5754670513889668, 0.6371817189062556, 0.6892942945416952, 0.7530158783021672], "(1.0, 0.0, 1.0)": [0.0, 0.5146795484615052, 0.5387008708151286, 0.5040259488465602, 0.5021779206493291, 0.5441159269661889, 0.5364163270955743, 0.5010829600827879, 0.5018729848034765], "(2.0, 0.0, 0.0)": [0.0, 0.5871442184616538, 0.6106718061111728, 0.6192584109031697, 0.6472572284178606, 0.6193246994171339, 0.5955460043938683, 0.5774844314814082, 0.6107915725548058], "(2.0, 1.0, 0.0)": [0.0, 0.9530505090020864, 0.977835885430532, 0.9335188971553354, 0.7353225586385406, 0.8228954144108094, 0.8667385600801784, 1.020582726089978, 0.8741693512117689], "(1.0, 1.0, 1.0)": [0.0, 1.1172733142189881, 1.34614917552509, 1.3364125160931055, 1.3561674775902959, 1.2048027668487786, 1.3380705833334094, 1.410251794432146, 1.4495546342521908], "(6.0, 0.0, 0.0)": [0.0, 0.0, 0.0, 0.0, 0.0, 0.0, 0.0, 0.0, 0.0]}, "stats": {"total_messages": 378026, "total_updates": 316005, "total_reward": -20737.0, "action_counts": [52002, 43872, 42014, 42269, 40888, 42472, 40244, 37765, 36500], "state_visits": {"(3.0, 1.0, 0.0)": 3111, "(3.0, 0.0, 0.0)": 140804, "(4.0, 1.0, 0.0)": 1473, "(4.0, 0.0, 0.0)": 63210, "(5.0, 1.0, 0.0)": 11, "(0.0, 1.0, 1.0)": 407, "(5.0, 0.0, 0.0)": 213, "(0.0, 0.0, 1.0)": 18198, "(1.0, 0.0, 1.0)": 21157, "(2.0, 0.0, 0.0)": 65731, "(2.0, 1.0, 0.0)": 1039, "(1.0, 1.0, 1.0)": 651, "(6.0, 0.0, 0.0)": 0}}}