{"q": {"(3.0, 1.0, 0.0)": [0.0, 0.7160305615405786, 0.4527915371071538, 0.22083459863163787, 0.22156582727145055, 0.4334453829955314, 0.24972615555187871, 0.2901461960617289, 0.21887908402763], "(3.0, 0.0, 0.0)": [0.0, -0.07098309687721069, -0.015958101814200362, -0.017556234544263635, -0.09826469554534865, -0.06864498015711167, -0.04017415297129015, -0.08983834244210082, -0.0009365315567656191], "(4.0, 1.0, 0.0)": [0.0, 0.22410889956485555, 0.2240389893260663, 0.22469764201932899, 0.5087281064683435, 0.3912059969195989, 0.22393985516890386, 0.8292599303990876, 0.22433106022018692], "(4.0, 0.0, 0.0)": [0.0, -0.023703745839162377, -0.41742983477853735, -0.018249079137506778, -0.09693862745153124, -0.17904644937637942, -0.31543444736173953, -0.17054099487315177, -0.02313328868135218], "(5.0, 1.0, 0.0)": [0.0, 0.0, 7.659254712131338, 0.0, 0.0, 5.375024768888167, -0.21832555922152452, 3.598412644113912, 0.0], "(0.0, 1.0, 1.0)": [0.0, 0.8181071161641079, -0.30870505069144777, 0.808450351063468, 0.8072158144148571, 0.726602894535628, 0.5256006369797743, 0.8061456890824745, 0.7194946560018474], "(5.0, 0.0, 0.0)": [0.0, -7.176093101029058, -2.302029756825137, -1.7010277481369402, -7.365657738856244, -0.8272283752939313, -2.0955758647376026, -3.6885495062602778, -2.375482165681225], "(0.0, 0.0, 1.0)": [0.0, -2.343590845754365, -0.07161447500502138, -0.14667221094017852, -2.6295890552820644, -0.6375397075336509, -0.8768614974325281, -3.3746243385706434, -0.2540392995843843], "(1.0, 0.0, 1.0)": [0.0, -1.4897744104651351, -2.359156403509982, -0.7240328433032078, -0.010211743840460162, -1.4253789364324434, -0.06596797068145183, -1.3092519575662755, -0.6069893034903655], "(2.0, 0.0, 0.0)": [0.0, -0.0017917039387446367, -1.3635586517332714, -0.24324566362501315, -0.2600748249187199, -0.04570630733960717, -1.8070965482482948, -0.013665800536212825, -0.033466433107688535], "(2.0, 1.0, 0.0)": [0.0, 0.15574360483112787, 0.15917613515893542, 0.15742114203513968, 0.20503390242680447, 0.22534861633058303, 0.32264811314071, 0.20680080528544903, 0.1528669833579936], "(1.0, 1.0, 1.0)": [0.0, 0.49097130501936104, 0.48969759916465233, 0.4898769680917192, 0.48758496239683136, 0.4915613977095918, 0.48236987977990664, 0.4818149444968297, 0.4405516400126975], "(6.0, 0.0, 0.0)": [0.0, 0.0, 0.0, 0.0, 0.0, 0.0, 0.0, 0.0, 0.0], "(6.0, 1.0, 0.0)": [0.0, 0.0, 0.0, 0.0, 0.0, 0.0, 0.0, 0.0, 0.0]}, "stats": {"total_messages": 891750, "total_updates": 774000, "total_reward": -42140.0, "action_counts": [103839, 106927, 106164, 95495, 102344, 95627, 94446, 93929, 92979], "state_visits": {"(3.0, 1.0, 0.0)": 6627, "(3.0, 0.0, 0.0)": 304807, "(4.0, 1.0, 0.0)": 3571, "(4.0, 0.0, 0.0)": 149214, "(5.0, 1.0, 0.0)": 35, "(0.0, 1.0, 1.0)": 1466, "(5.0, 0.0, 0.0)": 539, "(0.0, 0.0, 1.0)": 46630, "(1.0, 0.0, 1.0)": 78012, "(2.0, 0.0, 0.0)": 176857, "(2.0, 1.0, 0.0)": 3534, "(1.0, 1.0, 1.0)": 2707, "(6.0, 0.0, 0.0)": 1, "(6.0, 1.0, 0.0)": 0}}}