{"q": {"(3.0, 1.0, 0.0)": [0.0, 0.859903617471193, 0.8028006863790373, 0.7918482785440626, 0.7963443845036249, 0.8220867860905923, 0.7946588985982972, 0.7240020819559403, 0.7912195661712051], "(3.0, 0.0, 0.0)": [0.0, 0.6528032550822523, 0.7352340083250017, 0.7456379825503103, 0.8104344540060501, 0.6862426210722277, 0.7460293869760857, 0.6859707815894065, 0.7507931866339925], "(4.0, 1.0, 0.0)": [0.0, 1.7970953695643148, 1.7043477149871185, 1.9261190924741385, 1.6114102590704749, 1.840708463187896, 1.8918405219668215, 1.759607593750333, 1.7705657667445711], "(4.0, 0.0, 0.0)": [0.0, 0.7091255066877353, 0.8142990993360885, 0.7527784620271591, 0.7918212316478828, 0.5626972531301774, 0.7520492202674274, 0.7855668960721822, 0.749289550392144], "(5.0, 1.0, 0.0)": [0.0, 0.0, 11.694966872193708, 0.0, 0.0, 5.95703125, -0.21832555922152452, 0.0, 0.0], "(0.0, 1.0, 1.0)": [0.0, 1.1187954832090274, 0.6536091850020194, 0.3721151463539015, 1.4397159726047966, 1.037324654593918, 0.9204443047266668, 0.7873011929502967, 0.36621825859045964], "(5.0, 0.0, 0.0)": [0.0, -9.413344088087007, -5.545740348731498, -0.5989905998674769, -8.949787095221595, -1.9161986374309419, 0.05012431980157664, -6.059479745947879, -5.909897447572939], "(0.0, 0.0, 1.0)": [0.0, 0.41089894830466733, 0.4097074217095915, 0.42592802437937705, 0.4445621392850557, 0.40129975342843976, 0.3064637826231864, 0.4059879797834277, 0.44445389556776727], "(1.0, 0.0, 1.0)": [0.0, 0.743183289416762, 0.7577664452726307, 0.7540074504906572, 0.7765519750736823, 0.7623433864720928, 0.7580961359488485, -1.369161744796076, 0.8090208388451753], "(2.0, 0.0, 0.0)": [0.0, 0.668242533611717, 0.6512668919045054, 0.6435486339721048, 0.6779154236440399, 0.6719332207309527, 0.6584899663330075, 0.6995089204973357, 0.6678743596435515], "(2.0, 1.0, 0.0)": [0.0, 0.9530505090020864, 1.0286645590554484, 0.9236168831438708, 0.7353225586385406, 0.6489310409668109, 0.9576399349892079, 1.020582726089978, 0.7342411729595848], "(1.0, 1.0, 1.0)": [0.0, 1.1172733142189881, 1.38651341536958, 1.3364125160931055, 1.3561674775902959, 1.2048027668487786, 1.344210280866431, 1.410251794432146, 1.4495546342521908], "(6.0, 0.0, 0.0)": [0.0, 0.0, 0.0, 0.0, 0.0, 0.0, 0.0, 0.0, 0.0]}, "stats": {"total_messages": 355698, "total_updates": 294004, "total_reward": -20649.0, "action_counts": [51827, 40816, 39375, 40348, 37066, 40113, 38266, 34417, 33470], "state_visits": {"(3.0, 1.0, 0.0)": 3084, "(3.0, 0.0, 0.0)": 132832, "(4.0, 1.0, 0.0)": 1444, "(4.0, 0.0, 0.0)": 60846, "(5.0, 1.0, 0.0)": 11, "(0.0, 1.0, 1.0)": 407, "(5.0, 0.0, 0.0)": 206, "(0.0, 0.0, 1.0)": 16118, "(1.0, 0.0, 1.0)": 17596, "(2.0, 0.0, 0.0)": 59797, "(2.0, 1.0, 0.0)": 1020, "(1.0, 1.0, 1.0)": 643, "(6.0, 0.0, 0.0)": 0}}}