{"q": {"(3.0, 1.0, 0.0)": [0.0, 3.5782425674031173, 1.2961102499720234, 2.1734039755864423, 1.267315387838254, 1.2575350118735842, 2.3106440902766776, 3.1743019176571847, 2.7329344046645643], "(3.0, 0.0, 0.0)": [0.0, 0.3122459216939857, 0.33202788692324103, 0.33442368233669506, 0.3235945689702028, 0.326913212596461, 0.33936176757319336, 0.32279084118718543, 0.3387599966432506], "(4.0, 1.0, 0.0)": [0.0, 4.944572834217828, 6.2261221735107135, 6.307312035609873, 4.348094160654837, 6.209524305131595, 6.321118325479234, 6.317257372225765, 6.289708908512499], "(4.0, 0.0, 0.0)": [0.0, 0.24085720893926088, 0.24555879435393585, 0.24641830655418562, 0.2314322608688314, 0.24050598753351438, 0.2487232999086839, 0.24970988525818005, 0.23364490968272192], "(5.0, 1.0, 0.0)": [0.0, 0.0, 6.860363154283547, 0.0, 0.0, 6.899177905442476, -0.21832555922152452, 0.0, 0.0], "(0.0, 1.0, 1.0)": [0.0, 0.8663078794775971, 0.6482479113277421, 0.8723536513317798, 0.8647927597997193, 0.8667777334116863, 0.773813293859877, 0.8652264624402737, 0.7645370104735945], "(5.0, 0.0, 0.0)": [0.0, -7.549293031950281, -0.09480252754621935, -1.1531384905603688, -5.831785171802302, -3.064322120038044, -1.7164179694080197, -6.952190123555045, -0.42521731656060924], "(0.0, 0.0, 1.0)": [0.0, -3.1254757506014763, -0.030023329396970017, -1.9586503537413091, -3.335894585259555, -3.8764637520325165, -1.6455599084584267, -0.45024046295288683, -3.443975298526431], "(1.0, 0.0, 1.0)": [0.0, -0.33223613191445955, -0.1802597950156226, -0.6664423828850963, -0.9825229832168038, -0.5607867830284833, -0.48664574000357924, -1.0782578884146636, -0.2544997745185156], "(2.0, 0.0, 0.0)": [0.0, 0.16408503603050978, -1.3386080316976587, 0.44450016943027615, 0.20131496723940512, -0.5477962721234633, 0.59545515237007, -0.04786567736302849, 0.007249067615369531], "(2.0, 1.0, 0.0)": [0.0, 0.6764101928091619, 1.864295114899463, 0.7162434812134147, 0.6772905911353243, 0.6740892472478113, 0.6772195537316396, 0.668396529772196, 0.8927085459713334], "(1.0, 1.0, 1.0)": [0.0, 0.5751856969951644, 0.5690524202619207, 0.5665180231315253, 1.1456682673999095, 0.5700798470961496, 0.5769367594371965, 0.5717046595219046, 0.5610454128090551], "(6.0, 0.0, 0.0)": [0.0, 0.0, 0.0, 0.0, 0.0, 0.0, 0.0, 0.0, 0.0], "(6.0, 1.0, 0.0)": [0.0, 0.0, 0.0, 0.0, 0.0, 0.0, 0.0, 0.0, 0.0]}, "stats": {"total_messages": 600169, "total_updates": 525004, "total_reward": -28455.0, "action_counts": [63301, 71985, 68953, 66536, 69305, 66097, 67665, 62465, 63862], "state_visits": {"(3.0, 1.0, 0.0)": 3652, "(3.0, 0.0, 0.0)": 207685, "(4.0, 1.0, 0.0)": 1877, "(4.0, 0.0, 0.0)": 91619, "(5.0, 1.0, 0.0)": 27, "(0.0, 1.0, 1.0)": 836, "(5.0, 0.0, 0.0)": 338, "(0.0, 0.0, 1.0)": 35944, "(1.0, 0.0, 1.0)": 53564, "(2.0, 0.0, 0.0)": 126191, "(2.0, 1.0, 0.0)": 1811, "(1.0, 1.0, 1.0)": 1460, "(6.0, 0.0, 0.0)": 0, "(6.0, 1.0, 0.0)": 0}}}