{"q": {"(3.0, 1.0, 0.0)": [0.0, 1.066633331351444, 0.5329145355231096, 0.9864980138965092, 0.5105330143432751, 0.9814259600012172, 0.4461124653574464, 0.4944317314151046, 0.8778714611750407], "(3.0, 0.0, 0.0)": [0.0, 0.6794939486938735, 0.6892915380466137, 0.6827448636495497, 0.7120941509877965, 0.6559764213292109, 0.6574540188341786, 0.7076842024628593, 0.6819184373507056], "(4.0, 1.0, 0.0)": [0.0, 2.2136113761613494, 2.147569962667004, 2.0358025178959323, 2.1220162640962545, 2.017394073778963, 2.097610331667807, 1.3798767276398745, 0.9001748816396103], "(4.0, 0.0, 0.0)": [0.0, 0.7428992251099333, 0.7590350151558147, 0.7130099629692916, 0.7230135012294892, 0.7130099579724242, 0.7750108238830694, 0.753293594324782, 0.7462156816056875], "(5.0, 1.0, 0.0)": [0.0, 0.0, 11.694966872193708, 0.0, 0.0, 5.95703125, -0.21832555922152452, 0.0, 0.0], "(0.0, 1.0, 1.0)": [0.0, 1.3338937947275136, 0.7323523845013985, 0.3721151463539015, 1.4397159726047966, 1.037324654593918, 0.9204443047266668, 0.3694498026255397, 0.36621825859045964], "(5.0, 0.0, 0.0)": [0.0, -9.057715465082161, -5.545740348731498, -0.7986541331566359, -8.949787095221595, -4.542100473910381, -0.4294521198728401, -6.059479745947879, -5.909897447572939], "(0.0, 0.0, 1.0)": [0.0, -0.1134445952437731, -0.24897855821597967, -0.00022794094261573893, -0.02378837651902065, -0.38905138019118113, -0.0003497554370779287, -6.310301029379323e-06, -0.0029963148537049938], "(1.0, 0.0, 1.0)": [0.0, 0.6657536300548117, 0.7604014168466197, 0.6987049511313355, 0.5654801513123233, 0.6029512766069804, 0.5749114702020701, 0.713911569946569, 0.5650650544319356], "(2.0, 0.0, 0.0)": [0.0, 0.5490574231589755, 0.5408103881950972, 0.5336049426498763, 0.5774054991072196, 0.6644564671606723, 0.5312130591786421, 0.578889769435549, 0.5352031019647713], "(2.0, 1.0, 0.0)": [0.0, 0.3459484501945023, 0.3437886192318903, 0.34644645441704575, 0.3429705833348483, 0.34667906874174703, 0.34644845748832903, 1.0626642295814015, 0.291999029347744], "(1.0, 1.0, 1.0)": [0.0, 0.7013761539542837, 1.690964084393481, 1.6798772112646077, 1.1416381956372337, 1.7144712672995595, 1.2916615880616606, 1.2928114333999978, 1.7159100512060645], "(6.0, 0.0, 0.0)": [0.0, 0.0, 0.0, 0.0, 0.0, 0.0, 0.0, 0.0, 0.0]}, "stats": {"total_messages": 327548, "total_updates": 267005, "total_reward": -20116.0, "action_counts": [51109, 37893, 35509, 36621, 34112, 37864, 33023, 31371, 30046], "state_visits": {"(3.0, 1.0, 0.0)": 2911, "(3.0, 0.0, 0.0)": 122166, "(4.0, 1.0, 0.0)": 1322, "(4.0, 0.0, 0.0)": 56452, "(5.0, 1.0, 0.0)": 11, "(0.0, 1.0, 1.0)": 394, "(5.0, 0.0, 0.0)": 195, "(0.0, 0.0, 1.0)": 14534, "(1.0, 0.0, 1.0)": 14474, "(2.0, 0.0, 0.0)": 53115, "(2.0, 1.0, 0.0)": 945, "(1.0, 1.0, 1.0)": 486, "(6.0, 0.0, 0.0)": 0}}}