{"q": {"(3.0, 1.0, 0.0)": [0.0, 0.6938190260123436, 0.7920872194682798, 0.7911851063333453, 0.701432608988114, 0.7067463321112984, 0.7946588985982972, 0.7240020819559403, 0.6477342893549358], "(3.0, 0.0, 0.0)": [0.0, 0.5303595415342387, 0.5076592633811767, 0.5009357620785345, 0.5016493792183109, 0.4880059481935882, 0.5268825002003564, 0.5073279305062751, 0.5304412478644278], "(4.0, 1.0, 0.0)": [0.0, 1.7970953695643148, 13.105203168942415, 14.191577915368075, 1.6114102590704749, 1.840708463187896, 1.8918405219668215, 9.050701575024428, 1.5114838464940064], "(4.0, 0.0, 0.0)": [0.0, 0.34521319955114366, 0.3350594036184579, 0.32322016823091954, 0.32650952305665837, 0.3473837719203956, 0.34779078525820994, 0.2826784222721701, 0.3480856325578686], "(5.0, 1.0, 0.0)": [0.0, 0.0, 11.694966872193708, 0.0, 0.0, 5.95703125, -0.21832555922152452, 0.0, 0.0], "(0.0, 1.0, 1.0)": [0.0, 1.1187954832090274, 0.6536091850020194, 0.3721151463539015, 1.4397159726047966, 1.2336623773885922, 1.0883413693887287, 0.7873011929502967, 0.36621825859045964], "(5.0, 0.0, 0.0)": [0.0, -9.251380011963033, -0.1264033700616258, -1.9445347188035167, -4.074633458288876, -3.561390796261705, -1.0441804182914027, -5.874733249421988, -3.2976775260393523], "(0.0, 0.0, 1.0)": [0.0, -1.5992869790044233, -4.501692340819985, -2.4984155229009515, -0.0149396050832136, -0.7644104453486401, -1.8888082989433657, -4.522653706048707, -0.002131837850594011], "(1.0, 0.0, 1.0)": [0.0, -0.23508372017202814, -0.12381660573973766, 0.012428331516436806, -4.3500538242237905, 0.004082439172582813, -2.760209346361564, 0.030487154092417028, -0.022466437634488582], "(2.0, 0.0, 0.0)": [0.0, 0.4937506811345796, 0.5165312437487859, 0.5614189757390724, -1.942870795988769, 0.39314153720486666, 0.383183962552059, 0.22417494087338952, 0.49319203484772256], "(2.0, 1.0, 0.0)": [0.0, 0.9448906209243623, 0.977835885430532, 0.9288574597119171, 0.9353081323653546, 0.8228954144108094, 0.9084777674729323, 0.8117815670878797, 0.7914577469301222], "(1.0, 1.0, 1.0)": [0.0, 1.1172733142189881, 1.34614917552509, 1.3364125160931055, 1.3561674775902959, 1.2048027668487786, 1.3380705833334094, 1.410251794432146, 1.4495546342521908], "(6.0, 0.0, 0.0)": [0.0, 0.0, 0.0, 0.0, 0.0, 0.0, 0.0, 0.0, 0.0]}, "stats": {"total_messages": 425151, "total_updates": 360003, "total_reward": -22838.0, "action_counts": [55086, 50203, 47352, 46966, 48081, 47984, 45133, 42980, 41366], "state_visits": {"(3.0, 1.0, 0.0)": 3148, "(3.0, 0.0, 0.0)": 155226, "(4.0, 1.0, 0.0)": 1487, "(4.0, 0.0, 0.0)": 70158, "(5.0, 1.0, 0.0)": 11, "(0.0, 1.0, 1.0)": 415, "(5.0, 0.0, 0.0)": 265, "(0.0, 0.0, 1.0)": 20784, "(1.0, 0.0, 1.0)": 26576, "(2.0, 0.0, 0.0)": 80210, "(2.0, 1.0, 0.0)": 1072, "(1.0, 1.0, 1.0)": 651, "(6.0, 0.0, 0.0)": 0}}}