{"q": {"(3.0, 1.0, 0.0)": [0.0, 0.6938190260123436, 0.7920872194682798, 0.7911851063333453, 0.701432608988114, 0.7067463321112984, 0.7946588985982972, 0.7240020819559403, 0.6477342893549358], "(3.0, 0.0, 0.0)": [0.0, 0.6004463501407902, 0.6253248515395488, 0.6341697487135337, 0.64181313051619, 0.5938430478188832, 0.6194780177699099, 0.6212139452446978, 0.5937918510171962], "(4.0, 1.0, 0.0)": [0.0, 1.7970953695643148, 13.105203168942415, 14.191577915368075, 1.6114102590704749, 1.840708463187896, 1.8918405219668215, 9.050701575024428, 1.5114838464940064], "(4.0, 0.0, 0.0)": [0.0, 0.5009380343982233, 0.4957355178139403, 0.5082567968285463, 0.5026933752873917, 0.5086872142637737, 0.5380789224625322, 0.5271211060168302, 0.5205664300443957], "(5.0, 1.0, 0.0)": [0.0, 0.0, 11.694966872193708, 0.0, 0.0, 5.95703125, -0.21832555922152452, 0.0, 0.0], "(0.0, 1.0, 1.0)": [0.0, 1.1187954832090274, 0.6536091850020194, 0.3721151463539015, 1.4397159726047966, 1.2336623773885922, 1.0883413693887287, 0.7873011929502967, 0.36621825859045964], "(5.0, 0.0, 0.0)": [0.0, -9.413344088087007, -1.040050063251281, -2.812356642144448, -7.243792814735778, -2.9980280822430303, 0.11899650961541727, -7.909407156599911, -5.909897447572939], "(0.0, 0.0, 1.0)": [0.0, -0.05096675802919859, -0.37205622394378585, -0.3685050795493834, -0.5726293492287656, -0.6846590536653183, -1.0923854364016299, -2.5133310102192845, -0.037856593778463066], "(1.0, 0.0, 1.0)": [0.0, 0.0035425981034942836, 0.3429162115806611, 0.11311374417239539, 0.057843126501648454, -0.046392737867984646, 0.3286421946121035, 0.013197409813877015, 0.04085370556764554], "(2.0, 0.0, 0.0)": [0.0, 0.5920350446999503, 0.6000741639661751, 0.6088174119814054, 0.5913259711774236, 0.5931019081425218, 0.622438544767515, 0.5925642315105364, 0.6172873242174023], "(2.0, 1.0, 0.0)": [0.0, 0.9448906209243623, 0.977835885430532, 0.9288574597119171, 0.9353081323653546, 0.8228954144108094, 0.9084777674729323, 0.8117815670878797, 0.7914577469301222], "(1.0, 1.0, 1.0)": [0.0, 1.1172733142189881, 1.34614917552509, 1.3364125160931055, 1.3561674775902959, 1.2048027668487786, 1.3380705833334094, 1.410251794432146, 1.4495546342521908], "(6.0, 0.0, 0.0)": [0.0, 0.0, 0.0, 0.0, 0.0, 0.0, 0.0, 0.0, 0.0]}, "stats": {"total_messages": 402248, "total_updates": 340003, "total_reward": -21521.0, "action_counts": [52253, 47499, 44885, 44435, 44727, 45472, 42640, 41209, 39128], "state_visits": {"(3.0, 1.0, 0.0)": 3148, "(3.0, 0.0, 0.0)": 148608, "(4.0, 1.0, 0.0)": 1487, "(4.0, 0.0, 0.0)": 66106, "(5.0, 1.0, 0.0)": 11, "(0.0, 1.0, 1.0)": 415, "(5.0, 0.0, 0.0)": 224, "(0.0, 0.0, 1.0)": 20584, "(1.0, 0.0, 1.0)": 24899, "(2.0, 0.0, 0.0)": 72798, "(2.0, 1.0, 0.0)": 1072, "(1.0, 1.0, 1.0)": 651, "(6.0, 0.0, 0.0)": 0}}}