{"q": {"(3.0, 1.0, 0.0)": [0.0, 0.34638463105719464, 0.14340776414416034, 0.14770269031322292, 0.2746877041638536, 0.3227480413364199, 0.18305094768650168, -1.5314715296471584, 0.3852403607299677], "(3.0, 0.0, 0.0)": [0.0, -0.5518230831713673, -1.1870216978460837, 0.06473952249071802, 0.17427074204424173, 0.05928273769146891, 0.10785905672861434, -0.038697300868025336, -0.010022120270389734], "(4.0, 1.0, 0.0)": [0.0, 0.8185307662528742, 0.691870878723313, 0.4164508688585529, 0.7588263832313005, 0.7510087260782441, 0.7564339550830733, 0.9438225572551223, 0.8468659981662932], "(4.0, 0.0, 0.0)": [0.0, 0.36333265467180426, 0.3695016046452716, 0.39020778037859355, 0.358969094082563, 0.36751695442899546, 0.36359196091508983, 0.3019677506681854, 0.2741475240357127], "(5.0, 1.0, 0.0)": [0.0, 0.0, 2.5568858812699764, 0.4314805350687664, 6.34854866931428, 3.028868108091281, -0.21832555922152452, 3.2732795152764322, 0.0], "(0.0, 1.0, 1.0)": [0.0, -1.3491360906470997, 0.8053030107771426, -1.7710369478882173, 1.81935028072711, 0.7128188545817483, 0.9632207091665691, 0.9606119766169341, 0.5781905552203233], "(5.0, 0.0, 0.0)": [0.0, -6.308664276996634, -1.7265223176188527, -2.413215810933954, -4.143182478106638, -0.34898697082712726, -1.7735024765701293, -3.949809097271406, -1.3362087181956892], "(0.0, 0.0, 1.0)": [0.0, -1.60739193730439, -0.25954924605123797, -0.01998473487825697, -0.08117089051550722, -0.22176005167756663, -0.48360703428946294, -0.8823791210865709, -1.1781090812111492], "(1.0, 0.0, 1.0)": [0.0, -0.09894817084614344, -0.01315708911660722, -0.18712663837293098, -0.04093644162659232, -0.09973321107119679, -0.5718934745203768, 0.1044750336248153, -0.6107619900414035], "(2.0, 0.0, 0.0)": [0.0, -0.28890618894062914, -1.492051890835379, -0.03873628161501244, -0.4485776788849307, -0.43726854127468884, -0.4069795249996615, -0.4970711383181559, -0.6403417976101533], "(2.0, 1.0, 0.0)": [0.0, 0.21558768047146357, 0.22120935710423636, 0.22085194533325653, 0.21995263229900408, 0.21983347120028163, 0.2171564017294506, 0.21929903730321748, 0.21779220356129395], "(1.0, 1.0, 1.0)": [0.0, 0.2566433795476306, 0.25731112720602367, 0.25523812173113086, 0.2577937359134773, 0.2538002371530797, 0.25407179933486307, 0.1577420386625356, 0.2005121242614383], "(6.0, 0.0, 0.0)": [0.0, 0.0, 0.05726150153538704, 0.0, 0.0, 0.0, 0.0, 0.0, 0.0], "(6.0, 1.0, 0.0)": [0.0, 0.0, 0.0, 0.0, 0.0, 0.0, 0.0, 0.0, 0.0]}, "stats": {"total_messages": 940498, "total_updates": 810003, "total_reward": -43544.0, "action_counts": [115837, 111551, 110860, 99740, 106517, 100844, 100420, 97696, 97033], "state_visits": {"(3.0, 1.0, 0.0)": 10363, "(3.0, 0.0, 0.0)": 319877, "(4.0, 1.0, 0.0)": 6238, "(4.0, 0.0, 0.0)": 160323, "(5.0, 1.0, 0.0)": 53, "(0.0, 1.0, 1.0)": 2000, "(5.0, 0.0, 0.0)": 578, "(0.0, 0.0, 1.0)": 46925, "(1.0, 0.0, 1.0)": 79153, "(2.0, 0.0, 0.0)": 177295, "(2.0, 1.0, 0.0)": 3904, "(1.0, 1.0, 1.0)": 3292, "(6.0, 0.0, 0.0)": 2, "(6.0, 1.0, 0.0)": 0}}}