{"q": {"(3.0, 1.0, 0.0)": [0.0, 0.6938190260123436, 0.7920872194682798, 0.7911851063333453, 0.701432608988114, 0.7067463321112984, 0.7946588985982972, 0.7240020819559403, 0.6477342893549358], "(3.0, 0.0, 0.0)": [0.0, 0.5535040446994399, 0.6222218347172975, 0.5709281022065524, 0.5642313266568981, 0.5287304070899244, 0.5354353961148675, 0.5276497382958258, 0.5425259014769082], "(4.0, 1.0, 0.0)": [0.0, 1.7970953695643148, 13.105203168942415, 14.191577915368075, 1.6114102590704749, 1.840708463187896, 1.8918405219668215, 9.050701575024428, 1.5114838464940064], "(4.0, 0.0, 0.0)": [0.0, 0.5718535199087901, 1.059443470476321, 1.0774194638652337, 1.0932877023623586, 1.0318930792997127, 0.9572902016786018, 1.012000821082506, 1.056196862325799], "(5.0, 1.0, 0.0)": [0.0, 0.0, 11.694966872193708, 0.0, 0.0, 5.95703125, -0.21832555922152452, 0.0, 0.0], "(0.0, 1.0, 1.0)": [0.0, 1.1187954832090274, 0.6536091850020194, 0.3721151463539015, 1.4397159726047966, 1.2336623773885922, 1.0883413693887287, 0.7873011929502967, 0.36621825859045964], "(5.0, 0.0, 0.0)": [0.0, -9.413344088087007, -1.3867334176683745, -0.5989905998674769, -6.53527001057269, -0.8885312977324934, 0.05012431980157664, -7.437036730208334, -5.909897447572939], "(0.0, 0.0, 1.0)": [0.0, 0.788569400967561, 0.7653194558028245, 0.7254838490593067, 0.7716508311334466, 0.7277275665481211, 0.7653194559615308, 0.7384574943975031, 0.7308077823986977], "(1.0, 0.0, 1.0)": [0.0, 0.5378105808737355, 0.5128728051516879, 0.5207187393272278, 0.5310045639392422, 0.5369904336877793, 0.5279995906603279, 0.5523765603682543, 0.5836852540084556], "(2.0, 0.0, 0.0)": [0.0, 0.5725481418644809, 0.5927803162546981, 0.5789327119667849, 0.6212812138869258, 0.5793704734865277, 0.5786831028106857, 0.5715787167760962, 0.5872178193999229], "(2.0, 1.0, 0.0)": [0.0, 0.9448906209243623, 0.977835885430532, 0.9288574597119171, 0.9353081323653546, 0.8228954144108094, 0.9084777674729323, 0.8117815670878797, 0.7914577469301222], "(1.0, 1.0, 1.0)": [0.0, 1.1172733142189881, 1.34614917552509, 1.3364125160931055, 1.3561674775902959, 1.2048027668487786, 1.3380705833334094, 1.410251794432146, 1.4495546342521908], "(6.0, 0.0, 0.0)": [0.0, 0.0, 0.0, 0.0, 0.0, 0.0, 0.0, 0.0, 0.0]}, "stats": {"total_messages": 391143, "total_updates": 329002, "total_reward": -20760.0, "action_counts": [52134, 45730, 43586, 43487, 43017, 43967, 41326, 39867, 38029], "state_visits": {"(3.0, 1.0, 0.0)": 3148, "(3.0, 0.0, 0.0)": 145035, "(4.0, 1.0, 0.0)": 1487, "(4.0, 0.0, 0.0)": 64688, "(5.0, 1.0, 0.0)": 11, "(0.0, 1.0, 1.0)": 415, "(5.0, 0.0, 0.0)": 215, "(0.0, 0.0, 1.0)": 19542, "(1.0, 0.0, 1.0)": 23224, "(2.0, 0.0, 0.0)": 69514, "(2.0, 1.0, 0.0)": 1072, "(1.0, 1.0, 1.0)": 651, "(6.0, 0.0, 0.0)": 0}}}