{"q": {"(3.0, 1.0, 0.0)": [0.0, 2.3370944781868905, 2.2135809623890776, 2.2867198453310187, 2.123257278388785, 2.27334255796244, 2.2802874458791282, 2.4191599398786607, 2.2799576270030077], "(3.0, 0.0, 0.0)": [0.0, 0.8853347074733782, 1.1313677974388952, 1.2008203268261894, 1.1516444023727166, 1.1065251984921545, 1.1392214927758975, 1.2287518956689873, 1.1408184455122714], "(4.0, 1.0, 0.0)": [0.0, 2.8348619460906406, 2.2636139962744597, 3.7989753995345485, 3.3752764884381925, 2.520884154159746, 4.110319980500854, 3.781061834898863, 3.784479394188298], "(4.0, 0.0, 0.0)": [0.0, 0.9411553911143952, 0.9693509498531045, 0.9863033385408799, 0.9207798904166044, 0.9480531454238331, 0.9219221596858723, 0.928143799613427, 0.9073998270795345], "(5.0, 1.0, 0.0)": [0.0, 0.0, 13.483954274284496, 0.0, 0.0, 5.375024768888167, -0.21832555922152452, 3.598412644113912, 0.0], "(0.0, 1.0, 1.0)": [0.0, 0.5394096529108017, 0.5691485727823012, 0.5545722337857472, 0.5462646839795721, 0.5614425792727953, 0.5500395185432075, 0.5562130825866791, 0.5567073525001245], "(5.0, 0.0, 0.0)": [0.0, -8.976294245227638, 0.26396032423315047, -1.7010277481369402, -9.820876985141659, 0.5649261684780316, 0.5392321803498633, -7.171644933407091, 0.1660237790917], "(0.0, 0.0, 1.0)": [0.0, 0.6909470820385675, 0.5906359556679694, 0.6076462959918216, 0.6081795853419515, 0.6235836440112621, 0.5913770675768382, 0.5883931762674346, 0.6831425261449431], "(1.0, 0.0, 1.0)": [0.0, 0.721243259455368, 0.8780813103246667, 0.868337660061745, 0.8583103187333255, 0.839215596321029, 0.8819618716545543, 0.8669560419352966, 0.8516713644447291], "(2.0, 0.0, 0.0)": [0.0, 0.7346360093437542, 0.7165246521200399, 0.7234833910040821, 0.730217769581339, 0.7159462882524423, 0.7159464306240483, 0.7782024872309153, 0.7203031828418829], "(2.0, 1.0, 0.0)": [0.0, 0.6762234504022168, 0.8905589866666139, 1.0485359544309927, 1.1756446354553323, 1.175552449590259, 1.2777739527421712, 0.9184745337047735, 1.1460430392007752], "(1.0, 1.0, 1.0)": [0.0, 1.8063572263858838, 1.8019696721193157, 1.504416612458275, 1.4983338186272137, 1.6749019691947984, 1.70095587643344, 1.7098041275500893, 1.588984223160732], "(6.0, 0.0, 0.0)": [0.0, 0.0, 0.0, 0.0, 0.0, 0.0, 0.0, 0.0, 0.0], "(6.0, 1.0, 0.0)": [0.0, 0.0, 0.0, 0.0, 0.0, 0.0, 0.0, 0.0, 0.0]}, "stats": {"total_messages": 834762, "total_updates": 728004, "total_reward": -39301.0, "action_counts": [92987, 100759, 99441, 91065, 95962, 89123, 89124, 88253, 88048], "state_visits": {"(3.0, 1.0, 0.0)": 4674, "(3.0, 0.0, 0.0)": 290396, "(4.0, 1.0, 0.0)": 2323, "(4.0, 0.0, 0.0)": 139736, "(5.0, 1.0, 0.0)": 31, "(0.0, 1.0, 1.0)": 1145, "(5.0, 0.0, 0.0)": 524, "(0.0, 0.0, 1.0)": 45502, "(1.0, 0.0, 1.0)": 73150, "(2.0, 0.0, 0.0)": 166151, "(2.0, 1.0, 0.0)": 2447, "(1.0, 1.0, 1.0)": 1924, "(6.0, 0.0, 0.0)": 1, "(6.0, 1.0, 0.0)": 0}}}