{"q": {"(3.0, 1.0, 0.0)": [0.0, 1.4978542675876902, 1.4784869790772865, 1.4611830956558265, 1.3816501013898432, 1.4693525152371292, 1.4786497381639516, 1.4746491415087941, 1.4534506393640871], "(3.0, 0.0, 0.0)": [0.0, 0.3684390838930498, 0.2619946500281226, 0.3545827911574243, 0.3761137323856714, 0.23184733052660506, 0.25679120854441495, 0.25908902112339993, 0.3475474021082522], "(4.0, 1.0, 0.0)": [0.0, 4.50008787109601, 4.438456075508544, 4.454860241496222, 4.431652638017986, 4.478602107328786, 4.458400650066515, 4.447231411741069, 4.427773509386647], "(4.0, 0.0, 0.0)": [0.0, 0.46265711065087606, 0.4433324567538358, 0.452540139232948, 0.4465323352038556, 0.45492372206680376, 0.45553167592066285, 0.43598074472583476, 0.43212787855854495], "(5.0, 1.0, 0.0)": [0.0, 0.0, 6.860363154283547, 0.0, 0.0, 5.375024768888167, -0.21832555922152452, 0.0, 0.0], "(0.0, 1.0, 1.0)": [0.0, 0.6906790101276583, 0.6698149055915167, 0.6951584701959501, 0.7107388821848328, 0.7047336901777979, 0.6945565388648764, 0.714880261705237, 0.7126344598385738], "(5.0, 0.0, 0.0)": [0.0, -4.246477330472033, -0.05332642174474839, -3.1486404009402076, -3.280379159138795, -2.298241590028533, -1.7164179694080197, -6.952190123555045, -0.2391847405653427], "(0.0, 0.0, 1.0)": [0.0, -0.0758702500323782, -5.995418371647417, -0.2614482619404445, -2.515837175758064, -5.184010932176204, -2.936398038127412, -0.09203344669150845, -0.8063437432546192], "(1.0, 0.0, 1.0)": [0.0, -2.9581659670326594, -0.009398834911848303, -0.07163338022416359, -0.005415024983520945, -0.005886724815481083, -0.06859181984819707, -0.1450226411238671, -0.013430078108285434], "(2.0, 0.0, 0.0)": [0.0, 0.20621444439908682, 0.20749935366454675, 0.22058307002822508, 0.19991499221881065, -0.6646341017344206, 0.22063830892147412, -1.120104156875789, 0.18896104935954958], "(2.0, 1.0, 0.0)": [0.0, 0.6764101928091619, 0.76023390082381, 0.7635239641126303, 0.7723778440655412, 0.7776834819157226, 0.6772195537316396, 0.668396529772196, 0.7578136207640134], "(1.0, 1.0, 1.0)": [0.0, 0.4608544626780602, 0.47247100851500834, 0.4710095463406448, 0.4642294498835946, 0.46856216814266466, 0.40814250098836874, 0.4659291374676596, 0.47587536925419727], "(6.0, 0.0, 0.0)": [0.0, 0.0, 0.0, 0.0, 0.0, 0.0, 0.0, 0.0, 0.0], "(6.0, 1.0, 0.0)": [0.0, 0.0, 0.0, 0.0, 0.0, 0.0, 0.0, 0.0, 0.0]}, "stats": {"total_messages": 631887, "total_updates": 553003, "total_reward": -29693.0, "action_counts": [66906, 75763, 72308, 69827, 73537, 68988, 71204, 65988, 67366], "state_visits": {"(3.0, 1.0, 0.0)": 3852, "(3.0, 0.0, 0.0)": 219058, "(4.0, 1.0, 0.0)": 1992, "(4.0, 0.0, 0.0)": 97810, "(5.0, 1.0, 0.0)": 28, "(0.0, 1.0, 1.0)": 904, "(5.0, 0.0, 0.0)": 349, "(0.0, 0.0, 1.0)": 36082, "(1.0, 0.0, 1.0)": 56077, "(2.0, 0.0, 0.0)": 133289, "(2.0, 1.0, 0.0)": 1951, "(1.0, 1.0, 1.0)": 1611, "(6.0, 0.0, 0.0)": 0, "(6.0, 1.0, 0.0)": 0}}}