{"q": {"(3.0, 1.0, 0.0)": [0.0, 1.4445271846658336, 1.2511195049383348, 1.0992933607058337, 1.0355898605060345, 1.4781672826937602, 1.2034509250953225, 0.8914900582638922, 1.137682798136928], "(3.0, 0.0, 0.0)": [0.0, 1.0424247335463501, 0.9887230656485955, 1.0923542542165072, 1.087110609490853, 1.060977823592414, 1.0714030406306918, 1.1330699491255345, 1.0109485207233493], "(4.0, 1.0, 0.0)": [0.0, 2.8348619460906406, 8.058143417833866, 3.4247007507686376, 2.772017152484081, 0.9358857921596604, 2.7936540071057623, 2.809883033699148, 3.3982431132392006], "(4.0, 0.0, 0.0)": [0.0, 1.26398124427077, 1.354247931209998, 1.2774914044559185, 1.3356841197849292, 1.297672838885863, 1.3400999608953992, 1.3545605050010003, 1.2461446749313594], "(5.0, 1.0, 0.0)": [0.0, 0.0, 13.483954274284496, 0.0, 0.0, 5.375024768888167, -0.21832555922152452, 3.598412644113912, 0.0], "(0.0, 1.0, 1.0)": [0.0, 0.6418131152556622, 0.47281832296761817, 0.6411920390630532, 0.6424516567012555, 0.6391759798946359, 0.6406368367687647, 0.6245261208383119, 0.6267216402397748], "(5.0, 0.0, 0.0)": [0.0, -9.965207415713902, -2.6420506766542102, -3.0240493300212274, -9.820876985141659, -0.595946779440591, -2.596657528567862, -9.449672245557334, -3.3238197450859706], "(0.0, 0.0, 1.0)": [0.0, -5.823438630675021, -0.044544870034064585, -1.049329443237193e-06, -4.73196930961077e-06, -0.505873385890026, -0.002355960610244361, -0.0007894533332515924, -0.0027428856141492935], "(1.0, 0.0, 1.0)": [0.0, 0.52859219695166, 0.44974763586429733, 0.48303277172417763, 0.489135694095959, -0.3495378730466989, -0.5032681865238382, -0.10947602713885646, 0.44246543321744336], "(2.0, 0.0, 0.0)": [0.0, 0.7717487754332887, 0.7808928024737147, 0.754135445941666, 0.8125717176861669, 0.734442260725004, 0.7967367420660496, 0.7905525206925286, 0.7867904589606545], "(2.0, 1.0, 0.0)": [0.0, 0.6628819889529787, 0.6680966697279346, 0.6494469410197674, 0.5190436585096226, 0.7690922351491825, 0.70533669879776, 0.8325314645631864, 0.5647278967745059], "(1.0, 1.0, 1.0)": [0.0, 0.40007952616152165, 0.4049860612090339, 2.054815807638163, 0.39680870735379625, 0.40101673173227614, 0.4006907236062523, 0.40287215539515375, 0.3987270569557629], "(6.0, 0.0, 0.0)": [0.0, 0.0, 0.0, 0.0, 0.0, 0.0, 0.0, 0.0, 0.0], "(6.0, 1.0, 0.0)": [0.0, 0.0, 0.0, 0.0, 0.0, 0.0, 0.0, 0.0, 0.0]}, "stats": {"total_messages": 757239, "total_updates": 654003, "total_reward": -38108.0, "action_counts": [90597, 89842, 88531, 82326, 84171, 81357, 81506, 78922, 79987], "state_visits": {"(3.0, 1.0, 0.0)": 4235, "(3.0, 0.0, 0.0)": 266401, "(4.0, 1.0, 0.0)": 2172, "(4.0, 0.0, 0.0)": 129145, "(5.0, 1.0, 0.0)": 31, "(0.0, 1.0, 1.0)": 944, "(5.0, 0.0, 0.0)": 475, "(0.0, 0.0, 1.0)": 37323, "(1.0, 0.0, 1.0)": 62144, "(2.0, 0.0, 0.0)": 147402, "(2.0, 1.0, 0.0)": 2013, "(1.0, 1.0, 1.0)": 1717, "(6.0, 0.0, 0.0)": 1, "(6.0, 1.0, 0.0)": 0}}}