{"q": {"(3.0, 1.0, 0.0)": [0.0, 3.5782425674031173, 1.2961102499720234, 2.1734039755864423, 1.267315387838254, 1.2575350118735842, 2.3106440902766776, 3.1743019176571847, 2.7329344046645643], "(3.0, 0.0, 0.0)": [0.0, 0.7451468758845411, 0.43748868814387387, 0.4648738483020016, 0.41985168332043016, 0.45213746659984577, 0.4147670972252875, 0.44132194607590725, 0.7249940491226294], "(4.0, 1.0, 0.0)": [0.0, 4.944572834217828, 6.2261221735107135, 6.307312035609873, 4.348094160654837, 6.209524305131595, 6.321118325479234, 6.317257372225765, 6.289708908512499], "(4.0, 0.0, 0.0)": [0.0, 0.6323754828508757, 0.6139097987517488, 0.6643864444268133, 0.6330306978576007, 0.6567723098226775, 0.6512771072023945, 0.6630382634025482, 0.6533101049941791], "(5.0, 1.0, 0.0)": [0.0, 0.0, 6.860363154283547, 0.0, 0.0, 6.899177905442476, -0.21832555922152452, 0.0, 0.0], "(0.0, 1.0, 1.0)": [0.0, 0.8663078794775971, 0.6482479113277421, 0.8723536513317798, 0.8647927597997193, 0.8667777334116863, 0.773813293859877, 0.8652264624402737, 0.7645370104735945], "(5.0, 0.0, 0.0)": [0.0, -6.732390709267042, -0.1264033700616258, -1.1531384905603688, -7.7757135624030695, -3.064322120038044, -1.7164179694080197, -6.952190123555045, -0.42521731656060924], "(0.0, 0.0, 1.0)": [0.0, -1.9768122488145434, -0.05337480781683559, -3.1037473922145438, -0.5888493363765646, -1.8811693891398056, -0.19533991382925253, -1.8973096052006424, -0.8091798588109695], "(1.0, 0.0, 1.0)": [0.0, -0.08856676677192044, -0.5720600214982416, -2.212462735064422, -2.1871250195555945, -1.6569816500520882, -2.036847069425305, -0.9018769221611367, -0.2153772591668566], "(2.0, 0.0, 0.0)": [0.0, 0.38593579186765004, 0.38135895506195683, 0.6012971439060667, 0.5650496781669918, 0.291978221757181, 0.277298754208841, -0.337996007492447, 0.47109253847774507], "(2.0, 1.0, 0.0)": [0.0, 0.6764101928091619, 1.864295114899463, 0.7162434812134147, 0.6772905911353243, 0.6740892472478113, 0.6772195537316396, 0.668396529772196, 0.8927085459713334], "(1.0, 1.0, 1.0)": [0.0, 0.5751856969951644, 0.5690524202619207, 0.5665180231315253, 1.1456682673999095, 0.5700798470961496, 0.5769367594371965, 0.5717046595219046, 0.5610454128090551], "(6.0, 0.0, 0.0)": [0.0, 0.0, 0.0, 0.0, 0.0, 0.0, 0.0, 0.0, 0.0], "(6.0, 1.0, 0.0)": [0.0, 0.0, 0.0, 0.0, 0.0, 0.0, 0.0, 0.0, 0.0]}, "stats": {"total_messages": 587291, "total_updates": 514000, "total_reward": -27373.0, "action_counts": [61449, 70681, 67972, 65264, 67502, 64814, 66250, 61035, 62324], "state_visits": {"(3.0, 1.0, 0.0)": 3652, "(3.0, 0.0, 0.0)": 203239, "(4.0, 1.0, 0.0)": 1877, "(4.0, 0.0, 0.0)": 88825, "(5.0, 1.0, 0.0)": 27, "(0.0, 1.0, 1.0)": 836, "(5.0, 0.0, 0.0)": 335, "(0.0, 0.0, 1.0)": 35895, "(1.0, 0.0, 1.0)": 53418, "(2.0, 0.0, 0.0)": 122625, "(2.0, 1.0, 0.0)": 1811, "(1.0, 1.0, 1.0)": 1460, "(6.0, 0.0, 0.0)": 0, "(6.0, 1.0, 0.0)": 0}}}