{"q": {"(3.0, 1.0, 0.0)": [0.0, 1.066633331351444, 0.5329145355231096, 1.0719345469730035, 0.5105330143432751, 1.1967444108276395, 0.4461124653574464, 0.4944317314151046, 0.8778714611750407], "(3.0, 0.0, 0.0)": [0.0, 1.06949489951583, 0.9777122843876332, 0.9769698357623253, 0.9010271427593983, 0.8855327156432333, 0.8997459495798174, 0.8891536427382765, 0.895306417101414], "(4.0, 1.0, 0.0)": [0.0, 2.2940436463937144, 2.147569962667004, 1.8662528215982377, 2.5139086279787777, 1.8454542878816893, 1.9302437491668427, 0.8691522644176559, 0.9001748816396103], "(4.0, 0.0, 0.0)": [0.0, 0.971225357854208, 1.002222696880342, 0.9976188413143976, 1.0466606239877183, 1.0055130209506553, 0.9976188413163746, 0.7995757269594156, 0.9698562005435681], "(5.0, 1.0, 0.0)": [0.0, 0.0, 11.694966872193708, 0.0, 0.0, 5.95703125, -0.21832555922152452, 0.0, 0.0], "(0.0, 1.0, 1.0)": [0.0, 1.3338937947275136, 0.7323523845013985, 0.3721151463539015, 1.4397159726047966, 1.037324654593918, 0.9204443047266668, 0.3694498026255397, 0.36621825859045964], "(5.0, 0.0, 0.0)": [0.0, -9.057715465082161, -5.545740348731498, -0.7986541331566359, -8.949787095221595, -4.542100473910381, -0.4294521198728401, -6.059479745947879, -5.909897447572939], "(0.0, 0.0, 1.0)": [0.0, -1.5108885828168293, -7.8600767546314, -0.5384783271069657, -3.6244222371551427, -0.2298644731021824, -0.619685916754489, -0.0019898704819774795, -0.24220362276672516], "(1.0, 0.0, 1.0)": [0.0, 0.33841952482374155, 0.31884050768152206, 0.30810776389917816, 0.23331856680217877, 0.3247703540179727, 0.3488265326896987, 0.23155669925021938, 0.3210292545561907], "(2.0, 0.0, 0.0)": [0.0, 0.549221274837411, 0.5464968618495583, 0.529558832333913, 0.5562142865102355, 0.5262076250622536, 0.5525588139176922, 0.5648806157747942, 0.5196901665128109], "(2.0, 1.0, 0.0)": [0.0, 0.3459484501945023, 0.3437886192318903, 0.34644645441704575, 0.3429705833348483, 0.34667906874174703, 0.34644845748832903, 1.0626642295814015, 0.291999029347744], "(1.0, 1.0, 1.0)": [0.0, 0.7013761539542837, 1.690964084393481, 1.6798772112646077, 1.1416381956372337, 1.7144712672995595, 1.2916615880616606, 1.2928114333999978, 1.7159100512060645], "(6.0, 0.0, 0.0)": [0.0, 0.0, 0.0, 0.0, 0.0, 0.0, 0.0, 0.0, 0.0]}, "stats": {"total_messages": 317475, "total_updates": 258004, "total_reward": -19915.0, "action_counts": [50130, 36953, 34230, 35829, 33197, 36431, 31929, 29687, 29089], "state_visits": {"(3.0, 1.0, 0.0)": 2863, "(3.0, 0.0, 0.0)": 117983, "(4.0, 1.0, 0.0)": 1265, "(4.0, 0.0, 0.0)": 54800, "(5.0, 1.0, 0.0)": 11, "(0.0, 1.0, 1.0)": 394, "(5.0, 0.0, 0.0)": 195, "(0.0, 0.0, 1.0)": 14362, "(1.0, 0.0, 1.0)": 13779, "(2.0, 0.0, 0.0)": 50921, "(2.0, 1.0, 0.0)": 945, "(1.0, 1.0, 1.0)": 486, "(6.0, 0.0, 0.0)": 0}}}