{"q": {"(3.0, 1.0, 0.0)": [0.0, 0.8495571439428494, 0.8280554728416232, 0.8350327401792146, 0.8205140703750081, 0.8220867860905923, 0.8383589187686696, 0.5790129699735634, 0.8517894815740138], "(3.0, 0.0, 0.0)": [0.0, 0.5547389025660657, 0.5689523120685709, 0.5940086976909136, 0.5747993000665599, 0.569417307637156, 0.5464880018756406, 0.563773163071283, 0.5603577072363739], "(4.0, 1.0, 0.0)": [0.0, 1.7970953695643148, 1.7043477149871185, 1.9261190924741385, 1.7964414250524152, 1.8636014292251255, 1.8918405219668215, 1.3798767276398745, 1.5123854361435534], "(4.0, 0.0, 0.0)": [0.0, 0.5553332907083259, 0.5482663306221506, 0.5554466969124867, 0.557326776824442, 0.6036307680082196, 0.5555407332817572, 0.5559243010615176, 0.5554149523649519], "(5.0, 1.0, 0.0)": [0.0, 0.0, 11.694966872193708, 0.0, 0.0, 5.95703125, -0.21832555922152452, 0.0, 0.0], "(0.0, 1.0, 1.0)": [0.0, 1.3338937947275136, 0.7323523845013985, 0.3721151463539015, 1.4397159726047966, 1.037324654593918, 0.9204443047266668, 0.7873011929502967, 0.36621825859045964], "(5.0, 0.0, 0.0)": [0.0, -9.32683982843718, -5.545740348731498, -0.5989905998674769, -8.949787095221595, -1.9161986374309419, -0.24156681742847258, -6.059479745947879, -5.909897447572939], "(0.0, 0.0, 1.0)": [0.0, 0.3318554524087868, 0.30608870895193663, 0.34632322794518205, 0.32714334461227546, 0.35559036191685967, 0.3271331102445757, 0.32714313296351094, 0.31824106202728175], "(1.0, 0.0, 1.0)": [0.0, 0.8311487019194748, 0.9550642367923803, 0.6603991322018807, 0.9605246010694037, 0.7274655519724967, 1.044322994842107, 1.045979923964428, 1.136883931294879], "(2.0, 0.0, 0.0)": [0.0, 0.6949320768167087, 0.6479385008327226, 0.6494253174546448, 0.6603521327698283, 0.6548563930446498, 0.6516525486606386, 0.6491947531128078, 0.6599519001755215], "(2.0, 1.0, 0.0)": [0.0, 0.3459484501945023, 0.3437886192318903, 0.34644645441704575, 0.7353225586385406, 0.6489310409668109, 0.6225996097436992, 1.0626642295814015, 0.291999029347744], "(1.0, 1.0, 1.0)": [0.0, 0.7013761539542837, 1.6240019066514992, 1.557550130675345, 1.5259385147973037, 1.2048027668487786, 1.357667930456746, 1.5051880308709564, 1.5573694827644482], "(6.0, 0.0, 0.0)": [0.0, 0.0, 0.0, 0.0, 0.0, 0.0, 0.0, 0.0, 0.0]}, "stats": {"total_messages": 343467, "total_updates": 282004, "total_reward": -20098.0, "action_counts": [51712, 39979, 37296, 38700, 35756, 39495, 36297, 33244, 30988], "state_visits": {"(3.0, 1.0, 0.0)": 3013, "(3.0, 0.0, 0.0)": 128441, "(4.0, 1.0, 0.0)": 1402, "(4.0, 0.0, 0.0)": 59122, "(5.0, 1.0, 0.0)": 11, "(0.0, 1.0, 1.0)": 396, "(5.0, 0.0, 0.0)": 203, "(0.0, 0.0, 1.0)": 15096, "(1.0, 0.0, 1.0)": 16050, "(2.0, 0.0, 0.0)": 56760, "(2.0, 1.0, 0.0)": 952, "(1.0, 1.0, 1.0)": 558, "(6.0, 0.0, 0.0)": 0}}}