{"q": {"(3.0, 1.0, 0.0)": [0.0, 0.6938190260123436, 0.7697275909113297, 0.7911851063333453, 0.8449868472021657, 0.7986358719398224, 0.7669212664553823, 0.7859662122376708, 0.7457419524195678], "(3.0, 0.0, 0.0)": [0.0, 0.6918001011642616, 0.6918618724614597, 0.6901369484388504, 0.6919619297791394, 0.6908299041133867, 0.7519566317453074, 0.6922953835575242, 0.6918001012058768], "(4.0, 1.0, 0.0)": [0.0, 4.611884447707894, 13.105203168942415, 12.30193990821007, 1.6114102590704749, 1.840708463187896, 1.8918405219668215, 9.050701575024428, 8.185802751476054], "(4.0, 0.0, 0.0)": [0.0, 0.5591842647048456, 0.5614953801195229, 0.6013051733015207, 0.5724422971729946, 0.5871674076009241, 0.5925795392231437, 0.5850134433168871, 0.6073485630808122], "(5.0, 1.0, 0.0)": [0.0, 0.0, 11.694966872193708, 0.0, 0.0, 5.95703125, -0.21832555922152452, 0.0, 0.0], "(0.0, 1.0, 1.0)": [0.0, 1.1187954832090274, 0.6536091850020194, 0.3721151463539015, 1.4397159726047966, 1.2336623773885922, 1.0883413693887287, 0.7873011929502967, 0.36621825859045964], "(5.0, 0.0, 0.0)": [0.0, -8.813625216732822, -0.1264033700616258, -3.62413060539327, -7.7757135624030695, -2.358709776680516, 0.16518540481769733, -8.904658158106116, -1.8549436083971356], "(0.0, 0.0, 1.0)": [0.0, 0.5547295254901659, -1.9337248331558028, 0.5485115642940324, -4.541460933455101, 0.5524575284013199, 0.5962081279315998, 0.5485440603465723, 0.31731078294282533], "(1.0, 0.0, 1.0)": [0.0, 0.6240810267278736, 0.6764915429402142, 0.6481452982058769, 0.6274444074711885, 0.6391887118017037, 0.6732300669155171, 0.6382261311101337, 0.6618482002565618], "(2.0, 0.0, 0.0)": [0.0, 0.5470854915689458, 0.594112080836718, 0.5844104159127511, 0.5466095307660266, 0.5844637274013261, 0.5859057798573545, 0.5941386906280712, 0.5846943037936423], "(2.0, 1.0, 0.0)": [0.0, 1.0516005956150534, 0.8477123645256748, 0.8582037988478128, 0.8984537288082882, 0.8228954144108094, 0.9084777674729323, 0.9667601268347984, 0.8653892775611545], "(1.0, 1.0, 1.0)": [0.0, 1.1172733142189881, 1.34614917552509, 1.3364125160931055, 1.3561674775902959, 1.2048027668487786, 1.3350078647055035, 1.410251794432146, 1.4495546342521908], "(6.0, 0.0, 0.0)": [0.0, 0.0, 0.0, 0.0, 0.0, 0.0, 0.0, 0.0, 0.0]}, "stats": {"total_messages": 493885, "total_updates": 424005, "total_reward": -25513.0, "action_counts": [59007, 58922, 56020, 54213, 58131, 54076, 53889, 49229, 50398], "state_visits": {"(3.0, 1.0, 0.0)": 3246, "(3.0, 0.0, 0.0)": 178007, "(4.0, 1.0, 0.0)": 1500, "(4.0, 0.0, 0.0)": 80560, "(5.0, 1.0, 0.0)": 11, "(0.0, 1.0, 1.0)": 415, "(5.0, 0.0, 0.0)": 308, "(0.0, 0.0, 1.0)": 25037, "(1.0, 0.0, 1.0)": 35641, "(2.0, 0.0, 0.0)": 97530, "(2.0, 1.0, 0.0)": 1095, "(1.0, 1.0, 1.0)": 655, "(6.0, 0.0, 0.0)": 0}}}