{"q": {"(3.0, 0.0, 0.0)": [0.0, 0.21892565342506715, 0.14103531002168318, 0.19015171984989077, 0.21888110738320357, 0.11813970611616462, 0.10750576763122291, 0.10317720744533282, 0.10184290615533013], "(4.0, 0.0, 0.0)": [0.0, 0.022695347147601526, 0.0, 0.03700876797504483, 0.10934720677647737, 0.08931195735264494, 0.22111216812751627, 0.019189672430382148, 0.13917844124630024], "(3.0, 1.0, 0.0)": [0.0, 0.0, -4.9975, 0.0, 0.0, 0.0, 0.0, 0.0, 0.0], "(4.0, 1.0, 0.0)": [0.0, 0.0, 0.0, 0.0, 0.0, 0.0, 0.0, 0.0, 0.0], "(5.0, 1.0, 0.0)": [0.0, 0.0, 0.0, 0.0, 0.0, 0.0, 0.0, 0.0, 0.0], "(0.0, 1.0, 1.0)": [0.0, 0.0, 0.0, 0.0, 0.0, 0.0, 0.0, 0.0, 0.0], "(5.0, 0.0, 0.0)": [0.0, 0.0, 0.0, 0.0, 0.0, 0.0, 0.0, 0.0, 0.0], "(0.0, 0.0, 1.0)": [0.0, 0.0, 0.25480625, 0.0025, 0.0, 0.0, 0.0, 0.0, 0.0], "(1.0, 0.0, 1.0)": [0.0, 0.0, 0.0, 0.0, 0.0, 0.0, 0.0, 0.0, 0.0]}, "stats": {"total_messages": 599, "total_updates": 463, "total_reward": -9.37000000000008, "action_counts": [133, 117, 6, 142, 28, 4, 162, 3, 4], "state_visits": {"(3.0, 0.0, 0.0)": 286, "(4.0, 0.0, 0.0)": 173, "(3.0, 1.0, 0.0)": 1, "(4.0, 1.0, 0.0)": 0, "(5.0, 1.0, 0.0)": 0, "(0.0, 1.0, 1.0)": 0, "(5.0, 0.0, 0.0)": 0, "(0.0, 0.0, 1.0)": 3, "(1.0, 0.0, 1.0)": 0}}}