{"q": {"(3.0, 1.0, 0.0)": [0.0, 0.6938190260123436, 0.7920872194682798, 0.7911851063333453, 0.701432608988114, 0.7067463321112984, 0.7946588985982972, 0.7240020819559403, 0.6477342893549358], "(3.0, 0.0, 0.0)": [0.0, 0.5823912025255529, 0.5905376266361214, 0.5432946266022926, 0.5685775395769054, 0.5547871504233521, 0.587456987067807, 0.5667654916276063, 0.5502743060254583], "(4.0, 1.0, 0.0)": [0.0, 1.7970953695643148, 13.105203168942415, 14.191577915368075, 1.6114102590704749, 1.840708463187896, 1.8918405219668215, 9.050701575024428, 1.5114838464940064], "(4.0, 0.0, 0.0)": [0.0, 0.3168149551298196, 0.34429653746788674, 0.30902066000756845, 0.31471907768412133, 0.3312874364314602, 0.3402068843408503, 0.3104773250868933, 0.31839031777719096], "(5.0, 1.0, 0.0)": [0.0, 0.0, 11.694966872193708, 0.0, 0.0, 5.95703125, -0.21832555922152452, 0.0, 0.0], "(0.0, 1.0, 1.0)": [0.0, 1.1187954832090274, 0.6536091850020194, 0.3721151463539015, 1.4397159726047966, 1.2336623773885922, 1.0883413693887287, 0.7873011929502967, 0.36621825859045964], "(5.0, 0.0, 0.0)": [0.0, -7.731006689205273, -0.2328676227474678, -2.812356642144448, -7.243792814735778, -2.9980280822430303, 0.026577783964201927, -5.874733249421988, -3.2976775260393523], "(0.0, 0.0, 1.0)": [0.0, -0.028668801391424206, -0.012252164607213484, -0.4941357793563539, -0.14922755048521358, -0.09540960529354117, -1.0209322311458893, -1.4137486932483476, -0.006737660367309468], "(1.0, 0.0, 1.0)": [0.0, 0.3948904607160094, 0.09801874051453824, 0.36570643228276994, -0.014353297519827397, 0.031361841352900335, -0.28048083104108845, -0.15692798650999523, 0.0031177054515117916], "(2.0, 0.0, 0.0)": [0.0, 0.6938818124119013, 0.672009412255913, 0.6383747450100155, 0.6860940692238806, 0.6383952233714196, 0.6485713520873857, 0.6476632292055339, 0.6754025228815483], "(2.0, 1.0, 0.0)": [0.0, 0.9448906209243623, 0.977835885430532, 0.9288574597119171, 0.9353081323653546, 0.8228954144108094, 0.9084777674729323, 0.8117815670878797, 0.7914577469301222], "(1.0, 1.0, 1.0)": [0.0, 1.1172733142189881, 1.34614917552509, 1.3364125160931055, 1.3561674775902959, 1.2048027668487786, 1.3380705833334094, 1.410251794432146, 1.4495546342521908], "(6.0, 0.0, 0.0)": [0.0, 0.0, 0.0, 0.0, 0.0, 0.0, 0.0, 0.0, 0.0]}, "stats": {"total_messages": 412509, "total_updates": 349007, "total_reward": -21673.0, "action_counts": [53474, 48726, 46233, 45768, 46034, 46319, 43711, 42228, 40016], "state_visits": {"(3.0, 1.0, 0.0)": 3148, "(3.0, 0.0, 0.0)": 151685, "(4.0, 1.0, 0.0)": 1487, "(4.0, 0.0, 0.0)": 67884, "(5.0, 1.0, 0.0)": 11, "(0.0, 1.0, 1.0)": 415, "(5.0, 0.0, 0.0)": 242, "(0.0, 0.0, 1.0)": 20677, "(1.0, 0.0, 1.0)": 25656, "(2.0, 0.0, 0.0)": 76079, "(2.0, 1.0, 0.0)": 1072, "(1.0, 1.0, 1.0)": 651, "(6.0, 0.0, 0.0)": 0}}}