{"q": {"(3.0, 0.0, 0.0)": [0.0, 0.19250539309856704, 0.2471513652636295, 0.24948453339243193, 0.24806894801280824, 0.2492765905734365, 0.2471812245693885, 0.24768553398038815, 0.2268984002256205], "(3.0, 1.0, 0.0)": [0.0, -4.599986806797819, -2.7415690042323875, -0.0209495062493587, -1.5060532532974162, -0.4192818009291955, -1.183790567632184, -0.6125892397799995, -0.8206467170393958], "(4.0, 0.0, 0.0)": [0.0, 0.14493362221022194, 0.4189909883001534, 0.1700991822592148, 0.15712738375447138, 0.1446439930300271, 0.17004603568824495, 0.15663518828285034, 0.16747673964884818], "(4.0, 1.0, 0.0)": [0.0, -0.4811659214884197, -3.2350793799653847, -0.45371903617254067, -1.1385127938069157, -1.1478982609121302, -4.875236694284054, -2.05507731037178, -0.6414367083398607], "(5.0, 1.0, 0.0)": [0.0, 0.0, 0.0, 0.0, 0.0, 0.015639435748842044, 0.0, 0.0, 0.0], "(5.0, 0.0, 0.0)": [0.0, 0.0, 0.0, 0.0, 0.0, 0.0, 0.0, 0.0, 0.0], "(0.0, 0.0, 1.0)": [0.0, -1.870625, -3.2653512396011632, -4.370625, -2.481622311185308, -0.694929609116157, -1.8694865, -2.6451303651751106, -9.270775852683593], "(1.0, 0.0, 1.0)": [0.0, 0.07594406609024966, -0.8768157273568531, 0.12385549800897974, 0.16888495486520075, -0.8650024244287957, 0.06602019299133485, -0.3576085069429822, -0.9661734423815492], "(2.0, 0.0, 0.0)": [0.0, -0.41744056174628025, 0.048644721834111476, 0.45745836919588057, -1.5946332167201007, -0.9678280552341494, -0.9668165325076248, -0.674380688215283, -0.6541995645811458], "(1.0, 1.0, 1.0)": [0.0, 0.07079256671918725, 0.05815670368729733, 0.04925831143841886, 0.04934293499436879, 0.23749153089908315, 0.07883079403070845, 0.06230956615196638, -2.7432066924786636], "(0.0, 1.0, 1.0)": [0.0, -4.947448442619386, -2.09523662985158, -1.1764468746113894, -2.4876224648636422, -3.671650924159623, -1.927457257971295, 0.0, -3.7118072651413856], "(2.0, 1.0, 0.0)": [0.0, 0.0, 0.005410437107745001, 0.050951759683184474, 0.011231387506495279, 0.0, 0.0, 0.0, 0.011235440181140853], "(-1.0, 0.0, 1.0)": [0.0, 0.0, 0.0, 0.0, 0.0, 0.0, 0.0, 0.0, 0.0]}, "stats": {"total_messages": 11322, "total_updates": 9360, "total_reward": -630.4000000000609, "action_counts": [1838, 625, 653, 1750, 1305, 1865, 594, 1625, 1067], "state_visits": {"(3.0, 0.0, 0.0)": 3400, "(3.0, 1.0, 0.0)": 1075, "(4.0, 0.0, 0.0)": 2397, "(4.0, 1.0, 0.0)": 994, "(5.0, 1.0, 0.0)": 7, "(5.0, 0.0, 0.0)": 0, "(0.0, 0.0, 1.0)": 126, "(1.0, 0.0, 1.0)": 279, "(2.0, 0.0, 0.0)": 340, "(1.0, 1.0, 1.0)": 548, "(0.0, 1.0, 1.0)": 165, "(2.0, 1.0, 0.0)": 29, "(-1.0, 0.0, 1.0)": 0}}}