{"q": {"(3.0, 1.0, 0.0)": [0.0, 0.23576412393486232, 0.23946412529579658, 0.23673324692034384, 0.23790448123320782, 0.666519125491278, 0.23335765092726563, 0.23783881528606188, 0.23674738220546615], "(3.0, 0.0, 0.0)": [0.0, 0.029954909721984585, 0.059884916994814914, -1.8205513236986888, -1.769211020818668, 0.24447548909528102, 0.27674553588097894, -2.2518188111700868, 0.2584704162421426], "(4.0, 1.0, 0.0)": [0.0, 0.9567728906852189, 0.990138524065416, 0.9855640493140351, 0.9692479134501182, 0.8357655381867812, 0.9793606187721381, 0.8691522644176559, 0.7897155105399307], "(4.0, 0.0, 0.0)": [0.0, 0.2619716759215882, 0.1822151562475393, 0.1374786146620398, 0.1436008269230676, 0.25385566604778953, 0.303136062919044, 0.2938342188975498, 0.2723734612906038], "(5.0, 1.0, 0.0)": [0.0, 0.0, 11.694966872193708, 0.0, 0.0, 5.95703125, -2.3326210184312908, 0.0, 0.0], "(0.0, 1.0, 1.0)": [0.0, 1.3541054303811262, 0.7323523845013985, 0.3721151463539015, 1.4397159726047966, 1.037324654593918, 0.3666853257422, 0.3694498026255397, 0.36621825859045964], "(5.0, 0.0, 0.0)": [0.0, -6.554766146024937, -6.855792205348262, -0.4785780678564, -5.308236479759216, -4.8405344566764565, -1.3572807739190993, -6.327963992796229, -1.0995244109062416], "(0.0, 0.0, 1.0)": [0.0, -0.4511846267110028, -7.255934685639512, -7.412290726150497, -2.616150755551742, -0.5878267846789549, -3.16134960347516, -4.608468092001496, -4.986314378033245], "(1.0, 0.0, 1.0)": [0.0, -1.6304623992937426, -1.0008241052633067, -0.03414395129929729, -2.0682770280313543, -1.0377895930155006, -2.445695835251528, -1.2205390485178729, -3.848510211989322], "(2.0, 0.0, 0.0)": [0.0, 0.12223784842775459, -0.056129962078131604, 0.16301651608548423, 0.17712460333600077, -0.17987678495514706, -0.3442549980957509, -0.0027026309619472833, -0.158196809558043], "(2.0, 1.0, 0.0)": [0.0, 0.3459484501945023, 0.3437886192318903, 0.34644645441704575, 0.3429705833348483, 0.34667906874174703, 0.34644845748832903, 1.0626642295814015, 0.291999029347744], "(1.0, 1.0, 1.0)": [0.0, 0.7013761539542837, 1.690964084393481, 1.6798772112646077, 1.1416381956372337, 1.7144712672995595, 1.2916615880616606, 1.2928114333999978, 1.7159100512060645], "(6.0, 0.0, 0.0)": [0.0, 0.0, 0.0, 0.0, 0.0, 0.0, 0.0, 0.0, 0.0]}, "stats": {"total_messages": 245550, "total_updates": 200000, "total_reward": -14241.0, "action_counts": [36398, 27520, 26652, 27702, 24567, 28151, 27220, 24989, 22351], "state_visits": {"(3.0, 1.0, 0.0)": 2706, "(3.0, 0.0, 0.0)": 85573, "(4.0, 1.0, 0.0)": 1135, "(4.0, 0.0, 0.0)": 38330, "(5.0, 1.0, 0.0)": 8, "(0.0, 1.0, 1.0)": 387, "(5.0, 0.0, 0.0)": 133, "(0.0, 0.0, 1.0)": 13428, "(1.0, 0.0, 1.0)": 12394, "(2.0, 0.0, 0.0)": 44475, "(2.0, 1.0, 0.0)": 945, "(1.0, 1.0, 1.0)": 486, "(6.0, 0.0, 0.0)": 0}}}