{"q": {"(3.0, 1.0, 0.0)": [0.0, 1.5174930470879275, 1.4534711681968173, 1.5404035303928691, 1.3505897935613107, 1.4988104906199529, 1.4272387625440452, 1.5250900468853714, 1.4802322204834324], "(3.0, 0.0, 0.0)": [0.0, 0.44583251835683885, 0.6760061591927125, 0.45398607177939043, 0.42422030121569865, 0.4940264794279741, 0.6605176920813677, 0.5717554026605582, 0.5431890352856964], "(4.0, 1.0, 0.0)": [0.0, 2.8348619460906406, 2.8331419189617657, 2.9712173188084923, 3.0114408825607817, 2.520884154159746, 5.615592582506244, 2.998352089828098, 2.9933786657977395], "(4.0, 0.0, 0.0)": [0.0, 0.5257323716824389, 0.5380513408544602, 0.5583617049732701, 0.5340553519034018, 0.5687451465162696, 0.5647923350050186, 0.5538989091913575, 0.5706114348167484], "(5.0, 1.0, 0.0)": [0.0, 0.0, 10.34903431817012, 0.0, 0.0, 5.375024768888167, -0.21832555922152452, 3.598412644113912, 0.0], "(0.0, 1.0, 1.0)": [0.0, 0.5238277356444393, 1.02638527155107, 0.5545722337857472, 0.5462646839795721, 0.5439586763251649, 0.5256006369797743, 0.5562130825866791, 0.5567073525001245], "(5.0, 0.0, 0.0)": [0.0, -9.23222068392073, -2.302029756825137, -1.7010277481369402, -9.820876985141659, -1.4706282227447667, -2.0955758647376026, -5.25139934168037, -2.375482165681225], "(0.0, 0.0, 1.0)": [0.0, 0.8111371542273934, -1.181702980710127, -3.299242308727731, -1.5178839475987727, -1.8974921859170544, -4.300375129779766, -0.7090477448107366, -4.412697298344305], "(1.0, 0.0, 1.0)": [0.0, 0.44076008381127674, 0.23898790101800452, -0.1412519527284536, -0.23755918785262364, -0.07404861200537324, -0.13841880386583422, 0.0873108661876239, -0.9835714142009716], "(2.0, 0.0, 0.0)": [0.0, 0.5319686488892421, 0.5571300358115264, -0.07134375176677721, 0.3293181677991337, 0.2848310020299501, 0.24118796600514367, 0.1655972100424268, 0.2013162409806494], "(2.0, 1.0, 0.0)": [0.0, 0.9831167416743507, 1.016415198649661, 0.8276932977482595, 1.1197713708806583, 1.1165219917969393, 0.8617315415647888, 0.9002808646729563, 1.1051727504946718], "(1.0, 1.0, 1.0)": [0.0, 1.206644970474108, 1.202168187222838, 1.2015779484187865, 1.2087843159704548, 1.2017007816535938, 1.1674821231538322, 1.2215695048136508, 1.212326492815222], "(6.0, 0.0, 0.0)": [0.0, 0.0, 0.0, 0.0, 0.0, 0.0, 0.0, 0.0, 0.0], "(6.0, 1.0, 0.0)": [0.0, 0.0, 0.0, 0.0, 0.0, 0.0, 0.0, 0.0, 0.0]}, "stats": {"total_messages": 857501, "total_updates": 748005, "total_reward": -40803.0, "action_counts": [95719, 103231, 102640, 93221, 98277, 91852, 91629, 90319, 90613], "state_visits": {"(3.0, 1.0, 0.0)": 4854, "(3.0, 0.0, 0.0)": 297253, "(4.0, 1.0, 0.0)": 2387, "(4.0, 0.0, 0.0)": 141594, "(5.0, 1.0, 0.0)": 32, "(0.0, 1.0, 1.0)": 1201, "(5.0, 0.0, 0.0)": 532, "(0.0, 0.0, 1.0)": 46463, "(1.0, 0.0, 1.0)": 76989, "(2.0, 0.0, 0.0)": 171850, "(2.0, 1.0, 0.0)": 2667, "(1.0, 1.0, 1.0)": 2182, "(6.0, 0.0, 0.0)": 1, "(6.0, 1.0, 0.0)": 0}}}