{"q": {"(3.0, 1.0, 0.0)": [0.0, 0.7413174887061942, 0.7680233069142474, 0.6601663230590924, 0.7217937436623589, 0.7156133694524813, 0.7442888539347318, 0.7403088754583136, 0.7238543292430075], "(3.0, 0.0, 0.0)": [0.0, 0.4667327359120096, 0.46842789473623686, 0.4794576484466194, 0.46646900938501107, 0.4664640510655482, 0.5070311556297699, 0.4630227881950897, 0.4666864781809345], "(4.0, 1.0, 0.0)": [0.0, 1.7303516202991445, 2.9505031521778258, 1.1498598999747018, 1.8605200512565567, 1.9316454354318542, 1.1380563011750509, 1.2967431741310687, 1.923187034148428], "(4.0, 0.0, 0.0)": [0.0, 0.7015150185620223, 0.6621888968834877, 0.7020746449863003, 0.7040936914224027, 0.6615884705435779, 0.6889192453694897, 0.7184446627451877, 0.6609690902838121], "(5.0, 1.0, 0.0)": [0.0, 0.0, 11.694966872193708, 0.0, 0.0, 5.95703125, -2.3326210184312908, 0.0, 0.0], "(0.0, 1.0, 1.0)": [0.0, 0.3833493124328311, 0.40485341695492816, 0.4010203711925814, 0.41429932572903994, 0.4134780531651381, 0.40370644971047764, 0.4367218337031259, 0.4017847815366344], "(5.0, 0.0, 0.0)": [0.0, -8.428572719008947, -0.626798986612154, 0.47788773155464137, -6.8359375, -1.961758368875276, -4.289677507694931, -2.5, 0.2542028225289001], "(0.0, 0.0, 1.0)": [0.0, 0.286688593723993, 0.24084274886834683, 0.2803982667042029, 0.2725268221227961, 0.30478070781136546, 0.2864282899936951, 0.30471965789932665, 0.28533120335874507], "(1.0, 0.0, 1.0)": [0.0, 0.4505287105516057, 0.47816652276381805, 0.4820303540112979, 0.47142564957478544, 0.4800532221985451, 0.519584152334786, 0.5066142761566279, 0.4627356113076754], "(2.0, 0.0, 0.0)": [0.0, 0.4485391850849552, 0.4508846459493189, 0.44741156363251483, 0.44809035323783397, 0.44811032249207794, 0.4870547172242421, 0.44808391753959986, 0.4535632381843917], "(2.0, 1.0, 0.0)": [0.0, 0.5988322502344817, 0.3710074700324143, 0.4733613202103938, 0.8341992515912344, 0.5023097582909885, 0.6154996061585591, 0.39483482863200464, 0.551880862320295], "(1.0, 1.0, 1.0)": [0.0, 0.7635282888169664, 1.0655751404697844, 0.8566649795894776, 1.155185615250787, 1.051927931404442, 1.1411353708762488, 0.9119602746439139, 0.9474503442544107], "(6.0, 0.0, 0.0)": [0.0, 0.0, 0.0, 0.0, 0.0, 0.0, 0.0, 0.0, 0.0]}, "stats": {"total_messages": 118308, "total_updates": 90005, "total_reward": -6744.0, "action_counts": [19328, 10674, 12755, 11772, 11365, 14356, 12479, 13572, 12007], "state_visits": {"(3.0, 1.0, 0.0)": 1824, "(3.0, 0.0, 0.0)": 39170, "(4.0, 1.0, 0.0)": 858, "(4.0, 0.0, 0.0)": 19386, "(5.0, 1.0, 0.0)": 8, "(0.0, 1.0, 1.0)": 290, "(5.0, 0.0, 0.0)": 80, "(0.0, 0.0, 1.0)": 9759, "(1.0, 0.0, 1.0)": 6049, "(2.0, 0.0, 0.0)": 11812, "(2.0, 1.0, 0.0)": 447, "(1.0, 1.0, 1.0)": 322, "(6.0, 0.0, 0.0)": 0}}}