{"q": {"(3.0, 1.0, 0.0)": [0.0, 0.7252538367094442, 0.7422280878815672, 0.3660035362261143, 0.855268309920961, 0.33431403186421293, 0.752338907892835, 0.7821850239008237, 0.34682570505843546], "(3.0, 0.0, 0.0)": [0.0, 0.5203422543283567, 0.5203422520617819, 0.5655894043862791, 0.5411919833580774, 0.5291329263995164, 0.5489822616668425, 0.5310949685051675, 0.5211156204254896], "(4.0, 1.0, 0.0)": [0.0, 1.7303516202991445, 2.9505031521778258, 1.1498598999747018, 1.8605200512565567, 1.9316454354318542, 1.1380563011750509, 1.2967431741310687, 1.923187034148428], "(4.0, 0.0, 0.0)": [0.0, 0.731337683496144, 0.7364254684979228, 0.7537568840324225, 0.7492727818077332, 0.7624931000671272, 0.7421894754772633, 0.7416738255335926, 0.7970373582043966], "(5.0, 1.0, 0.0)": [0.0, 0.0, 11.694966872193708, 0.0, 0.0, 5.95703125, -2.3326210184312908, 0.0, 0.0], "(0.0, 1.0, 1.0)": [0.0, 0.3639137826893968, 0.4090595357726293, 0.44384548986346684, 0.42246875450763505, 0.42950311790053447, 0.4078597024651728, 0.4367218337031259, 0.4316504832865826], "(5.0, 0.0, 0.0)": [0.0, -8.428572719008947, -0.626798986612154, 0.47788773155464137, -6.8359375, -1.961758368875276, -4.289677507694931, -2.5, 0.2542028225289001], "(0.0, 0.0, 1.0)": [0.0, -2.6920917641885573, -3.503048510255227, 0.38259281178472376, 0.2260723628583028, -5.417408842895379, 0.3519853868419782, 0.3441935334494615, 0.36244547891586], "(1.0, 0.0, 1.0)": [0.0, 0.49986165011981504, 0.5377956036272891, 0.5311149776219137, 0.5075537484769802, 0.5103428419849143, 0.4954048779703154, 0.49472134947348384, 0.4961036832339569], "(2.0, 0.0, 0.0)": [0.0, 0.5270300427243786, 0.5269885102850212, 0.5456712244028982, 0.526987253331835, 0.5728092308088089, 0.53040191038361, 0.5176124126112536, 0.5269844923426557], "(2.0, 1.0, 0.0)": [0.0, 0.4372646214991827, 0.3710074700324143, 0.2975707329451157, 0.40538928756430603, 0.4760726838007223, 0.1474065188846589, 0.39483482863200464, 0.4015950231507571], "(1.0, 1.0, 1.0)": [0.0, 0.5408378702920467, 1.0708186735576628, 0.8566649795894776, 1.0249031072627968, 1.0775917464157896, 1.1411353708762488, 0.6434685001106955, 0.9474503442544107], "(6.0, 0.0, 0.0)": [0.0, 0.0, 0.0, 0.0, 0.0, 0.0, 0.0, 0.0, 0.0]}, "stats": {"total_messages": 112059, "total_updates": 84002, "total_reward": -6470.0, "action_counts": [19280, 10493, 12146, 11142, 11142, 13143, 10575, 12513, 11625], "state_visits": {"(3.0, 1.0, 0.0)": 1698, "(3.0, 0.0, 0.0)": 37297, "(4.0, 1.0, 0.0)": 858, "(4.0, 0.0, 0.0)": 19054, "(5.0, 1.0, 0.0)": 8, "(0.0, 1.0, 1.0)": 205, "(5.0, 0.0, 0.0)": 80, "(0.0, 0.0, 1.0)": 8813, "(1.0, 0.0, 1.0)": 5491, "(2.0, 0.0, 0.0)": 9818, "(2.0, 1.0, 0.0)": 403, "(1.0, 1.0, 1.0)": 277, "(6.0, 0.0, 0.0)": 0}}}