{"q": {"(3.0, 1.0, 0.0)": [0.0, 0.23576412393486232, 0.23946412529579658, 0.23673324692034384, 0.23790448123320782, 0.666519125491278, 0.23335765092726563, 0.23783881528606188, 0.23674738220546615], "(3.0, 0.0, 0.0)": [0.0, 0.2115312174736102, 0.1536007695961894, 0.1444722339177822, -0.32497663762994233, 0.22992483794654253, -0.025942159953763602, -0.42486561425224917, 0.07936186118940147], "(4.0, 1.0, 0.0)": [0.0, 0.9567728906852189, 0.990138524065416, 0.9855640493140351, 0.9692479134501182, 0.8357655381867812, 0.9793606187721381, 0.8691522644176559, 0.7897155105399307], "(4.0, 0.0, 0.0)": [0.0, 0.30275944729346854, 0.3255028534040247, 0.32221997615329623, 0.3325469082208202, 0.3207592676679714, 0.3244884749033454, 0.2948762557166496, 0.3472280163114436], "(5.0, 1.0, 0.0)": [0.0, 0.0, 11.694966872193708, 0.0, 0.0, 5.95703125, -2.3326210184312908, 0.0, 0.0], "(0.0, 1.0, 1.0)": [0.0, 1.3541054303811262, 0.7323523845013985, 0.3721151463539015, 1.4397159726047966, 1.037324654593918, 0.3666853257422, 0.3694498026255397, 0.36621825859045964], "(5.0, 0.0, 0.0)": [0.0, -6.554766146024937, -6.855792205348262, -0.4785780678564, -4.860883019864559, -3.6304008425073424, -1.3572807739190993, -6.327963992796229, -0.6184824811347609], "(0.0, 0.0, 1.0)": [0.0, -0.14275763579527825, -4.249800363616553, -5.002060150094741, -1.675512337499095, -4.944756448608762, -4.281520772974563, -0.8202083103196023, -2.6063370739091045], "(1.0, 0.0, 1.0)": [0.0, -2.6632303436548805, -1.183854502055968, -0.0019227659037324954, -5.029415778400546, -2.937817484553414, -2.012144942465858, -5.092121514838171, -0.03215282393241646], "(2.0, 0.0, 0.0)": [0.0, -0.3312512012753036, -0.44706633478705504, -0.0016347780638274433, -0.0002331362976722183, -0.19055929746123748, -0.5188618569370409, -0.07821773218178091, -0.639170373678934], "(2.0, 1.0, 0.0)": [0.0, 0.3459484501945023, 0.3437886192318903, 0.34644645441704575, 0.3429705833348483, 0.34667906874174703, 0.34644845748832903, 1.0626642295814015, 0.291999029347744], "(1.0, 1.0, 1.0)": [0.0, 0.7013761539542837, 1.690964084393481, 1.6798772112646077, 1.1416381956372337, 1.7144712672995595, 1.2916615880616606, 1.2928114333999978, 1.7159100512060645], "(6.0, 0.0, 0.0)": [0.0, 0.0, 0.0, 0.0, 0.0, 0.0, 0.0, 0.0, 0.0]}, "stats": {"total_messages": 258440, "total_updates": 210002, "total_reward": -15880.0, "action_counts": [39276, 28889, 27448, 29239, 26205, 29636, 28067, 25746, 23934], "state_visits": {"(3.0, 1.0, 0.0)": 2706, "(3.0, 0.0, 0.0)": 91279, "(4.0, 1.0, 0.0)": 1135, "(4.0, 0.0, 0.0)": 41216, "(5.0, 1.0, 0.0)": 8, "(0.0, 1.0, 1.0)": 387, "(5.0, 0.0, 0.0)": 138, "(0.0, 0.0, 1.0)": 13477, "(1.0, 0.0, 1.0)": 12448, "(2.0, 0.0, 0.0)": 45777, "(2.0, 1.0, 0.0)": 945, "(1.0, 1.0, 1.0)": 486, "(6.0, 0.0, 0.0)": 0}}}