{"q": {"(3.0, 1.0, 0.0)": [0.0, -3.666790350792022, -1.955991137754733, -1.068188867674624, -3.604042665945549, -1.201576598412745, -2.7759667861441018, -0.4475376080770956, -6.496900663786043], "(3.0, 0.0, 0.0)": [0.0, -0.17678917136383282, -0.06794697711580243, -0.08886192575414978, -0.18454756489512214, -0.13513570087879398, -0.35799589456757913, -0.1778423838650007, -0.10651466167235199], "(4.0, 0.0, 0.0)": [0.0, 0.15320505923697086, 0.15284448159841632, 0.07721226698151097, 0.15294671634527915, 0.15273567986188746, 0.15266119725752592, 0.13417006900200074, 0.15276672146970705], "(4.0, 1.0, 0.0)": [0.0, -4.842236094837717, -2.172836771770849, -0.1358743788696617, -4.849519682840929, 0.003972179594910197, -3.163865530512761, -4.853850904904033, -4.945271819758918], "(5.0, 0.0, 0.0)": [0.0, 0.0, 0.0, -3.2692972242293035, -2.450761638069153, -1.8661778572191108, -1.8510621526616173, 0.0, -1.870625], "(0.0, 0.0, 1.0)": [0.0, -0.2078951920529872, -2.496645758564895, -2.549762824614679, -2.4876441078997087, -4.904664598337727, -4.323108053600901, -2.4927551556779077, -2.4071482971037486], "(1.0, 0.0, 1.0)": [0.0, -0.05381174844931094, -2.5116941426894868, -2.540975161423654, -1.7233425218169298, -0.09362697512758726, -1.795495096675654, -2.5035208489145724, -1.8374245335557662], "(2.0, 0.0, 0.0)": [0.0, -1.7746956372777483, -1.9590234698580793, -3.201795239833337, -5.406891360710464, -1.7785042875866925, -0.2656917745716578, -3.2930137453013826, -2.890006859045635], "(2.0, 1.0, 0.0)": [0.0, -4.8311646464782285, -6.132888078292389, -1.5436769317324037, -1.4967076381858153, -0.4169184331918257, -4.925185517903144, -1.0829780490434429, -0.3719900696441475], "(5.0, 1.0, 0.0)": [0.0, 0.0, -4.954783222697354, 0.0, 4.01736994477897, 0.0, 0.0025, -0.18034062500000014, 0.0], "(0.0, 1.0, 1.0)": [0.0, -0.2498197032805211, -0.007145995503627523, -1.288839323436944, -0.026334036668816542, -5.005740121615684, -0.056478212527858423, -0.025185897101246947, -0.2647591647310596], "(1.0, 1.0, 1.0)": [0.0, -0.37786020741710835, 0.41950560649490104, -0.8215681724061502, -0.7302684809171689, -3.6589627540961445, -1.0629984990208552, 0.00248218964564878, -2.681645559328591], "(-1.0, 0.0, 1.0)": [0.0, 0.0, 0.0, 0.0, 0.0, 0.0, 0.0, 0.0, 0.0], "(-1.0, 1.0, 1.0)": [0.0, 0.0, 0.0, 0.0, 0.0, 0.0, 0.0, 0.0, 0.0], "(6.0, 1.0, 0.0)": [0.0, 0.0, 7.0043750000000005, 0.0, 0.0, 0.0, 0.0, 0.0, 0.0]}, "stats": {"total_messages": 94999, "total_updates": 59103, "total_reward": -4799.969999993446, "action_counts": [35157, 6593, 7503, 10937, 10287, 9189, 4989, 5315, 5029], "state_visits": {"(3.0, 1.0, 0.0)": 6639, "(3.0, 0.0, 0.0)": 27454, "(4.0, 0.0, 0.0)": 12265, "(4.0, 1.0, 0.0)": 4017, "(5.0, 0.0, 0.0)": 82, "(0.0, 0.0, 1.0)": 729, "(1.0, 0.0, 1.0)": 911, "(2.0, 0.0, 0.0)": 1644, "(2.0, 1.0, 0.0)": 1686, "(5.0, 1.0, 0.0)": 134, "(0.0, 1.0, 1.0)": 1203, "(1.0, 1.0, 1.0)": 2337, "(-1.0, 0.0, 1.0)": 0, "(-1.0, 1.0, 1.0)": 0, "(6.0, 1.0, 0.0)": 2}}}