{"q": {"(3.0, 1.0, 0.0)": [0.0, 0.2548957757786251, 0.25662181455388183, 0.2515249246916079, 0.25276934061616313, 0.25395705352323583, 0.2518713713353723, 0.2566293373022378, 0.255623286927179], "(3.0, 0.0, 0.0)": [0.0, 0.9590618230975516, 0.9867259385591087, 1.0044114309298469, 0.9274576712211525, 0.947665469320397, 0.9240606170092498, 0.9282047201451965, 0.8428580601837687], "(4.0, 1.0, 0.0)": [0.0, 1.087202861937148, 1.086796047708974, 1.0822389389769895, 1.0842221828527934, 1.0952435726135172, 1.0993168705085983, 1.08842987087691, 1.0796582960624448], "(4.0, 0.0, 0.0)": [0.0, -0.05265117052348664, -0.017506815158200777, -3.195236399332569, -1.9964293806542805, -0.010557566389187404, -0.014857356748188721, -0.09504934142222234, -2.5372996218082493], "(5.0, 1.0, 0.0)": [0.0, 0.0, 11.694966872193708, 0.0, 0.0, 5.95703125, -2.3326210184312908, 0.0, 0.0], "(0.0, 1.0, 1.0)": [0.0, 2.1221819228764973, 0.3761903818159485, 0.3721151463539015, 1.4397159726047966, 1.037324654593918, 0.3666853257422, 0.3694498026255397, 0.36621825859045964], "(5.0, 0.0, 0.0)": [0.0, -5.166853086873925, -5.80772294046435, -0.4785780678564, -5.308236479759216, -4.8405344566764565, -1.3572807739190993, -6.327963992796229, -1.0995244109062416], "(0.0, 0.0, 1.0)": [0.0, -2.549423017753293, -0.6772903015627662, -2.72367288970149, -1.477222361810538, -2.4770972325565834, -3.935374452447542, -0.46174948605201505, -2.789384643204805], "(1.0, 0.0, 1.0)": [0.0, -1.038353584342421, -0.026350474828446126, -0.4547392150283488, -0.5151581286080037, -0.00022618974854918071, -0.2833235130279143, -0.5935286138331943, -0.9491848660637715], "(2.0, 0.0, 0.0)": [0.0, 0.5144758270291749, 0.5133091506870806, 0.521568574390816, 0.5285303445919662, 0.5391752226456539, 0.5476373885021273, 0.549775020894866, 0.5425063686325132], "(2.0, 1.0, 0.0)": [0.0, 0.37943472122797534, 0.37916106943006506, 0.34644645441704575, 0.38671136393696814, 0.38174366127515336, 0.38156018210315307, 0.383188083654996, 0.38108121157054664], "(1.0, 1.0, 1.0)": [0.0, 0.7013761539542837, 2.297567505007907, 2.24102096527763, 0.953928821295891, 2.0689796620810172, 1.062849396391695, 1.8314526450146873, 1.9155927687838479], "(6.0, 0.0, 0.0)": [0.0, 0.0, 0.0, 0.0, 0.0, 0.0, 0.0, 0.0, 0.0]}, "stats": {"total_messages": 233370, "total_updates": 191003, "total_reward": -12084.0, "action_counts": [33269, 26367, 25261, 26457, 23718, 26667, 25516, 24324, 21791], "state_visits": {"(3.0, 1.0, 0.0)": 2676, "(3.0, 0.0, 0.0)": 81084, "(4.0, 1.0, 0.0)": 1089, "(4.0, 0.0, 0.0)": 36981, "(5.0, 1.0, 0.0)": 8, "(0.0, 1.0, 1.0)": 377, "(5.0, 0.0, 0.0)": 129, "(0.0, 0.0, 1.0)": 13364, "(1.0, 0.0, 1.0)": 12285, "(2.0, 0.0, 0.0)": 41670, "(2.0, 1.0, 0.0)": 906, "(1.0, 1.0, 1.0)": 434, "(6.0, 0.0, 0.0)": 0}}}