{"q": {"(3.0, 1.0, 0.0)": [0.0, 0.6938190260123436, 0.7697275909113297, 0.7911851063333453, 0.8449868472021657, 0.7986358719398224, 0.7669212664553823, 0.7859662122376708, 0.7457419524195678], "(3.0, 0.0, 0.0)": [0.0, 0.7752657074502723, 0.7712303147794539, 0.7687569366059721, 0.8356053658760567, 0.7900944126648881, 0.7861762083468269, 0.781492042701826, 0.8069964861286938], "(4.0, 1.0, 0.0)": [0.0, 4.611884447707894, 13.105203168942415, 12.30193990821007, 1.6114102590704749, 1.840708463187896, 1.8918405219668215, 9.050701575024428, 8.185802751476054], "(4.0, 0.0, 0.0)": [0.0, 0.5609581783967461, 0.5891492365985191, 0.5839059016916134, 0.5715665807558209, 0.555611685842309, 0.5705619885117994, 0.5658656019564344, 0.5831468005973874], "(5.0, 1.0, 0.0)": [0.0, 0.0, 11.694966872193708, 0.0, 0.0, 5.95703125, -0.21832555922152452, 0.0, 0.0], "(0.0, 1.0, 1.0)": [0.0, 1.1187954832090274, 0.6536091850020194, 0.3721151463539015, 1.4397159726047966, 1.2336623773885922, 1.0883413693887287, 0.7873011929502967, 0.36621825859045964], "(5.0, 0.0, 0.0)": [0.0, -7.5395271321869535, -0.1264033700616258, -4.9902629383714245, -8.945412058372215, -6.378282322897209, -1.0441804182914027, -8.259653089599901, -1.8549436083971356], "(0.0, 0.0, 1.0)": [0.0, 0.23562385678404374, -5.129335082692936, -0.8271600338508589, 0.1907256258922462, 0.02681970363581171, 0.2566908689096702, 0.12492278920346242, 0.41194451615361505], "(1.0, 0.0, 1.0)": [0.0, 0.40067649752477363, 0.5882235410777285, 0.34634303115251525, 0.265582880377378, 0.1780169857447073, 0.6054986444276866, 0.2393525633253118, 0.48356438469197793], "(2.0, 0.0, 0.0)": [0.0, 0.6291187079878611, 0.6528718265619378, 0.6528574167030676, 0.7096438427867693, 0.6530593693709215, 0.6522905749364221, 0.6391111581932116, 0.650345514663397], "(2.0, 1.0, 0.0)": [0.0, 1.0516005956150534, 0.8477123645256748, 0.8582037988478128, 0.8984537288082882, 0.8228954144108094, 0.9084777674729323, 0.9667601268347984, 0.8653892775611545], "(1.0, 1.0, 1.0)": [0.0, 1.1172733142189881, 1.34614917552509, 1.3364125160931055, 1.3561674775902959, 1.2048027668487786, 1.3350078647055035, 1.410251794432146, 1.4495546342521908], "(6.0, 0.0, 0.0)": [0.0, 0.0, 0.0, 0.0, 0.0, 0.0, 0.0, 0.0, 0.0]}, "stats": {"total_messages": 456955, "total_updates": 388003, "total_reward": -25011.0, "action_counts": [58677, 53412, 51195, 50536, 53789, 50896, 48021, 45375, 45054], "state_visits": {"(3.0, 1.0, 0.0)": 3246, "(3.0, 0.0, 0.0)": 165463, "(4.0, 1.0, 0.0)": 1500, "(4.0, 0.0, 0.0)": 75890, "(5.0, 1.0, 0.0)": 11, "(0.0, 1.0, 1.0)": 415, "(5.0, 0.0, 0.0)": 289, "(0.0, 0.0, 1.0)": 21389, "(1.0, 0.0, 1.0)": 29639, "(2.0, 0.0, 0.0)": 88411, "(2.0, 1.0, 0.0)": 1095, "(1.0, 1.0, 1.0)": 655, "(6.0, 0.0, 0.0)": 0}}}