{"q": {"(3.0, 1.0, 0.0)": [0.0, 0.8376817782615873, 0.8726626652297715, 0.8873879656473096, 1.6737476412652752, 1.5924787731170658, 0.8665569715280786, 0.8914900582638922, 0.8331438806617704], "(3.0, 0.0, 0.0)": [0.0, 0.465240593626456, 0.7129178648855736, 0.4328408290929111, 0.34848289043676023, 0.46062636603857676, 0.637605940155171, 0.35629228825972514, -1.8509587020284202], "(4.0, 1.0, 0.0)": [0.0, 2.8348619460906406, 2.840504314695014, 3.4247007507686376, 2.772017152484081, 4.5811810562128805, 2.7936540071057623, 2.809883033699148, 2.7632315344240284], "(4.0, 0.0, 0.0)": [0.0, 0.4085598052909539, 0.42788626121647444, 0.40084856345683484, 0.4126244958019228, 0.4208579852280343, 0.4352039600442808, 0.4314229021725159, 0.42122862850840515], "(5.0, 1.0, 0.0)": [0.0, 0.0, 13.483954274284496, 0.0, 0.0, 5.375024768888167, -0.21832555922152452, 3.598412644113912, 0.0], "(0.0, 1.0, 1.0)": [0.0, 0.6418131152556622, 0.47281832296761817, 0.6411920390630532, 0.6424516567012555, 0.6391759798946359, 0.6406368367687647, 0.6245261208383119, 0.6267216402397748], "(5.0, 0.0, 0.0)": [0.0, -8.100499776060795, -0.029996112231420968, -3.925937001859987, -6.819182468321259, -0.7226837803359935, -0.3054855223873161, -7.836262808237375, -2.575679546819503], "(0.0, 0.0, 1.0)": [0.0, -2.627111648255824, -5.206318123044222, -3.571003391662309, -4.214708631003793, -4.85927920405109, -6.488020589788151, -0.33178836449211907, -6.0480727958181255], "(1.0, 0.0, 1.0)": [0.0, -1.8669898666940519, -1.0816717347484746, -1.1144165566025082, -0.34604421849361433, -0.12388205250782391, -0.2585601589898466, -1.7552685526547642, -0.4257628079030449], "(2.0, 0.0, 0.0)": [0.0, -0.00175638876725588, -0.0003522487710830255, -0.18481306173841344, -0.05169028004031388, -3.3860821477049097, -0.0076286007427498045, -1.2116561968423614, -1.056274770039831], "(2.0, 1.0, 0.0)": [0.0, 0.6628819889529787, 0.6680966697279346, 0.6494469410197674, 0.5190436585096226, 0.6563630279073601, 0.70533669879776, 0.8494475780272007, 0.5647278967745059], "(1.0, 1.0, 1.0)": [0.0, 0.40007952616152165, 0.4049860612090339, 2.054815807638163, 0.39680870735379625, 0.40101673173227614, 0.4006907236062523, 0.40287215539515375, 0.3987270569557629], "(6.0, 0.0, 0.0)": [0.0, 0.0, 0.0, 0.0, 0.0, 0.0, 0.0, 0.0, 0.0], "(6.0, 1.0, 0.0)": [0.0, 0.0, 0.0, 0.0, 0.0, 0.0, 0.0, 0.0, 0.0]}, "stats": {"total_messages": 703998, "total_updates": 608001, "total_reward": -34946.0, "action_counts": [83783, 83382, 80531, 75992, 79827, 76388, 77033, 73632, 73430], "state_visits": {"(3.0, 1.0, 0.0)": 4132, "(3.0, 0.0, 0.0)": 248205, "(4.0, 1.0, 0.0)": 2164, "(4.0, 0.0, 0.0)": 115694, "(5.0, 1.0, 0.0)": 31, "(0.0, 1.0, 1.0)": 944, "(5.0, 0.0, 0.0)": 396, "(0.0, 0.0, 1.0)": 36431, "(1.0, 0.0, 1.0)": 56960, "(2.0, 0.0, 0.0)": 139322, "(2.0, 1.0, 0.0)": 2004, "(1.0, 1.0, 1.0)": 1717, "(6.0, 0.0, 0.0)": 1, "(6.0, 1.0, 0.0)": 0}}}