{"q": {"(3.0, 1.0, 0.0)": [0.0, 2.1357242338426974, 1.5397444733336767, 2.1299358960747137, 1.267315387838254, 1.9453308816767523, 2.1393138791763757, 2.1501672757255728, 2.129817472562499], "(3.0, 0.0, 0.0)": [0.0, 0.5169839124522235, 0.33350989277333076, 0.5360629556514791, 0.39604727574111065, 0.4938850956701047, 0.49994851280687147, -2.0226549122594246, 0.6769299812709962], "(4.0, 1.0, 0.0)": [0.0, 4.944572834217828, 5.99786793035684, 6.057542478999722, 4.348094160654837, 5.9636271426483844, 6.0232095712534015, 5.945752100679913, 6.040636435735404], "(4.0, 0.0, 0.0)": [0.0, 0.6284447275624169, 0.6355152844826089, 0.6527125792644801, 0.3755765755294681, 0.6470023546016097, 0.5771221467183456, 0.6199861910042948, 0.5095578981280146], "(5.0, 1.0, 0.0)": [0.0, 0.0, 6.860363154283547, 0.0, 0.0, 6.899177905442476, -0.21832555922152452, 0.0, 0.0], "(0.0, 1.0, 1.0)": [0.0, 0.8663078794775971, 0.6482479113277421, 0.8723536513317798, 0.8647927597997193, 0.8667777334116863, 0.773813293859877, 0.8652264624402737, 0.7645370104735945], "(5.0, 0.0, 0.0)": [0.0, -5.661969773962711, -0.09480252754621935, -1.1531384905603688, -5.831785171802302, -3.064322120038044, -1.7164179694080197, -6.952190123555045, -0.31891298742045693], "(0.0, 0.0, 1.0)": [0.0, -2.3951700617137486, -2.5225174970477275, -1.468987765305982, -2.501920938944666, -3.885383145388718, -3.194220586380899, -0.3376803472146651, -1.9372361054211173], "(1.0, 0.0, 1.0)": [0.0, -0.09252503231717521, -1.3063584470992955, -0.6664423828850963, 0.19284425183572504, -2.6330773323007044, -1.525518627932684, -0.6065200622332483, 0.1831635434175832], "(2.0, 0.0, 0.0)": [0.0, 0.3465828303822024, 0.3388616208602187, 0.3360982715470163, 0.32440554722234394, 0.3444277607904471, 0.32908784632817734, 0.34491402693431406, 0.3523998309230719], "(2.0, 1.0, 0.0)": [0.0, 0.6764101928091619, 1.6514716232156652, 0.7162434812134147, 0.6772905911353243, 0.6740892472478113, 0.6772195537316396, 0.668396529772196, 0.8927085459713334], "(1.0, 1.0, 1.0)": [0.0, 0.5751856969951644, 0.5690524202619207, 0.5665180231315253, 1.1456682673999095, 0.5700798470961496, 0.5769367594371965, 0.5717046595219046, 0.5610454128090551], "(6.0, 0.0, 0.0)": [0.0, 0.0, 0.0, 0.0, 0.0, 0.0, 0.0, 0.0, 0.0], "(6.0, 1.0, 0.0)": [0.0, 0.0, 0.0, 0.0, 0.0, 0.0, 0.0, 0.0, 0.0]}, "stats": {"total_messages": 606818, "total_updates": 531001, "total_reward": -28722.0, "action_counts": [63932, 73202, 69335, 67177, 70063, 66821, 68336, 63315, 64637], "state_visits": {"(3.0, 1.0, 0.0)": 3713, "(3.0, 0.0, 0.0)": 209895, "(4.0, 1.0, 0.0)": 1891, "(4.0, 0.0, 0.0)": 93352, "(5.0, 1.0, 0.0)": 27, "(0.0, 1.0, 1.0)": 836, "(5.0, 0.0, 0.0)": 340, "(0.0, 0.0, 1.0)": 35960, "(1.0, 0.0, 1.0)": 53627, "(2.0, 0.0, 0.0)": 128083, "(2.0, 1.0, 0.0)": 1817, "(1.0, 1.0, 1.0)": 1460, "(6.0, 0.0, 0.0)": 0, "(6.0, 1.0, 0.0)": 0}}}