{"q": {"(3.0, 1.0, 0.0)": [0.0, 0.8376817782615873, 0.8726626652297715, 0.8873879656473096, 1.6737476412652752, 1.5924787731170658, 0.8665569715280786, 0.8914900582638922, 0.8331438806617704], "(3.0, 0.0, 0.0)": [0.0, 0.48773471577779437, 0.513296160688029, 0.5387981445248317, 0.5146456345569345, 0.5125727978300081, 0.5125727978300076, 0.5132724049006936, 0.5571443454673998], "(4.0, 1.0, 0.0)": [0.0, 2.8348619460906406, 2.840504314695014, 3.4247007507686376, 2.772017152484081, 4.5811810562128805, 2.7936540071057623, 2.809883033699148, 2.7632315344240284], "(4.0, 0.0, 0.0)": [0.0, 0.3650041278056252, 0.3640271131194795, 0.35898596690793094, 0.34931972718893284, 0.35814745164181033, 0.34493389672189845, 0.35283622240881474, 0.3560904872798386], "(5.0, 1.0, 0.0)": [0.0, 0.0, 13.483954274284496, 0.0, 0.0, 5.375024768888167, -0.21832555922152452, 3.598412644113912, 0.0], "(0.0, 1.0, 1.0)": [0.0, 0.6418131152556622, 0.47281832296761817, 0.6411920390630532, 0.6424516567012555, 0.6391759798946359, 0.6406368367687647, 0.6245261208383119, 0.6267216402397748], "(5.0, 0.0, 0.0)": [0.0, -8.100499776060795, -1.8918728131301745, -2.9444527513949903, -8.210790138430708, -0.4065096264389963, -0.3054855223873161, -7.680923372225143, -2.575679546819503], "(0.0, 0.0, 1.0)": [0.0, -0.18880515345696952, -1.1399058676207101, -4.411137791893153, -2.267649892090086, -4.85927920405109, -1.5396376985532432, -0.05905120061395381, -3.402040947647696], "(1.0, 0.0, 1.0)": [0.0, -0.33228408516112395, -0.8112538010613559, -3.589785703695643, -0.25953316387021075, -3.8659605805950603, -0.10908006707384153, -0.4165334553663162, -0.1010355100785546], "(2.0, 0.0, 0.0)": [0.0, 0.19112827869681714, 0.17626887364403182, -2.5723877856905233, 0.1377822790858464, 0.1758380164225328, 0.15562106468366813, 0.16645512662303547, 0.07199395885276486], "(2.0, 1.0, 0.0)": [0.0, 0.6628819889529787, 0.6680966697279346, 0.6494469410197674, 0.5190436585096226, 0.6563630279073601, 0.70533669879776, 0.8494475780272007, 0.5647278967745059], "(1.0, 1.0, 1.0)": [0.0, 0.40007952616152165, 0.4049860612090339, 2.054815807638163, 0.39680870735379625, 0.40101673173227614, 0.4006907236062523, 0.40287215539515375, 0.3987270569557629], "(6.0, 0.0, 0.0)": [0.0, 0.0, 0.0, 0.0, 0.0, 0.0, 0.0, 0.0, 0.0], "(6.0, 1.0, 0.0)": [0.0, 0.0, 0.0, 0.0, 0.0, 0.0, 0.0, 0.0, 0.0]}, "stats": {"total_messages": 710194, "total_updates": 613003, "total_reward": -35442.0, "action_counts": [84930, 83872, 81488, 76197, 80418, 77385, 77717, 74076, 74111], "state_visits": {"(3.0, 1.0, 0.0)": 4132, "(3.0, 0.0, 0.0)": 250320, "(4.0, 1.0, 0.0)": 2164, "(4.0, 0.0, 0.0)": 117682, "(5.0, 1.0, 0.0)": 31, "(0.0, 1.0, 1.0)": 944, "(5.0, 0.0, 0.0)": 406, "(0.0, 0.0, 1.0)": 36475, "(1.0, 0.0, 1.0)": 56994, "(2.0, 0.0, 0.0)": 140133, "(2.0, 1.0, 0.0)": 2004, "(1.0, 1.0, 1.0)": 1717, "(6.0, 0.0, 0.0)": 1, "(6.0, 1.0, 0.0)": 0}}}