{"q": {"(3.0, 1.0, 0.0)": [0.0, 0.12085508703437572, 0.14614426266894223, 0.15313069441189162, 0.12697909238148622, 0.15881966588839624, 0.13033198156494616, 0.14639906281943196, 0.146069350714485], "(3.0, 0.0, 0.0)": [0.0, 0.7817072751433763, 0.7563896347735335, 0.6830441623567101, 0.7551074763958612, 0.7495599850879183, 0.8074770480027271, 0.815373940674535, 0.7491437053099709], "(4.0, 1.0, 0.0)": [0.0, 2.044236878049045, 1.717109442126045, 1.1498598999747018, 2.0497286245787865, 2.1228856389893576, 0.03769113843203695, 2.220381735953775, 2.106543927802636], "(4.0, 0.0, 0.0)": [0.0, 1.0265746148265238, 1.0038738640817957, 1.03805272676589, 0.9981592696191229, 0.9704115255468222, 1.0432871737580336, 1.0022209725317532, 1.0175850814904546], "(5.0, 1.0, 0.0)": [0.0, 0.0, 0.0, 0.0, 0.0, 5.95703125, 0.0, 0.0, 0.0], "(0.0, 1.0, 1.0)": [0.0, 0.0, 0.4476686740885799, 0.414404131913811, 0.41515856590231964, 0.42950311790053447, 0.4078597024651728, 0.0, 0.3908727804676023], "(5.0, 0.0, 0.0)": [0.0, -5.826755336706924, -2.3266107961535454, 0.08664665206211238, -6.8359375, -1.961758368875276, -4.289677507694931, -2.5, 0.2542028225289001], "(0.0, 0.0, 1.0)": [0.0, 0.6300637521026378, 0.8049562861066855, 0.6014988003534061, 0.8752263678498032, 0.5564122854735276, 0.42222207553636387, 0.7651015257284821, 0.566325751519899], "(1.0, 0.0, 1.0)": [0.0, 0.7451982062175735, 0.6961468942907553, 0.7566814068362715, 0.6961477803290004, 0.7060015298685112, 0.6080942946610778, 0.7227559290846686, 0.6969960175541301], "(2.0, 0.0, 0.0)": [0.0, 0.5749288582117871, 0.6238273951916624, 0.6093139393528744, 0.6780732481713931, 0.5767288486995077, 0.6261322263549621, 0.674377519300738, 0.6234737835761253], "(2.0, 1.0, 0.0)": [0.0, 0.009100249344812805, 0.0, 0.0, 0.0, 0.025395512986364624, 0.02390823264361643, 0.01785907385862901, 0.0289137241520575], "(1.0, 1.0, 1.0)": [0.0, 0.5408378702920467, 1.0871318876088403, 0.8566649795894776, 1.0249031072627968, 1.0775917464157896, 1.1411353708762488, 0.5080098197455443, 0.9474503442544107], "(6.0, 0.0, 0.0)": [0.0, 0.0, 0.0, 0.0, 0.0, 0.0, 0.0, 0.0, 0.0]}, "stats": {"total_messages": 82862, "total_updates": 56005, "total_reward": -5658.0, "action_counts": [19025, 5311, 9277, 8345, 6697, 9391, 7541, 9119, 8156], "state_visits": {"(3.0, 1.0, 0.0)": 1471, "(3.0, 0.0, 0.0)": 26576, "(4.0, 1.0, 0.0)": 766, "(4.0, 0.0, 0.0)": 16314, "(5.0, 1.0, 0.0)": 5, "(0.0, 1.0, 1.0)": 141, "(5.0, 0.0, 0.0)": 70, "(0.0, 0.0, 1.0)": 4956, "(1.0, 0.0, 1.0)": 2394, "(2.0, 0.0, 0.0)": 2786, "(2.0, 1.0, 0.0)": 252, "(1.0, 1.0, 1.0)": 274, "(6.0, 0.0, 0.0)": 0}}}