{"q": {"(3.0, 1.0, 0.0)": [0.0, -0.1698117267312495, -0.016677134434681044, -0.025785434403197527, 0.13735369506199815, -0.63474015249779, 0.03651957225503587, -0.06260126103151373, -0.07495324842916357], "(3.0, 0.0, 0.0)": [0.0, 0.24379631813497848, 0.1826130517423026, 0.2434355580252881, 0.15781518220587745, 0.14766179482281122, 0.14307468038864823, 0.16793884379808321, 0.2219088582917202], "(4.0, 0.0, 0.0)": [0.0, -0.05514173497707235, -0.007379117498767035, -0.030559424698996956, -0.4051001189593208, -0.03156517456596125, -0.16699086691264567, -0.3012968847547367, -0.557247261054489], "(4.0, 1.0, 0.0)": [0.0, -0.0816349744415075, -0.004263191765506288, -0.8929805744737718, -0.35761009777803365, -1.2798010386232357, -5.145345213512798, -0.14664343265399374, -0.0934393946409707], "(5.0, 0.0, 0.0)": [0.0, 0.0, 0.0, -3.2692972242293035, -2.450761638069153, -1.8661778572191108, -2.471416203548823, 0.0, -1.870625], "(0.0, 0.0, 1.0)": [0.0, -0.1386504388008829, -1.444313298465191, -2.0079491596112713, -1.0109690949148082, -0.2937632088077105, -0.25673540674712797, -0.5215983409549148, -0.12125108112149616], "(1.0, 0.0, 1.0)": [0.0, -0.6629509471493669, -0.652677377770227, -0.48981401730606355, -0.9362908943312871, -1.0749157289698694, -0.14302415131556862, -0.6150456937426552, -0.34245079436520953], "(2.0, 0.0, 0.0)": [0.0, 0.13051613975816542, 0.5062208688869769, 0.11486766200713319, -0.1160950668072383, 0.0590449296046656, 0.1192143233579333, -0.04081915648987497, -0.0021435121085989495], "(2.0, 1.0, 0.0)": [0.0, -4.8311646464782285, -8.180517437723186, -2.0615692423098717, -1.998943517581087, -0.4169184331918257, -4.925185517903144, -1.447304065391257, -0.3719900696441475], "(5.0, 1.0, 0.0)": [0.0, 0.0, -4.954783222697354, 0.0, 0.030005687874967393, 0.0, 0.0025, -0.18034062500000014, 0.0], "(0.0, 1.0, 1.0)": [0.0, -3.450355448700347, -0.06225308393298183, -2.0801704501423823, -0.10483349860761769, -0.07843832392022679, -0.2701386404466133, -0.187697441051725, -2.734492702303722], "(1.0, 1.0, 1.0)": [0.0, -1.0945257573606237, -0.10281535743827903, -2.746203783643023, 0.04042469494431366, 0.08890503254097319, -2.715597081081277, -0.15775344128882102, -0.04700917969373206], "(-1.0, 0.0, 1.0)": [0.0, 0.0, 0.0, 0.0, 0.0, 0.0, 0.0, 0.0, 0.0], "(-1.0, 1.0, 1.0)": [0.0, 0.0, 0.0, 0.0, 0.0, 0.0, 0.0, 0.0, 0.0], "(6.0, 1.0, 0.0)": [0.0, 0.0, 7.0043750000000005, 0.0, 0.0, 0.0, 0.0, 0.0, 0.0]}, "stats": {"total_messages": 82459, "total_updates": 50926, "total_reward": -3965.739999995231, "action_counts": [30947, 5988, 6373, 9243, 8620, 8093, 4132, 4707, 4355], "state_visits": {"(3.0, 1.0, 0.0)": 5114, "(3.0, 0.0, 0.0)": 24084, "(4.0, 0.0, 0.0)": 10995, "(4.0, 1.0, 0.0)": 3619, "(5.0, 0.0, 0.0)": 81, "(0.0, 0.0, 1.0)": 320, "(1.0, 0.0, 1.0)": 440, "(2.0, 0.0, 0.0)": 1524, "(2.0, 1.0, 0.0)": 1682, "(5.0, 1.0, 0.0)": 119, "(0.0, 1.0, 1.0)": 1159, "(1.0, 1.0, 1.0)": 1787, "(-1.0, 0.0, 1.0)": 0, "(-1.0, 1.0, 1.0)": 0, "(6.0, 1.0, 0.0)": 2}}}