{"q": {"(3.0, 1.0, 0.0)": [0.0, 1.3147953763561606, 1.3042772409802592, 1.1462448564684133, 1.3113408090316307, 1.098934289294864, 1.153038355974079, 1.2909937934084172, 1.1439867222862343], "(3.0, 0.0, 0.0)": [0.0, 0.3812837571560705, 0.44742558910847435, 0.47899560061270824, 0.42927601581789676, 0.3818741062175485, 0.3471666101841403, 0.5206118345099648, 0.07239119038445857], "(4.0, 1.0, 0.0)": [0.0, 4.50008787109601, 4.438456075508544, 4.454860241496222, 4.431652638017986, 4.478602107328786, 4.458400650066515, 4.447231411741069, 4.427773509386647], "(4.0, 0.0, 0.0)": [0.0, 0.3234440164188393, 0.42586949956445636, 0.44260809525065914, 0.34906003983989564, 0.4079592881728069, 0.30624437131528887, 0.3592284028097822, -1.0376156677896569], "(5.0, 1.0, 0.0)": [0.0, 0.0, 6.860363154283547, 0.0, 0.0, 5.375024768888167, -0.21832555922152452, 0.0, 0.0], "(0.0, 1.0, 1.0)": [0.0, 0.6418131152556622, 0.6432902353300927, 0.6411920390630532, 0.6424516567012555, 0.6522203876475877, 0.6406368367687647, 0.6483936962073341, 0.649783796070868], "(5.0, 0.0, 0.0)": [0.0, -4.246477330472033, -0.05332642174474839, -3.1486404009402076, -3.280379159138795, -1.7236811925213997, -1.7164179694080197, -5.214142592666284, -0.2391847405653427], "(0.0, 0.0, 1.0)": [0.0, -1.9176770156432124, -3.9355671255387534, -0.11029848550612503, -1.636877881818548, -3.8880081991321527, -1.6517238964466694, -1.0838074577422352, -2.8401762666855426], "(1.0, 0.0, 1.0)": [0.0, -0.2961506181289868, -0.0022303875816202514, -0.03022033228206901, -0.00040658545208222484, -0.0010477105445521754, -0.016277160374132703, -0.06118142672413143, -0.005665814201932917], "(2.0, 0.0, 0.0)": [0.0, -0.6396585530977068, 0.08653295286197042, 0.03695457847633674, 0.07360162523824335, 0.053369127673931774, 0.027223701989964478, -0.059615116057968986, 0.0936548440460494], "(2.0, 1.0, 0.0)": [0.0, 0.6628819889529787, 0.6680966697279346, 0.6494469410197674, 0.5190436585096226, 0.6563630279073601, 0.6636751626570068, 1.0396228718747575, 0.5647278967745059], "(1.0, 1.0, 1.0)": [0.0, 0.4608544626780602, 0.453221898740039, 0.5729713879206959, 0.45494486088592273, 0.4591909247798114, 0.40814250098836874, 0.45661055471830647, 0.4568421116366183], "(6.0, 0.0, 0.0)": [0.0, 0.0, 0.0, 0.0, 0.0, 0.0, 0.0, 0.0, 0.0], "(6.0, 1.0, 0.0)": [0.0, 0.0, 0.0, 0.0, 0.0, 0.0, 0.0, 0.0, 0.0]}, "stats": {"total_messages": 636199, "total_updates": 556002, "total_reward": -30087.0, "action_counts": [68205, 75896, 73158, 70169, 73774, 69244, 71452, 66628, 67673], "state_visits": {"(3.0, 1.0, 0.0)": 3897, "(3.0, 0.0, 0.0)": 220603, "(4.0, 1.0, 0.0)": 1992, "(4.0, 0.0, 0.0)": 98489, "(5.0, 1.0, 0.0)": 28, "(0.0, 1.0, 1.0)": 937, "(5.0, 0.0, 0.0)": 351, "(0.0, 0.0, 1.0)": 36101, "(1.0, 0.0, 1.0)": 56119, "(2.0, 0.0, 0.0)": 133839, "(2.0, 1.0, 0.0)": 1993, "(1.0, 1.0, 1.0)": 1653, "(6.0, 0.0, 0.0)": 0, "(6.0, 1.0, 0.0)": 0}}}