{"q": {"(3.0, 1.0, 0.0)": [0.0, 0.6363251355033097, 0.6294101383821737, 0.6229449474876828, 0.6346724330870046, 0.6320655505690569, 0.6378107376071156, 0.627661745653873, 0.6198325349118964], "(3.0, 0.0, 0.0)": [0.0, 0.48181461906352113, 0.4752794721487328, 0.44005766315575323, 0.5028696472770648, 0.39150552910145353, 0.32246455004088276, 0.5114369398250785, 0.09697415899353504], "(4.0, 1.0, 0.0)": [0.0, 1.7303516202991445, 2.0928561070243386, 1.1498598999747018, 2.0775088955698413, 1.9316454354318542, 2.0494163661228058, 1.916995554200301, 2.0522501615441415], "(4.0, 0.0, 0.0)": [0.0, 0.3397044095669774, 0.35018411996049387, 0.3610831662326689, 0.33747190030893015, 0.34236052911622056, 0.3505491497482803, 0.3573285104927051, 0.34675909136759325], "(5.0, 1.0, 0.0)": [0.0, 0.0, 11.694966872193708, 0.0, 0.0, 5.95703125, -2.3326210184312908, 0.0, 0.0], "(0.0, 1.0, 1.0)": [0.0, 0.37717889163865925, 0.3761903818159485, 0.3721151463539015, 0.378756418261474, 0.3824697495745789, 0.3800633615081554, 0.3829683812563083, 0.3797337175378511], "(5.0, 0.0, 0.0)": [0.0, -8.428572719008947, -0.4700992399591155, -2.016724039032731, -8.6651611328125, -1.103489082492343, -4.289677507694931, -1.875, -2.209266083390295], "(0.0, 0.0, 1.0)": [0.0, -0.9964033197122409, -5.798718770976183, -3.2345967078963263, -2.9956070163112725, -2.7408102673173342, -4.5003235211514045, -3.8254374428396822, -0.41460170198099394], "(1.0, 0.0, 1.0)": [0.0, -0.0969638249515214, -0.28659234972542735, -1.1132842028086305, -2.4866004632897867, -0.7086347686125206, -0.9904321190223263, -0.5191043657627974, -0.012162193791858525], "(2.0, 0.0, 0.0)": [0.0, -0.7570500566921776, 0.03481969539425672, -0.005619776678894656, -0.0520446866941497, 0.22444067568431403, -0.117440403494038, -0.9326380671951924, -1.8750244373810827], "(2.0, 1.0, 0.0)": [0.0, 0.5998507016572063, 0.6083430582626396, 0.6110969656630889, 0.6300300811792084, 0.614267728309187, 0.603189614035388, 0.46441896495195045, 0.6048020534332491], "(1.0, 1.0, 1.0)": [0.0, 0.7635282888169664, 13.047196517658962, 0.9819327512373648, 0.953928821295891, 1.051927931404442, 1.062849396391695, 0.9496628974906165, 1.042246208541727], "(6.0, 0.0, 0.0)": [0.0, 0.0, 0.0, 0.0, 0.0, 0.0, 0.0, 0.0, 0.0]}, "stats": {"total_messages": 157446, "total_updates": 126004, "total_reward": -7966.0, "action_counts": [22470, 17740, 16724, 17673, 15093, 18988, 17798, 16733, 14227], "state_visits": {"(3.0, 1.0, 0.0)": 2072, "(3.0, 0.0, 0.0)": 51020, "(4.0, 1.0, 0.0)": 884, "(4.0, 0.0, 0.0)": 22773, "(5.0, 1.0, 0.0)": 8, "(0.0, 1.0, 1.0)": 349, "(5.0, 0.0, 0.0)": 89, "(0.0, 0.0, 1.0)": 13039, "(1.0, 0.0, 1.0)": 11090, "(2.0, 0.0, 0.0)": 23680, "(2.0, 1.0, 0.0)": 627, "(1.0, 1.0, 1.0)": 373, "(6.0, 0.0, 0.0)": 0}}}