{"q": {"(3.0, 1.0, 0.0)": [0.0, 0.40630859859544993, 0.4036210116040093, 0.4020643034419594, 0.3979397033534125, 0.40355574606733813, 0.4100252333476111, 0.405107598658446, 0.4047748104226152], "(3.0, 0.0, 0.0)": [0.0, 0.36754121686704017, 0.3676442879046831, 0.3664904598364558, 0.3676174985876233, 0.3817361966213586, 0.3718596173963031, 0.3787463592477771, 0.38472862346559067], "(4.0, 1.0, 0.0)": [0.0, 1.132031301475581, 1.2462656053989871, 1.1498598999747018, 1.2448179873170067, 1.2561791169593364, 1.262310076571825, 1.25377013944777, 1.2632128709989672], "(4.0, 0.0, 0.0)": [0.0, 0.39991046584322987, 0.3848686814133778, 0.376992198285121, 0.3804408064953089, 0.3822876777638065, 0.36935801558537606, 0.36442710251262744, 0.3872223212754442], "(5.0, 1.0, 0.0)": [0.0, 0.0, 11.694966872193708, 0.0, 0.0, 5.95703125, -2.3326210184312908, 0.0, 0.0], "(0.0, 1.0, 1.0)": [0.0, 2.829575897168663, 0.3761903818159485, 0.3721151463539015, 1.4397159726047966, 1.037324654593918, 0.3666853257422, 0.3694498026255397, 0.36621825859045964], "(5.0, 0.0, 0.0)": [0.0, -5.166853086873925, -5.80772294046435, -0.6381040904752, -5.308236479759216, -4.8405344566764565, -1.809707698558799, -5.437285323728305, -2.209266083390295], "(0.0, 0.0, 1.0)": [0.0, -2.724102377096827, -0.5742603654332199, -2.6822254291800167, -1.7805584300164234, -2.537232782460664, -2.8590560616983476, -1.4593564003619242, -5.828518002640825], "(1.0, 0.0, 1.0)": [0.0, -1.0564318997270545, -0.39214860087146886, -0.07336410563532991, -0.015862704303116454, -0.07132596398625274, -0.07925263771622201, -0.011234251679460284, -0.6796874104002468], "(2.0, 0.0, 0.0)": [0.0, 0.30925499651946786, 0.3222521497144584, 0.30707751315204396, 0.2502180274572802, 0.3123338596177311, 0.3256075595639295, 0.30972227146684006, 0.3108515303709724], "(2.0, 1.0, 0.0)": [0.0, 0.4177939466716047, 0.4262328190517207, 0.4251840712008325, 0.4192592293482551, 0.42047604621453377, 0.6697411223726081, 0.41543940941651325, 0.4263129728775452], "(1.0, 1.0, 1.0)": [0.0, 0.7013761539542837, 2.297567505007907, 2.24102096527763, 0.953928821295891, 2.0689796620810172, 1.062849396391695, 1.8314526450146873, 1.9155927687838479], "(6.0, 0.0, 0.0)": [0.0, 0.0, 0.0, 0.0, 0.0, 0.0, 0.0, 0.0, 0.0]}, "stats": {"total_messages": 212127, "total_updates": 172005, "total_reward": -10840.0, "action_counts": [31031, 23526, 22933, 23714, 21676, 24324, 23280, 22130, 19513], "state_visits": {"(3.0, 1.0, 0.0)": 2456, "(3.0, 0.0, 0.0)": 72257, "(4.0, 1.0, 0.0)": 1041, "(4.0, 0.0, 0.0)": 34024, "(5.0, 1.0, 0.0)": 8, "(0.0, 1.0, 1.0)": 376, "(5.0, 0.0, 0.0)": 124, "(0.0, 0.0, 1.0)": 13323, "(1.0, 0.0, 1.0)": 12156, "(2.0, 0.0, 0.0)": 34970, "(2.0, 1.0, 0.0)": 836, "(1.0, 1.0, 1.0)": 434, "(6.0, 0.0, 0.0)": 0}}}