{"q": {"(3.0, 1.0, 0.0)": [0.0, 0.6938190260123436, 0.7920872194682798, 0.7911851063333453, 0.701432608988114, 0.7067463321112984, 0.7946588985982972, 0.7240020819559403, 0.6477342893549358], "(3.0, 0.0, 0.0)": [0.0, 0.5692684926032054, 0.5256358935691847, 0.5711069629006925, 0.5457503693102701, 0.525415532219694, 0.5293949681515085, 0.5269050711049857, 0.5566474129250614], "(4.0, 1.0, 0.0)": [0.0, 1.7970953695643148, 13.105203168942415, 14.191577915368075, 1.6114102590704749, 1.840708463187896, 1.8918405219668215, 9.050701575024428, 1.5114838464940064], "(4.0, 0.0, 0.0)": [0.0, 0.434324870222956, 0.4162198940680853, 0.3888263044600823, 0.4440877274832403, 0.40856070928457167, 0.4116193196322147, 0.4398524461417654, 0.4275423132147436], "(5.0, 1.0, 0.0)": [0.0, 0.0, 11.694966872193708, 0.0, 0.0, 5.95703125, -0.21832555922152452, 0.0, 0.0], "(0.0, 1.0, 1.0)": [0.0, 1.1187954832090274, 0.6536091850020194, 0.3721151463539015, 1.4397159726047966, 1.2336623773885922, 1.0883413693887287, 0.7873011929502967, 0.36621825859045964], "(5.0, 0.0, 0.0)": [0.0, -5.777925942546904, -0.1264033700616258, -4.9902629383714245, -8.945412058372215, -6.378282322897209, -1.0441804182914027, -8.259653089599901, -1.8549436083971356], "(0.0, 0.0, 1.0)": [0.0, -2.6524438856861985, -0.33800815713638205, -5.5539025671117574, -2.4400865793108095, -3.522714053205244, -0.10636543392592124, -0.5520555292973233, -0.00012005128215763639], "(1.0, 0.0, 1.0)": [0.0, -0.9507691466879238, 0.025868659457478703, 0.05046577813188865, 0.04842681505313004, -1.363213771516525, 0.050732607884070136, 0.05264159717626252, -0.135934570091915], "(2.0, 0.0, 0.0)": [0.0, 0.5095513141722553, 0.5184948521282657, 0.5036646042908879, 0.4783542953523659, 0.4972021949956684, 0.5039615365187596, 0.3118287941747163, 0.5121031380699014], "(2.0, 1.0, 0.0)": [0.0, 0.9448906209243623, 0.977835885430532, 0.9288574597119171, 0.9353081323653546, 0.8228954144108094, 0.9084777674729323, 0.8117815670878797, 0.7914577469301222], "(1.0, 1.0, 1.0)": [0.0, 1.1172733142189881, 1.34614917552509, 1.3364125160931055, 1.3561674775902959, 1.2048027668487786, 1.3380705833334094, 1.410251794432146, 1.4495546342521908], "(6.0, 0.0, 0.0)": [0.0, 0.0, 0.0, 0.0, 0.0, 0.0, 0.0, 0.0, 0.0]}, "stats": {"total_messages": 442950, "total_updates": 375006, "total_reward": -24360.0, "action_counts": [57845, 51948, 48919, 48786, 51079, 50036, 46273, 44584, 43480], "state_visits": {"(3.0, 1.0, 0.0)": 3148, "(3.0, 0.0, 0.0)": 160670, "(4.0, 1.0, 0.0)": 1487, "(4.0, 0.0, 0.0)": 73606, "(5.0, 1.0, 0.0)": 11, "(0.0, 1.0, 1.0)": 415, "(5.0, 0.0, 0.0)": 285, "(0.0, 0.0, 1.0)": 20872, "(1.0, 0.0, 1.0)": 27310, "(2.0, 0.0, 0.0)": 85479, "(2.0, 1.0, 0.0)": 1072, "(1.0, 1.0, 1.0)": 651, "(6.0, 0.0, 0.0)": 0}}}