{"q": {"(3.0, 1.0, 0.0)": [0.0, 0.12085508703437572, 0.14738402216791366, 0.15313069441189162, 0.038601114611846156, 0.15881966588839624, 0.13033198156494616, 0.1464940528868011, 0.04041765775953488], "(3.0, 0.0, 0.0)": [0.0, 0.5555155173766043, 0.5724097263821641, 0.5542544133264927, 0.5695118634403605, 0.5940265530518082, 0.564237045706073, 0.5474657999544351, 0.5950712388575767], "(4.0, 1.0, 0.0)": [0.0, 2.0819355386620346, 0.21308229682912094, 0.45538889111699077, 2.253015847596831, 2.1228856389893576, 0.03769113843203695, 2.220381735953775, 2.106543927802636], "(4.0, 0.0, 0.0)": [0.0, 1.0810576673592365, 1.1750626791850394, 1.08753893837001, 1.0811220162140274, 1.0810576648502366, 1.0925589280773569, 1.0810742486039984, 1.112178304359363], "(5.0, 1.0, 0.0)": [0.0, 0.0, 0.0, 0.0, 0.0, 5.95703125, 0.0, 0.0, 0.0], "(0.0, 1.0, 1.0)": [0.0, 0.0, 0.4476686740885799, 0.414404131913811, 0.41515856590231964, 0.42950311790053447, 0.4078597024651728, 0.0, 0.3809311631665645], "(5.0, 0.0, 0.0)": [0.0, -5.826755336706924, -2.3266107961535454, 0.08664665206211238, -6.8359375, -1.961758368875276, -4.289677507694931, -2.5, 0.2542028225289001], "(0.0, 0.0, 1.0)": [0.0, 0.40618218698027164, 0.40589761314563844, 0.4062577153327368, 0.4056988923755511, 0.40564934822052806, 0.42222207553636387, 0.440887998696228, 0.4056180075979231], "(1.0, 0.0, 1.0)": [0.0, 0.7562303737451453, 0.734777718038743, 0.7566814068362715, 0.7566774752174745, 0.7272924092061624, 0.6080942946610778, 0.8224745438632302, 0.614073561186692], "(2.0, 0.0, 0.0)": [0.0, 0.5907443312525601, 0.5921756046659866, 0.5813919476341938, 0.5702313442157783, 0.6005090053097748, 0.6097893236547423, 0.5762138461361963, 0.6156130717971573], "(2.0, 1.0, 0.0)": [0.0, 0.009100249344812805, 0.0, 0.0, 0.0, 0.025395512986364624, 0.02390823264361643, 0.01785907385862901, 0.030105918525674197], "(1.0, 1.0, 1.0)": [0.0, 0.5408378702920467, 1.1382293623088249, 0.8566649795894776, 0.8629947681252695, 1.0775917464157896, 1.1411353708762488, 0.5080098197455443, 0.9474503442544107], "(6.0, 0.0, 0.0)": [0.0, 0.0, 0.0, 0.0, 0.0, 0.0, 0.0, 0.0, 0.0]}, "stats": {"total_messages": 80722, "total_updates": 54004, "total_reward": -5668.0, "action_counts": [19013, 5160, 9103, 8161, 6375, 9230, 7005, 8754, 7921], "state_visits": {"(3.0, 1.0, 0.0)": 1424, "(3.0, 0.0, 0.0)": 25843, "(4.0, 1.0, 0.0)": 733, "(4.0, 0.0, 0.0)": 15936, "(5.0, 1.0, 0.0)": 5, "(0.0, 1.0, 1.0)": 139, "(5.0, 0.0, 0.0)": 70, "(0.0, 0.0, 1.0)": 4682, "(1.0, 0.0, 1.0)": 2173, "(2.0, 0.0, 0.0)": 2485, "(2.0, 1.0, 0.0)": 250, "(1.0, 1.0, 1.0)": 264, "(6.0, 0.0, 0.0)": 0}}}