{"q": {"(3.0, 1.0, 0.0)": [0.0, 0.32880202311304285, 0.5603874170121788, 0.3660035362261143, 0.9654858791998429, 0.33431403186421293, 0.752338907892835, 0.22341521922491084, 0.2001519917021526], "(3.0, 0.0, 0.0)": [0.0, 0.579958840407399, 0.5743771586789458, 0.5796540029915738, 0.6243229985640656, 0.5748414662210274, 0.5744736323514259, 0.5795876088073595, 0.5771434796768165], "(4.0, 1.0, 0.0)": [0.0, 1.7303516202991445, 2.9505031521778258, 1.1498598999747018, 1.8605200512565567, 1.9316454354318542, 1.1380563011750509, 1.2967431741310687, 1.923187034148428], "(4.0, 0.0, 0.0)": [0.0, 0.9211615303080085, 0.8946385470720518, 0.83767248060614, 0.9720629866893817, 0.9107052783619316, 0.8992595299307664, 0.9352982659626111, 0.9242083515416639], "(5.0, 1.0, 0.0)": [0.0, 0.0, 11.694966872193708, 0.0, 0.0, 5.95703125, -2.3326210184312908, 0.0, 0.0], "(0.0, 1.0, 1.0)": [0.0, 0.0, 0.4476686740885799, 0.48120209381844536, 0.44183332642726786, 0.42950311790053447, 0.4078597024651728, 0.42379323855840156, 0.4316504832865826], "(5.0, 0.0, 0.0)": [0.0, -5.826755336706924, -1.0589039575744843, 0.47788773155464137, -6.8359375, -1.961758368875276, -4.289677507694931, -2.5, 0.2542028225289001], "(0.0, 0.0, 1.0)": [0.0, 0.6801698982144194, 0.66951592638068, 0.6980384123549843, 0.6699861125319027, 0.7277347024726487, -0.7347817251940411, 0.6695159262748788, 0.6843593839973223], "(1.0, 0.0, 1.0)": [0.0, 0.5927249873742741, 0.5576276680119865, 0.6059959269757915, 0.5578444056286085, 0.5627598882544944, 0.5579801956633648, 0.5575162528179525, 0.5579687781580626], "(2.0, 0.0, 0.0)": [0.0, 0.6377748904207537, 0.586748451402904, 0.5209273472989184, 0.5529235685586618, 0.5866737475682304, 0.5867528800288222, 0.5865399863076857, 0.586752395820415], "(2.0, 1.0, 0.0)": [0.0, 0.20310500910587143, 0.22629889180718213, 0.18835818260502218, 0.25483228205065567, 0.41264092440950856, 0.1474065188846589, 0.11471159201710862, 0.2335136167037469], "(1.0, 1.0, 1.0)": [0.0, 0.5408378702920467, 1.0708186735576628, 0.8566649795894776, 1.0249031072627968, 1.0775917464157896, 1.1411353708762488, 0.6434685001106955, 0.9474503442544107], "(6.0, 0.0, 0.0)": [0.0, 0.0, 0.0, 0.0, 0.0, 0.0, 0.0, 0.0, 0.0]}, "stats": {"total_messages": 93414, "total_updates": 66004, "total_reward": -5617.0, "action_counts": [19119, 6405, 9526, 9158, 8708, 11498, 9325, 10531, 9144], "state_visits": {"(3.0, 1.0, 0.0)": 1633, "(3.0, 0.0, 0.0)": 30641, "(4.0, 1.0, 0.0)": 858, "(4.0, 0.0, 0.0)": 17640, "(5.0, 1.0, 0.0)": 8, "(0.0, 1.0, 1.0)": 174, "(5.0, 0.0, 0.0)": 75, "(0.0, 0.0, 1.0)": 6224, "(1.0, 0.0, 1.0)": 3566, "(2.0, 0.0, 0.0)": 4550, "(2.0, 1.0, 0.0)": 358, "(1.0, 1.0, 1.0)": 277, "(6.0, 0.0, 0.0)": 0}}}