{"q": {"(3.0, 1.0, 0.0)": [0.0, 0.6363251355033097, 0.6294101383821737, 0.6229449474876828, 0.6346724330870046, 0.6320655505690569, 0.6378107376071156, 0.627661745653873, 0.6198325349118964], "(3.0, 0.0, 0.0)": [0.0, 0.7029150868597678, 0.49119433145497, 0.5977151855149158, 0.5203006531558206, 0.7504065640184818, 0.46471241702134114, 0.4619823461270758, 0.4058696647796811], "(4.0, 1.0, 0.0)": [0.0, 1.7303516202991445, 2.0928561070243386, 1.1498598999747018, 2.0775088955698413, 1.9316454354318542, 2.0494163661228058, 1.916995554200301, 2.0522501615441415], "(4.0, 0.0, 0.0)": [0.0, 0.4830980900366295, 0.46358910896031225, 0.5134991349100531, 0.6173277172164728, 0.4885894362002604, 0.5935892184798613, 0.48892112395692744, 0.49142589342436166], "(5.0, 1.0, 0.0)": [0.0, 0.0, 11.694966872193708, 0.0, 0.0, 5.95703125, -2.3326210184312908, 0.0, 0.0], "(0.0, 1.0, 1.0)": [0.0, 0.37717889163865925, 0.3761903818159485, 0.3721151463539015, 0.378756418261474, 0.3824697495745789, 0.3800633615081554, 0.3829683812563083, 0.3797337175378511], "(5.0, 0.0, 0.0)": [0.0, -8.428572719008947, -0.626798986612154, -2.016724039032731, -8.6651611328125, -1.103489082492343, -4.289677507694931, -1.875, -2.209266083390295], "(0.0, 0.0, 1.0)": [0.0, -1.7713836794884283, -2.6478025354309027, -0.9794622771951016, -0.8810791401089287, -3.6544136897564456, -4.5003235211514045, -0.8557035230488725, -0.5528022693079919], "(1.0, 0.0, 1.0)": [0.0, -0.00040054728709164637, -2.2033446348244556, -0.060799172129383135, -0.5934645866428813, -0.05861783582408077, -3.166751110609181, -0.03348801387032873, -0.0512513845385314], "(2.0, 0.0, 0.0)": [0.0, 0.5166410596788977, 0.5431055721698586, 0.42060346751839106, 0.43843511338028923, 0.47752742651159247, 0.48067941075107606, 0.5169853876121197, 0.5163202761325435], "(2.0, 1.0, 0.0)": [0.0, 0.5998507016572063, 0.6083430582626396, 0.6110969656630889, 0.6300300811792084, 0.614267728309187, 0.603189614035388, 0.46441896495195045, 0.6048020534332491], "(1.0, 1.0, 1.0)": [0.0, 0.7635282888169664, 13.047196517658962, 0.9819327512373648, 0.953928821295891, 1.051927931404442, 1.062849396391695, 0.9496628974906165, 1.042246208541727], "(6.0, 0.0, 0.0)": [0.0, 0.0, 0.0, 0.0, 0.0, 0.0, 0.0, 0.0, 0.0]}, "stats": {"total_messages": 151967, "total_updates": 122003, "total_reward": -7448.0, "action_counts": [21008, 17005, 16224, 17177, 14745, 18208, 17412, 16396, 13792], "state_visits": {"(3.0, 1.0, 0.0)": 2072, "(3.0, 0.0, 0.0)": 49399, "(4.0, 1.0, 0.0)": 884, "(4.0, 0.0, 0.0)": 21781, "(5.0, 1.0, 0.0)": 8, "(0.0, 1.0, 1.0)": 349, "(5.0, 0.0, 0.0)": 88, "(0.0, 0.0, 1.0)": 13024, "(1.0, 0.0, 1.0)": 10963, "(2.0, 0.0, 0.0)": 22435, "(2.0, 1.0, 0.0)": 627, "(1.0, 1.0, 1.0)": 373, "(6.0, 0.0, 0.0)": 0}}}