{"q": {"(3.0, 1.0, 0.0)": [0.0, 0.05400282976866255, 0.05274694294946788, 0.05294711795213032, 0.053277198339658924, 0.050657171631996734, 0.04678538495132021, 0.05340495827971084, 0.051267200949942825], "(3.0, 0.0, 0.0)": [0.0, -2.357395212527802, -1.7983429777424174, -2.3986228734154675, -2.400205443795235, -2.367033114774638, -1.7979450798845495, -2.3672894452896913, -1.0004855530827306], "(4.0, 1.0, 0.0)": [0.0, 0.05030722658972221, 0.0511917792153686, 0.050876672484188874, 0.05069447080009195, 0.050522515079805395, 0.0505772199665972, 0.04744466647141255, 0.05024687790771367], "(4.0, 0.0, 0.0)": [0.0, 0.04797089244959039, 0.054778324812439556, 0.05521965262546414, 0.054143062713615575, 0.04868707683644245, 0.054531580680481494, 0.031078382109683562, 0.05487385084560171], "(5.0, 1.0, 0.0)": [0.0, 0.0, 0.0, 0.0, 0.0, 0.0, 0.0, 0.0, 0.0], "(0.0, 1.0, 1.0)": [0.0, 0.0, 0.0, 0.0, 0.0, 0.0, 0.0, 0.0, 0.0], "(5.0, 0.0, 0.0)": [0.0, 0.0, 0.0, 0.0, 0.0, 0.0, 0.0, 0.0, 0.0], "(0.0, 0.0, 1.0)": [0.0, -2.49285182755421, -2.495066882678208, -2.495732093483132, -2.4925748757290496, -4.369364065831839, -1.8694390066874322, -0.9262275359004575, -1.8694639262216182], "(1.0, 0.0, 1.0)": [0.0, -2.2281306744351963, -2.2284800004485144, 0.07552271958806667, -2.3940134184726105, 0.09058221565130559, 0.09243083229725059, 0.08415513859547813, -2.057336095738714], "(2.0, 0.0, 0.0)": [0.0, -0.2959367501058512, -2.440663855661788, -0.5439664664794648, -2.4546701503123876, -2.440333189349432, -2.0475637225582846, -2.473987858570705, -2.4785565971964885], "(2.0, 1.0, 0.0)": [0.0, 0.009100249344812805, 0.0, 0.0, 0.0, 0.0458426970193497, 0.04494101978072317, 0.01232145957936443, 0.02818083478052415], "(1.0, 1.0, 1.0)": [0.0, 0.0, 0.0, 0.26097857175598754, 0.0, 0.0, 0.0, 0.0, 0.0]}, "stats": {"total_messages": 14379, "total_updates": 11001, "total_reward": -256.0, "action_counts": [3228, 1017, 1470, 1673, 1478, 1348, 1572, 1175, 1418], "state_visits": {"(3.0, 1.0, 0.0)": 930, "(3.0, 0.0, 0.0)": 7467, "(4.0, 1.0, 0.0)": 301, "(4.0, 0.0, 0.0)": 1151, "(5.0, 1.0, 0.0)": 1, "(0.0, 1.0, 1.0)": 27, "(5.0, 0.0, 0.0)": 0, "(0.0, 0.0, 1.0)": 416, "(1.0, 0.0, 1.0)": 127, "(2.0, 0.0, 0.0)": 350, "(2.0, 1.0, 0.0)": 214, "(1.0, 1.0, 1.0)": 17}}}