{"q": {"(3.0, 1.0, 0.0)": [0.0, 0.0425310588165921, 0.04245492099221838, 0.04217310176998746, 0.042585482112136315, 0.042683108243100426, 0.0418956520024086, 0.04206714799779473, 0.04242697878395339], "(3.0, 0.0, 0.0)": [0.0, 0.6471283598933779, 0.1063648678721696, 0.43819813306750466, 0.20341620592275156, 0.2533823768051825, 0.0538800428702168, 0.10745639736060306, 0.16378380600331516], "(4.0, 1.0, 0.0)": [0.0, 0.5374177719145684, 0.53206419621529, 0.5147756771810439, 0.5404231764455839, 0.5363640210676129, 0.5315069355737664, 0.5411841403656346, 0.5419444490677008], "(4.0, 0.0, 0.0)": [0.0, 0.11763844799209769, 0.11816370810726223, 0.1085070325650698, 0.07320618028146764, 0.09729930952959853, 0.12143905276147876, 0.11559201864124999, 0.11626414215999073], "(5.0, 1.0, 0.0)": [0.0, 0.0, 2.5568858812699764, 0.4314805350687664, 6.34854866931428, 3.028868108091281, -0.21832555922152452, 3.2732795152764322, 0.0], "(0.0, 1.0, 1.0)": [0.0, -1.3491360906470997, 0.8310074657514094, -1.7710369478882173, 2.9273067454473134, 0.7128188545817483, 0.8005942003142548, 0.810974322857956, 0.5781905552203233], "(5.0, 0.0, 0.0)": [0.0, -6.308664276996634, -1.2948917382141394, -2.413215810933954, -4.143182478106638, -0.34898697082712726, -3.830126857427597, -2.962356822953555, -1.3362087181956892], "(0.0, 0.0, 1.0)": [0.0, -0.17338344515293008, -0.9218251617368775, -0.3870737591238452, -0.7138842256033562, -0.03981042720264529, -0.5131342339993723, -0.06092737577152167, -0.0034423929347570537], "(1.0, 0.0, 1.0)": [0.0, -0.7649997312353771, -0.4336421051349527, -0.3207291874286584, -0.4270677058560376, -0.2438661690634262, -1.0275809290443498, -1.0269323862586295, -0.18382793208047757], "(2.0, 0.0, 0.0)": [0.0, -0.0038607865915014565, -0.007362547597032887, -0.00016378794496991567, -0.004495912741354482, -0.013851072242472284, -0.0017208244381074825, -0.006642590776189563, -0.03605989723880952], "(2.0, 1.0, 0.0)": [0.0, 0.15292103427880732, 0.15135850087298364, 0.15119402286958963, 0.15355555775343746, 0.15283345315528912, 0.15104823527931593, 0.1536330954964582, 0.13786774086327308], "(1.0, 1.0, 1.0)": [0.0, -1.1805689688528895, 0.9599614703367023, 1.5544759761765776, 1.468116140522773, 0.20355516120549294, 0.5781600568293557, 0.1577420386625356, 0.6152983525385161], "(6.0, 0.0, 0.0)": [0.0, 0.0, 0.05726150153538704, 0.0, 0.0, 0.0, 0.0, 0.0, 0.0], "(6.0, 1.0, 0.0)": [0.0, 0.0, 0.0, 0.0, 0.0, 0.0, 0.0, 0.0, 0.0]}, "stats": {"total_messages": 966134, "total_updates": 831001, "total_reward": -43839.0, "action_counts": [120417, 113908, 112925, 102280, 109542, 104036, 102540, 101149, 99337], "state_visits": {"(3.0, 1.0, 0.0)": 11261, "(3.0, 0.0, 0.0)": 333808, "(4.0, 1.0, 0.0)": 6366, "(4.0, 0.0, 0.0)": 163078, "(5.0, 1.0, 0.0)": 53, "(0.0, 1.0, 1.0)": 2052, "(5.0, 0.0, 0.0)": 581, "(0.0, 0.0, 1.0)": 47353, "(1.0, 0.0, 1.0)": 81444, "(2.0, 0.0, 0.0)": 177419, "(2.0, 1.0, 0.0)": 4047, "(1.0, 1.0, 1.0)": 3537, "(6.0, 0.0, 0.0)": 2, "(6.0, 1.0, 0.0)": 0}}}