{"q": {"(3.0, 1.0, 0.0)": [0.0, 0.18332211502458343, 0.15065171488967208, 0.14770269031322292, 0.18539193075220803, 0.18628944645430784, 0.183229751940376, -1.0794414184500198, 0.18362597367791642], "(3.0, 0.0, 0.0)": [0.0, 0.02598538898231453, 0.021520019225674883, 0.026336237022294907, 0.22848092942924095, 0.11943121227274923, 0.025902295352970513, 0.024779239849586618, 0.025250874413691456], "(4.0, 1.0, 0.0)": [0.0, 0.8185307662528742, 0.691870878723313, 0.4164508688585529, 0.7588263832313005, 0.7510087260782441, 0.7564339550830733, 0.9438225572551223, 0.8468659981662932], "(4.0, 0.0, 0.0)": [0.0, -0.4416002864137968, -0.14022966710332097, -0.06812584644815006, -0.01402721184263565, -0.7675334707181563, -0.9314681135860594, -0.0636848281699155, -0.9039153353679769], "(5.0, 1.0, 0.0)": [0.0, 0.0, 2.5568858812699764, 0.4314805350687664, 6.34854866931428, 3.028868108091281, -0.21832555922152452, 3.2732795152764322, 0.0], "(0.0, 1.0, 1.0)": [0.0, -1.3491360906470997, 1.0224278226500922, -1.7710369478882173, 1.6470109916265248, 0.7128188545817483, 0.9632207091665691, 0.9606119766169341, 0.5781905552203233], "(5.0, 0.0, 0.0)": [0.0, -6.308664276996634, -1.2948917382141394, -2.413215810933954, -4.143182478106638, -0.34898697082712726, -3.830126857427597, -3.949809097271406, -1.3362087181956892], "(0.0, 0.0, 1.0)": [0.0, -0.6781184735502894, -0.19466193453842848, -0.00843106002676466, -1.920658625914973, -0.0526246997633288, -0.2720289567878229, -0.3722536917083971, -0.27156008301927437], "(1.0, 0.0, 1.0)": [0.0, 0.10619714832036053, 0.13057531265141353, 0.04121968374420691, 0.12496984212584199, -0.003838932438767721, 0.10156740800488409, 0.1353703918536809, 0.13261712360619257], "(2.0, 0.0, 0.0)": [0.0, -0.21667964170547185, -1.492051890835379, -0.021789158408444496, -0.33643325916369804, -0.43726854127468884, -0.17169448710923219, -0.27960251530396274, -0.6403417976101533], "(2.0, 1.0, 0.0)": [0.0, 0.21558768047146357, 0.22120935710423636, 0.22085194533325653, 0.21995263229900408, 0.21983347120028163, 0.2171564017294506, 0.21929903730321748, 0.21779220356129395], "(1.0, 1.0, 1.0)": [0.0, 0.251510511956678, 0.24815165579238246, 0.25013335929650826, 0.3346912970664454, 0.2538002371530797, 0.36751268416993205, 0.1577420386625356, 0.2005121242614383], "(6.0, 0.0, 0.0)": [0.0, 0.0, 0.05726150153538704, 0.0, 0.0, 0.0, 0.0, 0.0, 0.0], "(6.0, 1.0, 0.0)": [0.0, 0.0, 0.0, 0.0, 0.0, 0.0, 0.0, 0.0, 0.0]}, "stats": {"total_messages": 945643, "total_updates": 814004, "total_reward": -43752.0, "action_counts": [116966, 111709, 111250, 100296, 106941, 101247, 100587, 99018, 97629], "state_visits": {"(3.0, 1.0, 0.0)": 10494, "(3.0, 0.0, 0.0)": 322080, "(4.0, 1.0, 0.0)": 6238, "(4.0, 0.0, 0.0)": 160755, "(5.0, 1.0, 0.0)": 53, "(0.0, 1.0, 1.0)": 2005, "(5.0, 0.0, 0.0)": 580, "(0.0, 0.0, 1.0)": 46946, "(1.0, 0.0, 1.0)": 80318, "(2.0, 0.0, 0.0)": 177304, "(2.0, 1.0, 0.0)": 3904, "(1.0, 1.0, 1.0)": 3325, "(6.0, 0.0, 0.0)": 2, "(6.0, 1.0, 0.0)": 0}}}