{"q": {"(3.0, 1.0, 0.0)": [0.0, 0.32880202311304285, 0.8307901733141857, 0.3660035362261143, 0.9087075856158584, 0.33431403186421293, 0.752338907892835, 0.7821850239008237, 0.2001519917021526], "(3.0, 0.0, 0.0)": [0.0, 0.5348131042593711, 0.5291607923754759, 0.5555011406047614, 0.5516976180900504, 0.5516271218540696, 0.555966511955801, 0.536666881502905, 0.5715865530349516], "(4.0, 1.0, 0.0)": [0.0, 1.7303516202991445, 2.9505031521778258, 1.1498598999747018, 1.8605200512565567, 1.9316454354318542, 1.1380563011750509, 1.2967431741310687, 1.923187034148428], "(4.0, 0.0, 0.0)": [0.0, 0.7514911374867499, 0.7482391525965216, 0.7792413857235229, 0.7823017988226436, 0.7792649162669365, 0.7491234467555442, 0.7478074153567, 0.8133034267391802], "(5.0, 1.0, 0.0)": [0.0, 0.0, 11.694966872193708, 0.0, 0.0, 5.95703125, -2.3326210184312908, 0.0, 0.0], "(0.0, 1.0, 1.0)": [0.0, 0.2559393636496856, 0.4476686740885799, 0.48120209381844536, 0.44183332642726786, 0.42950311790053447, 0.4078597024651728, 0.42379323855840156, 0.4316504832865826], "(5.0, 0.0, 0.0)": [0.0, -5.826755336706924, -0.626798986612154, 0.47788773155464137, -6.8359375, -1.961758368875276, -4.289677507694931, -2.5, 0.2542028225289001], "(0.0, 0.0, 1.0)": [0.0, 0.42798162500117554, 0.31388951946479804, 0.4651974184698084, 0.2734619925263552, 0.42799422972931217, 0.3642845466433069, 0.11413823376937957, 0.42807482759176385], "(1.0, 0.0, 1.0)": [0.0, 0.44107648949002065, 0.4502241027692597, 0.45007804997927015, 0.4481454495429862, 0.45059998655802597, 0.44902816160508285, 0.47943096628226606, 0.45057245865618467], "(2.0, 0.0, 0.0)": [0.0, 0.6184796811204416, 0.6184796811205309, 0.6107666235620426, 0.6722605229570016, 0.57029105351837, 0.5481144393777271, 0.6184796810976535, 0.544342934575696], "(2.0, 1.0, 0.0)": [0.0, 0.397452033270852, 0.22629889180718213, 0.18835818260502218, 0.25483228205065567, 0.4760726838007223, 0.1474065188846589, 0.11471159201710862, 0.2335136167037469], "(1.0, 1.0, 1.0)": [0.0, 0.5408378702920467, 1.0708186735576628, 0.8566649795894776, 1.0249031072627968, 1.0775917464157896, 1.1411353708762488, 0.6434685001106955, 0.9474503442544107], "(6.0, 0.0, 0.0)": [0.0, 0.0, 0.0, 0.0, 0.0, 0.0, 0.0, 0.0, 0.0]}, "stats": {"total_messages": 105872, "total_updates": 78009, "total_reward": -6164.0, "action_counts": [19220, 10207, 11900, 10181, 9875, 11907, 10210, 11894, 10478], "state_visits": {"(3.0, 1.0, 0.0)": 1669, "(3.0, 0.0, 0.0)": 35201, "(4.0, 1.0, 0.0)": 858, "(4.0, 0.0, 0.0)": 18616, "(5.0, 1.0, 0.0)": 8, "(0.0, 1.0, 1.0)": 177, "(5.0, 0.0, 0.0)": 76, "(0.0, 0.0, 1.0)": 7936, "(1.0, 0.0, 1.0)": 4851, "(2.0, 0.0, 0.0)": 7976, "(2.0, 1.0, 0.0)": 364, "(1.0, 1.0, 1.0)": 277, "(6.0, 0.0, 0.0)": 0}}}