{"q": {"(3.0, 1.0, 0.0)": [0.0, 2.2425609693856616, 2.2251183725402894, 1.5519817009753196, 2.0695573543351022, 2.228314167315646, 2.2365309139590424, 1.6161247302662933, 2.1789613234755656], "(3.0, 0.0, 0.0)": [0.0, 0.7453189039421672, 0.729043722207073, 0.7493579232634695, 0.8334477013353789, 0.9906794391946369, 0.7668699920009706, 0.7492789124387439, 0.9152079819498579], "(4.0, 1.0, 0.0)": [0.0, 2.8348619460906406, 2.2636139962744597, 3.7989753995345485, 3.3752764884381925, 2.520884154159746, 4.110319980500854, 3.781061834898863, 3.784479394188298], "(4.0, 0.0, 0.0)": [0.0, 0.7698229491304494, 0.7604066112421897, 0.7730294605443848, 0.771077031867413, 0.7347852369729901, 0.7476427953861902, 0.7559168274259446, 0.7591461343752641], "(5.0, 1.0, 0.0)": [0.0, 0.0, 13.483954274284496, 0.0, 0.0, 5.375024768888167, -0.21832555922152452, 3.598412644113912, 0.0], "(0.0, 1.0, 1.0)": [0.0, 0.5238277356444393, 1.02638527155107, 0.5545722337857472, 0.5462646839795721, 0.5439586763251649, 0.5256006369797743, 0.5562130825866791, 0.5567073525001245], "(5.0, 0.0, 0.0)": [0.0, -8.976294245227638, 0.26396032423315047, -1.7010277481369402, -9.820876985141659, -1.9608376303263555, 0.5392321803498633, -5.25139934168037, 0.1660237790917], "(0.0, 0.0, 1.0)": [0.0, -0.1217160094979787, 0.4560351820868833, 0.26356728344828817, -0.7506895053011975, 0.42405582913529694, -0.10202476836561802, 0.28353475829173125, 0.035803433831938514], "(1.0, 0.0, 1.0)": [0.0, 0.6904080291915105, 0.845560271085822, 0.6899035149332289, 0.7089237823871656, 0.6910412833225226, 0.6711996571240657, 0.7031949646165887, 0.6967902912921715], "(2.0, 0.0, 0.0)": [0.0, 0.6461627447189954, 0.6312526296453072, 0.6211739708963122, 0.6208899121653444, 0.6481708011733232, 0.6227807485422729, 0.6403429267575758, 0.6741276499583887], "(2.0, 1.0, 0.0)": [0.0, 0.8506995805968669, 1.0114512327951648, 1.3909033631229266, 1.3742894732639415, 1.2081006044993063, 1.3831229024778497, 1.3762377195607818, 1.376719040228179], "(1.0, 1.0, 1.0)": [0.0, 1.4744160670883433, 1.2772826237609731, 1.4743282802091096, 1.4643086777828251, 1.3294315009763849, 1.4828132227709463, 1.4755603418674135, 1.4770182448982172], "(6.0, 0.0, 0.0)": [0.0, 0.0, 0.0, 0.0, 0.0, 0.0, 0.0, 0.0, 0.0], "(6.0, 1.0, 0.0)": [0.0, 0.0, 0.0, 0.0, 0.0, 0.0, 0.0, 0.0, 0.0]}, "stats": {"total_messages": 842822, "total_updates": 736003, "total_reward": -39365.0, "action_counts": [93049, 101577, 100633, 92099, 96879, 89933, 90141, 89297, 89214], "state_visits": {"(3.0, 1.0, 0.0)": 4732, "(3.0, 0.0, 0.0)": 292652, "(4.0, 1.0, 0.0)": 2323, "(4.0, 0.0, 0.0)": 140223, "(5.0, 1.0, 0.0)": 31, "(0.0, 1.0, 1.0)": 1201, "(5.0, 0.0, 0.0)": 527, "(0.0, 0.0, 1.0)": 46252, "(1.0, 0.0, 1.0)": 74935, "(2.0, 0.0, 0.0)": 168451, "(2.0, 1.0, 0.0)": 2574, "(1.0, 1.0, 1.0)": 2101, "(6.0, 0.0, 0.0)": 1, "(6.0, 1.0, 0.0)": 0}}}