{"q": {"(3.0, 1.0, 0.0)": [0.0, 6.612090976122989, 1.2961102499720234, 1.0649846273955603, 1.3087079478052988, 1.2575350118735842, 0.9491458140635557, 3.643105875433066, 2.2074312605069935], "(3.0, 0.0, 0.0)": [0.0, 1.6360211967209513, 1.7600107553594837, 1.6666653294722156, 1.7074807266873724, 1.7087981373698102, 1.7416942611419297, 1.6261423194908446, 1.7456454018439893], "(4.0, 1.0, 0.0)": [0.0, 9.932724933648885, 10.023750253691365, 9.99425513754096, 4.2227544231596115, 9.945117646327322, 10.068262165199979, 9.743042376403194, 10.047418905697512], "(4.0, 0.0, 0.0)": [0.0, 2.7100444368199565, 2.6716469766565916, 2.758100176063838, 2.7045554177028173, 2.5658517028705417, 2.6421060400184055, 2.7148941547657355, 2.612146504899541], "(5.0, 1.0, 0.0)": [0.0, 0.0, 11.694966872193708, 0.0, 0.0, 5.95703125, -0.21832555922152452, 0.0, 0.0], "(0.0, 1.0, 1.0)": [0.0, 0.9736634069918733, 0.9720390569771589, 0.9457759809616366, 0.9539555898948486, 0.9543842372347406, 0.9568006788816029, 0.9720815558086847, 0.9679517410325792], "(5.0, 0.0, 0.0)": [0.0, -6.732390709267042, -0.1264033700616258, -1.1531384905603688, -7.7757135624030695, -0.7597316963181115, 0.19678901539497398, -9.03392165816092, -0.42521731656060924], "(0.0, 0.0, 1.0)": [0.0, -1.540894585067498, -0.2754524696162717, -0.02538853949684807, -0.13177689715855345, -0.31224031275541714, -0.7937828945629006, -1.1339978411205713, -0.5058252888473594], "(1.0, 0.0, 1.0)": [0.0, 0.5606216195436622, 0.551766277748407, 0.5694537694550953, 0.5293100745466264, 0.5329084790626608, 0.5277566540605306, 0.5660924688429279, 0.5532425475965872], "(2.0, 0.0, 0.0)": [0.0, 0.9324963282185672, 0.9485862467116116, 1.034183437706468, 0.9632093678264327, 0.9814888585805831, 1.0352910628905831, 1.1522456606507747, 0.9746557577440802], "(2.0, 1.0, 0.0)": [0.0, 0.6902144824583285, 0.6931443681249354, 0.6838531620822326, 0.6911128480972697, 0.6878461706610319, 0.6948129351401267, 0.6959564033446439, 0.6867551921860944], "(1.0, 1.0, 1.0)": [0.0, 0.8580601426892417, 0.8085653113013971, 0.8804805839351874, 0.8487366274719651, 0.81484681472356, 0.836845643095466, 0.8659469396544539, 0.8020958811246436], "(6.0, 0.0, 0.0)": [0.0, 0.0, 0.0, 0.0, 0.0, 0.0, 0.0, 0.0, 0.0]}, "stats": {"total_messages": 572673, "total_updates": 501004, "total_reward": -26389.0, "action_counts": [59842, 68815, 66099, 63434, 66078, 63091, 64982, 59677, 60655], "state_visits": {"(3.0, 1.0, 0.0)": 3571, "(3.0, 0.0, 0.0)": 198648, "(4.0, 1.0, 0.0)": 1729, "(4.0, 0.0, 0.0)": 86604, "(5.0, 1.0, 0.0)": 11, "(0.0, 1.0, 1.0)": 798, "(5.0, 0.0, 0.0)": 326, "(0.0, 0.0, 1.0)": 35414, "(1.0, 0.0, 1.0)": 51744, "(2.0, 0.0, 0.0)": 119162, "(2.0, 1.0, 0.0)": 1736, "(1.0, 1.0, 1.0)": 1261, "(6.0, 0.0, 0.0)": 0}}}