{"q": {"(3.0, 1.0, 0.0)": [0.0, 0.8376817782615873, 0.8726626652297715, 0.8873879656473096, 1.6737476412652752, 1.5924787731170658, 0.8665569715280786, 0.8914900582638922, 0.8331438806617704], "(3.0, 0.0, 0.0)": [0.0, 0.5275828429484438, 0.7622698131537854, 0.5291305771571182, 0.5550651402595449, 0.5640276298725202, 0.5286509420275909, 0.5175503457063039, 0.5279448307317298], "(4.0, 1.0, 0.0)": [0.0, 2.8348619460906406, 2.840504314695014, 3.4247007507686376, 2.772017152484081, 4.5811810562128805, 2.7936540071057623, 2.809883033699148, 2.7632315344240284], "(4.0, 0.0, 0.0)": [0.0, 0.37704290561608295, 0.3615741589365021, 0.37580647953281854, 0.3807568903077977, 0.37783790976736664, 0.3637351020246041, 0.3635578360773859, 0.39301538865195795], "(5.0, 1.0, 0.0)": [0.0, 0.0, 13.483954274284496, 0.0, 0.0, 5.375024768888167, -0.21832555922152452, 3.598412644113912, 0.0], "(0.0, 1.0, 1.0)": [0.0, 0.6418131152556622, 0.47281832296761817, 0.6411920390630532, 0.6424516567012555, 0.6391759798946359, 0.6406368367687647, 0.6245261208383119, 0.6267216402397748], "(5.0, 0.0, 0.0)": [0.0, -9.853384336177108, -0.18940090220561334, -3.0240493300212274, -9.57541211292838, -0.794595705920788, -2.596657528567862, -7.680923372225143, -4.431759660114627], "(0.0, 0.0, 1.0)": [0.0, -0.028081413438648468, -0.008516043418465916, -0.10434252048498861, -6.5469723226117384, -1.1603871538819195, -0.212744823123605, -0.013899048942365558, -2.1253445977575645], "(1.0, 0.0, 1.0)": [0.0, 0.3000625302605494, 0.27898991535655926, 0.2659830531485885, -0.015250320327077831, 0.043024526123700696, 0.289111934645495, 0.1924468180871921, 0.14293584022536254], "(2.0, 0.0, 0.0)": [0.0, 0.5690898008338703, 0.5235733379541591, 0.5383473408304913, 0.407526027038964, 0.47527421747979753, 0.5355644076430949, 0.5136323970583975, 0.5313668608847736], "(2.0, 1.0, 0.0)": [0.0, 0.6628819889529787, 0.6680966697279346, 0.6494469410197674, 0.5190436585096226, 0.6563630279073601, 0.70533669879776, 0.8494475780272007, 0.5647278967745059], "(1.0, 1.0, 1.0)": [0.0, 0.40007952616152165, 0.4049860612090339, 2.054815807638163, 0.39680870735379625, 0.40101673173227614, 0.4006907236062523, 0.40287215539515375, 0.3987270569557629], "(6.0, 0.0, 0.0)": [0.0, 0.0, 0.0, 0.0, 0.0, 0.0, 0.0, 0.0, 0.0], "(6.0, 1.0, 0.0)": [0.0, 0.0, 0.0, 0.0, 0.0, 0.0, 0.0, 0.0, 0.0]}, "stats": {"total_messages": 731376, "total_updates": 631003, "total_reward": -36861.0, "action_counts": [87886, 87128, 84803, 78493, 82379, 79181, 79266, 75830, 76410], "state_visits": {"(3.0, 1.0, 0.0)": 4132, "(3.0, 0.0, 0.0)": 257886, "(4.0, 1.0, 0.0)": 2164, "(4.0, 0.0, 0.0)": 123185, "(5.0, 1.0, 0.0)": 31, "(0.0, 1.0, 1.0)": 944, "(5.0, 0.0, 0.0)": 459, "(0.0, 0.0, 1.0)": 36798, "(1.0, 0.0, 1.0)": 58489, "(2.0, 0.0, 0.0)": 143193, "(2.0, 1.0, 0.0)": 2004, "(1.0, 1.0, 1.0)": 1717, "(6.0, 0.0, 0.0)": 1, "(6.0, 1.0, 0.0)": 0}}}