{"q": {"(3.0, 1.0, 0.0)": [0.0, 1.248771078425145, 2.7674661492237265, 2.070641814593831, 1.0355898605060345, 1.3364369449834674, 1.2034509250953225, 1.4984962850253, 1.137682798136928], "(3.0, 0.0, 0.0)": [0.0, 1.3550830947423562, 1.3536791105844181, 1.4706737003676829, 1.4139338134109696, 1.3809446293285743, 1.2913461888006088, 1.3530198049612445, 1.4293019185689027], "(4.0, 1.0, 0.0)": [0.0, 2.8348619460906406, 4.68172987587288, 3.810790447346193, 2.772017152484081, 0.9358857921596604, 4.07427002749409, 2.809883033699148, 3.3982431132392006], "(4.0, 0.0, 0.0)": [0.0, 1.6762479364239922, 1.6789398143917822, 1.8220360032297305, 1.7002773662033255, 1.710366049937848, 1.7705308822994081, 1.677329776858723, 1.7331446113794315], "(5.0, 1.0, 0.0)": [0.0, 0.0, 13.483954274284496, 0.0, 0.0, 5.375024768888167, -0.21832555922152452, 3.598412644113912, 0.0], "(0.0, 1.0, 1.0)": [0.0, 0.6418131152556622, 0.47281832296761817, 0.6411920390630532, 0.5227421155887966, 0.6391759798946359, 0.6406368367687647, 0.6245261208383119, 0.6267216402397748], "(5.0, 0.0, 0.0)": [0.0, -7.318843259103129, 0.26396032423315047, -1.7010277481369402, -9.820876985141659, -0.4469600845804433, 0.06282941128579561, -7.171644933407091, -0.35766493743154687], "(0.0, 0.0, 1.0)": [0.0, 0.7065762908457027, 0.7075230054883488, 0.7063869120749218, 0.7678118609555316, 0.7283903244836489, 0.7182334144750797, 0.705716962597924, 0.4643028350652067], "(1.0, 0.0, 1.0)": [0.0, 0.9422236787434518, 0.790247421614263, 0.8967970985267688, 0.8486993095860518, 0.8352339856832678, 0.8423024594181925, 0.8626491861602805, 0.8283523919663486], "(2.0, 0.0, 0.0)": [0.0, 1.0864349160820228, 1.1083934893794973, 1.1821738409318874, 1.1073073395598185, 1.0970678537434944, 1.088393030785799, 1.087599934298484, 1.0795095543132196], "(2.0, 1.0, 0.0)": [0.0, 0.744860092970367, 0.6680966697279346, 0.6494469410197674, 0.5190436585096226, 0.7690922351491825, 0.70533669879776, 0.8312463209940881, 0.5647278967745059], "(1.0, 1.0, 1.0)": [0.0, 0.40007952616152165, 1.8865414458977627, 2.054815807638163, 0.39680870735379625, 1.2620840913871019, 0.4006907236062523, 1.8898008510896562, 1.2611181348407605], "(6.0, 0.0, 0.0)": [0.0, 0.0, 0.0, 0.0, 0.0, 0.0, 0.0, 0.0, 0.0], "(6.0, 1.0, 0.0)": [0.0, 0.0, 0.0, 0.0, 0.0, 0.0, 0.0, 0.0, 0.0]}, "stats": {"total_messages": 797925, "total_updates": 692003, "total_reward": -38183.0, "action_counts": [92631, 96415, 94575, 87405, 88803, 85921, 85760, 83055, 83360], "state_visits": {"(3.0, 1.0, 0.0)": 4300, "(3.0, 0.0, 0.0)": 280115, "(4.0, 1.0, 0.0)": 2199, "(4.0, 0.0, 0.0)": 135287, "(5.0, 1.0, 0.0)": 31, "(0.0, 1.0, 1.0)": 955, "(5.0, 0.0, 0.0)": 505, "(0.0, 0.0, 1.0)": 40625, "(1.0, 0.0, 1.0)": 68124, "(2.0, 0.0, 0.0)": 156056, "(2.0, 1.0, 0.0)": 2028, "(1.0, 1.0, 1.0)": 1777, "(6.0, 0.0, 0.0)": 1, "(6.0, 1.0, 0.0)": 0}}}