{"q": {"(3.0, 1.0, 0.0)": [0.0, 6.323704511670502, 1.2961102499720234, 1.0649846273955603, 1.3087079478052988, 1.2575350118735842, 0.9491458140635557, 3.643105875433066, 1.293382998302044], "(3.0, 0.0, 0.0)": [0.0, 2.421331372387132, 2.484864254224253, 3.0011559713714266, 2.4336752935124117, 2.457185882903241, 2.4463603091453185, 2.303241297773864, 2.4593907983019423], "(4.0, 1.0, 0.0)": [0.0, 11.117317816285105, 11.134814441566496, 11.32092421740236, 4.2227544231596115, 12.049098872419691, 11.641995672354108, 12.056384290674533, 12.033158617434859], "(4.0, 0.0, 0.0)": [0.0, 5.595832464297746, 5.5056639166948536, 5.285877037717583, 5.455077187374956, 5.733151633224413, 5.27470277311229, 5.385719774577938, 5.41649245125933], "(5.0, 1.0, 0.0)": [0.0, 0.0, 11.694966872193708, 0.0, 0.0, 5.95703125, -0.21832555922152452, 0.0, 0.0], "(0.0, 1.0, 1.0)": [0.0, 1.0090388992356074, 1.007299049909618, 1.0087818089291378, 1.0108149467821552, 1.0948763853252093, 1.0072793708416943, 1.007350713373432, 1.027508055015801], "(5.0, 0.0, 0.0)": [0.0, -9.161303016615495, -0.1264033700616258, -1.1531384905603688, -7.7757135624030695, -0.7597316963181115, 0.16518540481769733, -9.03392165816092, -0.42521731656060924], "(0.0, 0.0, 1.0)": [0.0, 0.7028393678129563, 0.6722324713263292, 0.7612737590104836, 0.712491042533451, 0.6860697560406666, 0.710997089844021, 0.7639554461395176, 0.7630976004905019], "(1.0, 0.0, 1.0)": [0.0, 1.1260356181231264, 1.0593270299545168, 1.0776393810854201, 1.0454809053028085, 0.9000295589347269, 1.0458528196655883, 1.0672936440425134, 1.1362533101497507], "(2.0, 0.0, 0.0)": [0.0, 1.6657751651616597, 2.001902803962979, 1.6651583308155216, 1.6282927881017069, 1.696113728674598, 1.76988339540376, 1.7011376910030316, 1.6518954672845543], "(2.0, 1.0, 0.0)": [0.0, 0.8879454582537366, 0.8371796895679802, 0.8672313749687479, 0.860301909510646, 0.7765228036582854, 0.8989065109969582, 0.8338316192353206, 0.8701187893280414], "(1.0, 1.0, 1.0)": [0.0, 1.0448667458864846, 1.04641592267158, 1.0496121841926835, 1.0846359549252893, 1.050636785985843, 1.0431338507251624, 1.0486256795919695, 1.040010655992172], "(6.0, 0.0, 0.0)": [0.0, 0.0, 0.0, 0.0, 0.0, 0.0, 0.0, 0.0, 0.0]}, "stats": {"total_messages": 565458, "total_updates": 494003, "total_reward": -26230.0, "action_counts": [59633, 68011, 65199, 62460, 65313, 62355, 64046, 58724, 59717], "state_visits": {"(3.0, 1.0, 0.0)": 3559, "(3.0, 0.0, 0.0)": 196815, "(4.0, 1.0, 0.0)": 1661, "(4.0, 0.0, 0.0)": 85867, "(5.0, 1.0, 0.0)": 11, "(0.0, 1.0, 1.0)": 760, "(5.0, 0.0, 0.0)": 321, "(0.0, 0.0, 1.0)": 34736, "(1.0, 0.0, 1.0)": 50035, "(2.0, 0.0, 0.0)": 117457, "(2.0, 1.0, 0.0)": 1636, "(1.0, 1.0, 1.0)": 1145, "(6.0, 0.0, 0.0)": 0}}}