{"q": {"(3.0, 1.0, 0.0)": [0.0, 2.864138830324581, 1.2961102499720234, 2.1734039755864423, 1.267315387838254, 1.2575350118735842, 2.3106440902766776, 3.1743019176571847, 2.7329344046645643], "(3.0, 0.0, 0.0)": [0.0, 0.3714908056194825, 0.35460551450934746, 0.3504901792639611, 0.3511040589013884, 0.3473450344302119, 0.345519315947787, 0.35691276560256374, 0.3701890231256273], "(4.0, 1.0, 0.0)": [0.0, 4.944572834217828, 6.2261221735107135, 6.307312035609873, 4.348094160654837, 6.209524305131595, 6.321118325479234, 6.317257372225765, 6.289708908512499], "(4.0, 0.0, 0.0)": [0.0, 0.19286677578728179, 0.20112615145186996, 0.2880281779246173, 0.2964670299808907, 0.38496240880475885, 0.22209119685887577, 0.38961782879029144, 0.2944872007503987], "(5.0, 1.0, 0.0)": [0.0, 0.0, 6.860363154283547, 0.0, 0.0, 6.899177905442476, -0.21832555922152452, 0.0, 0.0], "(0.0, 1.0, 1.0)": [0.0, 0.8663078794775971, 0.6482479113277421, 0.8723536513317798, 0.8647927597997193, 0.8667777334116863, 0.773813293859877, 0.8652264624402737, 0.7645370104735945], "(5.0, 0.0, 0.0)": [0.0, -5.661969773962711, -0.09480252754621935, -1.1531384905603688, -5.831785171802302, -3.064322120038044, -1.7164179694080197, -6.952190123555045, -0.31891298742045693], "(0.0, 0.0, 1.0)": [0.0, -2.3441068129511073, -0.030023329396970017, -1.468987765305982, -3.335894585259555, -2.1805108605182904, -1.23416993134382, -0.45024046295288683, -2.582981473894823], "(1.0, 0.0, 1.0)": [0.0, -0.33223613191445955, -0.13519484626171693, -0.6664423828850963, -0.7368922374126028, -0.23658192409014142, -0.3649843050026844, -1.0782578884146636, -0.143156123166665], "(2.0, 0.0, 0.0)": [0.0, 0.24159754202072617, -0.0845499266004158, 0.07107802661488151, 0.2299996978265705, 0.03592552291519273, -0.5983319093341448, 0.23785289157292855, 0.020082788148045067], "(2.0, 1.0, 0.0)": [0.0, 0.6764101928091619, 1.6514716232156652, 0.7162434812134147, 0.6772905911353243, 0.6740892472478113, 0.6772195537316396, 0.668396529772196, 0.8927085459713334], "(1.0, 1.0, 1.0)": [0.0, 0.5751856969951644, 0.5690524202619207, 0.5665180231315253, 1.1456682673999095, 0.5700798470961496, 0.5769367594371965, 0.5717046595219046, 0.5610454128090551], "(6.0, 0.0, 0.0)": [0.0, 0.0, 0.0, 0.0, 0.0, 0.0, 0.0, 0.0, 0.0], "(6.0, 1.0, 0.0)": [0.0, 0.0, 0.0, 0.0, 0.0, 0.0, 0.0, 0.0, 0.0]}, "stats": {"total_messages": 602375, "total_updates": 527002, "total_reward": -28600.0, "action_counts": [63504, 72449, 69107, 66750, 69602, 66336, 67882, 62637, 64108], "state_visits": {"(3.0, 1.0, 0.0)": 3653, "(3.0, 0.0, 0.0)": 208459, "(4.0, 1.0, 0.0)": 1877, "(4.0, 0.0, 0.0)": 92144, "(5.0, 1.0, 0.0)": 27, "(0.0, 1.0, 1.0)": 836, "(5.0, 0.0, 0.0)": 340, "(0.0, 0.0, 1.0)": 35950, "(1.0, 0.0, 1.0)": 53572, "(2.0, 0.0, 0.0)": 126867, "(2.0, 1.0, 0.0)": 1817, "(1.0, 1.0, 1.0)": 1460, "(6.0, 0.0, 0.0)": 0, "(6.0, 1.0, 0.0)": 0}}}