{"q": {"(3.0, 1.0, 0.0)": [0.0, 0.8376817782615873, 0.8726626652297715, 0.8873879656473096, 1.6737476412652752, 1.5924787731170658, 0.8665569715280786, 0.8914900582638922, 0.8331438806617704], "(3.0, 0.0, 0.0)": [0.0, 0.5805389487562442, 0.6174623183473491, 0.5721699898932093, 0.5937912271783296, 0.6454200277569204, 0.5964370491399494, 0.6002587398459138, 0.600011753368195], "(4.0, 1.0, 0.0)": [0.0, 2.8348619460906406, 2.840504314695014, 3.4247007507686376, 2.772017152484081, 4.5811810562128805, 2.7936540071057623, 2.809883033699148, 2.7632315344240284], "(4.0, 0.0, 0.0)": [0.0, 0.3344255408372774, 0.3343983083665137, 0.3555629927539858, 0.3371932407000984, 0.3583306887581902, 0.3431734638558216, 0.3622018058407558, 0.3633947582516446], "(5.0, 1.0, 0.0)": [0.0, 0.0, 13.483954274284496, 0.0, 0.0, 5.375024768888167, -0.21832555922152452, 3.598412644113912, 0.0], "(0.0, 1.0, 1.0)": [0.0, 0.6418131152556622, 0.47281832296761817, 0.6411920390630532, 0.6424516567012555, 0.6391759798946359, 0.6406368367687647, 0.6245261208383119, 0.6267216402397748], "(5.0, 0.0, 0.0)": [0.0, -9.853384336177108, -0.18940090220561334, -3.0240493300212274, -9.57541211292838, -0.794595705920788, -2.596657528567862, -7.680923372225143, -4.431759660114627], "(0.0, 0.0, 1.0)": [0.0, -0.015795795059239764, -0.00026975718917566203, -0.10434252048498861, -1.1652204158163961, -0.3671537479079511, -0.08975172225527087, -0.0043977459544203516, -1.5940084483181733], "(1.0, 0.0, 1.0)": [0.0, 0.25738031903396486, 0.24687055753719503, 0.2606633505709008, -0.015250320327077831, 0.043024526123700696, 0.24718357401217678, 0.1924468180871921, 0.2638920938018242], "(2.0, 0.0, 0.0)": [0.0, 0.4952800945173452, 0.49706274587063304, 0.5383473408304913, 0.4912074256391958, 0.49667283006208857, 0.5225721795365752, 0.5132625505363213, 0.5313668608847736], "(2.0, 1.0, 0.0)": [0.0, 0.6628819889529787, 0.6680966697279346, 0.6494469410197674, 0.5190436585096226, 0.6563630279073601, 0.70533669879776, 0.8494475780272007, 0.5647278967745059], "(1.0, 1.0, 1.0)": [0.0, 0.40007952616152165, 0.4049860612090339, 2.054815807638163, 0.39680870735379625, 0.40101673173227614, 0.4006907236062523, 0.40287215539515375, 0.3987270569557629], "(6.0, 0.0, 0.0)": [0.0, 0.0, 0.0, 0.0, 0.0, 0.0, 0.0, 0.0, 0.0], "(6.0, 1.0, 0.0)": [0.0, 0.0, 0.0, 0.0, 0.0, 0.0, 0.0, 0.0, 0.0]}, "stats": {"total_messages": 732522, "total_updates": 632003, "total_reward": -36860.0, "action_counts": [88030, 87277, 85133, 78552, 82407, 79274, 79357, 75845, 76647], "state_visits": {"(3.0, 1.0, 0.0)": 4132, "(3.0, 0.0, 0.0)": 258230, "(4.0, 1.0, 0.0)": 2164, "(4.0, 0.0, 0.0)": 123493, "(5.0, 1.0, 0.0)": 31, "(0.0, 1.0, 1.0)": 944, "(5.0, 0.0, 0.0)": 459, "(0.0, 0.0, 1.0)": 36830, "(1.0, 0.0, 1.0)": 58619, "(2.0, 0.0, 0.0)": 143379, "(2.0, 1.0, 0.0)": 2004, "(1.0, 1.0, 1.0)": 1717, "(6.0, 0.0, 0.0)": 1, "(6.0, 1.0, 0.0)": 0}}}