{"q": {"(3.0, 1.0, 0.0)": [0.0, 0.05374619475683774, 0.04235593281930472, 0.17902513448108437, 0.038601114611846156, 0.1555640514870799, 0.053172903028638654, 0.1599996752204673, 0.04041765775953488], "(3.0, 0.0, 0.0)": [0.0, 0.7548446667915311, 0.7891274844768186, 0.7458638838208983, 0.7409700338612192, 0.7524478020891847, 0.7524489752942659, 0.7378755420765692, 0.8015204848341249], "(4.0, 1.0, 0.0)": [0.0, 2.8570621274936636, 0.21308229682912094, 0.17645485313069156, 0.7690743162200351, 2.439240331988883, 0.03769113843203695, 2.6208827600892572, 0.037915453178087796], "(4.0, 0.0, 0.0)": [0.0, 0.808523027227875, 0.5491976732167693, 0.8589132892598178, 0.7902008678171955, 0.7902559688886486, 0.8474950688811392, 0.7791105449106517, 0.8254201557651335], "(5.0, 1.0, 0.0)": [0.0, 0.0, 0.0, 0.0, 0.0, 5.95703125, 0.0, 0.0, 0.0], "(0.0, 1.0, 1.0)": [0.0, 0.0, 0.547869207363546, 0.0, 0.4757081736959611, 0.4757081736959611, 0.0, 0.0, 0.0], "(5.0, 0.0, 0.0)": [0.0, -5.826755336706924, -2.3266107961535454, 0.08664665206211238, -6.8359375, -1.961758368875276, -4.289677507694931, -2.5, 0.2542028225289001], "(0.0, 0.0, 1.0)": [0.0, 0.4642238124208643, 0.45949214211255673, 0.47351047612881075, 0.46726135710334504, 0.47848536572623257, 0.37672457418309724, 0.5033322069437692, 0.49487096929712404], "(1.0, 0.0, 1.0)": [0.0, 0.5255203471386423, 0.5905947260702739, 0.5378526167733767, 0.5433689137695465, 0.5433471478558418, 0.5363406573917581, 0.658030523419088, 0.43085035378118386], "(2.0, 0.0, 0.0)": [0.0, -1.3552465410101124, 0.8077107392264982, 0.7060871068178844, 0.686127255440542, 0.7652842232777608, 0.6247293505396779, 0.7312491237683405, 0.5579305534416386], "(2.0, 1.0, 0.0)": [0.0, 0.009100249344812805, 0.0, 0.0, 0.0, 0.025395512986364624, 0.02390823264361643, 0.01785907385862901, 0.030105918525674197], "(1.0, 1.0, 1.0)": [0.0, 0.0, 1.1160713972678402, 0.03668008219861263, 0.0, 0.00868397701149333, 1.343696572154153, 0.08658281416507392, 0.027057452129922964], "(6.0, 0.0, 0.0)": [0.0, 0.0, 0.0, 0.0, 0.0, 0.0, 0.0, 0.0, 0.0]}, "stats": {"total_messages": 70868, "total_updates": 46008, "total_reward": -5682.0, "action_counts": [18927, 4183, 6579, 6459, 5125, 9052, 6506, 7180, 6857], "state_visits": {"(3.0, 1.0, 0.0)": 1349, "(3.0, 0.0, 0.0)": 22712, "(4.0, 1.0, 0.0)": 598, "(4.0, 0.0, 0.0)": 14328, "(5.0, 1.0, 0.0)": 5, "(0.0, 1.0, 1.0)": 58, "(5.0, 0.0, 0.0)": 70, "(0.0, 0.0, 1.0)": 3418, "(1.0, 0.0, 1.0)": 1401, "(2.0, 0.0, 0.0)": 1618, "(2.0, 1.0, 0.0)": 250, "(1.0, 1.0, 1.0)": 201, "(6.0, 0.0, 0.0)": 0}}}