{"q": {"(3.0, 1.0, 0.0)": [0.0, 1.3114015248312885, 0.7763653716719905, 1.0649846273955603, 1.3087079478052988, 0.7420934159116381, 0.7348559996979733, 1.4134627692703485, 1.1472223090268225], "(3.0, 0.0, 0.0)": [0.0, 2.4926257467676463, 3.4992557774523134, 3.2199574619633946, 3.480431438200026, 3.4792511884122543, 3.345080114284688, 3.4208527516488623, 3.269597576368028], "(4.0, 1.0, 0.0)": [0.0, 11.87991640191272, 13.105203168942415, 12.057369989500206, 4.2227544231596115, 12.049098872419691, 11.641995672354108, 12.056384290674533, 12.000779097964118], "(4.0, 0.0, 0.0)": [0.0, 6.530871059679249, 6.259051926908997, 5.148847334473254, 6.32232225422933, 6.008208238580898, 6.197555106331251, 6.231683549938608, 6.006219971230039], "(5.0, 1.0, 0.0)": [0.0, 0.0, 11.694966872193708, 0.0, 0.0, 5.95703125, -0.21832555922152452, 0.0, 0.0], "(0.0, 1.0, 1.0)": [0.0, 1.0146718207135494, 1.0075887574938132, 1.0087818089291378, 1.0108149467821552, 1.0948763853252093, 1.0072793708416943, 1.007350713373432, 1.027508055015801], "(5.0, 0.0, 0.0)": [0.0, -9.161303016615495, -0.1264033700616258, -1.1531384905603688, -7.7757135624030695, -0.7597316963181115, 0.16518540481769733, -9.03392165816092, -0.42521731656060924], "(0.0, 0.0, 1.0)": [0.0, 0.7052799672630895, 0.7504118718214734, 0.7504162719863869, 0.8156650780667456, 0.7662269267002335, 0.7535704974177804, 0.750416447013883, 0.7522344732090485], "(1.0, 0.0, 1.0)": [0.0, 0.7396215554956227, 0.7265375068787226, 0.747034907585788, 0.7809131771464819, 0.7223161575327053, 0.725721335081986, 0.7184534999482376, 0.722273386871359], "(2.0, 0.0, 0.0)": [0.0, 1.0947062297161014, 1.0166498428563555, 1.810175278584326, 1.0236620086906016, 1.039025953520982, 0.9919310189522677, 1.019923694753953, 1.0447070157030818], "(2.0, 1.0, 0.0)": [0.0, 0.9772210032804174, 0.8974779944635403, 0.7605864394055879, 0.8164492137696261, 0.7765228036582854, 0.8666869186699705, 0.7410638347946279, 0.7379769968688205], "(1.0, 1.0, 1.0)": [0.0, 1.1279714341921032, 1.229529513238613, 1.1004122552181514, 1.182819167442316, 1.0524585631895458, 1.282458161685931, 1.203222572729816, 1.2039535187432382], "(6.0, 0.0, 0.0)": [0.0, 0.0, 0.0, 0.0, 0.0, 0.0, 0.0, 0.0, 0.0]}, "stats": {"total_messages": 554320, "total_updates": 483003, "total_reward": -26256.0, "action_counts": [59534, 66475, 63181, 61091, 63984, 60996, 63068, 57390, 58601], "state_visits": {"(3.0, 1.0, 0.0)": 3425, "(3.0, 0.0, 0.0)": 194379, "(4.0, 1.0, 0.0)": 1621, "(4.0, 0.0, 0.0)": 85303, "(5.0, 1.0, 0.0)": 11, "(0.0, 1.0, 1.0)": 744, "(5.0, 0.0, 0.0)": 321, "(0.0, 0.0, 1.0)": 33368, "(1.0, 0.0, 1.0)": 47598, "(2.0, 0.0, 0.0)": 113810, "(2.0, 1.0, 0.0)": 1503, "(1.0, 1.0, 1.0)": 920, "(6.0, 0.0, 0.0)": 0}}}