{"q": {"(3.0, 1.0, 0.0)": [0.0, 0.8376817782615873, 0.8726626652297715, 0.8873879656473096, 3.019436055303552, 0.8757564464998853, 0.8665569715280786, 0.8914900582638922, 0.8331438806617704], "(3.0, 0.0, 0.0)": [0.0, 0.481792947299144, 0.5821373474240424, 0.25144557889915176, 0.5687295531406023, -0.8162197071489385, 0.3239283354620576, 0.5627927051387519, 0.5352750144926873], "(4.0, 1.0, 0.0)": [0.0, 3.4337414088519127, 3.452410906089308, 3.5316821501318865, 3.519361704927392, 3.486781383969313, 3.545711319879107, 3.264133755145511, 2.7632315344240284], "(4.0, 0.0, 0.0)": [0.0, 0.24667171325574286, 0.25681349332167147, 0.2578935508351573, 0.24321584384659042, 0.237459656856219, 0.24132121577385676, -0.12180856694844887, 0.24842053965153088], "(5.0, 1.0, 0.0)": [0.0, 0.0, 15.64527236571266, 0.0, 0.0, 5.375024768888167, -0.21832555922152452, 0.0, 0.0], "(0.0, 1.0, 1.0)": [0.0, 0.6418131152556622, 0.6432902353300927, 0.6411920390630532, 0.6424516567012555, 0.6522203876475877, 0.6406368367687647, 0.6483936962073341, 0.649783796070868], "(5.0, 0.0, 0.0)": [0.0, -4.246477330472033, -0.05332642174474839, -5.23458266914665, -2.4602843693540963, -1.7236811925213997, -1.2873134770560148, -6.410606944499713, -0.2391847405653427], "(0.0, 0.0, 1.0)": [0.0, -0.7521472892529208, -2.165118041455242, -1.8604261955445494, -4.108762705822907, -4.2727114827249775, -2.2427359431647442, -1.4672830072138037, -3.0896278079714916], "(1.0, 0.0, 1.0)": [0.0, -3.4196841838984198, -0.7473070910563793, -0.44634838522183296, -4.7751655716121215, -1.1828529551766538, -2.780773519890383, -0.2947773036632135, -4.062645228162864], "(2.0, 0.0, 0.0)": [0.0, -0.024068182231457083, -0.13528601516666539, -1.6005732152929606, -2.2130857418629524, -0.6956211653540388, -1.5042638970789108, -0.42295668743464093, -0.023376513651774247], "(2.0, 1.0, 0.0)": [0.0, 0.6628819889529787, 0.6680966697279346, 0.6494469410197674, 0.5190436585096226, 0.6563630279073601, 0.70533669879776, 0.8494475780272007, 0.5647278967745059], "(1.0, 1.0, 1.0)": [0.0, 0.40007952616152165, 0.4049860612090339, 2.054815807638163, 0.39680870735379625, 0.40101673173227614, 0.4006907236062523, 0.40287215539515375, 0.3987270569557629], "(6.0, 0.0, 0.0)": [0.0, 0.0, 0.0, 0.0, 0.0, 0.0, 0.0, 0.0, 0.0], "(6.0, 1.0, 0.0)": [0.0, 0.0, 0.0, 0.0, 0.0, 0.0, 0.0, 0.0, 0.0]}, "stats": {"total_messages": 658987, "total_updates": 574002, "total_reward": -31881.0, "action_counts": [72968, 78143, 75723, 72316, 76342, 71802, 72850, 68998, 69845], "state_visits": {"(3.0, 1.0, 0.0)": 4115, "(3.0, 0.0, 0.0)": 229527, "(4.0, 1.0, 0.0)": 2079, "(4.0, 0.0, 0.0)": 102334, "(5.0, 1.0, 0.0)": 29, "(0.0, 1.0, 1.0)": 937, "(5.0, 0.0, 0.0)": 357, "(0.0, 0.0, 1.0)": 36201, "(1.0, 0.0, 1.0)": 56705, "(2.0, 0.0, 0.0)": 137997, "(2.0, 1.0, 0.0)": 2004, "(1.0, 1.0, 1.0)": 1717, "(6.0, 0.0, 0.0)": 0, "(6.0, 1.0, 0.0)": 0}}}