{"q": {"(3.0, 1.0, 0.0)": [0.0, 2.288327519781287, 2.2251183725402894, 1.5519817009753196, 2.0206297001515376, 2.228314167315646, 2.2365309139590424, 1.4530792009554632, 2.1789613234755656], "(3.0, 0.0, 0.0)": [0.0, 1.0875912359018938, 1.0110677087487612, 1.0005839371917822, 1.001041279533184, 1.0066435654218564, 1.024401192599119, 1.0099171739072994, 1.0854917876421868], "(4.0, 1.0, 0.0)": [0.0, 2.8348619460906406, 2.2636139962744597, 3.7989753995345485, 3.3752764884381925, 2.520884154159746, 4.110319980500854, 3.781061834898863, 3.784479394188298], "(4.0, 0.0, 0.0)": [0.0, 0.9082601143640079, 0.9156686489753676, 0.9087343126951586, 0.9661175842847491, 0.9138479413229526, 0.9119942673423334, 0.9285148926858955, 0.9109378365316878], "(5.0, 1.0, 0.0)": [0.0, 0.0, 13.483954274284496, 0.0, 0.0, 5.375024768888167, -0.21832555922152452, 3.598412644113912, 0.0], "(0.0, 1.0, 1.0)": [0.0, 0.5238277356444393, 0.5482187163721258, 0.5545722337857472, 0.5462646839795721, 0.5614425792727953, 0.5256006369797743, 0.5562130825866791, 0.5567073525001245], "(5.0, 0.0, 0.0)": [0.0, -8.976294245227638, 0.26396032423315047, -1.7010277481369402, -9.820876985141659, 0.5649261684780316, 0.5392321803498633, -7.171644933407091, 0.1660237790917], "(0.0, 0.0, 1.0)": [0.0, 0.6269911387277668, 0.6429610901912666, 0.6218956901745054, 0.6081795853419515, 0.6812819017198937, 0.6589073325855346, 0.5883931762674346, 0.6267793505877499], "(1.0, 0.0, 1.0)": [0.0, 0.9300477828561414, 0.9929665616513559, 0.913806936914524, 0.8583103187333255, 0.9167324769976054, 0.9322594530576014, 0.9712208953914488, 1.0113366894868774], "(2.0, 0.0, 0.0)": [0.0, 0.6842639845403612, 0.8046765336762812, 0.7854375474303833, 0.7909364930456063, 0.6646203477990433, 0.7854341016194134, 0.8537323149835208, 0.7833047308657166], "(2.0, 1.0, 0.0)": [0.0, 0.6762234504022168, 0.8905589866666139, 1.4936173599791491, 1.1755813354037947, 1.1755521345456423, 1.521936612168373, 1.4528124562507851, 1.594115989510839], "(1.0, 1.0, 1.0)": [0.0, 1.547346331821943, 1.5477762486020652, 1.504416612458275, 1.6454787020268564, 1.6749019691947984, 1.6742224196845155, 1.6013945687853264, 1.621887712453282], "(6.0, 0.0, 0.0)": [0.0, 0.0, 0.0, 0.0, 0.0, 0.0, 0.0, 0.0, 0.0], "(6.0, 1.0, 0.0)": [0.0, 0.0, 0.0, 0.0, 0.0, 0.0, 0.0, 0.0, 0.0]}, "stats": {"total_messages": 837779, "total_updates": 731006, "total_reward": -39294.0, "action_counts": [93007, 100976, 99738, 91699, 96117, 89346, 89495, 88769, 88632], "state_visits": {"(3.0, 1.0, 0.0)": 4727, "(3.0, 0.0, 0.0)": 291195, "(4.0, 1.0, 0.0)": 2323, "(4.0, 0.0, 0.0)": 139916, "(5.0, 1.0, 0.0)": 31, "(0.0, 1.0, 1.0)": 1178, "(5.0, 0.0, 0.0)": 524, "(0.0, 0.0, 1.0)": 45764, "(1.0, 0.0, 1.0)": 73728, "(2.0, 0.0, 0.0)": 167096, "(2.0, 1.0, 0.0)": 2516, "(1.0, 1.0, 1.0)": 2007, "(6.0, 0.0, 0.0)": 1, "(6.0, 1.0, 0.0)": 0}}}