{"q": {"(3.0, 1.0, 0.0)": [0.0, 0.47431883025395566, 0.4270318622203607, 0.48241239721372275, 0.42863896785789224, 0.4368261344492102, 0.5626051815042159, 0.43168382132699595, 0.4687921040625705], "(3.0, 0.0, 0.0)": [0.0, 0.3987734916644421, 0.5167407782416717, 0.47186570294802577, 0.4790428804430638, 0.4120895097628249, 0.33162646595436845, 0.3421481663761278, 0.5171855617389689], "(4.0, 1.0, 0.0)": [0.0, 1.7303516202991445, 2.0509989848838517, 1.1498598999747018, 2.0359587176584446, 1.9316454354318542, 2.0494163661228058, 1.916995554200301, 2.011205158313259], "(4.0, 0.0, 0.0)": [0.0, 0.25964228888048535, 0.25719275983846374, 0.5466582021966628, 0.3148839656670881, 0.4971978636861195, 0.3557722563656851, 0.2618114131173589, 0.3656298001575278], "(5.0, 1.0, 0.0)": [0.0, 0.0, 11.694966872193708, 0.0, 0.0, 5.95703125, -2.3326210184312908, 0.0, 0.0], "(0.0, 1.0, 1.0)": [0.0, 2.829575897168663, 0.3761903818159485, 0.3721151463539015, 1.4397159726047966, 1.037324654593918, 0.3666853257422, 0.3694498026255397, 0.36621825859045964], "(5.0, 0.0, 0.0)": [0.0, -4.7410721544425325, -5.80772294046435, -0.6381040904752, -7.077648639678955, -0.8276168118692572, -1.809707698558799, -5.110602248837463, -2.209266083390295], "(0.0, 0.0, 1.0)": [0.0, -5.553419070564406, -1.2916822601785556, -1.8201990133732044, -4.98515008272241, -4.3753670947197225, -6.1221127867453, -4.042124836780836, -4.963163674104841], "(1.0, 0.0, 1.0)": [0.0, -0.01742432258988877, -0.012576819054992193, -1.3027797326063388, -0.15844813126185642, -0.9499402277707789, -1.4073466755732564, -0.6305019899553368, -4.4793308985119875], "(2.0, 0.0, 0.0)": [0.0, 0.22595073721069814, 0.18151850416649862, 0.2279208912446733, 0.4355159766830263, 0.19377719858688258, 0.19205915944699226, 0.27702913289186704, 0.4007896703005753], "(2.0, 1.0, 0.0)": [0.0, 0.7732827155576931, 0.4262328190517207, 0.43386129714370664, 0.4222015970238234, 0.420225036851461, 0.42982361421427956, 0.4306918923130552, 0.4263129728775452], "(1.0, 1.0, 1.0)": [0.0, 0.7013761539542837, 3.6565249349668907, 2.24102096527763, 0.953928821295891, 2.0689796620810172, 1.062849396391695, 0.9496628974906165, 1.9155927687838479], "(6.0, 0.0, 0.0)": [0.0, 0.0, 0.0, 0.0, 0.0, 0.0, 0.0, 0.0, 0.0]}, "stats": {"total_messages": 196096, "total_updates": 158004, "total_reward": -10458.0, "action_counts": [29026, 21880, 21022, 21534, 19527, 22825, 21705, 20421, 18156], "state_visits": {"(3.0, 1.0, 0.0)": 2315, "(3.0, 0.0, 0.0)": 65867, "(4.0, 1.0, 0.0)": 887, "(4.0, 0.0, 0.0)": 30780, "(5.0, 1.0, 0.0)": 8, "(0.0, 1.0, 1.0)": 376, "(5.0, 0.0, 0.0)": 116, "(0.0, 0.0, 1.0)": 13264, "(1.0, 0.0, 1.0)": 12078, "(2.0, 0.0, 0.0)": 31116, "(2.0, 1.0, 0.0)": 789, "(1.0, 1.0, 1.0)": 408, "(6.0, 0.0, 0.0)": 0}}}