{"q": {"(3.0, 1.0, 0.0)": [0.0, 0.23576412393486232, 0.23946412529579658, 0.23673324692034384, 0.23790448123320782, 0.666519125491278, 0.23335765092726563, 0.23783881528606188, 0.23674738220546615], "(3.0, 0.0, 0.0)": [0.0, 0.4289741367240546, 0.42401056391959385, 0.43334188669514095, 0.39955078574457764, 0.3892694272250471, 0.42990661433659383, 0.3954489262660776, 0.4105191853817356], "(4.0, 1.0, 0.0)": [0.0, 0.9567728906852189, 0.990138524065416, 0.9855640493140351, 0.9692479134501182, 0.8357655381867812, 0.9793606187721381, 0.8691522644176559, 0.7897155105399307], "(4.0, 0.0, 0.0)": [0.0, 0.023079857171823343, 0.29601157344911133, 0.34169073944153733, 0.3999915375281794, 0.3238922969536993, 0.39060999339667296, 0.22022023468509944, 0.3582495597367136], "(5.0, 1.0, 0.0)": [0.0, 0.0, 11.694966872193708, 0.0, 0.0, 5.95703125, -2.3326210184312908, 0.0, 0.0], "(0.0, 1.0, 1.0)": [0.0, 1.3541054303811262, 0.7323523845013985, 0.3721151463539015, 1.4397159726047966, 1.037324654593918, 0.3666853257422, 0.3694498026255397, 0.36621825859045964], "(5.0, 0.0, 0.0)": [0.0, -6.682429856918028, -4.060987131641998, -4.48736259178269, -8.207881013793923, -4.542100473910381, -0.7634704353294934, -6.059479745947879, -2.963861860851071], "(0.0, 0.0, 1.0)": [0.0, -2.293193062195637, -2.1790026152166324, -1.5646970181600153, -3.722099004037061, -2.296052142847832, -1.8735614014848467, -5.876054385221009, -2.1736150609702154], "(1.0, 0.0, 1.0)": [0.0, -2.528080597461979, -1.4056681467456151, -2.7793060780659555, -2.7222148042628826, -4.342742119714658, -1.0004667137186298, -4.575991560364795, -2.8853927811529565], "(2.0, 0.0, 0.0)": [0.0, 0.088139042347746, -0.001958858515676536, -0.341829280051552, -0.01708848190899437, 0.010955805267014021, -0.7063586241791051, -0.22347688023456327, 0.09292687438315762], "(2.0, 1.0, 0.0)": [0.0, 0.3459484501945023, 0.3437886192318903, 0.34644645441704575, 0.3429705833348483, 0.34667906874174703, 0.34644845748832903, 1.0626642295814015, 0.291999029347744], "(1.0, 1.0, 1.0)": [0.0, 0.7013761539542837, 1.690964084393481, 1.6798772112646077, 1.1416381956372337, 1.7144712672995595, 1.2916615880616606, 1.2928114333999978, 1.7159100512060645], "(6.0, 0.0, 0.0)": [0.0, 0.0, 0.0, 0.0, 0.0, 0.0, 0.0, 0.0, 0.0]}, "stats": {"total_messages": 287780, "total_updates": 232007, "total_reward": -18212.0, "action_counts": [46524, 31944, 30117, 32394, 29529, 33080, 30089, 27958, 26145], "state_visits": {"(3.0, 1.0, 0.0)": 2706, "(3.0, 0.0, 0.0)": 104233, "(4.0, 1.0, 0.0)": 1135, "(4.0, 0.0, 0.0)": 47994, "(5.0, 1.0, 0.0)": 8, "(0.0, 1.0, 1.0)": 387, "(5.0, 0.0, 0.0)": 171, "(0.0, 0.0, 1.0)": 13593, "(1.0, 0.0, 1.0)": 12650, "(2.0, 0.0, 0.0)": 47699, "(2.0, 1.0, 0.0)": 945, "(1.0, 1.0, 1.0)": 486, "(6.0, 0.0, 0.0)": 0}}}