{"q": {"(3.0, 1.0, 0.0)": [0.0, 0.6516525679354264, 0.694026238301694, 0.6555232049421494, 0.6445846877473113, 0.7081889313380636, 0.6574695192180002, 0.6782214387776846, 0.6688168888885013], "(3.0, 0.0, 0.0)": [0.0, 0.5887527192629752, 0.5861433633742236, 0.5860219085878109, 0.5860219085878109, 0.5860186026579769, 0.6369803354215333, 0.5529422628858596, 0.5821014212268258], "(4.0, 1.0, 0.0)": [0.0, 1.7303516202991445, 2.9505031521778258, 1.1498598999747018, 1.8605200512565567, 1.9316454354318542, 1.1380563011750509, 1.2967431741310687, 1.923187034148428], "(4.0, 0.0, 0.0)": [0.0, 0.4728515977890888, 0.5011012387890774, 0.5094818383324891, 0.48342700685288614, 0.492701590108007, 0.5111535465831936, 0.5110515052571456, 0.4704664986221967], "(5.0, 1.0, 0.0)": [0.0, 0.0, 11.694966872193708, 0.0, 0.0, 5.95703125, -2.3326210184312908, 0.0, 0.0], "(0.0, 1.0, 1.0)": [0.0, 0.40074596005773455, 0.40351058510265525, 0.401211300146155, 0.4111705160484989, 0.40671747897989274, 0.40286541602765186, 0.4367218337031259, 0.4017847815366344], "(5.0, 0.0, 0.0)": [0.0, -8.428572719008947, -0.626798986612154, 0.47788773155464137, -6.8359375, -1.961758368875276, -4.289677507694931, -2.5, 0.2542028225289001], "(0.0, 0.0, 1.0)": [0.0, 0.4459654834837613, 0.38158545671991123, 0.44784393042262544, 0.3855951469315404, 0.4847450907432187, 0.477437419472374, 0.3823904181619468, 0.35384677557185806], "(1.0, 0.0, 1.0)": [0.0, 0.5320483523378438, 0.5492866937211925, 0.5320672730536893, 0.5320233801164194, 0.5354875138281994, 0.5637089627415446, 0.578251201181105, 0.5339664359978644], "(2.0, 0.0, 0.0)": [0.0, 0.5336128503534554, 0.5528837841170079, 0.5190337569758748, 0.508663653760516, 0.5190337565180076, 0.5186288351705549, 0.528855645749968, 0.5164386294482229], "(2.0, 1.0, 0.0)": [0.0, 0.7652098168520943, 0.6002085033600126, 0.7635330909708092, 0.8175152665594098, 0.7202716756575201, 0.6154996061585591, 0.39483482863200464, 0.6461981838206379], "(1.0, 1.0, 1.0)": [0.0, 0.7635282888169664, 1.062928690211949, 0.9758198873758233, 1.155185615250787, 1.051927931404442, 1.0632125629560145, 0.9119602746439139, 1.0141199630938418], "(6.0, 0.0, 0.0)": [0.0, 0.0, 0.0, 0.0, 0.0, 0.0, 0.0, 0.0, 0.0]}, "stats": {"total_messages": 135480, "total_updates": 107004, "total_reward": -6710.0, "action_counts": [19497, 14340, 14565, 14632, 13758, 15757, 15380, 14791, 12760], "state_visits": {"(3.0, 1.0, 0.0)": 1949, "(3.0, 0.0, 0.0)": 44479, "(4.0, 1.0, 0.0)": 858, "(4.0, 0.0, 0.0)": 20505, "(5.0, 1.0, 0.0)": 8, "(0.0, 1.0, 1.0)": 309, "(5.0, 0.0, 0.0)": 80, "(0.0, 0.0, 1.0)": 12260, "(1.0, 0.0, 1.0)": 8209, "(2.0, 0.0, 0.0)": 17502, "(2.0, 1.0, 0.0)": 489, "(1.0, 1.0, 1.0)": 356, "(6.0, 0.0, 0.0)": 0}}}