{"q": {"(3.0, 1.0, 0.0)": [0.0, 0.4336839698611609, 0.4270318622203607, 0.48241239721372275, 0.42863896785789224, 0.4368261344492102, 0.6612948219080965, 0.43168382132699595, 0.422259060031611], "(3.0, 0.0, 0.0)": [0.0, 0.3472100522288301, 0.33047125197870403, 0.3463451263101684, 0.3195417951741655, 0.33027084831019016, 0.34581653670056545, 0.32023564120750525, 0.31770612487290356], "(4.0, 1.0, 0.0)": [0.0, 1.7303516202991445, 2.0509989848838517, 1.1498598999747018, 2.0359587176584446, 1.9316454354318542, 2.0494163661228058, 1.916995554200301, 2.011205158313259], "(4.0, 0.0, 0.0)": [0.0, 0.2630278203844409, 0.2510245033706011, 0.26244734258552704, 0.28058748375937204, 0.28554273024154586, 0.2639110366242606, 0.2975075176305957, 0.2589389070597584], "(5.0, 1.0, 0.0)": [0.0, 0.0, 11.694966872193708, 0.0, 0.0, 5.95703125, -2.3326210184312908, 0.0, 0.0], "(0.0, 1.0, 1.0)": [0.0, 2.829575897168663, 0.3761903818159485, 0.3721151463539015, 1.4397159726047966, 1.037324654593918, 0.3666853257422, 0.3694498026255397, 0.36621825859045964], "(5.0, 0.0, 0.0)": [0.0, -4.7410721544425325, -5.80772294046435, -0.6381040904752, -7.077648639678955, -0.8276168118692572, -1.809707698558799, -5.110602248837463, -2.209266083390295], "(0.0, 0.0, 1.0)": [0.0, -4.071225427419208, -4.368628995461405, -3.235909357107919, -4.98515008272241, -4.3753670947197225, -4.8294837156604, -7.185999709832597, -5.490068753964162], "(1.0, 0.0, 1.0)": [0.0, -0.03097657349313559, -0.02235878943109723, -2.402074483306285, -0.3564231156705448, -1.2665869703610386, -1.4073466755732564, -1.1208924265872655, -2.6391078646826505], "(2.0, 0.0, 0.0)": [0.0, 0.0024154012840496564, 0.05804713114888818, 0.2105932860329425, 0.2155518022483972, 0.5015138348117173, 0.19144467147316271, 0.15830290599311642, 0.21224090465597067], "(2.0, 1.0, 0.0)": [0.0, 0.7732827155576931, 0.4262328190517207, 0.43386129714370664, 0.4222015970238234, 0.420225036851461, 0.42982361421427956, 0.4306918923130552, 0.4263129728775452], "(1.0, 1.0, 1.0)": [0.0, 0.7013761539542837, 3.6565249349668907, 2.24102096527763, 0.953928821295891, 2.0689796620810172, 1.062849396391695, 0.9496628974906165, 1.9155927687838479], "(6.0, 0.0, 0.0)": [0.0, 0.0, 0.0, 0.0, 0.0, 0.0, 0.0, 0.0, 0.0]}, "stats": {"total_messages": 193781, "total_updates": 156002, "total_reward": -10416.0, "action_counts": [28712, 21598, 20887, 21363, 19079, 22655, 21518, 20278, 17691], "state_visits": {"(3.0, 1.0, 0.0)": 2305, "(3.0, 0.0, 0.0)": 64854, "(4.0, 1.0, 0.0)": 887, "(4.0, 0.0, 0.0)": 30268, "(5.0, 1.0, 0.0)": 8, "(0.0, 1.0, 1.0)": 376, "(5.0, 0.0, 0.0)": 116, "(0.0, 0.0, 1.0)": 13250, "(1.0, 0.0, 1.0)": 12067, "(2.0, 0.0, 0.0)": 30674, "(2.0, 1.0, 0.0)": 789, "(1.0, 1.0, 1.0)": 408, "(6.0, 0.0, 0.0)": 0}}}