{"q": {"(3.0, 1.0, 0.0)": [0.0, 0.6363251355033097, 0.6294101383821737, 0.6229449474876828, 0.6346724330870046, 0.6320655505690569, 0.6378107376071156, 0.627661745653873, 0.6198325349118964], "(3.0, 0.0, 0.0)": [0.0, 0.5463728286523952, 0.5636498614771779, 0.7744236316489053, 0.524646339340526, 0.5715484183825904, 0.5304647665364123, 0.46835650115269556, 0.5374857895491444], "(4.0, 1.0, 0.0)": [0.0, 1.7303516202991445, 2.0928561070243386, 1.1498598999747018, 2.0775088955698413, 1.9316454354318542, 2.0494163661228058, 1.916995554200301, 2.0522501615441415], "(4.0, 0.0, 0.0)": [0.0, 0.37563150010232027, 0.4123767093916859, 0.37105074776938185, 0.3602837103192208, 0.37257739443616933, 0.502367057358812, 0.362357225260704, 0.3838791142460669], "(5.0, 1.0, 0.0)": [0.0, 0.0, 11.694966872193708, 0.0, 0.0, 5.95703125, -2.3326210184312908, 0.0, 0.0], "(0.0, 1.0, 1.0)": [0.0, 0.37717889163865925, 0.3761903818159485, 0.3721151463539015, 0.378756418261474, 0.3824697495745789, 0.3800633615081554, 0.3829683812563083, 0.3797337175378511], "(5.0, 0.0, 0.0)": [0.0, -8.428572719008947, -0.4700992399591155, -2.016724039032731, -8.6651611328125, -1.103489082492343, -4.289677507694931, -1.875, -2.209266083390295], "(0.0, 0.0, 1.0)": [0.0, -0.9964033197122409, -5.798718770976183, -3.2345967078963263, -2.9956070163112725, -2.7408102673173342, -4.5003235211514045, -3.8254374428396822, -0.5528022693079919], "(1.0, 0.0, 1.0)": [0.0, -0.00012673566505634127, -0.3821231329672365, -0.019237238056562633, -2.577279318554492, -1.8432981977311993, -1.320576158696435, -1.2304696077340382, -0.02882890380292391], "(2.0, 0.0, 0.0)": [0.0, -2.3926520310271293, -0.7394007928882775, -0.9392817537534895, -0.38989490022722856, -0.6217602698772334, -0.7124248605558212, -0.6422896998580475, 0.07289881092238598], "(2.0, 1.0, 0.0)": [0.0, 0.5998507016572063, 0.6083430582626396, 0.6110969656630889, 0.6300300811792084, 0.614267728309187, 0.603189614035388, 0.46441896495195045, 0.6048020534332491], "(1.0, 1.0, 1.0)": [0.0, 0.7635282888169664, 13.047196517658962, 0.9819327512373648, 0.953928821295891, 1.051927931404442, 1.062849396391695, 0.9496628974906165, 1.042246208541727], "(6.0, 0.0, 0.0)": [0.0, 0.0, 0.0, 0.0, 0.0, 0.0, 0.0, 0.0, 0.0]}, "stats": {"total_messages": 155675, "total_updates": 125005, "total_reward": -7835.0, "action_counts": [21705, 17615, 16514, 17549, 14972, 18821, 17697, 16686, 14116], "state_visits": {"(3.0, 1.0, 0.0)": 2072, "(3.0, 0.0, 0.0)": 50468, "(4.0, 1.0, 0.0)": 884, "(4.0, 0.0, 0.0)": 22461, "(5.0, 1.0, 0.0)": 8, "(0.0, 1.0, 1.0)": 349, "(5.0, 0.0, 0.0)": 89, "(0.0, 0.0, 1.0)": 13038, "(1.0, 0.0, 1.0)": 11044, "(2.0, 0.0, 0.0)": 23592, "(2.0, 1.0, 0.0)": 627, "(1.0, 1.0, 1.0)": 373, "(6.0, 0.0, 0.0)": 0}}}