{"q": {"(3.0, 1.0, 0.0)": [0.0, 0.8376817782615873, 0.8726626652297715, 0.8873879656473096, 1.6737476412652752, 1.5924787731170658, 0.8665569715280786, 0.8914900582638922, 0.8331438806617704], "(3.0, 0.0, 0.0)": [0.0, 0.5688761289247023, 0.5448184753278013, 0.5309812173978667, 0.5584118345654665, 0.579875381128997, 0.5518131453640711, 0.5336732880537267, 0.5596367707648289], "(4.0, 1.0, 0.0)": [0.0, 2.8348619460906406, 2.840504314695014, 3.4247007507686376, 2.772017152484081, 4.5811810562128805, 2.7936540071057623, 2.809883033699148, 2.7632315344240284], "(4.0, 0.0, 0.0)": [0.0, 0.5338718040512673, 0.5396757148425677, 0.529612205001218, 0.5268944428080394, 0.5712077503692952, 0.42678278728485763, 0.5746950248019456, 0.49934333548401055], "(5.0, 1.0, 0.0)": [0.0, 0.0, 13.483954274284496, 0.0, 0.0, 5.375024768888167, -0.21832555922152452, 3.598412644113912, 0.0], "(0.0, 1.0, 1.0)": [0.0, 0.6418131152556622, 0.47281832296761817, 0.6411920390630532, 0.6424516567012555, 0.6391759798946359, 0.6406368367687647, 0.6245261208383119, 0.6267216402397748], "(5.0, 0.0, 0.0)": [0.0, -9.739349930981522, -0.4489502867096019, -0.9316432533710711, -8.210790138430708, -0.794595705920788, -0.12887670475714896, -7.680923372225143, -4.431759660114627], "(0.0, 0.0, 1.0)": [0.0, -4.362453039139551, -0.002711162322494782, -0.2267568579222231, -0.21609296175138487, -1.895324176002246, -2.5365775792966856, -0.585044175617208, -3.7783903960134486], "(1.0, 0.0, 1.0)": [0.0, -0.03289574940628647, -0.0034242451381783627, -2.6923392777717323, -0.6394530460110799, -0.688057925599072, -0.006142681961673039, -0.055600504570686854, -0.19228120758446393], "(2.0, 0.0, 0.0)": [0.0, 0.6168896203693259, 0.48657863535227086, 0.4322696586262126, 0.47259866513843485, 0.3787799604074402, 0.48881993952745906, 0.40848079328821685, 0.48344210981402663], "(2.0, 1.0, 0.0)": [0.0, 0.6628819889529787, 0.6680966697279346, 0.6494469410197674, 0.5190436585096226, 0.6563630279073601, 0.70533669879776, 0.8494475780272007, 0.5647278967745059], "(1.0, 1.0, 1.0)": [0.0, 0.40007952616152165, 0.4049860612090339, 2.054815807638163, 0.39680870735379625, 0.40101673173227614, 0.4006907236062523, 0.40287215539515375, 0.3987270569557629], "(6.0, 0.0, 0.0)": [0.0, 0.0, 0.0, 0.0, 0.0, 0.0, 0.0, 0.0, 0.0], "(6.0, 1.0, 0.0)": [0.0, 0.0, 0.0, 0.0, 0.0, 0.0, 0.0, 0.0, 0.0]}, "stats": {"total_messages": 718873, "total_updates": 620000, "total_reward": -35947.0, "action_counts": [86603, 85305, 83068, 77227, 80732, 77862, 78054, 74750, 75272], "state_visits": {"(3.0, 1.0, 0.0)": 4132, "(3.0, 0.0, 0.0)": 253624, "(4.0, 1.0, 0.0)": 2164, "(4.0, 0.0, 0.0)": 119884, "(5.0, 1.0, 0.0)": 31, "(0.0, 1.0, 1.0)": 944, "(5.0, 0.0, 0.0)": 446, "(0.0, 0.0, 1.0)": 36621, "(1.0, 0.0, 1.0)": 57142, "(2.0, 0.0, 0.0)": 141290, "(2.0, 1.0, 0.0)": 2004, "(1.0, 1.0, 1.0)": 1717, "(6.0, 0.0, 0.0)": 1, "(6.0, 1.0, 0.0)": 0}}}