{"q": {"(3.0, 1.0, 0.0)": [0.0, 1.4445271846658336, 1.2511195049383348, 1.0992933607058337, 1.0355898605060345, 1.4781672826937602, 1.2034509250953225, 0.8914900582638922, 1.137682798136928], "(3.0, 0.0, 0.0)": [0.0, 1.0424243531956532, 0.9816360106107745, 0.942529805349219, 0.9943456552051834, 1.0131946875074307, 0.9710451980340835, 0.9590303992453929, 1.0035180058555326], "(4.0, 1.0, 0.0)": [0.0, 2.8348619460906406, 8.058143417833866, 3.4247007507686376, 2.772017152484081, 0.9358857921596604, 2.7936540071057623, 2.809883033699148, 3.3982431132392006], "(4.0, 0.0, 0.0)": [0.0, 1.2518231331683338, 1.2014252500505882, 1.2250183355121014, 1.1507310945773819, 1.203691722383421, 1.151677278686371, 1.2066482689413789, 1.207064946419902], "(5.0, 1.0, 0.0)": [0.0, 0.0, 13.483954274284496, 0.0, 0.0, 5.375024768888167, -0.21832555922152452, 3.598412644113912, 0.0], "(0.0, 1.0, 1.0)": [0.0, 0.6418131152556622, 0.47281832296761817, 0.6411920390630532, 0.6424516567012555, 0.6391759798946359, 0.6406368367687647, 0.6245261208383119, 0.6267216402397748], "(5.0, 0.0, 0.0)": [0.0, -9.965207415713902, -2.6420506766542102, -3.0240493300212274, -9.820876985141659, -0.595946779440591, -2.596657528567862, -9.449672245557334, -3.3238197450859706], "(0.0, 0.0, 1.0)": [0.0, -5.823438630675021, -0.044544870034064585, -1.049329443237193e-06, -8.42188873707581e-07, -0.21341533467235468, -0.001325227843262453, -0.0007894533332515924, -0.00015446152937879714], "(1.0, 0.0, 1.0)": [0.0, 0.7412158056089744, 0.4645347022068546, 0.47540832368332203, 0.4586436313702511, 0.46477852536874964, 0.06882870856391995, 0.4655126374754254, 0.4678100793922731], "(2.0, 0.0, 0.0)": [0.0, 0.7303687974576931, 0.7532035057299785, 0.7358193374766353, 0.7293070358985204, 0.6838303255984173, 0.765185967080234, 0.7293328136872619, 0.7352697428554302], "(2.0, 1.0, 0.0)": [0.0, 0.6628819889529787, 0.6680966697279346, 0.6494469410197674, 0.5190436585096226, 0.7690922351491825, 0.70533669879776, 0.8325314645631864, 0.5647278967745059], "(1.0, 1.0, 1.0)": [0.0, 0.40007952616152165, 0.4049860612090339, 2.054815807638163, 0.39680870735379625, 0.40101673173227614, 0.4006907236062523, 0.40287215539515375, 0.3987270569557629], "(6.0, 0.0, 0.0)": [0.0, 0.0, 0.0, 0.0, 0.0, 0.0, 0.0, 0.0, 0.0], "(6.0, 1.0, 0.0)": [0.0, 0.0, 0.0, 0.0, 0.0, 0.0, 0.0, 0.0, 0.0]}, "stats": {"total_messages": 759421, "total_updates": 656005, "total_reward": -38124.0, "action_counts": [90778, 90371, 88570, 82351, 84524, 81374, 81858, 79594, 80001], "state_visits": {"(3.0, 1.0, 0.0)": 4235, "(3.0, 0.0, 0.0)": 267195, "(4.0, 1.0, 0.0)": 2172, "(4.0, 0.0, 0.0)": 129559, "(5.0, 1.0, 0.0)": 31, "(0.0, 1.0, 1.0)": 944, "(5.0, 0.0, 0.0)": 475, "(0.0, 0.0, 1.0)": 37344, "(1.0, 0.0, 1.0)": 62549, "(2.0, 0.0, 0.0)": 147770, "(2.0, 1.0, 0.0)": 2013, "(1.0, 1.0, 1.0)": 1717, "(6.0, 0.0, 0.0)": 1, "(6.0, 1.0, 0.0)": 0}}}