{"q": {"(3.0, 1.0, 0.0)": [0.0, 6.323704511670502, 1.2961102499720234, 1.0649846273955603, 1.3087079478052988, 1.2575350118735842, 0.9491458140635557, 3.643105875433066, 1.293382998302044], "(3.0, 0.0, 0.0)": [0.0, 1.864644791398354, 2.2818735564854356, 2.667160467402791, 2.3212817340597347, 2.389503987271463, 2.403658816781997, 2.277801693036228, 1.9086317186918622], "(4.0, 1.0, 0.0)": [0.0, 10.88796320782114, 10.912118152735166, 10.579270880335917, 4.2227544231596115, 10.809977982342104, 10.957353190854308, 10.812590128975838, 10.928117673028263], "(4.0, 0.0, 0.0)": [0.0, 3.7585313621970573, 3.887329351357642, 3.724034192292368, 3.7853135030739526, 3.974527113710418, 3.701593070535997, 3.8333259039974905, 3.715029809930492], "(5.0, 1.0, 0.0)": [0.0, 0.0, 11.694966872193708, 0.0, 0.0, 5.95703125, -0.21832555922152452, 0.0, 0.0], "(0.0, 1.0, 1.0)": [0.0, 1.0090388992356074, 1.007299049909618, 1.0087818089291378, 1.0108149467821552, 1.0948763853252093, 1.0072793708416943, 1.007350713373432, 1.027508055015801], "(5.0, 0.0, 0.0)": [0.0, -9.161303016615495, -0.1264033700616258, -1.1531384905603688, -7.7757135624030695, -0.7597316963181115, 0.16518540481769733, -9.03392165816092, -0.42521731656060924], "(0.0, 0.0, 1.0)": [0.0, 0.6362125411259003, 0.760584921130266, -0.5374913897492357, 0.7081660074155977, 0.7861025632997736, 0.19756799539517744, 0.8439285095320976, 0.7722101601486111], "(1.0, 0.0, 1.0)": [0.0, 0.8596734002360511, 0.8137422815828468, 0.8377353377755363, 0.8470551378922356, 0.849351490417604, 0.8319803152335241, 0.8157869569849034, 0.8881561584594425], "(2.0, 0.0, 0.0)": [0.0, 1.4057298146442252, 1.7130562469495823, 1.3737148340141052, 1.4189560669739176, 1.5169476912330886, 1.3589155194990699, 1.396064255041201, 1.3683048878859811], "(2.0, 1.0, 0.0)": [0.0, 0.7907476442999759, 0.8076870016688338, 0.8069326751566435, 0.809709274816144, 0.7870168897623222, 0.8200075686662904, 0.8142233533662206, 0.818948843565238], "(1.0, 1.0, 1.0)": [0.0, 0.9847498660565381, 0.9634896234620406, 1.0361333902655312, 0.9691132611815254, 0.9808261628914019, 1.009408438979779, 1.011415536714561, 1.040010655992172], "(6.0, 0.0, 0.0)": [0.0, 0.0, 0.0, 0.0, 0.0, 0.0, 0.0, 0.0, 0.0]}, "stats": {"total_messages": 569516, "total_updates": 498003, "total_reward": -26227.0, "action_counts": [59689, 68520, 65650, 63058, 65706, 62720, 64510, 59295, 60368], "state_visits": {"(3.0, 1.0, 0.0)": 3559, "(3.0, 0.0, 0.0)": 197845, "(4.0, 1.0, 0.0)": 1694, "(4.0, 0.0, 0.0)": 86192, "(5.0, 1.0, 0.0)": 11, "(0.0, 1.0, 1.0)": 760, "(5.0, 0.0, 0.0)": 321, "(0.0, 0.0, 1.0)": 35234, "(1.0, 0.0, 1.0)": 50972, "(2.0, 0.0, 0.0)": 118571, "(2.0, 1.0, 0.0)": 1664, "(1.0, 1.0, 1.0)": 1180, "(6.0, 0.0, 0.0)": 0}}}