{"q": {"(3.0, 1.0, 0.0)": [0.0, 2.059642567971567, 1.5397444733336767, 2.0873371781532195, 1.267315387838254, 1.9453308816767523, 2.0545970495609915, 2.06502065160684, 2.087221123111249], "(3.0, 0.0, 0.0)": [0.0, 0.4408224103907453, 0.4603155811343022, 0.46218682295605595, 0.45248610608071815, 0.4139120984845259, 0.4286896013579087, 0.45983423811384844, 0.46571030027512306], "(4.0, 1.0, 0.0)": [0.0, 4.8601838221968015, 4.779811721582411, 4.733210908609744, 4.431652638017986, 4.758436224839125, 5.012270617836989, 4.714883961077196, 4.8004405414283235], "(4.0, 0.0, 0.0)": [0.0, 0.36677112327043326, 0.3912519577788246, 0.3753683424681635, 0.47242537917433003, 0.3739594328627057, 0.5206515913640007, 0.4040564181707126, 0.3753463566588739], "(5.0, 1.0, 0.0)": [0.0, 0.0, 6.860363154283547, 0.0, 0.0, 5.375024768888167, -0.21832555922152452, 0.0, 0.0], "(0.0, 1.0, 1.0)": [0.0, 0.78435628700752, 0.6482479113277421, 0.7885386076032117, 0.7678896962689488, 0.7896155473485817, 0.7792623051488432, 0.7836081885253386, 0.7645370104735945], "(5.0, 0.0, 0.0)": [0.0, -4.246477330472033, -0.05332642174474839, -0.8648538679202766, -4.373838878851727, -2.298241590028533, -1.7164179694080197, -6.952190123555045, -0.2391847405653427], "(0.0, 0.0, 1.0)": [0.0, -1.0104623697854875, -0.44254457261869096, -0.6197292134884611, -0.2812322377633491, -0.6915147248506776, -1.0106713574095814, -0.10684417236089011, -0.6451971170993285], "(1.0, 0.0, 1.0)": [0.0, 0.2596658685617523, 0.24641823991552403, 0.31535180845109856, 0.3007318346185442, 0.2031406397482905, 0.29113166444817606, 0.30116077670682523, 0.3205836324166647], "(2.0, 0.0, 0.0)": [0.0, 0.7258693876302114, 0.7610790105419107, 0.4109277352101263, 0.4655621591131414, 0.440333578915485, 0.48578938795169757, 0.3394985554367298, 0.34999377157185063], "(2.0, 1.0, 0.0)": [0.0, 0.6764101928091619, 1.7288666378641582, 0.8829464397007557, 0.6772905911353243, 0.6740892472478113, 0.6772195537316396, 0.668396529772196, 0.8927085459713334], "(1.0, 1.0, 1.0)": [0.0, 0.5524083433941558, 0.5553550969070111, 0.5551876626688949, 0.5570319829905366, 0.5586782501542266, 0.5540900637634835, 0.5490651550048372, 0.549824504552874], "(6.0, 0.0, 0.0)": [0.0, 0.0, 0.0, 0.0, 0.0, 0.0, 0.0, 0.0, 0.0], "(6.0, 1.0, 0.0)": [0.0, 0.0, 0.0, 0.0, 0.0, 0.0, 0.0, 0.0, 0.0]}, "stats": {"total_messages": 617466, "total_updates": 541004, "total_reward": -28849.0, "action_counts": [64517, 74167, 70698, 68264, 71809, 68148, 69762, 64314, 65787], "state_visits": {"(3.0, 1.0, 0.0)": 3721, "(3.0, 0.0, 0.0)": 213399, "(4.0, 1.0, 0.0)": 1964, "(4.0, 0.0, 0.0)": 95442, "(5.0, 1.0, 0.0)": 28, "(0.0, 1.0, 1.0)": 863, "(5.0, 0.0, 0.0)": 347, "(0.0, 0.0, 1.0)": 35994, "(1.0, 0.0, 1.0)": 55257, "(2.0, 0.0, 0.0)": 130645, "(2.0, 1.0, 0.0)": 1845, "(1.0, 1.0, 1.0)": 1499, "(6.0, 0.0, 0.0)": 0, "(6.0, 1.0, 0.0)": 0}}}