{"q": {"(3.0, 1.0, 0.0)": [0.0, 0.4336839698611609, 0.4270318622203607, 0.48241239721372275, 0.42863896785789224, 0.4368261344492102, 0.6612948219080965, 0.43168382132699595, 0.422259060031611], "(3.0, 0.0, 0.0)": [0.0, 0.33256108710963433, 0.3285158209940723, 0.29117480313059974, 0.3613863313383016, 0.29126352228602204, 0.2873802469854103, 0.3421481663761278, 0.3339052291467821], "(4.0, 1.0, 0.0)": [0.0, 1.7303516202991445, 2.0509989848838517, 1.1498598999747018, 2.0359587176584446, 1.9316454354318542, 2.0494163661228058, 1.916995554200301, 2.011205158313259], "(4.0, 0.0, 0.0)": [0.0, 0.2630278203844409, 0.2510245033706011, 0.28893864245730305, 0.289940881085734, 0.3127036341053664, 0.2797156555670756, 0.3047712854237147, 0.28177142087666524], "(5.0, 1.0, 0.0)": [0.0, 0.0, 11.694966872193708, 0.0, 0.0, 5.95703125, -2.3326210184312908, 0.0, 0.0], "(0.0, 1.0, 1.0)": [0.0, 2.829575897168663, 0.3761903818159485, 0.3721151463539015, 1.4397159726047966, 1.037324654593918, 0.3666853257422, 0.3694498026255397, 0.36621825859045964], "(5.0, 0.0, 0.0)": [0.0, -4.7410721544425325, -5.80772294046435, -0.6381040904752, -7.077648639678955, -0.8276168118692572, -1.809707698558799, -5.110602248837463, -2.209266083390295], "(0.0, 0.0, 1.0)": [0.0, -4.071225427419208, -3.0617653574602803, -2.4269320178309393, -4.98515008272241, -4.3753670947197225, -6.1221127867453, -4.042124836780836, -5.490068753964162], "(1.0, 0.0, 1.0)": [0.0, -0.03097657349313559, -0.016769092073322923, -1.8015558624797139, -0.3564231156705448, -1.2665869703610386, -1.4073466755732564, -0.6305019899553368, -2.6391078646826505], "(2.0, 0.0, 0.0)": [0.0, 0.15784758929862094, 0.18151850416649862, 0.2105932860329425, 0.2090942727227932, 0.19377719858688258, 0.1985295010913542, 0.21037897501498534, 0.1997189949377562], "(2.0, 1.0, 0.0)": [0.0, 0.7732827155576931, 0.4262328190517207, 0.43386129714370664, 0.4222015970238234, 0.420225036851461, 0.42982361421427956, 0.4306918923130552, 0.4263129728775452], "(1.0, 1.0, 1.0)": [0.0, 0.7013761539542837, 3.6565249349668907, 2.24102096527763, 0.953928821295891, 2.0689796620810172, 1.062849396391695, 0.9496628974906165, 1.9155927687838479], "(6.0, 0.0, 0.0)": [0.0, 0.0, 0.0, 0.0, 0.0, 0.0, 0.0, 0.0, 0.0]}, "stats": {"total_messages": 194952, "total_updates": 157004, "total_reward": -10432.0, "action_counts": [28885, 21758, 20955, 21458, 19201, 22784, 21655, 20364, 17892], "state_visits": {"(3.0, 1.0, 0.0)": 2305, "(3.0, 0.0, 0.0)": 65374, "(4.0, 1.0, 0.0)": 887, "(4.0, 0.0, 0.0)": 30519, "(5.0, 1.0, 0.0)": 8, "(0.0, 1.0, 1.0)": 376, "(5.0, 0.0, 0.0)": 116, "(0.0, 0.0, 1.0)": 13257, "(1.0, 0.0, 1.0)": 12071, "(2.0, 0.0, 0.0)": 30894, "(2.0, 1.0, 0.0)": 789, "(1.0, 1.0, 1.0)": 408, "(6.0, 0.0, 0.0)": 0}}}