{"q": {"(3.0, 1.0, 0.0)": [0.0, 5.716128020916955, 1.2961102499720234, 1.0649846273955603, 1.3087079478052988, 1.2575350118735842, 0.9491458140635557, 3.643105875433066, 1.293382998302044], "(3.0, 0.0, 0.0)": [0.0, 1.6726533149091631, 2.094971404051931, 2.2418919259525314, 2.145177442865939, 2.1632654527185817, 2.063327782491522, 2.213150700418011, 2.041521443349249], "(4.0, 1.0, 0.0)": [0.0, 10.88796320782114, 10.912118152735166, 10.579270880335917, 4.2227544231596115, 10.809977982342104, 10.957353190854308, 10.812590128975838, 10.928117673028263], "(4.0, 0.0, 0.0)": [0.0, 3.335424547045886, 3.1227943348122906, 3.285122434640137, 3.460033710460073, 3.2009590504768743, 3.3806524404309837, 3.427407368862803, 3.302067621208743], "(5.0, 1.0, 0.0)": [0.0, 0.0, 11.694966872193708, 0.0, 0.0, 5.95703125, -0.21832555922152452, 0.0, 0.0], "(0.0, 1.0, 1.0)": [0.0, 1.0090388992356074, 1.007299049909618, 1.0087818089291378, 1.0108149467821552, 1.0515192804663311, 1.0072793708416943, 1.007350713373432, 1.027508055015801], "(5.0, 0.0, 0.0)": [0.0, -6.732390709267042, -0.1264033700616258, -1.1531384905603688, -7.7757135624030695, -0.7597316963181115, 0.2677401569999646, -9.03392165816092, -0.42521731656060924], "(0.0, 0.0, 1.0)": [0.0, 0.3718260082797411, 0.2973902104499885, -0.03385138599579743, -0.17570252954473792, 0.48160718665197877, 0.2639735324556888, -0.3257548056097019, -0.6744337184631459], "(1.0, 0.0, 1.0)": [0.0, 0.7491604152592434, 0.7193263113308773, 0.7256088650270418, 0.6915411561943082, 0.6993101892823808, 0.7340186928548728, 0.7050677395396565, 0.7076243524031987], "(2.0, 0.0, 0.0)": [0.0, 1.2501650388046857, 1.2945733657038556, 1.1965720992686117, 1.2605847336082352, 1.2451750200852074, 1.1989843748130866, 1.2527215903216589, 1.2177834566446037], "(2.0, 1.0, 0.0)": [0.0, 0.7907476442999759, 0.7637216206096985, 0.7907940216535105, 0.7776447875334247, 0.7870168897623222, 0.7752425210499336, 0.7819801085729183, 0.7865184693600547], "(1.0, 1.0, 1.0)": [0.0, 0.9847498660565381, 0.9634896234620406, 0.9760569148316851, 0.9691132611815254, 0.9808261628914019, 0.9535693677901387, 0.9713634814606644, 0.9788497093345843], "(6.0, 0.0, 0.0)": [0.0, 0.0, 0.0, 0.0, 0.0, 0.0, 0.0, 0.0, 0.0]}, "stats": {"total_messages": 570528, "total_updates": 499002, "total_reward": -26331.0, "action_counts": [59697, 68626, 65836, 63143, 65850, 62869, 64655, 59408, 60444], "state_visits": {"(3.0, 1.0, 0.0)": 3564, "(3.0, 0.0, 0.0)": 198134, "(4.0, 1.0, 0.0)": 1694, "(4.0, 0.0, 0.0)": 86316, "(5.0, 1.0, 0.0)": 11, "(0.0, 1.0, 1.0)": 762, "(5.0, 0.0, 0.0)": 324, "(0.0, 0.0, 1.0)": 35340, "(1.0, 0.0, 1.0)": 51230, "(2.0, 0.0, 0.0)": 118759, "(2.0, 1.0, 0.0)": 1677, "(1.0, 1.0, 1.0)": 1191, "(6.0, 0.0, 0.0)": 0}}}