{"q": {"(3.0, 1.0, 0.0)": [0.0, 0.6938190260123436, 0.7697275909113297, 0.7911851063333453, 0.8449868472021657, 0.7986358719398224, 0.7669212664553823, 0.7859662122376708, 0.7457419524195678], "(3.0, 0.0, 0.0)": [0.0, 0.7148918282346017, 0.6647803328778457, 0.7204740822372592, 0.6787197778294631, 0.6731904234959804, 0.6813623166389665, 0.6801898639897049, 0.6628357844526593], "(4.0, 1.0, 0.0)": [0.0, 4.611884447707894, 13.105203168942415, 12.30193990821007, 1.6114102590704749, 1.840708463187896, 1.8918405219668215, 9.050701575024428, 8.185802751476054], "(4.0, 0.0, 0.0)": [0.0, 0.5634371803262476, 0.5249271616465406, 0.531300442210567, 0.5397743268305324, 0.5183671387097311, 0.5489536130312096, 0.5380350478917855, 0.5415293637374331], "(5.0, 1.0, 0.0)": [0.0, 0.0, 11.694966872193708, 0.0, 0.0, 5.95703125, -0.21832555922152452, 0.0, 0.0], "(0.0, 1.0, 1.0)": [0.0, 1.1187954832090274, 0.6536091850020194, 0.3721151463539015, 1.4397159726047966, 1.2336623773885922, 1.0883413693887287, 0.7873011929502967, 0.36621825859045964], "(5.0, 0.0, 0.0)": [0.0, -7.5395271321869535, -0.1264033700616258, -4.9902629383714245, -8.945412058372215, -6.378282322897209, -1.0441804182914027, -8.259653089599901, -1.8549436083971356], "(0.0, 0.0, 1.0)": [0.0, 0.44636077693201903, -2.6682208437004458, -0.09939663445573177, 0.44767481992366515, 0.3701943575392298, 0.4833623329797584, 0.12492278920346242, 0.4800138247640387], "(1.0, 0.0, 1.0)": [0.0, 0.8510299270653394, 0.7965222814848087, 0.6156933525758521, 0.6201354492118422, 0.7526278563436851, 0.8008605210733286, 0.6231958938171203, 0.8819478919410753], "(2.0, 0.0, 0.0)": [0.0, 0.6306359799701621, 0.6823900881399109, 0.6418484047235217, 0.6547016014449074, 0.6277988812613327, 0.6383200129057309, 0.6463382749310621, 0.6282436422777762], "(2.0, 1.0, 0.0)": [0.0, 1.0516005956150534, 0.8477123645256748, 0.8582037988478128, 0.8984537288082882, 0.8228954144108094, 0.9084777674729323, 0.9667601268347984, 0.8653892775611545], "(1.0, 1.0, 1.0)": [0.0, 1.1172733142189881, 1.34614917552509, 1.3364125160931055, 1.3561674775902959, 1.2048027668487786, 1.3350078647055035, 1.410251794432146, 1.4495546342521908], "(6.0, 0.0, 0.0)": [0.0, 0.0, 0.0, 0.0, 0.0, 0.0, 0.0, 0.0, 0.0]}, "stats": {"total_messages": 461031, "total_updates": 392003, "total_reward": -24997.0, "action_counts": [58723, 54027, 51838, 50990, 53866, 51548, 48586, 45412, 46041], "state_visits": {"(3.0, 1.0, 0.0)": 3246, "(3.0, 0.0, 0.0)": 167045, "(4.0, 1.0, 0.0)": 1500, "(4.0, 0.0, 0.0)": 76335, "(5.0, 1.0, 0.0)": 11, "(0.0, 1.0, 1.0)": 415, "(5.0, 0.0, 0.0)": 289, "(0.0, 0.0, 1.0)": 21748, "(1.0, 0.0, 1.0)": 30423, "(2.0, 0.0, 0.0)": 89241, "(2.0, 1.0, 0.0)": 1095, "(1.0, 1.0, 1.0)": 655, "(6.0, 0.0, 0.0)": 0}}}