{"q": {"(3.0, 1.0, 0.0)": [0.0, 0.721235711912941, 0.7228573922812344, 0.70643425018063, 0.7026109716069799, 0.7081889313380636, 0.7132925515010422, 0.7067240514791175, 0.7138684415144092], "(3.0, 0.0, 0.0)": [0.0, 0.47377650884940303, 0.47247532029601114, 0.5135600992281453, 0.4795282979908227, 0.4849598317206642, 0.4724760177381964, 0.4715040886580604, 0.4896869141894927], "(4.0, 1.0, 0.0)": [0.0, 1.7303516202991445, 2.9505031521778258, 1.1498598999747018, 1.8605200512565567, 1.9316454354318542, 1.1380563011750509, 1.2967431741310687, 1.923187034148428], "(4.0, 0.0, 0.0)": [0.0, 0.6039675963218468, 0.5777574483891468, 0.6275830018322289, 0.5742202724801684, 0.602361052614552, 0.5773763616936135, 0.6015427111535727, 0.5935565592056586], "(5.0, 1.0, 0.0)": [0.0, 0.0, 11.694966872193708, 0.0, 0.0, 5.95703125, -2.3326210184312908, 0.0, 0.0], "(0.0, 1.0, 1.0)": [0.0, 0.40074596005773455, 0.40351058510265525, 0.401211300146155, 0.4111705160484989, 0.40671747897989274, 0.40286541602765186, 0.4367218337031259, 0.4017847815366344], "(5.0, 0.0, 0.0)": [0.0, -8.428572719008947, -0.626798986612154, 0.47788773155464137, -6.8359375, -1.961758368875276, -4.289677507694931, -2.5, 0.2542028225289001], "(0.0, 0.0, 1.0)": [0.0, 0.25518585791153003, 0.25351015244954167, 0.25518587290164824, 0.25518579095881067, 0.2556785026437675, 0.2773759325125325, 0.25525041535077286, 0.25447284560293726], "(1.0, 0.0, 1.0)": [0.0, 0.7949360936782268, 0.6460226202558519, 0.7546554128759639, 0.5964613571449938, 0.5945517831589853, 0.6353846952083413, 0.5994579030738723, 0.4322672621482203], "(2.0, 0.0, 0.0)": [0.0, 0.6309074572383112, 0.6651127784411038, 0.6799937770709963, 0.6784900372850563, 0.6801686685283317, 0.6653726283277088, 0.6527319516349227, 0.6743720645836581], "(2.0, 1.0, 0.0)": [0.0, 0.6409900155418452, 0.3710074700324143, 0.5468868180237793, 0.8341992515912344, 0.5023097582909885, 0.6154996061585591, 0.39483482863200464, 0.551880862320295], "(1.0, 1.0, 1.0)": [0.0, 0.7635282888169664, 1.062928690211949, 0.9758198873758233, 1.155185615250787, 1.051927931404442, 1.0632125629560145, 0.9119602746439139, 1.0141199630938418], "(6.0, 0.0, 0.0)": [0.0, 0.0, 0.0, 0.0, 0.0, 0.0, 0.0, 0.0, 0.0]}, "stats": {"total_messages": 128421, "total_updates": 100005, "total_reward": -6724.0, "action_counts": [19424, 13422, 13872, 13210, 12597, 14719, 14386, 14531, 12260], "state_visits": {"(3.0, 1.0, 0.0)": 1887, "(3.0, 0.0, 0.0)": 42461, "(4.0, 1.0, 0.0)": 858, "(4.0, 0.0, 0.0)": 20003, "(5.0, 1.0, 0.0)": 8, "(0.0, 1.0, 1.0)": 309, "(5.0, 0.0, 0.0)": 80, "(0.0, 0.0, 1.0)": 11308, "(1.0, 0.0, 1.0)": 7183, "(2.0, 0.0, 0.0)": 15103, "(2.0, 1.0, 0.0)": 449, "(1.0, 1.0, 1.0)": 356, "(6.0, 0.0, 0.0)": 0}}}