{"q": {"(3.0, 1.0, 0.0)": [0.0, 0.8376817782615873, 0.8726626652297715, 0.8873879656473096, 1.6737476412652752, 1.5924787731170658, 0.8665569715280786, 0.8914900582638922, 0.8331438806617704], "(3.0, 0.0, 0.0)": [0.0, 0.5635143222831531, 0.5356971640092467, 0.5560904075056743, 0.5464314844859791, 0.5336572679816358, 0.5800622569874063, 0.5467684490781617, 0.5388131317078755], "(4.0, 1.0, 0.0)": [0.0, 2.8348619460906406, 2.840504314695014, 3.4247007507686376, 2.772017152484081, 4.5811810562128805, 2.7936540071057623, 2.809883033699148, 2.7632315344240284], "(4.0, 0.0, 0.0)": [0.0, 0.33947300241995393, 0.3489647215015713, 0.3496407212765553, 0.32176214581096085, 0.3254585800191757, 0.3394123532601784, 0.3257143467166292, 0.3404352299383615], "(5.0, 1.0, 0.0)": [0.0, 0.0, 13.483954274284496, 0.0, 0.0, 5.375024768888167, -0.21832555922152452, 3.598412644113912, 0.0], "(0.0, 1.0, 1.0)": [0.0, 0.6418131152556622, 0.47281832296761817, 0.6411920390630532, 0.6424516567012555, 0.6391759798946359, 0.6406368367687647, 0.6245261208383119, 0.6267216402397748], "(5.0, 0.0, 0.0)": [0.0, -9.853384336177108, -2.6420506766542102, -3.0240493300212274, -9.820876985141659, -0.595946779440591, -2.596657528567862, -7.680923372225143, -3.3238197450859706], "(0.0, 0.0, 1.0)": [0.0, -0.0037484162103469357, -8.535286063761181e-05, -0.03301462562220343, -0.6554364838967228, -2.7202730392882906, -0.08975172225527087, -0.0010436057294181107, -0.2882040655074005], "(1.0, 0.0, 1.0)": [0.0, 0.34806388411241396, 0.4040248419521413, 0.3623414087078795, 0.1815487494130926, 0.043024526123700696, 0.37170285470251996, 0.2708713340597824, 0.8977900467695745], "(2.0, 0.0, 0.0)": [0.0, 0.7195752139861862, 0.4960318378183909, 0.7238185323807009, 0.4922254576204098, 0.5865769854192193, 0.4971371975237547, 0.5132625505363213, 0.7486046803890294], "(2.0, 1.0, 0.0)": [0.0, 0.6628819889529787, 0.6680966697279346, 0.6494469410197674, 0.5190436585096226, 0.6563630279073601, 0.70533669879776, 0.8494475780272007, 0.5647278967745059], "(1.0, 1.0, 1.0)": [0.0, 0.40007952616152165, 0.4049860612090339, 2.054815807638163, 0.39680870735379625, 0.40101673173227614, 0.4006907236062523, 0.40287215539515375, 0.3987270569557629], "(6.0, 0.0, 0.0)": [0.0, 0.0, 0.0, 0.0, 0.0, 0.0, 0.0, 0.0, 0.0], "(6.0, 1.0, 0.0)": [0.0, 0.0, 0.0, 0.0, 0.0, 0.0, 0.0, 0.0, 0.0]}, "stats": {"total_messages": 734793, "total_updates": 634004, "total_reward": -36944.0, "action_counts": [88293, 87356, 85318, 78621, 82620, 79444, 79791, 76114, 77236], "state_visits": {"(3.0, 1.0, 0.0)": 4132, "(3.0, 0.0, 0.0)": 258993, "(4.0, 1.0, 0.0)": 2164, "(4.0, 0.0, 0.0)": 124061, "(5.0, 1.0, 0.0)": 31, "(0.0, 1.0, 1.0)": 944, "(5.0, 0.0, 0.0)": 465, "(0.0, 0.0, 1.0)": 36880, "(1.0, 0.0, 1.0)": 58884, "(2.0, 0.0, 0.0)": 143728, "(2.0, 1.0, 0.0)": 2004, "(1.0, 1.0, 1.0)": 1717, "(6.0, 0.0, 0.0)": 1, "(6.0, 1.0, 0.0)": 0}}}