{"q": {"(3.0, 1.0, 0.0)": [0.0, 0.7575566140358394, 0.7763653716719905, 0.7423979069390071, 0.7226386424638791, 0.7785844474386965, 0.777328891583438, 0.7773881720771595, 0.7536534391711739], "(3.0, 0.0, 0.0)": [0.0, 1.5210302256104238, 1.5370079030815775, 1.5536213596050894, 1.4522227329738788, 1.4511944528229115, 1.4306985719871763, 1.4561004152387529, 1.4743225091430576], "(4.0, 1.0, 0.0)": [0.0, 11.87991640191272, 13.105203168942415, 12.194685473867487, 4.2227544231596115, 1.840708463187896, 8.949361343178918, 12.055832545643344, 8.185802751476054], "(4.0, 0.0, 0.0)": [0.0, 5.096097709643728, 4.150203441567889, 4.550678747202965, 4.840895137744656, 4.916094993747769, 5.050681054009372, 5.494033519545473, 4.344351715357489], "(5.0, 1.0, 0.0)": [0.0, 0.0, 11.694966872193708, 0.0, 0.0, 5.95703125, -0.21832555922152452, 0.0, 0.0], "(0.0, 1.0, 1.0)": [0.0, 1.0182024211413767, 1.110360417566287, 1.0544992373052704, 1.146967950140862, 1.1172208013522544, 1.0552696131716996, 0.9882968677494639, 1.055231538703935], "(5.0, 0.0, 0.0)": [0.0, -9.161303016615495, -0.1264033700616258, -1.1531384905603688, -7.7757135624030695, -0.7597316963181115, 0.16518540481769733, -9.03392165816092, -0.42521731656060924], "(0.0, 0.0, 1.0)": [0.0, 0.8031661486931666, 0.7934553019962977, 0.8200266396081304, 0.8144236896057503, 0.6467806348864795, 0.8200266396090823, 0.8615055808244081, 0.8353263266473534], "(1.0, 0.0, 1.0)": [0.0, 0.7586517572786207, 0.7738422862596235, 0.799919938275407, 0.8246214750556379, 0.8041979238565905, 0.7515451147180104, 0.76109286819915, 0.7751218431637419], "(2.0, 0.0, 0.0)": [0.0, 0.6784807532000166, 0.7374790795652353, 0.6836934472135056, 0.682798874728726, 0.6618057441742796, 0.6784807672571328, 0.6784807532000166, 0.7285697876939735], "(2.0, 1.0, 0.0)": [0.0, 0.7992797250551513, 0.7586236413327052, 0.7915720765744289, 0.7632802805502655, 0.873985154941999, 0.7967811068069781, 0.8157625759974477, 0.7610110861312026], "(1.0, 1.0, 1.0)": [0.0, 1.2166870494262927, 1.233490288411128, 1.3364125160931055, 1.202362351572912, 1.2048027668487786, 1.3086307772305419, 1.2304285598186615, 1.0397575043242193], "(6.0, 0.0, 0.0)": [0.0, 0.0, 0.0, 0.0, 0.0, 0.0, 0.0, 0.0, 0.0]}, "stats": {"total_messages": 539047, "total_updates": 468004, "total_reward": -26293.0, "action_counts": [59415, 63960, 61695, 59203, 62311, 59418, 60738, 56269, 56038], "state_visits": {"(3.0, 1.0, 0.0)": 3348, "(3.0, 0.0, 0.0)": 190566, "(4.0, 1.0, 0.0)": 1551, "(4.0, 0.0, 0.0)": 84474, "(5.0, 1.0, 0.0)": 11, "(0.0, 1.0, 1.0)": 540, "(5.0, 0.0, 0.0)": 321, "(0.0, 0.0, 1.0)": 31213, "(1.0, 0.0, 1.0)": 44887, "(2.0, 0.0, 0.0)": 108970, "(2.0, 1.0, 0.0)": 1389, "(1.0, 1.0, 1.0)": 734, "(6.0, 0.0, 0.0)": 0}}}