{"q": {"(3.0, 1.0, 0.0)": [0.0, 1.0623541774393046, 1.0758954933755804, 2.097641293340219, 1.074018477484967, 1.0602227878117083, 1.06642894243195, 1.0716868531417352, 0.9704145457697942], "(3.0, 0.0, 0.0)": [0.0, 0.3055940448066363, 0.3073399417748959, 0.3247720985841337, 0.3235089072690666, 0.32672517561064807, 0.28587851560715016, 0.3143889331325344, 0.3318469726782001], "(4.0, 1.0, 0.0)": [0.0, 4.41008611367409, 4.438456075508544, 4.454860241496222, 4.431652638017986, 4.389030065182211, 4.458400650066515, 4.447231411741069, 4.427773509386647], "(4.0, 0.0, 0.0)": [0.0, 0.21676466500390906, 0.22290715036717645, 0.21924889288376767, 0.20756481415556188, 0.213752802468248, 0.21326054542970724, 0.22357613285326247, 0.18412104373296218], "(5.0, 1.0, 0.0)": [0.0, 0.0, 6.860363154283547, 0.0, 0.0, 5.375024768888167, -0.21832555922152452, 0.0, 0.0], "(0.0, 1.0, 1.0)": [0.0, 0.6418131152556622, 0.6432902353300927, 0.6411920390630532, 0.6424516567012555, 0.6522203876475877, 0.6406368367687647, 0.6483936962073341, 0.649783796070868], "(5.0, 0.0, 0.0)": [0.0, -4.246477330472033, -0.05332642174474839, -3.1486404009402076, -3.280379159138795, -1.7236811925213997, -1.7164179694080197, -5.214142592666284, -0.2391847405653427], "(0.0, 0.0, 1.0)": [0.0, -2.3014088647095816, -4.606696395145935, -0.062042898097195334, -0.6905578563922, -6.789577767392803, -0.9290946917512515, -1.0838074577422352, -2.8401762666855426], "(1.0, 0.0, 1.0)": [0.0, -0.015202728242138744, -0.9253549433784256, -0.10492013695157806, -0.12312861319237096, -2.4705198458400734, -0.47587092702093636, -0.06220193889274393, -0.0010611223262984998], "(2.0, 0.0, 0.0)": [0.0, 0.06802560906894832, 0.3788691954389726, 0.08933206577892902, 0.08954124448433168, 0.093820349851084, 0.09358372645161345, 0.08482385866615884, 0.091620584734487], "(2.0, 1.0, 0.0)": [0.0, 0.6628819889529787, 0.6680966697279346, 0.6494469410197674, 0.5190436585096226, 0.6563630279073601, 0.6636751626570068, 1.0396228718747575, 0.5647278967745059], "(1.0, 1.0, 1.0)": [0.0, 0.43375253343688885, 0.43527431154993346, 0.43181526920212254, 0.4369290443948402, 0.429773776346657, 0.40814250098836874, 0.43678020650144056, 0.43086243698173826], "(6.0, 0.0, 0.0)": [0.0, 0.0, 0.0, 0.0, 0.0, 0.0, 0.0, 0.0, 0.0], "(6.0, 1.0, 0.0)": [0.0, 0.0, 0.0, 0.0, 0.0, 0.0, 0.0, 0.0, 0.0]}, "stats": {"total_messages": 640628, "total_updates": 560067, "total_reward": -30216.0, "action_counts": [68559, 76270, 73959, 70672, 74676, 69681, 71671, 66931, 68209], "state_visits": {"(3.0, 1.0, 0.0)": 3953, "(3.0, 0.0, 0.0)": 222198, "(4.0, 1.0, 0.0)": 1994, "(4.0, 0.0, 0.0)": 99244, "(5.0, 1.0, 0.0)": 28, "(0.0, 1.0, 1.0)": 937, "(5.0, 0.0, 0.0)": 351, "(0.0, 0.0, 1.0)": 36123, "(1.0, 0.0, 1.0)": 56561, "(2.0, 0.0, 0.0)": 134998, "(2.0, 1.0, 0.0)": 1993, "(1.0, 1.0, 1.0)": 1687, "(6.0, 0.0, 0.0)": 0, "(6.0, 1.0, 0.0)": 0}}}