{"q": {"(3.0, 1.0, 0.0)": [0.0, 0.3981824266235409, 0.3955485913719291, 0.39402301737312023, 0.3919057551920129, 0.39584155724194614, 0.39481952418744765, 0.3908522914111593, 0.39034231832954436], "(3.0, 0.0, 0.0)": [0.0, 0.2781058389681007, 0.3936049268442494, 0.2948196533269238, 0.309631365799321, 0.2806355214158416, 0.2744658914248003, 0.4276193739496489, 0.2802403280729906], "(4.0, 1.0, 0.0)": [0.0, 1.132031301475581, 1.202313357051167, 1.1498598999747018, 1.1994659119372892, 1.1874256073773375, 1.191841737586213, 1.2041208419256386, 1.1944169222398455], "(4.0, 0.0, 0.0)": [0.0, 0.33773210569008016, 0.31001465516834403, 0.3549599689611457, 0.3090311005336282, 0.3224297331779777, 0.2977088695796003, 0.3226888401696726, 0.3174777904215288], "(5.0, 1.0, 0.0)": [0.0, 0.0, 11.694966872193708, 0.0, 0.0, 5.95703125, -2.3326210184312908, 0.0, 0.0], "(0.0, 1.0, 1.0)": [0.0, 2.829575897168663, 0.3761903818159485, 0.3721151463539015, 1.4397159726047966, 1.037324654593918, 0.3666853257422, 0.3694498026255397, 0.36621825859045964], "(5.0, 0.0, 0.0)": [0.0, -5.166853086873925, -5.80772294046435, -0.6381040904752, -5.308236479759216, -4.8405344566764565, -1.809707698558799, -5.437285323728305, -2.209266083390295], "(0.0, 0.0, 1.0)": [0.0, -2.04307678282262, -0.5742603654332199, -2.0116690718850125, -3.5015641168842384, -1.902924586845498, -3.6628879154622975, -0.8208879752035823, -5.828518002640825], "(1.0, 0.0, 1.0)": [0.0, -1.2411783812906272, -0.29411145065360167, -2.5550230792264976, -1.6281540854771475, -0.07132596398625274, -1.591897269358487, -0.00631926656969641, -2.8087261446880607], "(2.0, 0.0, 0.0)": [0.0, 0.39516005800781784, 0.37085412205334967, 0.48762390410046674, 0.42723124173996363, 0.3860625888136382, 0.3873916627014421, 0.5364634967040278, 0.3849422358844744], "(2.0, 1.0, 0.0)": [0.0, 0.4177939466716047, 0.4262328190517207, 0.4251840712008325, 0.4192592293482551, 0.42047604621453377, 0.6697411223726081, 0.41543940941651325, 0.4263129728775452], "(1.0, 1.0, 1.0)": [0.0, 0.7013761539542837, 2.297567505007907, 2.24102096527763, 0.953928821295891, 2.0689796620810172, 1.062849396391695, 1.8314526450146873, 1.9155927687838479], "(6.0, 0.0, 0.0)": [0.0, 0.0, 0.0, 0.0, 0.0, 0.0, 0.0, 0.0, 0.0]}, "stats": {"total_messages": 216635, "total_updates": 176001, "total_reward": -10922.0, "action_counts": [31536, 24171, 23731, 24153, 22027, 24783, 23736, 22428, 20070], "state_visits": {"(3.0, 1.0, 0.0)": 2467, "(3.0, 0.0, 0.0)": 74246, "(4.0, 1.0, 0.0)": 1056, "(4.0, 0.0, 0.0)": 34615, "(5.0, 1.0, 0.0)": 8, "(0.0, 1.0, 1.0)": 376, "(5.0, 0.0, 0.0)": 124, "(0.0, 0.0, 1.0)": 13337, "(1.0, 0.0, 1.0)": 12199, "(2.0, 0.0, 0.0)": 36303, "(2.0, 1.0, 0.0)": 836, "(1.0, 1.0, 1.0)": 434, "(6.0, 0.0, 0.0)": 0}}}