{"q": {"(3.0, 1.0, 0.0)": [0.0, 0.23576412393486232, 0.23946412529579658, 0.23673324692034384, 0.23790448123320782, 0.666519125491278, 0.23335765092726563, 0.23783881528606188, 0.23674738220546615], "(3.0, 0.0, 0.0)": [0.0, 0.32693119061973136, -0.1798912944872969, 0.35164053104079024, 0.34699797522806164, 0.3549012704385742, 0.3489031863416906, 0.3552118218717061, 0.342523401796058], "(4.0, 1.0, 0.0)": [0.0, 0.9567728906852189, 0.990138524065416, 0.9855640493140351, 0.9692479134501182, 0.8357655381867812, 0.9793606187721381, 0.8691522644176559, 0.7897155105399307], "(4.0, 0.0, 0.0)": [0.0, 0.26130378863271125, 0.3115914648777636, 0.2558025570288891, 0.33606866322383366, 0.1895179679969416, 0.3331884859935077, 0.20874100873114515, 0.2989169551428907], "(5.0, 1.0, 0.0)": [0.0, 0.0, 11.694966872193708, 0.0, 0.0, 5.95703125, -2.3326210184312908, 0.0, 0.0], "(0.0, 1.0, 1.0)": [0.0, 1.3541054303811262, 0.7323523845013985, 0.3721151463539015, 1.4397159726047966, 1.037324654593918, 0.3666853257422, 0.3694498026255397, 0.36621825859045964], "(5.0, 0.0, 0.0)": [0.0, -6.554766146024937, -6.855792205348262, -0.4785780678564, -4.860883019864559, -4.8405344566764565, -1.3572807739190993, -6.327963992796229, -0.8246433081796812], "(0.0, 0.0, 1.0)": [0.0, -0.2537913525249391, -4.081463260672225, -6.669413533459655, -3.9715847999978546, -3.9431263967022496, -5.708694363966083, -0.8202083103196023, -6.538638533674581], "(1.0, 0.0, 1.0)": [0.0, -2.6632303436548805, -3.25061807894748, -0.01080335959079328, -1.5512077710235157, -2.937817484553414, -0.701384448909625, -6.789495353117561, -0.913269513196685], "(2.0, 0.0, 0.0)": [0.0, -0.037859499339192124, -0.11782797041286208, -0.12233193650842306, -0.15529357352740197, -0.11986151944225158, -1.1229663329829869, -0.10266424522911971, -0.5831332529091352], "(2.0, 1.0, 0.0)": [0.0, 0.3459484501945023, 0.3437886192318903, 0.34644645441704575, 0.3429705833348483, 0.34667906874174703, 0.34644845748832903, 1.0626642295814015, 0.291999029347744], "(1.0, 1.0, 1.0)": [0.0, 0.7013761539542837, 1.690964084393481, 1.6798772112646077, 1.1416381956372337, 1.7144712672995595, 1.2916615880616606, 1.2928114333999978, 1.7159100512060645], "(6.0, 0.0, 0.0)": [0.0, 0.0, 0.0, 0.0, 0.0, 0.0, 0.0, 0.0, 0.0]}, "stats": {"total_messages": 251434, "total_updates": 205002, "total_reward": -14936.0, "action_counts": [37287, 28192, 27043, 28314, 25600, 28823, 27768, 25306, 23101], "state_visits": {"(3.0, 1.0, 0.0)": 2706, "(3.0, 0.0, 0.0)": 87972, "(4.0, 1.0, 0.0)": 1135, "(4.0, 0.0, 0.0)": 39733, "(5.0, 1.0, 0.0)": 8, "(0.0, 1.0, 1.0)": 387, "(5.0, 0.0, 0.0)": 136, "(0.0, 0.0, 1.0)": 13457, "(1.0, 0.0, 1.0)": 12425, "(2.0, 0.0, 0.0)": 45612, "(2.0, 1.0, 0.0)": 945, "(1.0, 1.0, 1.0)": 486, "(6.0, 0.0, 0.0)": 0}}}