{"q": {"(3.0, 1.0, 0.0)": [0.0, 0.2658184505288278, 0.2659640420846958, 0.2659678323000381, 0.25792789858792153, 0.2591398505339141, 0.26644762173392156, 0.26109812798527915, 0.259267580664227], "(3.0, 0.0, 0.0)": [0.0, 0.2508110351659237, 0.22139451313157607, 0.2366277350355752, 0.23750593856751065, 0.23772665064393791, 0.2131189756898921, 0.25146253912730504, 0.22176450810718573], "(4.0, 1.0, 0.0)": [0.0, 1.087202861937148, 1.086796047708974, 1.0822389389769895, 1.0842221828527934, 1.0952435726135172, 1.0993168705085983, 1.08842987087691, 1.0796582960624448], "(4.0, 0.0, 0.0)": [0.0, 0.2447938772320037, 0.24648077116734987, 0.2580458944559826, 0.2616743612951429, 0.25485888613724966, 0.2758729938478729, 0.271323079095545, 0.2586448174091935], "(5.0, 1.0, 0.0)": [0.0, 0.0, 11.694966872193708, 0.0, 0.0, 5.95703125, -2.3326210184312908, 0.0, 0.0], "(0.0, 1.0, 1.0)": [0.0, 2.829575897168663, 0.3761903818159485, 0.3721151463539015, 1.4397159726047966, 1.037324654593918, 0.3666853257422, 0.3694498026255397, 0.36621825859045964], "(5.0, 0.0, 0.0)": [0.0, -5.166853086873925, -5.80772294046435, -0.4785780678564, -5.308236479759216, -4.8405344566764565, -1.3572807739190993, -5.437285323728305, -2.209266083390295], "(0.0, 0.0, 1.0)": [0.0, -3.399230690337724, -2.930695274074915, -3.6315638529353196, -2.6261730876631786, -1.0703950801005926, -3.935374452447542, -0.6156659814026867, -3.7191795242730734], "(1.0, 0.0, 1.0)": [0.0, -0.12425798583446968, -0.09305870118336615, -0.6063189533711317, -0.5151581286080037, -0.002259346343685278, -0.5036862453829588, -2.5011246936839133, -2.9998929100287097], "(2.0, 0.0, 0.0)": [0.0, 0.1356055827499998, 0.5078759783971001, 0.24686921235268453, 0.13210304096479747, 0.15122017478947386, 0.1806063357735694, -0.0027169123393199768, 0.020471111026127593], "(2.0, 1.0, 0.0)": [0.0, 0.3950798846605324, 0.40285198921162213, 0.4018111506517577, 0.40265656386606424, 0.3974840288162779, 0.3972929842806675, 0.39898800880361934, 0.388858379153619], "(1.0, 1.0, 1.0)": [0.0, 0.7013761539542837, 2.297567505007907, 2.24102096527763, 0.953928821295891, 2.0689796620810172, 1.062849396391695, 1.8314526450146873, 1.9155927687838479], "(6.0, 0.0, 0.0)": [0.0, 0.0, 0.0, 0.0, 0.0, 0.0, 0.0, 0.0, 0.0]}, "stats": {"total_messages": 225641, "total_updates": 184003, "total_reward": -11355.0, "action_counts": [32519, 25074, 24612, 25468, 22898, 25620, 24853, 23571, 21026], "state_visits": {"(3.0, 1.0, 0.0)": 2655, "(3.0, 0.0, 0.0)": 77846, "(4.0, 1.0, 0.0)": 1089, "(4.0, 0.0, 0.0)": 35860, "(5.0, 1.0, 0.0)": 8, "(0.0, 1.0, 1.0)": 376, "(5.0, 0.0, 0.0)": 126, "(0.0, 0.0, 1.0)": 13352, "(1.0, 0.0, 1.0)": 12248, "(2.0, 0.0, 0.0)": 39118, "(2.0, 1.0, 0.0)": 891, "(1.0, 1.0, 1.0)": 434, "(6.0, 0.0, 0.0)": 0}}}