{"q": {"(3.0, 1.0, 0.0)": [0.0, 0.23576412393486232, 0.23946412529579658, 0.23673324692034384, 0.23790448123320782, 0.666519125491278, 0.23335765092726563, 0.23783881528606188, 0.23674738220546615], "(3.0, 0.0, 0.0)": [0.0, 0.11087841798250997, -1.7471489920785517, -1.5953658699745852, -0.05449346293701847, 0.12177022123596579, -1.2842391084293066, -0.2413858225250642, -0.06977373720039849], "(4.0, 1.0, 0.0)": [0.0, 0.9567728906852189, 0.990138524065416, 0.9855640493140351, 0.9692479134501182, 0.8357655381867812, 0.9793606187721381, 0.8691522644176559, 0.7897155105399307], "(4.0, 0.0, 0.0)": [0.0, 0.04285713539212379, 0.16311963551706518, 0.17070558639487324, 0.17640457510488305, -0.3871340472622577, 0.1410199471893032, -0.05391084193700124, -0.3838400980445512], "(5.0, 1.0, 0.0)": [0.0, 0.0, 11.694966872193708, 0.0, 0.0, 5.95703125, -2.3326210184312908, 0.0, 0.0], "(0.0, 1.0, 1.0)": [0.0, 1.3541054303811262, 0.7323523845013985, 0.3721151463539015, 1.4397159726047966, 1.037324654593918, 0.3666853257422, 0.3694498026255397, 0.36621825859045964], "(5.0, 0.0, 0.0)": [0.0, -6.554766146024937, -6.855792205348262, -0.4785780678564, -5.308236479759216, -4.8405344566764565, -1.3572807739190993, -6.327963992796229, -0.8246433081796812], "(0.0, 0.0, 1.0)": [0.0, -0.4511846267110028, -5.441951014229634, -5.559218044612873, -2.616150755551742, -2.747989424786434, -2.3710122026063702, -3.4563510690011223, -7.1798018376437], "(1.0, 0.0, 1.0)": [0.0, -1.222846799470307, -1.0008241052633067, -0.019205972605854722, -2.0682770280313543, -1.0377895930155006, -1.834271876438646, -1.2205390485178729, -3.848510211989322], "(2.0, 0.0, 0.0)": [0.0, 0.22491582376294872, -0.056129962078131604, 0.3719840637763932, 0.21597418084997966, 0.06870459308506721, -0.0011863363967758722, 0.05418941689999424, -0.158196809558043], "(2.0, 1.0, 0.0)": [0.0, 0.3459484501945023, 0.3437886192318903, 0.34644645441704575, 0.3429705833348483, 0.34667906874174703, 0.34644845748832903, 1.0626642295814015, 0.291999029347744], "(1.0, 1.0, 1.0)": [0.0, 0.7013761539542837, 1.690964084393481, 1.6798772112646077, 1.1416381956372337, 1.7144712672995595, 1.2916615880616606, 1.2928114333999978, 1.7159100512060645], "(6.0, 0.0, 0.0)": [0.0, 0.0, 0.0, 0.0, 0.0, 0.0, 0.0, 0.0, 0.0]}, "stats": {"total_messages": 246706, "total_updates": 201003, "total_reward": -14462.0, "action_counts": [36552, 27643, 26694, 27819, 24655, 28408, 27399, 25080, 22456], "state_visits": {"(3.0, 1.0, 0.0)": 2706, "(3.0, 0.0, 0.0)": 86043, "(4.0, 1.0, 0.0)": 1135, "(4.0, 0.0, 0.0)": 38614, "(5.0, 1.0, 0.0)": 8, "(0.0, 1.0, 1.0)": 387, "(5.0, 0.0, 0.0)": 134, "(0.0, 0.0, 1.0)": 13437, "(1.0, 0.0, 1.0)": 12398, "(2.0, 0.0, 0.0)": 44710, "(2.0, 1.0, 0.0)": 945, "(1.0, 1.0, 1.0)": 486, "(6.0, 0.0, 0.0)": 0}}}