{"q": {"(3.0, 1.0, 0.0)": [0.0, 0.6938190260123436, 0.7697275909113297, 0.7911851063333453, 0.8449868472021657, 0.7986358719398224, 0.7669212664553823, 0.7859662122376708, 0.7457419524195678], "(3.0, 0.0, 0.0)": [0.0, 0.5706967793055648, 0.7421979026287062, 0.4898362878558577, 0.6828496423454423, 0.5742053649922167, 0.5379105304630194, 0.5321811967541188, 0.6216875199427291], "(4.0, 1.0, 0.0)": [0.0, 4.611884447707894, 13.105203168942415, 12.30193990821007, 1.6114102590704749, 1.840708463187896, 1.8918405219668215, 9.050701575024428, 8.185802751476054], "(4.0, 0.0, 0.0)": [0.0, 0.4960695490843059, 0.5999732164515028, 0.5586923193886342, 0.5506797833753542, 0.48904278916968635, 0.5017727972698792, 0.49736638165411706, 0.5591484952035606], "(5.0, 1.0, 0.0)": [0.0, 0.0, 11.694966872193708, 0.0, 0.0, 5.95703125, -0.21832555922152452, 0.0, 0.0], "(0.0, 1.0, 1.0)": [0.0, 1.1187954832090274, 0.6536091850020194, 0.3721151463539015, 1.4397159726047966, 1.2336623773885922, 1.0883413693887287, 0.7873011929502967, 0.36621825859045964], "(5.0, 0.0, 0.0)": [0.0, -8.813625216732822, -0.1264033700616258, -3.62413060539327, -8.945412058372215, -6.378282322897209, 0.16518540481769733, -8.259653089599901, -1.8549436083971356], "(0.0, 0.0, 1.0)": [0.0, 0.6392387769412309, 0.5845506268151464, 0.6927549805306571, 0.6197348511331632, 0.5967876683377882, 0.6373345825167531, 0.6158384780608117, 0.6367190265854435], "(1.0, 0.0, 1.0)": [0.0, 0.6107133625906732, 0.6099599910732927, 0.609955267348234, 0.6099562394713535, 0.613975257890605, 0.6170846470767787, 0.6629948558132981, 0.6099552680064418], "(2.0, 0.0, 0.0)": [0.0, 0.7070099996725824, 0.7070108900620735, 0.7070094446054008, 0.7054641492110679, 0.707056682446024, 0.7684885267450071, 0.6953617284219116, 0.7069694817052999], "(2.0, 1.0, 0.0)": [0.0, 1.0516005956150534, 0.8477123645256748, 0.8582037988478128, 0.8984537288082882, 0.8228954144108094, 0.9084777674729323, 0.9667601268347984, 0.8653892775611545], "(1.0, 1.0, 1.0)": [0.0, 1.1172733142189881, 1.34614917552509, 1.3364125160931055, 1.3561674775902959, 1.2048027668487786, 1.3350078647055035, 1.410251794432146, 1.4495546342521908], "(6.0, 0.0, 0.0)": [0.0, 0.0, 0.0, 0.0, 0.0, 0.0, 0.0, 0.0, 0.0]}, "stats": {"total_messages": 486484, "total_updates": 417004, "total_reward": -25024.0, "action_counts": [58944, 57874, 54813, 53778, 56957, 53369, 52836, 48834, 49079], "state_visits": {"(3.0, 1.0, 0.0)": 3246, "(3.0, 0.0, 0.0)": 175993, "(4.0, 1.0, 0.0)": 1500, "(4.0, 0.0, 0.0)": 79699, "(5.0, 1.0, 0.0)": 11, "(0.0, 1.0, 1.0)": 415, "(5.0, 0.0, 0.0)": 299, "(0.0, 0.0, 1.0)": 23997, "(1.0, 0.0, 1.0)": 34528, "(2.0, 0.0, 0.0)": 95566, "(2.0, 1.0, 0.0)": 1095, "(1.0, 1.0, 1.0)": 655, "(6.0, 0.0, 0.0)": 0}}}