{"q": {"(3.0, 1.0, 0.0)": [0.0, -0.5822778885520863, -0.11172920403660608, 0.13765713596279974, -0.10997988252812707, 0.022458983263715787, -0.279087339392599, -0.049256703551365244, -0.12426261603456251], "(3.0, 0.0, 0.0)": [0.0, 0.17320976294446044, 0.15621171498069408, 0.17316328625871366, 0.17887255244774733, 0.14294624059597472, 0.17501889808341187, 0.1354117443142621, 0.17175635799956862], "(4.0, 0.0, 0.0)": [0.0, -0.017481669443452398, 0.0133512620222703, -0.030559424698996956, -0.4051001189593208, -0.013380410693353202, -0.0895573626383632, -0.08849627994192841, -0.06571836913611862], "(4.0, 1.0, 0.0)": [0.0, -0.041544673123347975, -0.000697393824129716, -0.37094492985612243, -0.26570757333352524, -0.9573507789674267, -3.8565089101345986, -0.03956296111317771, -0.048184659485546025], "(5.0, 0.0, 0.0)": [0.0, 0.0, 0.0, -3.2692972242293035, -2.450761638069153, -1.8661778572191108, -1.8510621526616173, 0.0, -1.870625], "(0.0, 0.0, 1.0)": [0.0, -0.10148782910066217, -0.3351153628193764, -1.5034618697084534, -0.31304100268788854, -0.11815010371575288, -0.190051555060346, -0.21426805009035466, -0.03152866238609839], "(1.0, 0.0, 1.0)": [0.0, -0.14226539891237305, -0.06696297553115141, -0.20085903855099557, 0.129120773436978, -0.21286630183672314, 0.0945424248119509, -0.11239286264851742, 0.01835582436298288], "(2.0, 0.0, 0.0)": [0.0, 0.13051613975816542, 0.7361813090334686, 0.21182570929143937, 0.03860366268066073, 0.12533430260313957, 0.17919714346417037, 0.1955517307788941, 0.07944297131819117], "(2.0, 1.0, 0.0)": [0.0, -4.8311646464782285, -8.180517437723186, -2.0615692423098717, -1.998943517581087, -0.4169184331918257, -4.925185517903144, -1.447304065391257, -0.3719900696441475], "(5.0, 1.0, 0.0)": [0.0, 0.0, -4.954783222697354, 0.0, 0.012002827730524614, 0.0, 0.0025, -0.18034062500000014, 0.0], "(0.0, 1.0, 1.0)": [0.0, -0.45190169472092645, -0.007145995503627523, -1.288839323436944, -0.05459384296678496, -0.010986828820913192, -0.10818348893841497, -0.025185897101246947, -0.2647591647310596], "(1.0, 1.0, 1.0)": [0.0, -0.5799838159608184, 0.36744107372181567, -0.8215681724061502, -1.066006663677907, -3.6589627540961445, -1.0629984990208552, 0.00248218964564878, -3.664864220116602], "(-1.0, 0.0, 1.0)": [0.0, 0.0, 0.0, 0.0, 0.0, 0.0, 0.0, 0.0, 0.0], "(-1.0, 1.0, 1.0)": [0.0, 0.0, 0.0, 0.0, 0.0, 0.0, 0.0, 0.0, 0.0], "(6.0, 1.0, 0.0)": [0.0, 0.0, 7.0043750000000005, 0.0, 0.0, 0.0, 0.0, 0.0, 0.0]}, "stats": {"total_messages": 88196, "total_updates": 54344, "total_reward": -4129.559999994485, "action_counts": [33139, 6274, 6857, 10051, 9310, 8609, 4407, 4919, 4630], "state_visits": {"(3.0, 1.0, 0.0)": 5829, "(3.0, 0.0, 0.0)": 25804, "(4.0, 0.0, 0.0)": 11022, "(4.0, 1.0, 0.0)": 3634, "(5.0, 0.0, 0.0)": 82, "(0.0, 0.0, 1.0)": 342, "(1.0, 0.0, 1.0)": 737, "(2.0, 0.0, 0.0)": 1599, "(2.0, 1.0, 0.0)": 1682, "(5.0, 1.0, 0.0)": 127, "(0.0, 1.0, 1.0)": 1196, "(1.0, 1.0, 1.0)": 2288, "(-1.0, 0.0, 1.0)": 0, "(-1.0, 1.0, 1.0)": 0, "(6.0, 1.0, 0.0)": 2}}}