{"q": {"(3.0, 1.0, 0.0)": [0.0, 0.6938190260123436, 0.7697275909113297, 0.7911851063333453, 0.8449868472021657, 0.7986358719398224, 0.7669212664553823, 0.7859662122376708, 0.7457419524195678], "(3.0, 0.0, 0.0)": [0.0, 0.5184125776336574, 0.4938677937972476, 0.4835127478177676, 0.4941416005864502, 0.49119163408598765, 0.48420043191028717, 0.5321811967541188, 0.4987442447651296], "(4.0, 1.0, 0.0)": [0.0, 4.611884447707894, 13.105203168942415, 12.30193990821007, 1.6114102590704749, 1.840708463187896, 1.8918405219668215, 9.050701575024428, 8.185802751476054], "(4.0, 0.0, 0.0)": [0.0, 0.3548927381039625, 0.3540961382779938, 0.4842705679232735, 0.5029736286760349, 0.48904278916968635, 0.6098967377154112, 0.5222118693970895, 0.5331017004960651], "(5.0, 1.0, 0.0)": [0.0, 0.0, 11.694966872193708, 0.0, 0.0, 5.95703125, -0.21832555922152452, 0.0, 0.0], "(0.0, 1.0, 1.0)": [0.0, 1.1187954832090274, 0.6536091850020194, 0.3721151463539015, 1.4397159726047966, 1.2336623773885922, 1.0883413693887287, 0.7873011929502967, 0.36621825859045964], "(5.0, 0.0, 0.0)": [0.0, -8.813625216732822, -0.1264033700616258, -3.62413060539327, -8.945412058372215, -6.378282322897209, 0.16518540481769733, -8.259653089599901, -1.8549436083971356], "(0.0, 0.0, 1.0)": [0.0, -1.0090020430869897, 0.5491175005561415, 0.54923909179568, 0.5490493107282541, 0.5967876683377882, 0.5490446548707664, 0.5693962780016294, -1.9033506158654836], "(1.0, 0.0, 1.0)": [0.0, 0.6107128002230311, 0.6099751730867523, 0.6090977446319765, 0.6405407817908613, 0.613975257890605, 0.6324876279717823, 0.6629948558132981, 0.6178026346996577], "(2.0, 0.0, 0.0)": [0.0, 0.7262094757449402, 0.7070238828691046, 0.7070094446054067, 0.6704215336972, 0.7089977981709317, 0.7684885267450071, 0.6953617284219116, 0.6967732799959507], "(2.0, 1.0, 0.0)": [0.0, 1.0516005956150534, 0.8477123645256748, 0.8582037988478128, 0.8984537288082882, 0.8228954144108094, 0.9084777674729323, 0.9667601268347984, 0.8653892775611545], "(1.0, 1.0, 1.0)": [0.0, 1.1172733142189881, 1.34614917552509, 1.3364125160931055, 1.3561674775902959, 1.2048027668487786, 1.3350078647055035, 1.410251794432146, 1.4495546342521908], "(6.0, 0.0, 0.0)": [0.0, 0.0, 0.0, 0.0, 0.0, 0.0, 0.0, 0.0, 0.0]}, "stats": {"total_messages": 484404, "total_updates": 415003, "total_reward": -25033.0, "action_counts": [58924, 57807, 54734, 53563, 56909, 53289, 52365, 47791, 49022], "state_visits": {"(3.0, 1.0, 0.0)": 3246, "(3.0, 0.0, 0.0)": 175350, "(4.0, 1.0, 0.0)": 1500, "(4.0, 0.0, 0.0)": 79383, "(5.0, 1.0, 0.0)": 11, "(0.0, 1.0, 1.0)": 415, "(5.0, 0.0, 0.0)": 299, "(0.0, 0.0, 1.0)": 23754, "(1.0, 0.0, 1.0)": 34238, "(2.0, 0.0, 0.0)": 95057, "(2.0, 1.0, 0.0)": 1095, "(1.0, 1.0, 1.0)": 655, "(6.0, 0.0, 0.0)": 0}}}