{"q": {"(3.0, 1.0, 0.0)": [0.0, 0.6938190260123436, 0.7697275909113297, 0.7911851063333453, 0.8449868472021657, 0.7986358719398224, 0.7669212664553823, 0.7859662122376708, 0.7457419524195678], "(3.0, 0.0, 0.0)": [0.0, 0.6097840830819617, 0.6408314306382744, 0.6386468559964651, 0.6287253018786715, 0.6126326761668351, 0.6527927519123025, 0.6044697631798781, 0.6165123572080112], "(4.0, 1.0, 0.0)": [0.0, 4.611884447707894, 13.105203168942415, 12.30193990821007, 1.6114102590704749, 1.840708463187896, 1.8918405219668215, 9.050701575024428, 8.185802751476054], "(4.0, 0.0, 0.0)": [0.0, 0.5552083639881573, 0.5532007594491628, 0.6013051733015207, 0.5532042236378066, 0.5566012595991557, 0.5694611770823649, 0.5788116000411112, 0.5591327072430681], "(5.0, 1.0, 0.0)": [0.0, 0.0, 11.694966872193708, 0.0, 0.0, 5.95703125, -0.21832555922152452, 0.0, 0.0], "(0.0, 1.0, 1.0)": [0.0, 1.1187954832090274, 0.6536091850020194, 0.3721151463539015, 1.4397159726047966, 1.2336623773885922, 1.0883413693887287, 0.7873011929502967, 0.36621825859045964], "(5.0, 0.0, 0.0)": [0.0, -8.813625216732822, -0.1264033700616258, -3.62413060539327, -7.7757135624030695, -2.358709776680516, 0.16518540481769733, -8.904658158106116, -1.8549436083971356], "(0.0, 0.0, 1.0)": [0.0, 0.46410512152251304, 0.13875717873869448, -3.630204411435291, 0.359144270335049, 0.49902757920124113, -8.171017166605242, 0.4739288018625752, -1.4265252458768503], "(1.0, 0.0, 1.0)": [0.0, 0.6077074503122122, 0.5962936730245807, 0.6481452982058769, 0.6003986875647138, 0.597223319080027, 0.6030047745661336, 0.5967336481596973, 0.5962809006562617], "(2.0, 0.0, 0.0)": [0.0, 0.5376855824059448, 0.5408586235316858, 0.5844104159127511, 0.5376575826399853, 0.5404511240118561, 0.5559332387650575, 0.5379720088080335, 0.5376575826397312], "(2.0, 1.0, 0.0)": [0.0, 1.0516005956150534, 0.8477123645256748, 0.8582037988478128, 0.8984537288082882, 0.8228954144108094, 0.9084777674729323, 0.9667601268347984, 0.8653892775611545], "(1.0, 1.0, 1.0)": [0.0, 1.1172733142189881, 1.34614917552509, 1.3364125160931055, 1.3561674775902959, 1.2048027668487786, 1.3350078647055035, 1.410251794432146, 1.4495546342521908], "(6.0, 0.0, 0.0)": [0.0, 0.0, 0.0, 0.0, 0.0, 0.0, 0.0, 0.0, 0.0]}, "stats": {"total_messages": 496968, "total_updates": 427003, "total_reward": -25889.0, "action_counts": [59036, 59130, 56059, 55176, 58176, 54266, 55104, 49485, 50536], "state_visits": {"(3.0, 1.0, 0.0)": 3246, "(3.0, 0.0, 0.0)": 178906, "(4.0, 1.0, 0.0)": 1500, "(4.0, 0.0, 0.0)": 80936, "(5.0, 1.0, 0.0)": 11, "(0.0, 1.0, 1.0)": 415, "(5.0, 0.0, 0.0)": 308, "(0.0, 0.0, 1.0)": 25511, "(1.0, 0.0, 1.0)": 36121, "(2.0, 0.0, 0.0)": 98299, "(2.0, 1.0, 0.0)": 1095, "(1.0, 1.0, 1.0)": 655, "(6.0, 0.0, 0.0)": 0}}}