{"q": {"(3.0, 1.0, 0.0)": [0.0, 0.12085508703437572, 0.14641545285247412, 0.15313069441189162, 0.11209631442027865, 0.15881966588839624, 0.13033198156494616, 0.14639906281943196, 0.14016195487822158], "(3.0, 0.0, 0.0)": [0.0, 0.7447482224250936, 0.7621681940449285, 0.5542544133264927, 0.7521064644772772, 0.6881191366865176, 0.8026457381218819, 0.7397546557044129, 0.7732742336623548], "(4.0, 1.0, 0.0)": [0.0, 2.053881236875478, 1.717109442126045, 0.45538889111699077, 2.166654447253039, 2.1228856389893576, 0.03769113843203695, 2.220381735953775, 2.106543927802636], "(4.0, 0.0, 0.0)": [0.0, 1.0922740906045147, 1.0452659578597172, 1.0638442760845743, 1.0195802773414182, 1.0810576648502366, 1.063839292494387, 1.0001433796683306, 1.007188926284707], "(5.0, 1.0, 0.0)": [0.0, 0.0, 0.0, 0.0, 0.0, 5.95703125, 0.0, 0.0, 0.0], "(0.0, 1.0, 1.0)": [0.0, 0.0, 0.4476686740885799, 0.414404131913811, 0.41515856590231964, 0.42950311790053447, 0.4078597024651728, 0.0, 0.3908727804676023], "(5.0, 0.0, 0.0)": [0.0, -5.826755336706924, -2.3266107961535454, 0.08664665206211238, -6.8359375, -1.961758368875276, -4.289677507694931, -2.5, 0.2542028225289001], "(0.0, 0.0, 1.0)": [0.0, 0.4739672305901748, 0.5720664520389649, 0.4062577153327368, 0.5651194090145798, 0.4468206269942346, 0.42222207553636387, 0.5633139813059047, 0.619928764473211], "(1.0, 0.0, 1.0)": [0.0, 0.7451982062175735, 0.7144119862873072, 0.7566814068362715, 0.7049673844293205, 0.7195060304769643, 0.6080942946610778, 0.7434518450365677, 0.6988305431261429], "(2.0, 0.0, 0.0)": [0.0, 0.5749288582117871, 0.5417803944088658, 0.6093139393528744, 0.636435038477279, 0.5767288486995077, 0.5739288331092542, 0.5972349705188664, 0.8388282804233606], "(2.0, 1.0, 0.0)": [0.0, 0.009100249344812805, 0.0, 0.0, 0.0, 0.025395512986364624, 0.02390823264361643, 0.01785907385862901, 0.030105918525674197], "(1.0, 1.0, 1.0)": [0.0, 0.5408378702920467, 1.1382293623088249, 0.8566649795894776, 1.005504214195745, 1.0775917464157896, 1.1411353708762488, 0.5080098197455443, 0.9474503442544107], "(6.0, 0.0, 0.0)": [0.0, 0.0, 0.0, 0.0, 0.0, 0.0, 0.0, 0.0, 0.0]}, "stats": {"total_messages": 81803, "total_updates": 55008, "total_reward": -5663.0, "action_counts": [19021, 5231, 9258, 8174, 6409, 9316, 7401, 8955, 8038], "state_visits": {"(3.0, 1.0, 0.0)": 1444, "(3.0, 0.0, 0.0)": 26219, "(4.0, 1.0, 0.0)": 747, "(4.0, 0.0, 0.0)": 16129, "(5.0, 1.0, 0.0)": 5, "(0.0, 1.0, 1.0)": 141, "(5.0, 0.0, 0.0)": 70, "(0.0, 0.0, 1.0)": 4825, "(1.0, 0.0, 1.0)": 2272, "(2.0, 0.0, 0.0)": 2637, "(2.0, 1.0, 0.0)": 250, "(1.0, 1.0, 1.0)": 269, "(6.0, 0.0, 0.0)": 0}}}