{"q": {"(3.0, 1.0, 0.0)": [0.0, 1.4445271846658336, 1.2511195049383348, 1.21331484668127, 1.0355898605060345, 1.4781672826937602, 1.2034509250953225, 0.8914900582638922, 1.137682798136928], "(3.0, 0.0, 0.0)": [0.0, 0.5733488037273402, 0.5969884082561394, 0.5843074068332413, 0.5919102018239475, 0.6063870435786853, 0.5603029831571539, 0.607738849622755, 0.5754694405016378], "(4.0, 1.0, 0.0)": [0.0, 2.8348619460906406, 8.058143417833866, 3.4247007507686376, 2.772017152484081, 0.9358857921596604, 2.7936540071057623, 2.809883033699148, 3.3982431132392006], "(4.0, 0.0, 0.0)": [0.0, 0.6239625215254667, 0.6464002572109718, 0.594814807215208, 0.6090225390704449, 0.6350464444039607, 0.5946880855717951, 0.6458499533012478, 0.5946882367439553], "(5.0, 1.0, 0.0)": [0.0, 0.0, 13.483954274284496, 0.0, 0.0, 5.375024768888167, -0.21832555922152452, 3.598412644113912, 0.0], "(0.0, 1.0, 1.0)": [0.0, 0.6418131152556622, 0.47281832296761817, 0.6411920390630532, 0.6028504846293252, 0.6391759798946359, 0.6406368367687647, 0.6245261208383119, 0.6267216402397748], "(5.0, 0.0, 0.0)": [0.0, -9.965207415713902, -1.0075915105792865, -1.7010277481369402, -9.820876985141659, -0.4469600845804433, 0.06282941128579561, -7.171644933407091, -0.35766493743154687], "(0.0, 0.0, 1.0)": [0.0, 0.33795178250955227, 0.33558624902244577, 0.33777070252678887, 0.31732641413844564, 0.33223708124148005, 0.32003775444918925, 0.32623951572569043, 0.33045399673904857], "(1.0, 0.0, 1.0)": [0.0, 0.8575687376837772, 0.673715696290593, 0.8043943762748429, 0.9026382992194495, 0.908178626630058, 0.5344934413872562, 0.8049902083447962, 0.8214559997848722], "(2.0, 0.0, 0.0)": [0.0, 0.7852263187858862, 0.7282283064240902, 0.8499565419852657, 0.7993187914684465, 0.7831400182399849, 0.7434410678754768, 0.7534232098644464, 0.6848075753341116], "(2.0, 1.0, 0.0)": [0.0, 0.7475888026943922, 0.6680966697279346, 0.6494469410197674, 0.5190436585096226, 0.7690922351491825, 0.70533669879776, 0.8325314645631864, 0.5647278967745059], "(1.0, 1.0, 1.0)": [0.0, 0.40007952616152165, 0.4049860612090339, 2.054815807638163, 0.39680870735379625, 1.2620840913871019, 0.4006907236062523, 1.8820441200604967, 0.3987270569557629], "(6.0, 0.0, 0.0)": [0.0, 0.0, 0.0, 0.0, 0.0, 0.0, 0.0, 0.0, 0.0], "(6.0, 1.0, 0.0)": [0.0, 0.0, 0.0, 0.0, 0.0, 0.0, 0.0, 0.0, 0.0]}, "stats": {"total_messages": 790712, "total_updates": 685004, "total_reward": -38225.0, "action_counts": [92563, 94826, 93794, 86248, 88087, 84758, 85067, 82370, 82999], "state_visits": {"(3.0, 1.0, 0.0)": 4237, "(3.0, 0.0, 0.0)": 277764, "(4.0, 1.0, 0.0)": 2172, "(4.0, 0.0, 0.0)": 134438, "(5.0, 1.0, 0.0)": 31, "(0.0, 1.0, 1.0)": 949, "(5.0, 0.0, 0.0)": 498, "(0.0, 0.0, 1.0)": 39606, "(1.0, 0.0, 1.0)": 67231, "(2.0, 0.0, 0.0)": 154320, "(2.0, 1.0, 0.0)": 2019, "(1.0, 1.0, 1.0)": 1738, "(6.0, 0.0, 0.0)": 1, "(6.0, 1.0, 0.0)": 0}}}