{"q": {"(3.0, 1.0, 0.0)": [0.0, 1.202953918044768, 1.2476413842098597, 2.052083621146137, 1.2153081255085525, 1.232344107825647, 1.2662535318406458, 1.2619365464775987, 1.2666137677906477], "(3.0, 0.0, 0.0)": [0.0, 0.6094672459531548, 0.5877637177968724, 0.6001599861760727, 0.5666867671590513, 0.5719199214327311, 0.6073855097859528, 0.5882681105359184, 0.5993600969202661], "(4.0, 1.0, 0.0)": [0.0, 3.189941373515246, 2.8331419189617657, 2.9712173188084923, 3.0114408825607817, 2.520884154159746, 3.6930520289343027, 2.998352089828098, 2.9933786657977395], "(4.0, 0.0, 0.0)": [0.0, 0.601955307577456, 0.5589355322915964, 0.5779612180347414, 0.5799041201032918, 0.563012697098858, 0.6043422859910917, 0.5773924337083256, 0.5685134329551311], "(5.0, 1.0, 0.0)": [0.0, 0.0, 10.34903431817012, 0.0, 0.0, 5.375024768888167, -0.21832555922152452, 3.598412644113912, 0.0], "(0.0, 1.0, 1.0)": [0.0, 0.5238277356444393, 1.02638527155107, 0.5545722337857472, 0.5462646839795721, 0.5439586763251649, 0.5256006369797743, 0.5562130825866791, 0.5567073525001245], "(5.0, 0.0, 0.0)": [0.0, -9.23222068392073, -2.302029756825137, -1.7010277481369402, -9.820876985141659, -1.4706282227447667, -2.0955758647376026, -5.25139934168037, -2.375482165681225], "(0.0, 0.0, 1.0)": [0.0, 0.6124693662928509, -0.7649430196733112, -3.299242308727731, -1.5178839475987727, -1.2833533898859908, -4.300375129779766, -0.7090477448107366, -4.412697298344305], "(1.0, 0.0, 1.0)": [0.0, 0.20095251885328894, 0.21344710753590176, -0.012943409059767597, 0.11388633184499276, 0.21230616013410875, 0.035482549359125315, 0.20057312848236622, -0.37323782556273366], "(2.0, 0.0, 0.0)": [0.0, 0.4173713955537274, 0.40459369916823246, 0.41505167459979886, 0.40372774761708896, 0.42804331682774766, 0.4210215404038022, 0.4093199648027884, 0.41839667230380756], "(2.0, 1.0, 0.0)": [0.0, 0.781820629440555, 0.8195937894560601, 0.8260561549267479, 0.7903898771624089, 0.7988609757983236, 0.6383577853538636, 0.7574209598365658, 0.7869518643843192], "(1.0, 1.0, 1.0)": [0.0, 1.1129709011894573, 1.1088416588592647, 1.1082972413796108, 1.119811816755615, 1.1084105388443872, 1.1246375813360334, 1.1626083397169071, 0.9561561536712453], "(6.0, 0.0, 0.0)": [0.0, 0.0, 0.0, 0.0, 0.0, 0.0, 0.0, 0.0, 0.0], "(6.0, 1.0, 0.0)": [0.0, 0.0, 0.0, 0.0, 0.0, 0.0, 0.0, 0.0, 0.0]}, "stats": {"total_messages": 861531, "total_updates": 752002, "total_reward": -40781.0, "action_counts": [95750, 104049, 103565, 93499, 98667, 92418, 91967, 90708, 90908], "state_visits": {"(3.0, 1.0, 0.0)": 5000, "(3.0, 0.0, 0.0)": 298641, "(4.0, 1.0, 0.0)": 2414, "(4.0, 0.0, 0.0)": 142012, "(5.0, 1.0, 0.0)": 32, "(0.0, 1.0, 1.0)": 1201, "(5.0, 0.0, 0.0)": 532, "(0.0, 0.0, 1.0)": 46497, "(1.0, 0.0, 1.0)": 77354, "(2.0, 0.0, 0.0)": 173360, "(2.0, 1.0, 0.0)": 2748, "(1.0, 1.0, 1.0)": 2210, "(6.0, 0.0, 0.0)": 1, "(6.0, 1.0, 0.0)": 0}}}