{"q": {"(3.0, 1.0, 0.0)": [0.0, 1.8480404683477483, 1.848227401256386, 1.5519817009753196, 1.833301614098808, 1.8369917068722998, 1.8277328236374992, 1.6161247302662933, 1.8575231988365042], "(3.0, 0.0, 0.0)": [0.0, 0.41255515656216796, 0.44406269047795216, 0.3666221439423562, 0.4887449681976992, 0.4520108584534298, 0.42334473791759686, 0.382459549515607, 0.46682854508997906], "(4.0, 1.0, 0.0)": [0.0, 2.8348619460906406, 2.2636139962744597, 3.7989753995345485, 3.3752764884381925, 2.520884154159746, 4.110319980500854, 3.781061834898863, 3.784479394188298], "(4.0, 0.0, 0.0)": [0.0, 0.430814743332992, 0.4166171491271885, 0.4398614992720007, 0.4290493537718288, 0.4408320609391504, 0.46725185438895844, 0.49112838159164807, 0.4263197468339268], "(5.0, 1.0, 0.0)": [0.0, 0.0, 13.483954274284496, 0.0, 0.0, 5.375024768888167, -0.21832555922152452, 3.598412644113912, 0.0], "(0.0, 1.0, 1.0)": [0.0, 0.5238277356444393, 1.02638527155107, 0.5545722337857472, 0.5462646839795721, 0.5439586763251649, 0.5256006369797743, 0.5562130825866791, 0.5567073525001245], "(5.0, 0.0, 0.0)": [0.0, -9.23222068392073, -2.302029756825137, -1.7010277481369402, -9.820876985141659, -1.9608376303263555, -2.0955758647376026, -5.25139934168037, -2.375482165681225], "(0.0, 0.0, 1.0)": [0.0, -0.027235354263013066, -2.54524974348467, -4.408261981264659, -2.698460351286707, -2.5299895812227393, -5.733833506373022, -1.284218761687602, -4.412697298344305], "(1.0, 0.0, 1.0)": [0.0, -1.5631876394395214, -0.18288287807465706, -2.599027600364713, -0.6268372386494154, -2.6935573826035895, -2.134821545991504, -0.05519119073499456, -3.163057195677961], "(2.0, 0.0, 0.0)": [0.0, 0.22965640100351076, 0.46640388411671646, 0.3822548606804726, -1.4281197226224926, 0.1922916714412457, -3.02560327728082, 0.1661811146546724, -0.6797300222936808], "(2.0, 1.0, 0.0)": [0.0, 0.9831167416743507, 1.0114512327951648, 1.2609659573846153, 1.3198676101226894, 1.2081006044993063, 1.3839214127497317, 1.321738705866175, 1.382297020980407], "(1.0, 1.0, 1.0)": [0.0, 1.3082031913093228, 1.2772826237609731, 1.2991360501182228, 1.3045652924868765, 1.3028428709568571, 1.276490799782664, 1.3192310096809123, 1.31436290343676], "(6.0, 0.0, 0.0)": [0.0, 0.0, 0.0, 0.0, 0.0, 0.0, 0.0, 0.0, 0.0], "(6.0, 1.0, 0.0)": [0.0, 0.0, 0.0, 0.0, 0.0, 0.0, 0.0, 0.0, 0.0]}, "stats": {"total_messages": 850929, "total_updates": 743003, "total_reward": -40450.0, "action_counts": [94179, 102610, 101388, 93067, 97751, 90913, 91021, 89905, 90095], "state_visits": {"(3.0, 1.0, 0.0)": 4786, "(3.0, 0.0, 0.0)": 294634, "(4.0, 1.0, 0.0)": 2323, "(4.0, 0.0, 0.0)": 141090, "(5.0, 1.0, 0.0)": 31, "(0.0, 1.0, 1.0)": 1201, "(5.0, 0.0, 0.0)": 531, "(0.0, 0.0, 1.0)": 46409, "(1.0, 0.0, 1.0)": 76614, "(2.0, 0.0, 0.0)": 170623, "(2.0, 1.0, 0.0)": 2610, "(1.0, 1.0, 1.0)": 2150, "(6.0, 0.0, 0.0)": 1, "(6.0, 1.0, 0.0)": 0}}}