{"q": {"(3.0, 1.0, 0.0)": [0.0, 0.6938190260123436, 0.7697275909113297, 0.7911851063333453, 0.8449868472021657, 0.7986358719398224, 0.7669212664553823, 0.7859662122376708, 0.7457419524195678], "(3.0, 0.0, 0.0)": [0.0, 0.5720812906102929, 0.6202139157199344, 0.6166332872968645, 0.5806746835164661, 0.5705968221596746, 0.6034516874339678, 0.5895425628061319, 0.5869494457295854], "(4.0, 1.0, 0.0)": [0.0, 4.611884447707894, 13.105203168942415, 12.30193990821007, 1.6114102590704749, 1.840708463187896, 1.8918405219668215, 9.050701575024428, 8.185802751476054], "(4.0, 0.0, 0.0)": [0.0, 0.6080970045089744, 0.5480272375963277, 0.5662467843385409, 0.5600630639174985, 0.583687860657365, 0.5708902914943743, 0.5421845844526797, 0.5591327072430681], "(5.0, 1.0, 0.0)": [0.0, 0.0, 11.694966872193708, 0.0, 0.0, 5.95703125, -0.21832555922152452, 0.0, 0.0], "(0.0, 1.0, 1.0)": [0.0, 1.1187954832090274, 0.6536091850020194, 0.3721151463539015, 1.4397159726047966, 1.2336623773885922, 1.0883413693887287, 0.7873011929502967, 0.36621825859045964], "(5.0, 0.0, 0.0)": [0.0, -8.813625216732822, -0.1264033700616258, -3.62413060539327, -7.7757135624030695, -2.358709776680516, 0.16518540481769733, -8.904658158106116, -1.8549436083971356], "(0.0, 0.0, 1.0)": [0.0, 0.4386077459553568, 0.32290463246169754, 0.4318260290682585, 0.37836182717967903, -1.9963170759941011, -4.40762088595433, 0.4551612213088172, -1.4265252458768503], "(1.0, 0.0, 1.0)": [0.0, 0.6077074503122122, 0.5767392028116107, 0.6271962736484393, 0.6078271824258865, 0.597223319080027, 0.5896268984751354, 0.5859346738826111, 0.5859917509420116], "(2.0, 0.0, 0.0)": [0.0, 0.5376613201573526, 0.5229662776242445, 0.550042408173754, 0.5376575826397312, 0.5130949452027834, 0.5091442809751702, 0.516376927043379, 0.5376575826397312], "(2.0, 1.0, 0.0)": [0.0, 1.0516005956150534, 0.8477123645256748, 0.8582037988478128, 0.8984537288082882, 0.8228954144108094, 0.9084777674729323, 0.9667601268347984, 0.8653892775611545], "(1.0, 1.0, 1.0)": [0.0, 1.1172733142189881, 1.34614917552509, 1.3364125160931055, 1.3561674775902959, 1.2048027668487786, 1.3350078647055035, 1.410251794432146, 1.4495546342521908], "(6.0, 0.0, 0.0)": [0.0, 0.0, 0.0, 0.0, 0.0, 0.0, 0.0, 0.0, 0.0]}, "stats": {"total_messages": 498002, "total_updates": 428004, "total_reward": -25973.0, "action_counts": [59043, 59155, 56150, 55603, 58186, 54292, 55361, 49667, 50545], "state_visits": {"(3.0, 1.0, 0.0)": 3246, "(3.0, 0.0, 0.0)": 179205, "(4.0, 1.0, 0.0)": 1500, "(4.0, 0.0, 0.0)": 81042, "(5.0, 1.0, 0.0)": 11, "(0.0, 1.0, 1.0)": 415, "(5.0, 0.0, 0.0)": 308, "(0.0, 0.0, 1.0)": 25668, "(1.0, 0.0, 1.0)": 36284, "(2.0, 0.0, 0.0)": 98575, "(2.0, 1.0, 0.0)": 1095, "(1.0, 1.0, 1.0)": 655, "(6.0, 0.0, 0.0)": 0}}}