{"q": {"(3.0, 1.0, 0.0)": [0.0, 0.09268360350470077, 0.0927213072570223, 0.09312622810144516, 0.09283564456684498, 0.09375172145405698, 0.0927387241071436, -0.09186181999891299, 0.09243223360293676], "(3.0, 0.0, 0.0)": [0.0, 0.12789825824095008, 0.08705692316361438, 0.11952766569801436, 0.11618796206025789, 0.11778634798714088, 0.11853458862805909, 0.07592980425295934, 0.09918656980186405], "(4.0, 1.0, 0.0)": [0.0, 0.8185307662528742, 0.691870878723313, 0.4164508688585529, 0.7588263832313005, 0.7510087260782441, 0.7564339550830733, 0.9438225572551223, 0.8468659981662932], "(4.0, 0.0, 0.0)": [0.0, -0.1391428024399471, -0.029317765286401155, 0.0002794557678267824, 0.00029179858717248507, 0.2092579298804945, -0.06080075335076192, -0.005760740184666987, -0.20798864292058006], "(5.0, 1.0, 0.0)": [0.0, 0.0, 2.5568858812699764, 0.4314805350687664, 6.34854866931428, 3.028868108091281, -0.21832555922152452, 3.2732795152764322, 0.0], "(0.0, 1.0, 1.0)": [0.0, -1.3491360906470997, 0.8310074657514094, -1.7710369478882173, 0.8343749049415645, 0.7128188545817483, 0.8115839629035932, 0.8254241262951949, 0.5781905552203233], "(5.0, 0.0, 0.0)": [0.0, -6.308664276996634, -1.2948917382141394, -2.413215810933954, -4.143182478106638, -0.34898697082712726, -3.830126857427597, -3.949809097271406, -1.3362087181956892], "(0.0, 0.0, 1.0)": [0.0, -0.23117792687057342, -0.9218251617368775, -0.5160983454984602, -1.2691275121837444, -0.053080569603527056, -0.5131342339993723, -0.06092737577152167, -0.004589857246342738], "(1.0, 0.0, 1.0)": [0.0, -0.7649997312353771, -0.5781894735132703, -0.3207291874286584, -0.5694236078080501, -0.2438661690634262, -1.0275809290443498, -1.0269323862586295, -0.24510390944063676], "(2.0, 0.0, 0.0)": [0.0, -0.0068636206071137, -0.02326928623259777, -0.00029117856883540565, -0.014209304466503052, -0.03283217124141578, -0.012891626700481478, -0.01574540035837526, -0.06410648398010582], "(2.0, 1.0, 0.0)": [0.0, 0.1871571700707128, 0.18902532132812483, 0.18789266855478862, 0.18440499027979124, 0.18704998118524277, 0.18851901704931828, 0.18802864836695338, 0.18528955339655398], "(1.0, 1.0, 1.0)": [0.0, -2.297542470401996, 0.20181234377410096, 8.91967637713539, 0.20468093221637815, 0.20355516120549294, 0.20317636026534197, 0.1577420386625356, 0.2005121242614383], "(6.0, 0.0, 0.0)": [0.0, 0.0, 0.05726150153538704, 0.0, 0.0, 0.0, 0.0, 0.0, 0.0], "(6.0, 1.0, 0.0)": [0.0, 0.0, 0.0, 0.0, 0.0, 0.0, 0.0, 0.0, 0.0]}, "stats": {"total_messages": 958387, "total_updates": 824002, "total_reward": -43866.0, "action_counts": [119703, 113322, 112260, 101665, 108429, 102678, 101582, 100172, 98576], "state_visits": {"(3.0, 1.0, 0.0)": 10775, "(3.0, 0.0, 0.0)": 329333, "(4.0, 1.0, 0.0)": 6238, "(4.0, 0.0, 0.0)": 161381, "(5.0, 1.0, 0.0)": 53, "(0.0, 1.0, 1.0)": 2049, "(5.0, 0.0, 0.0)": 580, "(0.0, 0.0, 1.0)": 47347, "(1.0, 0.0, 1.0)": 81441, "(2.0, 0.0, 0.0)": 177392, "(2.0, 1.0, 0.0)": 3967, "(1.0, 1.0, 1.0)": 3444, "(6.0, 0.0, 0.0)": 2, "(6.0, 1.0, 0.0)": 0}}}