{"q": {"(3.0, 1.0, 0.0)": [0.0, 0.23576412393486232, 0.23946412529579658, 0.23673324692034384, 0.23790448123320782, 0.666519125491278, 0.23335765092726563, 0.23783881528606188, 0.23674738220546615], "(3.0, 0.0, 0.0)": [0.0, 0.5277938787778941, 0.4968743836120921, 0.5297436401093105, 0.5366624131177158, 0.7453071764972551, 0.5197711818653795, 0.5063417607042315, 0.8128792369352059], "(4.0, 1.0, 0.0)": [0.0, 0.9567728906852189, 0.990138524065416, 0.9855640493140351, 0.9692479134501182, 0.8357655381867812, 0.9793606187721381, 0.8691522644176559, 0.7897155105399307], "(4.0, 0.0, 0.0)": [0.0, 0.6220416348490607, 0.7067583075507722, 0.7857074235723179, 0.42080797678188503, 0.3678652829892089, 0.4401917939866923, 0.52200426561862, 0.34953120344352895], "(5.0, 1.0, 0.0)": [0.0, 0.0, 11.694966872193708, 0.0, 0.0, 5.95703125, -2.3326210184312908, 0.0, 0.0], "(0.0, 1.0, 1.0)": [0.0, 1.3541054303811262, 0.7323523845013985, 0.3721151463539015, 1.4397159726047966, 1.037324654593918, 0.3666853257422, 0.3694498026255397, 0.36621825859045964], "(5.0, 0.0, 0.0)": [0.0, -8.062055957139027, -6.356383115508398, -2.8589335508923, -4.860883019864559, -3.6304008425073424, -1.3572807739190993, -6.327963992796229, -0.6184824811347609], "(0.0, 0.0, 1.0)": [0.0, -0.04516940820084977, -2.390512704534311, -3.7515451125710557, -1.675512337499095, -2.086069126756821, -3.2111405797309223, -0.4613671745547763, -0.34790400272456123], "(1.0, 0.0, 1.0)": [0.0, -1.49806706830587, -2.3744386180548616, -0.0010815558208495286, -2.8290463753503072, -2.203363113415061, -1.1318315301370452, -3.819091136128628, -0.013564472596488195], "(2.0, 0.0, 0.0)": [0.0, 0.147732752640855, 0.046375732434709604, 0.17361216079973432, 0.013494887099922043, 0.17934297148580125, -0.08546900597249163, 0.1646914587470893, 0.15509901168260015], "(2.0, 1.0, 0.0)": [0.0, 0.3459484501945023, 0.3437886192318903, 0.34644645441704575, 0.3429705833348483, 0.34667906874174703, 0.34644845748832903, 1.0626642295814015, 0.291999029347744], "(1.0, 1.0, 1.0)": [0.0, 0.7013761539542837, 1.690964084393481, 1.6798772112646077, 1.1416381956372337, 1.7144712672995595, 1.2916615880616606, 1.2928114333999978, 1.7159100512060645], "(6.0, 0.0, 0.0)": [0.0, 0.0, 0.0, 0.0, 0.0, 0.0, 0.0, 0.0, 0.0]}, "stats": {"total_messages": 263366, "total_updates": 214005, "total_reward": -15890.0, "action_counts": [40159, 29669, 27806, 30056, 26375, 30485, 28382, 26382, 24052], "state_visits": {"(3.0, 1.0, 0.0)": 2706, "(3.0, 0.0, 0.0)": 93435, "(4.0, 1.0, 0.0)": 1135, "(4.0, 0.0, 0.0)": 42435, "(5.0, 1.0, 0.0)": 8, "(0.0, 1.0, 1.0)": 387, "(5.0, 0.0, 0.0)": 143, "(0.0, 0.0, 1.0)": 13497, "(1.0, 0.0, 1.0)": 12464, "(2.0, 0.0, 0.0)": 46364, "(2.0, 1.0, 0.0)": 945, "(1.0, 1.0, 1.0)": 486, "(6.0, 0.0, 0.0)": 0}}}