{"q": {"(3.0, 1.0, 0.0)": [0.0, 0.06525145728743353, 0.06530039987637298, 0.06685696029768312, 0.0648392433390555, 0.06656532543602216, 0.0643794746469129, 0.004266020542644241, 0.06432260719517433], "(3.0, 0.0, 0.0)": [0.0, 0.1720187372762333, 0.17465159705326566, 0.15217671748262698, 0.1555419274439035, 0.1671768494088828, 0.1590215874075436, 0.174981701936043, 0.17403006245101837], "(4.0, 1.0, 0.0)": [0.0, 0.8185307662528742, 0.691870878723313, 0.4164508688585529, 0.7588263832313005, 0.7510087260782441, 0.7564339550830733, 0.9438225572551223, 0.8468659981662932], "(4.0, 0.0, 0.0)": [0.0, 0.016951051831066457, 0.0222602732210457, 0.026978702789841463, 0.02859836124410206, 0.029056325773290516, 0.029314699629938094, 0.03013820551999096, 0.02618479598259213], "(5.0, 1.0, 0.0)": [0.0, 0.0, 2.5568858812699764, 0.4314805350687664, 6.34854866931428, 3.028868108091281, -0.21832555922152452, 3.2732795152764322, 0.0], "(0.0, 1.0, 1.0)": [0.0, -1.3491360906470997, 0.8310074657514094, -1.7710369478882173, 0.8343749049415645, 0.7128188545817483, 0.8115839629035932, 0.8254241262951949, 0.5781905552203233], "(5.0, 0.0, 0.0)": [0.0, -6.308664276996634, -1.2948917382141394, -2.413215810933954, -4.143182478106638, -0.34898697082712726, -3.830126857427597, -2.962356822953555, -1.3362087181956892], "(0.0, 0.0, 1.0)": [0.0, -0.17338344515293008, -0.9218251617368775, -0.3870737591238452, -0.7138842256033562, -0.03981042720264529, -0.5131342339993723, -0.06092737577152167, -0.0034423929347570537], "(1.0, 0.0, 1.0)": [0.0, -0.7649997312353771, -0.5781894735132703, -0.3207291874286584, -0.5694236078080501, -0.2438661690634262, -1.0275809290443498, -1.0269323862586295, -0.24510390944063676], "(2.0, 0.0, 0.0)": [0.0, -0.005147715455335275, -0.007362547597032887, -0.00016378794496991567, -0.0059945503218059755, -0.01846809632329638, -0.00229443258414331, -0.011809050268781445, -0.06410648398010582], "(2.0, 1.0, 0.0)": [0.0, 0.17615083121319436, 0.17790912023146047, 0.17684307650241862, 0.17710255266471153, 0.176049945891701, 0.17754442925943614, 0.1769710596137896, 0.17439304534040942], "(1.0, 1.0, 1.0)": [0.0, -2.297542470401996, 0.20181234377410096, 8.91967637713539, 0.20468093221637815, 0.20355516120549294, 0.20317636026534197, 0.1577420386625356, 0.2005121242614383], "(6.0, 0.0, 0.0)": [0.0, 0.0, 0.05726150153538704, 0.0, 0.0, 0.0, 0.0, 0.0, 0.0], "(6.0, 1.0, 0.0)": [0.0, 0.0, 0.0, 0.0, 0.0, 0.0, 0.0, 0.0, 0.0]}, "stats": {"total_messages": 961813, "total_updates": 827004, "total_reward": -43858.0, "action_counts": [120119, 113561, 112566, 101899, 109025, 103242, 101975, 100633, 98793], "state_visits": {"(3.0, 1.0, 0.0)": 10935, "(3.0, 0.0, 0.0)": 331503, "(4.0, 1.0, 0.0)": 6238, "(4.0, 0.0, 0.0)": 162004, "(5.0, 1.0, 0.0)": 53, "(0.0, 1.0, 1.0)": 2049, "(5.0, 0.0, 0.0)": 581, "(0.0, 0.0, 1.0)": 47353, "(1.0, 0.0, 1.0)": 81441, "(2.0, 0.0, 0.0)": 177411, "(2.0, 1.0, 0.0)": 3990, "(1.0, 1.0, 1.0)": 3444, "(6.0, 0.0, 0.0)": 2, "(6.0, 1.0, 0.0)": 0}}}