{"q": {"(3.0, 1.0, 0.0)": [0.0, 0.7337037995278264, 0.7763653716719905, 0.7423979069390071, 1.1545626833381806, 0.7420934159116381, 0.7348559996979733, 0.7773881720771595, 0.7536534391711739], "(3.0, 0.0, 0.0)": [0.0, 2.687651275289437, 2.466361001381837, 2.4759288428359354, 2.125380816501721, 2.3384127786151057, 2.468168473677681, 2.442228219117449, 2.5748954997076745], "(4.0, 1.0, 0.0)": [0.0, 11.87991640191272, 13.105203168942415, 12.194685473867487, 4.2227544231596115, 1.840708463187896, 11.641995672354108, 12.056384290674533, 7.865670750211336], "(4.0, 0.0, 0.0)": [0.0, 6.692828826483538, 5.501936010722879, 6.901690465337097, 6.904119150504862, 7.5057334200186805, 6.9056952200273525, 6.912565697521193, 6.893465274737025], "(5.0, 1.0, 0.0)": [0.0, 0.0, 11.694966872193708, 0.0, 0.0, 5.95703125, -0.21832555922152452, 0.0, 0.0], "(0.0, 1.0, 1.0)": [0.0, 1.024792754414705, 1.032769279290775, 1.0544992373052704, 1.0237388883021703, 1.1172208013522544, 1.0552696131716996, 1.0270943821562848, 1.0552193838718935], "(5.0, 0.0, 0.0)": [0.0, -9.161303016615495, -0.1264033700616258, -1.1531384905603688, -7.7757135624030695, -0.7597316963181115, 0.16518540481769733, -9.03392165816092, -0.42521731656060924], "(0.0, 0.0, 1.0)": [0.0, 0.7552468709858036, 0.7544245165050413, 0.7909191322421218, 0.7585731103659032, 0.7532204732994939, 0.8200266396090823, 0.7544245379943123, 0.7548948377929012], "(1.0, 0.0, 1.0)": [0.0, 0.8193042411862734, 0.8461355994631163, 0.8454399287828093, 0.8460604471264881, 0.9189497318809271, 0.8104342654864918, 0.8568766500965785, 0.8696918822103427], "(2.0, 0.0, 0.0)": [0.0, 1.0888001808024268, 1.0657447817910675, 1.0451170172906152, 1.034763543422482, 1.0682295420276178, 1.0809938036389446, 1.0672355313875488, 1.1584182410772468], "(2.0, 1.0, 0.0)": [0.0, 0.7736369952031974, 0.8021470638792023, 0.7915720765744289, 0.7632802805502655, 0.7906722183611257, 0.7967811068069781, 0.7611131927999957, 0.7680277772583528], "(1.0, 1.0, 1.0)": [0.0, 1.2277892571283702, 1.229529513238613, 1.3096842657712435, 1.1136077969379157, 1.0524585631895458, 1.3086307772305419, 1.0997451367000672, 1.2214857351819686], "(6.0, 0.0, 0.0)": [0.0, 0.0, 0.0, 0.0, 0.0, 0.0, 0.0, 0.0, 0.0]}, "stats": {"total_messages": 544114, "total_updates": 473005, "total_reward": -26276.0, "action_counts": [59459, 65414, 61970, 59561, 62670, 60134, 61414, 56686, 56806], "state_visits": {"(3.0, 1.0, 0.0)": 3384, "(3.0, 0.0, 0.0)": 191789, "(4.0, 1.0, 0.0)": 1562, "(4.0, 0.0, 0.0)": 84893, "(5.0, 1.0, 0.0)": 11, "(0.0, 1.0, 1.0)": 620, "(5.0, 0.0, 0.0)": 321, "(0.0, 0.0, 1.0)": 32021, "(1.0, 0.0, 1.0)": 45739, "(2.0, 0.0, 0.0)": 110431, "(2.0, 1.0, 0.0)": 1425, "(1.0, 1.0, 1.0)": 809, "(6.0, 0.0, 0.0)": 0}}}