{"q": {"(3.0, 1.0, 0.0)": [0.0, 0.6938190260123436, 0.7920872194682798, 0.7911851063333453, 0.701432608988114, 0.7067463321112984, 0.7946588985982972, 0.7240020819559403, 0.6477342893549358], "(3.0, 0.0, 0.0)": [0.0, 0.5120935562390658, 0.4777250332141163, 0.47819903061328217, 0.5192626116777276, 0.502208131542138, 0.5023126309350718, 0.4911067478356145, 0.49504310929568374], "(4.0, 1.0, 0.0)": [0.0, 1.7970953695643148, 13.105203168942415, 14.191577915368075, 1.6114102590704749, 1.840708463187896, 1.8918405219668215, 9.050701575024428, 1.5114838464940064], "(4.0, 0.0, 0.0)": [0.0, 0.2845081846112721, 0.293337685995819, 0.29588961237915157, 0.2943488392898395, 0.3186575271479918, 0.2972084715224893, 0.2956305928243793, 0.29827609602031513], "(5.0, 1.0, 0.0)": [0.0, 0.0, 11.694966872193708, 0.0, 0.0, 5.95703125, -0.21832555922152452, 0.0, 0.0], "(0.0, 1.0, 1.0)": [0.0, 1.1187954832090274, 0.6536091850020194, 0.3721151463539015, 1.4397159726047966, 1.2336623773885922, 1.0883413693887287, 0.7873011929502967, 0.36621825859045964], "(5.0, 0.0, 0.0)": [0.0, -7.703901256729206, -0.1264033700616258, -1.9445347188035167, -6.666981320287492, -3.561390796261705, -1.0441804182914027, -8.259653089599901, -2.473258144529514], "(0.0, 0.0, 1.0)": [0.0, -6.287274395700619, -4.501692340819985, -1.054019048723839, -0.0149396050832136, -0.24186424247359317, -0.7968410011167324, -5.189244532239298, -0.0005058951149358834], "(1.0, 0.0, 1.0)": [0.0, -1.0531889592633854, -0.029382260932379153, -0.602977193310986, -4.619450852729934, -2.944033442023584, -1.6501708253770786, -0.0010002469335828206, -7.9505780044256955], "(2.0, 0.0, 0.0)": [0.0, 0.3130942780223359, 0.5448698647522962, -5.651304379179477, 0.5331126470487323, 0.4606975569903595, 0.37101749742787704, 0.39073809757767164, 0.5794704406423901], "(2.0, 1.0, 0.0)": [0.0, 0.9448906209243623, 0.977835885430532, 0.9288574597119171, 0.9353081323653546, 0.8228954144108094, 0.9084777674729323, 0.8117815670878797, 0.7914577469301222], "(1.0, 1.0, 1.0)": [0.0, 1.1172733142189881, 1.34614917552509, 1.3364125160931055, 1.3561674775902959, 1.2048027668487786, 1.3380705833334094, 1.410251794432146, 1.4495546342521908], "(6.0, 0.0, 0.0)": [0.0, 0.0, 0.0, 0.0, 0.0, 0.0, 0.0, 0.0, 0.0]}, "stats": {"total_messages": 429924, "total_updates": 364004, "total_reward": -23761.0, "action_counts": [55898, 50513, 47857, 47576, 48682, 48426, 45545, 43222, 42205], "state_visits": {"(3.0, 1.0, 0.0)": 3148, "(3.0, 0.0, 0.0)": 156579, "(4.0, 1.0, 0.0)": 1487, "(4.0, 0.0, 0.0)": 71067, "(5.0, 1.0, 0.0)": 11, "(0.0, 1.0, 1.0)": 415, "(5.0, 0.0, 0.0)": 273, "(0.0, 0.0, 1.0)": 20806, "(1.0, 0.0, 1.0)": 26823, "(2.0, 0.0, 0.0)": 81672, "(2.0, 1.0, 0.0)": 1072, "(1.0, 1.0, 1.0)": 651, "(6.0, 0.0, 0.0)": 0}}}