{"q": {"(3.0, 1.0, 0.0)": [0.0, 0.8376817782615873, 0.8726626652297715, 0.8873879656473096, 3.019436055303552, 0.8757564464998853, 0.8665569715280786, 0.8914900582638922, 0.8331438806617704], "(3.0, 0.0, 0.0)": [0.0, 0.6042732436808831, 0.6554528296844494, 0.49149727665904264, 0.6315324763033362, 0.5745801446686634, 0.5665061976251543, 0.5049933371375456, 0.4946835166554505], "(4.0, 1.0, 0.0)": [0.0, 3.4337414088519127, 3.452410906089308, 3.5316821501318865, 3.519361704927392, 3.486781383969313, 3.545711319879107, 3.264133755145511, 2.7632315344240284], "(4.0, 0.0, 0.0)": [0.0, 0.24006334058537057, 0.24466017490221267, 0.23615206319961762, 0.23606481333295748, 0.23869226904921703, 0.2474994107895717, 0.25348830924796956, 0.23353409809650127], "(5.0, 1.0, 0.0)": [0.0, 0.0, 15.64527236571266, 0.0, 0.0, 5.375024768888167, -0.21832555922152452, 0.0, 0.0], "(0.0, 1.0, 1.0)": [0.0, 0.6418131152556622, 0.6432902353300927, 0.6411920390630532, 0.6424516567012555, 0.6522203876475877, 0.6406368367687647, 0.6483936962073341, 0.649783796070868], "(5.0, 0.0, 0.0)": [0.0, -4.263643498390519, -0.05332642174474839, -5.23458266914665, -4.3452132770155725, -1.2927608943910498, -1.2873134770560148, -4.807955208374785, -0.2391847405653427], "(0.0, 0.0, 1.0)": [0.0, -3.1644250478385176, -0.1625672089003125, -0.6880446173811634, -4.119683717543092, -0.3517902223657449, -4.469722257643653, -1.2015814790394554, -1.7379156419839639], "(1.0, 0.0, 1.0)": [0.0, -1.6469637693765597, -1.555745107548762, -0.10592056407119667, -1.6408925052991299, -1.8252968462443049, -1.3170943892111815, -1.9789780330923379, -4.659765418618252], "(2.0, 0.0, 0.0)": [0.0, -1.6383249941131952, -0.04093480633502897, -0.028995580823087688, -0.5591923447419188, -0.04164185428607256, -0.8215296322272554, -4.092350914240377, -0.2158717272453825], "(2.0, 1.0, 0.0)": [0.0, 0.6628819889529787, 0.6680966697279346, 0.6494469410197674, 0.5190436585096226, 0.6563630279073601, 0.70533669879776, 0.8494475780272007, 0.5647278967745059], "(1.0, 1.0, 1.0)": [0.0, 0.40007952616152165, 0.4049860612090339, 2.054815807638163, 0.39680870735379625, 0.40101673173227614, 0.4006907236062523, 0.40287215539515375, 0.3987270569557629], "(6.0, 0.0, 0.0)": [0.0, 0.0, 0.0, 0.0, 0.0, 0.0, 0.0, 0.0, 0.0], "(6.0, 1.0, 0.0)": [0.0, 0.0, 0.0, 0.0, 0.0, 0.0, 0.0, 0.0, 0.0]}, "stats": {"total_messages": 675265, "total_updates": 587003, "total_reward": -32692.0, "action_counts": [76182, 79956, 77598, 73987, 78018, 73324, 73998, 71027, 71175], "state_visits": {"(3.0, 1.0, 0.0)": 4115, "(3.0, 0.0, 0.0)": 237644, "(4.0, 1.0, 0.0)": 2079, "(4.0, 0.0, 0.0)": 106165, "(5.0, 1.0, 0.0)": 29, "(0.0, 1.0, 1.0)": 937, "(5.0, 0.0, 0.0)": 362, "(0.0, 0.0, 1.0)": 36278, "(1.0, 0.0, 1.0)": 56797, "(2.0, 0.0, 0.0)": 138876, "(2.0, 1.0, 0.0)": 2004, "(1.0, 1.0, 1.0)": 1717, "(6.0, 0.0, 0.0)": 0, "(6.0, 1.0, 0.0)": 0}}}