{"q": {"(3.0, 1.0, 0.0)": [0.0, 1.066633331351444, 0.5329145355231096, 0.9864980138965092, 0.5105330143432751, 0.9822263355643379, 0.4461124653574464, 0.4944317314151046, 0.8778714611750407], "(3.0, 0.0, 0.0)": [0.0, 0.7733852063489774, 0.6943300531938945, 0.7115143954903065, 0.7120941509877965, 0.711786372844416, 0.7542852540956217, 0.7115283167985285, 0.7131225234902171], "(4.0, 1.0, 0.0)": [0.0, 2.2136113761613494, 2.147569962667004, 2.0324773251705017, 2.1220162640962545, 1.8454542878816893, 2.097610331667807, 1.3798767276398745, 0.9001748816396103], "(4.0, 0.0, 0.0)": [0.0, 0.7799370917701588, 0.7743767008836118, 0.7247744662708411, 0.7407045952690092, 0.7312645963952762, 0.7750108238830694, 0.753293594324782, 0.7877983219823167], "(5.0, 1.0, 0.0)": [0.0, 0.0, 11.694966872193708, 0.0, 0.0, 5.95703125, -0.21832555922152452, 0.0, 0.0], "(0.0, 1.0, 1.0)": [0.0, 1.3338937947275136, 0.7323523845013985, 0.3721151463539015, 1.4397159726047966, 1.037324654593918, 0.9204443047266668, 0.3694498026255397, 0.36621825859045964], "(5.0, 0.0, 0.0)": [0.0, -9.057715465082161, -5.545740348731498, -0.7986541331566359, -8.949787095221595, -4.542100473910381, -0.4294521198728401, -6.059479745947879, -5.909897447572939], "(0.0, 0.0, 1.0)": [0.0, -0.1134445952437731, -0.24897855821597967, -0.0012807216748341103, -0.0317178353586942, -0.9221958641568737, -0.0003497554370779287, -6.310301029379323e-06, -0.0029963148537049938], "(1.0, 0.0, 1.0)": [0.0, 0.6657536300548117, 0.824401198808315, 0.6616697005440677, 0.5654801513123233, 0.4509841209119759, 0.5749114702020701, 0.7584491029034818, 0.5629856196746692], "(2.0, 0.0, 0.0)": [0.0, 0.5716395307625313, 0.5408576328953033, 0.5390720221304768, 0.5774054991072196, 0.5312283813212904, 0.5312130591786421, 0.5315881695185051, 0.5522402425461551], "(2.0, 1.0, 0.0)": [0.0, 0.3459484501945023, 0.3437886192318903, 0.34644645441704575, 0.3429705833348483, 0.34667906874174703, 0.34644845748832903, 1.0626642295814015, 0.291999029347744], "(1.0, 1.0, 1.0)": [0.0, 0.7013761539542837, 1.690964084393481, 1.6798772112646077, 1.1416381956372337, 1.7144712672995595, 1.2916615880616606, 1.2928114333999978, 1.7159100512060645], "(6.0, 0.0, 0.0)": [0.0, 0.0, 0.0, 0.0, 0.0, 0.0, 0.0, 0.0, 0.0]}, "stats": {"total_messages": 326435, "total_updates": 266004, "total_reward": -20122.0, "action_counts": [51002, 37638, 35394, 36595, 33953, 37806, 32853, 31191, 30003], "state_visits": {"(3.0, 1.0, 0.0)": 2904, "(3.0, 0.0, 0.0)": 121729, "(4.0, 1.0, 0.0)": 1308, "(4.0, 0.0, 0.0)": 56268, "(5.0, 1.0, 0.0)": 11, "(0.0, 1.0, 1.0)": 394, "(5.0, 0.0, 0.0)": 195, "(0.0, 0.0, 1.0)": 14524, "(1.0, 0.0, 1.0)": 14394, "(2.0, 0.0, 0.0)": 52846, "(2.0, 1.0, 0.0)": 945, "(1.0, 1.0, 1.0)": 486, "(6.0, 0.0, 0.0)": 0}}}