{"q": {"(3.0, 1.0, 0.0)": [0.0, 0.8376817782615873, 0.8726626652297715, 0.8873879656473096, 3.019436055303552, 0.8757564464998853, 0.8665569715280786, 0.8914900582638922, 0.8331438806617704], "(3.0, 0.0, 0.0)": [0.0, 0.6192530701553934, 0.6192524481698647, 0.6219632476710616, 0.5842232075049251, 0.5901621494300474, -1.6471291290872372, 0.5965065727544894, -0.47144913422998297], "(4.0, 1.0, 0.0)": [0.0, 3.4337414088519127, 3.452410906089308, 3.5316821501318865, 3.519361704927392, 3.486781383969313, 3.545711319879107, 3.264133755145511, 2.7632315344240284], "(4.0, 0.0, 0.0)": [0.0, 0.3654143538402836, 0.336056547084569, 0.3578323562960182, 0.32883586813862387, 0.3385869226419483, 0.3535758936122366, 0.36253764972222957, 0.3513727799631421], "(5.0, 1.0, 0.0)": [0.0, 0.0, 15.64527236571266, 0.0, 0.0, 5.375024768888167, -0.21832555922152452, 0.0, 0.0], "(0.0, 1.0, 1.0)": [0.0, 0.6418131152556622, 0.6432902353300927, 0.6411920390630532, 0.6424516567012555, 0.6522203876475877, 0.6406368367687647, 0.6483936962073341, 0.649783796070868], "(5.0, 0.0, 0.0)": [0.0, -4.263643498390519, -0.03999481630856129, -5.23458266914665, -5.758909957761679, -0.7271780030949655, -0.9654851077920111, -3.6059664062810883, -0.2391847405653427], "(0.0, 0.0, 1.0)": [0.0, -5.3916220787681794, -1.5021660246764557, -0.06888215232296467, -2.1394651928928012, -0.14841150006054862, -2.8520246787944794, -2.005187889852327, -2.8525775486159795], "(1.0, 0.0, 1.0)": [0.0, -0.6647894142838461, -1.6139169036992884, -0.01885158476755429, -0.16427453197124622, -2.9331514976927404, -1.2547039677388574, -0.3415478831853782, -2.9419498883372874], "(2.0, 0.0, 0.0)": [0.0, -0.31992457618129044, -0.11107701972181472, -3.2848997014934844, -0.49205554329984824, -4.482723491313898, -0.3601749584535257, -2.8461340548441525, -0.11877686765608957], "(2.0, 1.0, 0.0)": [0.0, 0.6628819889529787, 0.6680966697279346, 0.6494469410197674, 0.5190436585096226, 0.6563630279073601, 0.70533669879776, 0.8494475780272007, 0.5647278967745059], "(1.0, 1.0, 1.0)": [0.0, 0.40007952616152165, 0.4049860612090339, 2.054815807638163, 0.39680870735379625, 0.40101673173227614, 0.4006907236062523, 0.40287215539515375, 0.3987270569557629], "(6.0, 0.0, 0.0)": [0.0, 0.0, 0.0, 0.0, 0.0, 0.0, 0.0, 0.0, 0.0], "(6.0, 1.0, 0.0)": [0.0, 0.0, 0.0, 0.0, 0.0, 0.0, 0.0, 0.0, 0.0]}, "stats": {"total_messages": 684633, "total_updates": 594003, "total_reward": -33080.0, "action_counts": [78493, 81056, 78652, 74787, 78704, 74213, 75089, 71825, 71814], "state_visits": {"(3.0, 1.0, 0.0)": 4115, "(3.0, 0.0, 0.0)": 241157, "(4.0, 1.0, 0.0)": 2079, "(4.0, 0.0, 0.0)": 109298, "(5.0, 1.0, 0.0)": 29, "(0.0, 1.0, 1.0)": 937, "(5.0, 0.0, 0.0)": 368, "(0.0, 0.0, 1.0)": 36329, "(1.0, 0.0, 1.0)": 56847, "(2.0, 0.0, 0.0)": 139122, "(2.0, 1.0, 0.0)": 2004, "(1.0, 1.0, 1.0)": 1717, "(6.0, 0.0, 0.0)": 1, "(6.0, 1.0, 0.0)": 0}}}