{"q": {"(3.0, 1.0, 0.0)": [0.0, 0.23576412393486232, 0.23946412529579658, 0.23673324692034384, 0.23790448123320782, 0.666519125491278, 0.23335765092726563, 0.23783881528606188, 0.23674738220546615], "(3.0, 0.0, 0.0)": [0.0, 0.572460110059116, 0.5570347866682771, 0.622108764749298, 0.5507619103556023, 0.6021916529636346, 0.6188732689518558, 0.6186707212364225, 0.5526406260576915], "(4.0, 1.0, 0.0)": [0.0, 0.9567728906852189, 0.990138524065416, 0.9855640493140351, 0.9692479134501182, 0.8357655381867812, 0.9793606187721381, 0.8691522644176559, 0.7897155105399307], "(4.0, 0.0, 0.0)": [0.0, 0.3869093546404584, 0.43588119392946384, 0.37619515656667535, 0.3000407615859238, 0.26865799645726346, 0.26733751699538233, 0.2816093537297524, 0.2512637926167887], "(5.0, 1.0, 0.0)": [0.0, 0.0, 11.694966872193708, 0.0, 0.0, 5.95703125, -2.3326210184312908, 0.0, 0.0], "(0.0, 1.0, 1.0)": [0.0, 1.3541054303811262, 0.7323523845013985, 0.3721151463539015, 1.4397159726047966, 1.037324654593918, 0.3666853257422, 0.3694498026255397, 0.36621825859045964], "(5.0, 0.0, 0.0)": [0.0, -6.554766146024937, -6.855792205348262, -0.4785780678564, -4.860883019864559, -3.6304008425073424, -1.3572807739190993, -6.327963992796229, -0.6184824811347609], "(0.0, 0.0, 1.0)": [0.0, -0.1070682268464587, -4.249800363616553, -3.7515451125710557, -1.675512337499095, -2.7814255023424286, -4.281520772974563, -0.4613671745547763, -0.6184960048436644], "(1.0, 0.0, 1.0)": [0.0, -1.9974227577411603, -2.3744386180548616, -0.0010815558208495286, -2.8290463753503072, -2.937817484553414, -1.1318315301370452, -3.819091136128628, -0.01808596346198426], "(2.0, 0.0, 0.0)": [0.0, -0.07165326285595133, -0.0686653109936112, 0.13173205991232145, 0.013494887099922043, 0.29531284490178955, -0.08546900597249163, 0.22075676432701474, 0.09131902244740053], "(2.0, 1.0, 0.0)": [0.0, 0.3459484501945023, 0.3437886192318903, 0.34644645441704575, 0.3429705833348483, 0.34667906874174703, 0.34644845748832903, 1.0626642295814015, 0.291999029347744], "(1.0, 1.0, 1.0)": [0.0, 0.7013761539542837, 1.690964084393481, 1.6798772112646077, 1.1416381956372337, 1.7144712672995595, 1.2916615880616606, 1.2928114333999978, 1.7159100512060645], "(6.0, 0.0, 0.0)": [0.0, 0.0, 0.0, 0.0, 0.0, 0.0, 0.0, 0.0, 0.0]}, "stats": {"total_messages": 262212, "total_updates": 213003, "total_reward": -15863.0, "action_counts": [40001, 29522, 27645, 29900, 26360, 30307, 28303, 26153, 24021], "state_visits": {"(3.0, 1.0, 0.0)": 2706, "(3.0, 0.0, 0.0)": 92965, "(4.0, 1.0, 0.0)": 1135, "(4.0, 0.0, 0.0)": 42152, "(5.0, 1.0, 0.0)": 8, "(0.0, 1.0, 1.0)": 387, "(5.0, 0.0, 0.0)": 138, "(0.0, 0.0, 1.0)": 13488, "(1.0, 0.0, 1.0)": 12461, "(2.0, 0.0, 0.0)": 46132, "(2.0, 1.0, 0.0)": 945, "(1.0, 1.0, 1.0)": 486, "(6.0, 0.0, 0.0)": 0}}}