{"q": {"(3.0, 1.0, 0.0)": [0.0, 0.49680850389605996, 0.4270318622203607, 0.5418900275308938, 0.45909904560005477, 0.4368261344492102, 0.552390197423527, 0.47168809672796064, 0.4687921040625705], "(3.0, 0.0, 0.0)": [0.0, 0.5985360798888433, 0.491788954165664, 0.5187785165623805, 0.5103010924267899, 0.5190586723460182, 0.5506542450082883, 0.5273640258250432, 0.528619468003655], "(4.0, 1.0, 0.0)": [0.0, 1.6015137423555812, 1.5637171052878982, 1.1498598999747018, 1.491350631028105, 1.6155304456135902, 1.6467429222487748, 1.6330784609624813, 1.6524735465049432], "(4.0, 0.0, 0.0)": [0.0, 0.31593242099228724, 0.36114367431949074, 0.33851249038444287, 0.37049283110304354, 0.3506586191841973, 0.3492201688365115, 0.34107625991192336, 0.3410392534081934], "(5.0, 1.0, 0.0)": [0.0, 0.0, 11.694966872193708, 0.0, 0.0, 5.95703125, -2.3326210184312908, 0.0, 0.0], "(0.0, 1.0, 1.0)": [0.0, 2.829575897168663, 0.3761903818159485, 0.3721151463539015, 1.4397159726047966, 1.037324654593918, 0.3666853257422, 0.3694498026255397, 0.36621825859045964], "(5.0, 0.0, 0.0)": [0.0, -3.5558041158318994, -5.80772294046435, -0.6381040904752, -7.077648639678955, -3.120712608901943, -1.809707698558799, -7.249713764971073, -2.209266083390295], "(0.0, 0.0, 1.0)": [0.0, -4.842848670394359, -1.0209073163257243, -0.7678964587668207, -2.804146921531356, -4.961143990779844, -6.1221127867453, -1.7052714155169153, -4.59383467501298], "(1.0, 0.0, 1.0)": [0.0, -0.009801181456812432, -1.2393832323839016, -0.5496101996932992, -0.03760048427405382, -0.22542526889482348, -0.5937243787574675, -0.04734104411426886, -2.1481478649686814], "(2.0, 0.0, 0.0)": [0.0, 0.23151886636983268, 0.21850370085852397, 0.2220231014066571, 0.23750350479513088, 0.23667175029149543, 0.012001759575825305, 0.2370561940461413, 0.17847384589629692], "(2.0, 1.0, 0.0)": [0.0, 0.45153353256948203, 0.4262328190517207, 0.43386129714370664, 0.4205190707306353, 0.45473458982542764, 0.4541769955755733, 0.4306918923130552, 0.4263129728775452], "(1.0, 1.0, 1.0)": [0.0, 0.7013761539542837, 2.297567505007907, 2.24102096527763, 0.953928821295891, 2.0689796620810172, 1.062849396391695, 1.8314526450146873, 1.9155927687838479], "(6.0, 0.0, 0.0)": [0.0, 0.0, 0.0, 0.0, 0.0, 0.0, 0.0, 0.0, 0.0]}, "stats": {"total_messages": 204077, "total_updates": 165001, "total_reward": -10762.0, "action_counts": [29995, 22440, 21996, 22731, 20547, 23485, 22389, 21463, 19031], "state_visits": {"(3.0, 1.0, 0.0)": 2370, "(3.0, 0.0, 0.0)": 69284, "(4.0, 1.0, 0.0)": 956, "(4.0, 0.0, 0.0)": 32382, "(5.0, 1.0, 0.0)": 8, "(0.0, 1.0, 1.0)": 376, "(5.0, 0.0, 0.0)": 120, "(0.0, 0.0, 1.0)": 13286, "(1.0, 0.0, 1.0)": 12116, "(2.0, 0.0, 0.0)": 32849, "(2.0, 1.0, 0.0)": 820, "(1.0, 1.0, 1.0)": 434, "(6.0, 0.0, 0.0)": 0}}}