{"q": {"(3.0, 1.0, 0.0)": [0.0, 0.18332211502458343, 0.15065171488967208, 0.14770269031322292, 0.18539193075220803, 0.18628944645430784, 0.183229751940376, -1.0794414184500198, 0.18362597367791642], "(3.0, 0.0, 0.0)": [0.0, 0.05268505141518434, 0.051738900767024934, 0.055106928171095214, 0.055938215634213674, 0.05453068540047823, 0.05264892711407767, 0.05353568332028432, 0.05321636765881471], "(4.0, 1.0, 0.0)": [0.0, 0.8185307662528742, 0.691870878723313, 0.4164508688585529, 0.7588263832313005, 0.7510087260782441, 0.7564339550830733, 0.9438225572551223, 0.8468659981662932], "(4.0, 0.0, 0.0)": [0.0, -0.4416002864137968, -0.07887918774561804, -0.06812584644815006, -0.007890306661482552, -0.5756501030386172, -0.9314681135860594, -0.0636848281699155, -0.9039153353679769], "(5.0, 1.0, 0.0)": [0.0, 0.0, 2.5568858812699764, 0.4314805350687664, 6.34854866931428, 3.028868108091281, -0.21832555922152452, 3.2732795152764322, 0.0], "(0.0, 1.0, 1.0)": [0.0, -1.3491360906470997, 1.0224278226500922, -1.7710369478882173, 1.6470109916265248, 0.7128188545817483, 0.9632207091665691, 0.9606119766169341, 0.5781905552203233], "(5.0, 0.0, 0.0)": [0.0, -6.308664276996634, -1.2948917382141394, -2.413215810933954, -4.143182478106638, -0.34898697082712726, -3.830126857427597, -3.949809097271406, -1.3362087181956892], "(0.0, 0.0, 1.0)": [0.0, -0.6781184735502894, -0.14599645090382135, -0.00843106002676466, -1.4404939694362298, -0.0526246997633288, -0.15301628819315038, -0.3722536917083971, -0.20367006226445578], "(1.0, 0.0, 1.0)": [0.0, 0.09067452566931969, 0.08844367223326001, 0.05624921673218496, 0.0895776544271706, -0.003838932438767721, 0.09067322493502059, 0.095350829708347, 0.09446247025838829], "(2.0, 0.0, 0.0)": [0.0, -0.21667964170547185, -1.492051890835379, -0.021789158408444496, -0.33643325916369804, -0.43726854127468884, -0.17169448710923219, -0.27960251530396274, -0.480256348207615], "(2.0, 1.0, 0.0)": [0.0, 0.2070504083247936, 0.20403646768701744, 0.20370680244945644, 0.20701765789876425, 0.20693182615935446, 0.20438586805654507, 0.20291043006717874, 0.20498427965426136], "(1.0, 1.0, 1.0)": [0.0, 0.251510511956678, 0.24815165579238246, 0.25013335929650826, 0.3214375217026142, 0.2731875368767125, 0.31904714491995567, 0.1577420386625356, 0.2005121242614383], "(6.0, 0.0, 0.0)": [0.0, 0.0, 0.05726150153538704, 0.0, 0.0, 0.0, 0.0, 0.0, 0.0], "(6.0, 1.0, 0.0)": [0.0, 0.0, 0.0, 0.0, 0.0, 0.0, 0.0, 0.0, 0.0]}, "stats": {"total_messages": 946844, "total_updates": 815003, "total_reward": -43752.0, "action_counts": [117166, 111853, 111409, 100480, 107181, 101409, 100616, 99058, 97672], "state_visits": {"(3.0, 1.0, 0.0)": 10494, "(3.0, 0.0, 0.0)": 322779, "(4.0, 1.0, 0.0)": 6238, "(4.0, 0.0, 0.0)": 160760, "(5.0, 1.0, 0.0)": 53, "(0.0, 1.0, 1.0)": 2005, "(5.0, 0.0, 0.0)": 580, "(0.0, 0.0, 1.0)": 46951, "(1.0, 0.0, 1.0)": 80571, "(2.0, 0.0, 0.0)": 177305, "(2.0, 1.0, 0.0)": 3930, "(1.0, 1.0, 1.0)": 3335, "(6.0, 0.0, 0.0)": 2, "(6.0, 1.0, 0.0)": 0}}}