{"q": {"(3.0, 1.0, 0.0)": [0.0, 0.49680850389605996, 0.4270318622203607, 0.48226126864185936, 0.45909904560005477, 0.4368261344492102, 0.4991793233187203, 0.47168809672796064, 0.48142507288179576], "(3.0, 0.0, 0.0)": [0.0, 0.6090180993443736, 0.5501019841042796, 0.4592432185927219, 0.4527547855323637, 0.44133376044663913, 0.4666069684291995, 0.4641666346870562, 0.6745503718383501], "(4.0, 1.0, 0.0)": [0.0, 1.5694834675084697, 1.5637171052878982, 1.1498598999747018, 1.491350631028105, 1.5832198367013184, 1.58596409387422, 1.5718846712985495, 1.5614525502223846], "(4.0, 0.0, 0.0)": [0.0, 0.3117633039519562, 0.31697109314566174, 0.2971904323380235, 0.3226604124096556, 0.30972100763728455, 0.32170641124856353, 0.30901853194035406, 0.3051323109316876], "(5.0, 1.0, 0.0)": [0.0, 0.0, 11.694966872193708, 0.0, 0.0, 5.95703125, -2.3326210184312908, 0.0, 0.0], "(0.0, 1.0, 1.0)": [0.0, 2.829575897168663, 0.3761903818159485, 0.3721151463539015, 1.4397159726047966, 1.037324654593918, 0.3666853257422, 0.3694498026255397, 0.36621825859045964], "(5.0, 0.0, 0.0)": [0.0, -3.5558041158318994, -5.80772294046435, -0.6381040904752, -7.077648639678955, -3.120712608901943, -1.809707698558799, -5.437285323728305, -2.209266083390295], "(0.0, 0.0, 1.0)": [0.0, -4.842848670394359, -1.0209073163257243, -0.7678964587668207, -2.103110191148517, -1.1773027243745138, -3.4436884425442313, -1.7052714155169153, -4.59383467501298], "(1.0, 0.0, 1.0)": [0.0, -0.009801181456812432, -1.2393832323839016, -0.5496101996932992, -0.03760048427405382, -0.22542526889482348, -0.5937243787574675, -0.03550578308570164, -2.1481478649686814], "(2.0, 0.0, 0.0)": [0.0, 0.1809018699537779, 0.1867963146077028, 0.19662236867459876, 0.1885181008954963, 0.18165593138193853, 0.13379450429741413, 0.19494458146930516, 0.18485599120891333], "(2.0, 1.0, 0.0)": [0.0, 0.43365280467973055, 0.4262328190517207, 0.4251840712008325, 0.4205190707306353, 0.4299168198539898, 0.4289193481542467, 0.4306918923130552, 0.4263129728775452], "(1.0, 1.0, 1.0)": [0.0, 0.7013761539542837, 2.297567505007907, 2.24102096527763, 0.953928821295891, 2.0689796620810172, 1.062849396391695, 1.8314526450146873, 1.9155927687838479], "(6.0, 0.0, 0.0)": [0.0, 0.0, 0.0, 0.0, 0.0, 0.0, 0.0, 0.0, 0.0]}, "stats": {"total_messages": 205242, "total_updates": 166004, "total_reward": -10758.0, "action_counts": [30164, 22542, 22112, 22897, 20623, 23596, 22562, 21591, 19155], "state_visits": {"(3.0, 1.0, 0.0)": 2383, "(3.0, 0.0, 0.0)": 69742, "(4.0, 1.0, 0.0)": 965, "(4.0, 0.0, 0.0)": 32633, "(5.0, 1.0, 0.0)": 8, "(0.0, 1.0, 1.0)": 376, "(5.0, 0.0, 0.0)": 121, "(0.0, 0.0, 1.0)": 13294, "(1.0, 0.0, 1.0)": 12117, "(2.0, 0.0, 0.0)": 33102, "(2.0, 1.0, 0.0)": 829, "(1.0, 1.0, 1.0)": 434, "(6.0, 0.0, 0.0)": 0}}}