{"q": {"(3.0, 1.0, 0.0)": [0.0, 0.05374619475683774, 0.04235593281930472, 0.05298899798073327, 0.038601114611846156, 0.042986263888855215, 0.053172903028638654, 0.053339720073202895, 0.04041765775953488], "(3.0, 0.0, 0.0)": [0.0, 0.5396168807361783, 0.5118958414821101, 0.559785718938054, 0.5900759442156999, 0.5598110168458827, 0.5825090130296817, 0.6084678457450756, 0.5995528375374675], "(4.0, 1.0, 0.0)": [0.0, 2.915369517850677, 0.21308229682912094, 0.17645485313069156, 0.14926670252865673, 0.10791893177827921, 0.03769113843203695, 0.22739708844387985, 0.037915453178087796], "(4.0, 0.0, 0.0)": [0.0, 1.0075773090802391, 0.39942222089324636, 0.9265846723569069, 0.6413830326233032, 0.9268795842909685, 0.7743720646887261, 0.4493114376618019, 0.4133665233613904], "(5.0, 1.0, 0.0)": [0.0, 0.0, 0.0, 0.0, 0.0, 5.95703125, 0.0, 0.0, 0.0], "(0.0, 1.0, 1.0)": [0.0, 0.0, 0.0, 0.0, 0.0, 0.0, 0.0, 0.0, 0.0], "(5.0, 0.0, 0.0)": [0.0, -5.826755336706924, -2.3266107961535454, 0.08664665206211238, -6.8359375, -1.961758368875276, -4.289677507694931, -2.5, 0.2542028225289001], "(0.0, 0.0, 1.0)": [0.0, -1.518785107820349, 0.3464968237907125, 0.3465646043260969, 0.25126805210608805, 0.3283520504529509, 0.37672457418309724, -1.0912209719105816, 0.3465868269457935], "(1.0, 0.0, 1.0)": [0.0, 0.2267836918057915, 0.35627386196263233, 0.3389645197968461, -0.002123832089943432, 0.2850537881311467, 0.2241878262768981, 0.22870106134263593, 0.3256169166916091], "(2.0, 0.0, 0.0)": [0.0, -1.8763150214639217, 0.21083210965567434, 0.21418080357676716, 0.11596680840841697, 0.20795705723524116, -2.5807113376174645e-08, -0.009657531798499824, 0.22604228299056034], "(2.0, 1.0, 0.0)": [0.0, 0.009100249344812805, 0.0, 0.0, 0.0, 0.025395512986364624, 0.02390823264361643, 0.01785907385862901, 0.030105918525674197], "(1.0, 1.0, 1.0)": [0.0, 0.0, 0.03626126748625301, 0.03668008219861263, 0.0, 0.00868397701149333, 1.343696572154153, 0.08658281416507392, 0.027057452129922964], "(6.0, 0.0, 0.0)": [0.0, 0.0, 0.0, 0.0, 0.0, 0.0, 0.0, 0.0, 0.0]}, "stats": {"total_messages": 62299, "total_updates": 40003, "total_reward": -5708.0, "action_counts": [18837, 3035, 5706, 5885, 4245, 8554, 5951, 5878, 4208], "state_visits": {"(3.0, 1.0, 0.0)": 1327, "(3.0, 0.0, 0.0)": 20486, "(4.0, 1.0, 0.0)": 567, "(4.0, 0.0, 0.0)": 12641, "(5.0, 1.0, 0.0)": 5, "(0.0, 1.0, 1.0)": 32, "(5.0, 0.0, 0.0)": 70, "(0.0, 0.0, 1.0)": 2305, "(1.0, 0.0, 1.0)": 966, "(2.0, 0.0, 0.0)": 1161, "(2.0, 1.0, 0.0)": 250, "(1.0, 1.0, 1.0)": 193, "(6.0, 0.0, 0.0)": 0}}}