{"q": {"(3.0, 1.0, 0.0)": [0.0, 0.8376817782615873, 0.8726626652297715, 0.8873879656473096, 1.6737476412652752, 1.5924787731170658, 0.8665569715280786, 0.8914900582638922, 0.8331438806617704], "(3.0, 0.0, 0.0)": [0.0, 0.5331589274723785, 0.5739813248487552, 0.5537340391507819, 0.5779520410865732, 0.5331201590573256, 0.5417116487900011, 0.5794784432590705, 0.555029785900693], "(4.0, 1.0, 0.0)": [0.0, 2.8348619460906406, 2.840504314695014, 3.4247007507686376, 2.772017152484081, 4.5811810562128805, 2.7936540071057623, 2.809883033699148, 2.7632315344240284], "(4.0, 0.0, 0.0)": [0.0, 0.3874629189881232, 0.40707546285301355, 0.3817971240252617, 0.39505217811952026, 0.37456985935652765, 0.37450940922586184, 0.3891785870310541, 0.3820582676757151], "(5.0, 1.0, 0.0)": [0.0, 0.0, 13.483954274284496, 0.0, 0.0, 5.375024768888167, -0.21832555922152452, 3.598412644113912, 0.0], "(0.0, 1.0, 1.0)": [0.0, 0.6418131152556622, 0.47281832296761817, 0.6411920390630532, 0.6424516567012555, 0.6391759798946359, 0.6406368367687647, 0.6245261208383119, 0.6267216402397748], "(5.0, 0.0, 0.0)": [0.0, -9.853384336177108, -0.4489502867096019, -3.0240493300212274, -9.57541211292838, -0.794595705920788, -2.596657528567862, -7.680923372225143, -4.431759660114627], "(0.0, 0.0, 1.0)": [0.0, -0.15777979347696042, -2.685422350336065, -0.5862646967167535, -6.5469723226117384, -3.667396436960141, -0.896504933656673, -0.10412529395140249, -2.1253445977575645], "(1.0, 0.0, 1.0)": [0.0, 0.21157830363391983, 0.20463550475075762, 0.2260540733172517, -0.015250320327077831, 0.043024526123700696, 0.1271058147725103, 0.03176471188999738, 0.12125787114985953], "(2.0, 0.0, 0.0)": [0.0, 0.4437136935800682, 0.6785690638775437, 0.45899104171547134, 0.31371369568505725, 0.33749027173242935, 0.8514775739614421, 0.46707588587959187, 0.3239813392312716], "(2.0, 1.0, 0.0)": [0.0, 0.6628819889529787, 0.6680966697279346, 0.6494469410197674, 0.5190436585096226, 0.6563630279073601, 0.70533669879776, 0.8494475780272007, 0.5647278967745059], "(1.0, 1.0, 1.0)": [0.0, 0.40007952616152165, 0.4049860612090339, 2.054815807638163, 0.39680870735379625, 0.40101673173227614, 0.4006907236062523, 0.40287215539515375, 0.3987270569557629], "(6.0, 0.0, 0.0)": [0.0, 0.0, 0.0, 0.0, 0.0, 0.0, 0.0, 0.0, 0.0], "(6.0, 1.0, 0.0)": [0.0, 0.0, 0.0, 0.0, 0.0, 0.0, 0.0, 0.0, 0.0]}, "stats": {"total_messages": 729145, "total_updates": 629003, "total_reward": -36871.0, "action_counts": [87647, 86841, 84226, 78425, 81798, 79153, 79147, 75578, 76330], "state_visits": {"(3.0, 1.0, 0.0)": 4132, "(3.0, 0.0, 0.0)": 257212, "(4.0, 1.0, 0.0)": 2164, "(4.0, 0.0, 0.0)": 122541, "(5.0, 1.0, 0.0)": 31, "(0.0, 1.0, 1.0)": 944, "(5.0, 0.0, 0.0)": 456, "(0.0, 0.0, 1.0)": 36750, "(1.0, 0.0, 1.0)": 58205, "(2.0, 0.0, 0.0)": 142846, "(2.0, 1.0, 0.0)": 2004, "(1.0, 1.0, 1.0)": 1717, "(6.0, 0.0, 0.0)": 1, "(6.0, 1.0, 0.0)": 0}}}