{"q": {"(3.0, 1.0, 0.0)": [0.0, 1.434231839358471, 1.4513494062243901, 1.4908580857419977, 1.575317889977747, 1.5405511615208065, 1.2034509250953225, 0.8914900582638922, 0.8331438806617704], "(3.0, 0.0, 0.0)": [0.0, 0.8906089789301863, 0.8116818123511482, 0.8919226877135208, 0.845014143433235, 0.8557502041652074, 0.7424829297779568, 0.8743272093358779, 0.9680607984895229], "(4.0, 1.0, 0.0)": [0.0, 2.8348619460906406, 3.184049878950223, 3.4247007507686376, 2.772017152484081, 4.5811810562128805, 2.7936540071057623, 2.809883033699148, 2.7632315344240284], "(4.0, 0.0, 0.0)": [0.0, 0.571983860636995, 0.5864471404088707, 0.5877918564754956, 0.5361001549156752, 0.5882267564674388, 0.5804333706748375, 0.585078782362785, 0.6123484983588049], "(5.0, 1.0, 0.0)": [0.0, 0.0, 13.483954274284496, 0.0, 0.0, 5.375024768888167, -0.21832555922152452, 3.598412644113912, 0.0], "(0.0, 1.0, 1.0)": [0.0, 0.6418131152556622, 0.47281832296761817, 0.6411920390630532, 0.6424516567012555, 0.6391759798946359, 0.6406368367687647, 0.6245261208383119, 0.6267216402397748], "(5.0, 0.0, 0.0)": [0.0, -9.89003825213283, -2.6420506766542102, -3.0240493300212274, -9.820876985141659, -0.595946779440591, -2.596657528567862, -9.449672245557334, -3.3238197450859706], "(0.0, 0.0, 1.0)": [0.0, -2.5000028208460976, -2.0346271094317523e-09, -4.421865637345208e-06, -4.700036995670596, -4.528188135811743, -0.0037906761985670254, -3.2197000675991614, -6.8397889037923765], "(1.0, 0.0, 1.0)": [0.0, -1.0095530940371904, 0.31769428658959437, 0.3106247668617689, 0.31875692121663324, 0.30888284293302015, 0.15674882487963854, 0.3316432721585503, 0.30531559885653914], "(2.0, 0.0, 0.0)": [0.0, 0.735783352852034, 0.7339689254009059, 0.7192404302076861, 0.7181868607492532, 0.7429581345473444, 0.7259960615395897, 0.7622858439459204, 0.7817831196466666], "(2.0, 1.0, 0.0)": [0.0, 0.6628819889529787, 0.6680966697279346, 0.6494469410197674, 0.5190436585096226, 0.7690922351491825, 0.70533669879776, 0.8325314645631864, 0.5647278967745059], "(1.0, 1.0, 1.0)": [0.0, 0.40007952616152165, 0.4049860612090339, 2.054815807638163, 0.39680870735379625, 0.40101673173227614, 0.4006907236062523, 0.40287215539515375, 0.3987270569557629], "(6.0, 0.0, 0.0)": [0.0, 0.0, 0.0, 0.0, 0.0, 0.0, 0.0, 0.0, 0.0], "(6.0, 1.0, 0.0)": [0.0, 0.0, 0.0, 0.0, 0.0, 0.0, 0.0, 0.0, 0.0]}, "stats": {"total_messages": 744991, "total_updates": 643001, "total_reward": -37450.0, "action_counts": [89419, 88486, 87024, 81214, 82852, 80321, 80175, 77201, 78299], "state_visits": {"(3.0, 1.0, 0.0)": 4188, "(3.0, 0.0, 0.0)": 262164, "(4.0, 1.0, 0.0)": 2165, "(4.0, 0.0, 0.0)": 126711, "(5.0, 1.0, 0.0)": 31, "(0.0, 1.0, 1.0)": 944, "(5.0, 0.0, 0.0)": 471, "(0.0, 0.0, 1.0)": 37062, "(1.0, 0.0, 1.0)": 60212, "(2.0, 0.0, 0.0)": 145322, "(2.0, 1.0, 0.0)": 2013, "(1.0, 1.0, 1.0)": 1717, "(6.0, 0.0, 0.0)": 1, "(6.0, 1.0, 0.0)": 0}}}