{"q": {"(3.0, 1.0, 0.0)": [0.0, 0.5517739511745691, 0.57691063015805, 0.5858186925061198, 0.5484162729736215, 0.5503788097164689, 0.5704325208156342, 0.5569443697669847, 0.5656405610387332], "(3.0, 0.0, 0.0)": [0.0, 0.43557847596374727, 0.5134211470410127, 0.503000542016049, 0.5594803692594558, 0.558326875419819, 0.49782560946219295, 0.49649338189819825, 0.5147227465538817], "(4.0, 1.0, 0.0)": [0.0, 1.7303516202991445, 2.0928561070243386, 1.1498598999747018, 2.0775088955698413, 1.9316454354318542, 2.0494163661228058, 1.916995554200301, 2.0522501615441415], "(4.0, 0.0, 0.0)": [0.0, 0.35463641896143705, 0.36697316287843695, 0.36957908227772546, 0.3381040342200232, 0.4562715942450192, 0.3419553923188594, 0.4445953794307804, 0.4239185574959645], "(5.0, 1.0, 0.0)": [0.0, 0.0, 11.694966872193708, 0.0, 0.0, 5.95703125, -2.3326210184312908, 0.0, 0.0], "(0.0, 1.0, 1.0)": [0.0, 2.829575897168663, 0.3761903818159485, 0.3721151463539015, 1.4397159726047966, 1.037324654593918, 0.3666853257422, 0.3694498026255397, 0.36621825859045964], "(5.0, 0.0, 0.0)": [0.0, -8.428572719008947, -0.06275067369327304, -1.512543029274548, -8.998870849609375, -0.8276168118692572, -1.809707698558799, -1.40625, -2.209266083390295], "(0.0, 0.0, 1.0)": [0.0, -0.23048436936886063, -0.43539497974061664, -0.0058031046943314, -0.2998989507143899, -0.02747003335765207, -0.10691537405867385, -1.1063694532980826, -0.009849802096298994], "(1.0, 0.0, 1.0)": [0.0, 0.46682723880436217, 0.10818890035556293, 0.447081019024259, -0.21086096826813105, 0.4828401180464215, -0.008266184531189878, -0.017921837742240907, -1.1573929674429915], "(2.0, 0.0, 0.0)": [0.0, 0.7614436051402849, 0.7480153303254361, 0.5245996698324418, 0.8191962511975455, 0.6194227908933573, 0.5140072160472073, 0.6387842484107229, 0.4438377346224995], "(2.0, 1.0, 0.0)": [0.0, 0.558597009614909, 0.5509663759982469, 0.5579347228113102, 0.5457930435609863, 0.5596953797459078, 0.552803569735773, 0.5067870731353199, 0.5554122109032825], "(1.0, 1.0, 1.0)": [0.0, 0.7013761539542837, 3.6565249349668907, 2.24102096527763, 0.953928821295891, 2.0689796620810172, 1.062849396391695, 0.9496628974906165, 1.9155927687838479], "(6.0, 0.0, 0.0)": [0.0, 0.0, 0.0, 0.0, 0.0, 0.0, 0.0, 0.0, 0.0]}, "stats": {"total_messages": 176419, "total_updates": 142004, "total_reward": -8892.0, "action_counts": [25389, 20162, 18919, 19496, 17465, 21069, 19775, 18255, 15889], "state_visits": {"(3.0, 1.0, 0.0)": 2140, "(3.0, 0.0, 0.0)": 57941, "(4.0, 1.0, 0.0)": 884, "(4.0, 0.0, 0.0)": 26586, "(5.0, 1.0, 0.0)": 8, "(0.0, 1.0, 1.0)": 376, "(5.0, 0.0, 0.0)": 103, "(0.0, 0.0, 1.0)": 13147, "(1.0, 0.0, 1.0)": 11580, "(2.0, 0.0, 0.0)": 28164, "(2.0, 1.0, 0.0)": 667, "(1.0, 1.0, 1.0)": 408, "(6.0, 0.0, 0.0)": 0}}}