{"q": {"(3.0, 1.0, 0.0)": [0.0, 2.288327519781287, 2.2251183725402894, 1.5519817009753196, 2.0695573543351022, 2.228314167315646, 2.2365309139590424, 1.6161247302662933, 2.1789613234755656], "(3.0, 0.0, 0.0)": [0.0, 0.8565024654906785, 0.8833518687875219, 0.8299862880468017, 0.9001154784383079, 0.8826396819887394, 0.865477548705389, 0.8600039831091641, 0.8021506509697881], "(4.0, 1.0, 0.0)": [0.0, 2.8348619460906406, 2.2636139962744597, 3.7989753995345485, 3.3752764884381925, 2.520884154159746, 4.110319980500854, 3.781061834898863, 3.784479394188298], "(4.0, 0.0, 0.0)": [0.0, 0.8051709789674661, 0.82521953299769, 0.8566540899637505, 0.8426107682444159, 0.916420866060214, 0.8076300119045847, 0.8561298821358918, 0.8575862587300578], "(5.0, 1.0, 0.0)": [0.0, 0.0, 13.483954274284496, 0.0, 0.0, 5.375024768888167, -0.21832555922152452, 3.598412644113912, 0.0], "(0.0, 1.0, 1.0)": [0.0, 0.5238277356444393, 1.02638527155107, 0.5545722337857472, 0.5462646839795721, 0.5439586763251649, 0.5256006369797743, 0.5562130825866791, 0.5567073525001245], "(5.0, 0.0, 0.0)": [0.0, -8.976294245227638, 0.26396032423315047, -1.7010277481369402, -9.820876985141659, 0.553627645108471, 0.5392321803498633, -7.171644933407091, 0.1660237790917], "(0.0, 0.0, 1.0)": [0.0, 0.5244498838031887, 0.5215205796723427, 0.5628937632531409, 0.5371889206840094, 0.538876677575179, 0.5344439126416424, 0.5550898569152098, 0.5318439862644837], "(1.0, 0.0, 1.0)": [0.0, 0.7489175370078065, 0.7541662781595355, 0.7587997146705003, 0.7447074116606924, 0.7671883524067749, 0.7455280074052268, 0.8072043513212225, 0.7502347964753764], "(2.0, 0.0, 0.0)": [0.0, 0.7415259231518667, 0.7050732827830066, 0.7485267592421745, 0.7568699162118682, 0.7087051232948371, 0.6980307112148186, 0.7089283153527749, 0.7003924615802264], "(2.0, 1.0, 0.0)": [0.0, 0.8506995805968669, 1.0114512327951648, 1.3909033631229266, 1.3742894732639415, 1.2081006044993063, 1.3831229024778497, 1.4043242036334507, 1.376719040228179], "(1.0, 1.0, 1.0)": [0.0, 1.4744160670883433, 1.5343599638843408, 1.504416612458275, 1.4941925283498216, 1.5410447345379708, 1.5130747171132104, 1.5056738182320546, 1.5071614743859358], "(6.0, 0.0, 0.0)": [0.0, 0.0, 0.0, 0.0, 0.0, 0.0, 0.0, 0.0, 0.0], "(6.0, 1.0, 0.0)": [0.0, 0.0, 0.0, 0.0, 0.0, 0.0, 0.0, 0.0, 0.0]}, "stats": {"total_messages": 841817, "total_updates": 735006, "total_reward": -39277.0, "action_counts": [93041, 101495, 100509, 91976, 96801, 89753, 90029, 89139, 89074], "state_visits": {"(3.0, 1.0, 0.0)": 4731, "(3.0, 0.0, 0.0)": 292333, "(4.0, 1.0, 0.0)": 2323, "(4.0, 0.0, 0.0)": 140155, "(5.0, 1.0, 0.0)": 31, "(0.0, 1.0, 1.0)": 1201, "(5.0, 0.0, 0.0)": 525, "(0.0, 0.0, 1.0)": 46128, "(1.0, 0.0, 1.0)": 74699, "(2.0, 0.0, 0.0)": 168217, "(2.0, 1.0, 0.0)": 2573, "(1.0, 1.0, 1.0)": 2089, "(6.0, 0.0, 0.0)": 1, "(6.0, 1.0, 0.0)": 0}}}