{"q": {"(3.0, 1.0, 0.0)": [0.0, 0.24548534353900697, 0.24435114826101692, 0.24649442619777576, 0.24771395380383987, 0.2494908074898197, 0.24683394390866487, 0.2476455802645376, 0.24650914432056034], "(3.0, 0.0, 0.0)": [0.0, -0.06651197449901669, 0.5078881762880986, 0.4583288682658617, 0.19581665063512274, 0.4840070143359382, 0.48549411653961716, -0.07055043129184171, 0.09449393792335502], "(4.0, 1.0, 0.0)": [0.0, 1.0654588046984053, 1.0650601267547946, 1.0822389389769895, 1.0625377391957376, 1.073338701161247, 1.0773305330984262, 1.066661273459372, 1.0796582960624448], "(4.0, 0.0, 0.0)": [0.0, 0.2616946315970922, -0.1000278676151855, -0.8706761330446096, -0.32106641490537524, 0.20676271055875742, 0.14592950115396633, 0.028385615209448933, -0.1341675277645275], "(5.0, 1.0, 0.0)": [0.0, 0.0, 11.694966872193708, 0.0, 0.0, 5.95703125, -2.3326210184312908, 0.0, 0.0], "(0.0, 1.0, 1.0)": [0.0, 2.1221819228764973, 0.3761903818159485, 0.3721151463539015, 1.4397159726047966, 1.037324654593918, 0.3666853257422, 0.3694498026255397, 0.36621825859045964], "(5.0, 0.0, 0.0)": [0.0, -3.8751398151554435, -6.855792205348262, -0.4785780678564, -5.308236479759216, -4.8405344566764565, -1.3572807739190993, -6.327963992796229, -1.0995244109062416], "(0.0, 0.0, 1.0)": [0.0, -1.6620672633149698, -2.880975794629056, -3.361787125257112, -3.123203183888821, -1.8578229244174376, -2.9515308393356565, -0.14610042332114537, -5.036934051073015], "(1.0, 0.0, 1.0)": [0.0, -1.844305418394459, -2.7929370014831267, -0.25579080845344615, -2.7897764473420024, -0.00022618974854918071, -0.06723399772049138, -1.242483662970659, -0.09502566385260627], "(2.0, 0.0, 0.0)": [0.0, -0.8194077094279597, 0.49902847318209276, 0.5279864469698838, 0.20574612056307096, 0.021143016292781674, 0.23995330608312343, 0.1551208409009604, 0.15759419448045142], "(2.0, 1.0, 0.0)": [0.0, 0.36609156607147686, 0.3643275917299916, 0.34644645441704575, 0.37236611173432066, 0.36834043292096297, 0.36809541250704325, 0.3694442835797074, 0.3673646763867861], "(1.0, 1.0, 1.0)": [0.0, 0.7013761539542837, 2.0493998707440753, 2.0297027537347616, 0.953928821295891, 1.992062021900685, 1.062849396391695, 1.8314526450146873, 1.9155927687838479], "(6.0, 0.0, 0.0)": [0.0, 0.0, 0.0, 0.0, 0.0, 0.0, 0.0, 0.0, 0.0]}, "stats": {"total_messages": 238125, "total_updates": 195003, "total_reward": -12578.0, "action_counts": [33978, 26952, 25936, 26953, 24034, 27318, 26291, 24540, 22123], "state_visits": {"(3.0, 1.0, 0.0)": 2689, "(3.0, 0.0, 0.0)": 82933, "(4.0, 1.0, 0.0)": 1095, "(4.0, 0.0, 0.0)": 37461, "(5.0, 1.0, 0.0)": 8, "(0.0, 1.0, 1.0)": 377, "(5.0, 0.0, 0.0)": 131, "(0.0, 0.0, 1.0)": 13385, "(1.0, 0.0, 1.0)": 12323, "(2.0, 0.0, 0.0)": 43234, "(2.0, 1.0, 0.0)": 920, "(1.0, 1.0, 1.0)": 447, "(6.0, 0.0, 0.0)": 0}}}