{"q": {"(3.0, 1.0, 0.0)": [0.0, 0.23576412393486232, 0.23946412529579658, 0.23673324692034384, 0.23790448123320782, 0.666519125491278, 0.23335765092726563, 0.23783881528606188, 0.23674738220546615], "(3.0, 0.0, 0.0)": [0.0, 0.7155071769994714, 0.7297120079742643, 0.7771941024627713, 0.647684996263708, 0.719570767345323, 0.6849232100156878, 0.7289840934002968, 0.7360180446694726], "(4.0, 1.0, 0.0)": [0.0, 0.9567728906852189, 0.990138524065416, 0.9855640493140351, 0.9692479134501182, 0.8357655381867812, 0.9793606187721381, 0.8691522644176559, 0.7897155105399307], "(4.0, 0.0, 0.0)": [0.0, 0.5638630130470546, 0.47829906496209007, 0.5021625849637863, 0.4699556910441357, 0.47236817316706103, 0.46769944796198665, 0.5186580330705606, 0.4558736678731604], "(5.0, 1.0, 0.0)": [0.0, 0.0, 11.694966872193708, 0.0, 0.0, 5.95703125, -2.3326210184312908, 0.0, 0.0], "(0.0, 1.0, 1.0)": [0.0, 1.3541054303811262, 0.7323523845013985, 0.3721151463539015, 1.4397159726047966, 1.037324654593918, 0.3666853257422, 0.3694498026255397, 0.36621825859045964], "(5.0, 0.0, 0.0)": [0.0, -8.062055957139027, -3.575465502473474, -5.9831501223769195, -4.860883019864559, -3.6304008425073424, -1.3572807739190993, -6.059479745947879, -0.6184824811347609], "(0.0, 0.0, 1.0)": [0.0, -0.025407792112977994, -1.7928845284007333, -1.5826830943659143, -3.2068567673824306, -4.5662953096379, -3.2111405797309223, -3.400500218180479, -2.6956960015325655], "(1.0, 0.0, 1.0)": [0.0, -3.6235503012294026, -1.3356217226558595, -0.0004562813619208949, -3.0685039396009106, -2.397868395077988, -0.1373926278515331, -3.819091136128628, -0.00763001583552461], "(2.0, 0.0, 0.0)": [0.0, -1.1772414108949194, -1.6173892333147786, -1.0520326568129446, 0.16011017982748418, 0.3838992302023135, 0.014199849577172047, 0.17747418396811568, -0.07852626534615448], "(2.0, 1.0, 0.0)": [0.0, 0.3459484501945023, 0.3437886192318903, 0.34644645441704575, 0.3429705833348483, 0.34667906874174703, 0.34644845748832903, 1.0626642295814015, 0.291999029347744], "(1.0, 1.0, 1.0)": [0.0, 0.7013761539542837, 1.690964084393481, 1.6798772112646077, 1.1416381956372337, 1.7144712672995595, 1.2916615880616606, 1.2928114333999978, 1.7159100512060645], "(6.0, 0.0, 0.0)": [0.0, 0.0, 0.0, 0.0, 0.0, 0.0, 0.0, 0.0, 0.0]}, "stats": {"total_messages": 265911, "total_updates": 216003, "total_reward": -16062.0, "action_counts": [40710, 30140, 27962, 30437, 26520, 30700, 28422, 26568, 24452], "state_visits": {"(3.0, 1.0, 0.0)": 2706, "(3.0, 0.0, 0.0)": 94437, "(4.0, 1.0, 0.0)": 1135, "(4.0, 0.0, 0.0)": 42918, "(5.0, 1.0, 0.0)": 8, "(0.0, 1.0, 1.0)": 387, "(5.0, 0.0, 0.0)": 149, "(0.0, 0.0, 1.0)": 13517, "(1.0, 0.0, 1.0)": 12483, "(2.0, 0.0, 0.0)": 46832, "(2.0, 1.0, 0.0)": 945, "(1.0, 1.0, 1.0)": 486, "(6.0, 0.0, 0.0)": 0}}}