{"q": {"(3.0, 1.0, 0.0)": [0.0, -0.22374181108209756, -3.640236926387391, -2.001700756926539, 0.08440530600886106, 0.11236555675140879, -0.23064771371974735, -3.6394469456383507, -7.694420812865079], "(3.0, 0.0, 0.0)": [0.0, -0.6664423634197912, -0.20977804860171922, -0.12447972304943664, -0.5366409696259803, -0.09177207782389914, -0.4868505549838263, -0.019888878432488474, -0.302285014573618], "(4.0, 0.0, 0.0)": [0.0, 0.19124835495526327, 0.2634413932255354, 0.21380928430975984, 0.21850501428737798, 0.1502673992682311, 0.15014405583228319, 0.14981842111657764, 0.2012564728570027], "(4.0, 1.0, 0.0)": [0.0, -0.436288635574073, -0.4744870794529944, -0.0018922912804488073, 0.1857341540104791, -0.1612393796262654, -0.02198188954473558, -0.010120397347170886, 0.1285285712699333], "(5.0, 0.0, 0.0)": [0.0, 0.0, 0.0, 0.0, 0.0, 0.0, 0.0, 0.0, -2.4975], "(0.0, 0.0, 1.0)": [0.0, -2.2271228589396923, -1.0877793473377826, -0.05940781800439143, -2.5668715693335984, -2.1539969705627304, -0.24103313446044922, -0.4865009819898085, -4.442112301743054], "(1.0, 0.0, 1.0)": [0.0, -1.010155486579748, -5.1647595361564145, -2.431383233401938, -0.7317593008522699, -3.072642720480183, -2.8875516655840645, -4.222017107934162, -1.3924119615486406], "(2.0, 0.0, 0.0)": [0.0, -0.30992800759478656, -0.3126616447762513, -0.005747640248424446, -1.718383621399292, -0.17030730912368236, -1.8211794490886688, -0.1710373903006685, -0.3105147170847071], "(2.0, 1.0, 0.0)": [0.0, -2.023019376375729, -0.7838735193516376, 0.058485729960666914, -4.889380226456256, -1.108846182455015, 0.03380523458826857, -3.723938029671949, -0.8120325595888913], "(5.0, 1.0, 0.0)": [0.0, 0.0, 0.0, 0.0, 0.0, 0.0, 0.0, -0.18034062500000014, 0.0], "(0.0, 1.0, 1.0)": [0.0, -1.638881786481429, -0.747506433654398, -4.826366671271877, -1.5366980862210502, -3.3432756799019883, -1.6350223080958375, -1.0272530010296559, -0.7961545525639337], "(1.0, 1.0, 1.0)": [0.0, 0.04971182514270047, -3.6028271617397705, 0.05855732930879791, -4.8663713465855825, -4.654785251101568, -4.66215928056719, 0.0, -4.680416710652244], "(-1.0, 0.0, 1.0)": [0.0, 0.0, 0.0, 0.0, 0.0, 0.0, 0.0, 0.0, 0.0], "(-1.0, 1.0, 1.0)": [0.0, 0.0, 0.0, 0.0, 0.0, 0.0, 0.0, 0.0, 0.0]}, "stats": {"total_messages": 25732, "total_updates": 18978, "total_reward": -1446.2200000001271, "action_counts": [6472, 2434, 1690, 3126, 3446, 3902, 1135, 2018, 1508], "state_visits": {"(3.0, 1.0, 0.0)": 2285, "(3.0, 0.0, 0.0)": 6964, "(4.0, 0.0, 0.0)": 5515, "(4.0, 1.0, 0.0)": 1477, "(5.0, 0.0, 0.0)": 1, "(0.0, 0.0, 1.0)": 117, "(1.0, 0.0, 1.0)": 295, "(2.0, 0.0, 0.0)": 881, "(2.0, 1.0, 0.0)": 475, "(5.0, 1.0, 0.0)": 4, "(0.0, 1.0, 1.0)": 647, "(1.0, 1.0, 1.0)": 317, "(-1.0, 0.0, 1.0)": 0, "(-1.0, 1.0, 1.0)": 0}}}