{"q": {"(3.0, 1.0, 0.0)": [0.0, 2.0184497166121353, 1.6252941549559932, 1.9739686105730394, 1.267315387838254, 1.9453308816767523, 2.0135051085697717, 2.0237202385747035, 2.045476700649024], "(3.0, 0.0, 0.0)": [0.0, 0.4461939940428165, 0.6662878517058152, 0.5507091779706267, 0.5104365506964184, 0.513614991870812, 0.6974297917473836, 0.46433307030687354, 0.5103583777549997], "(4.0, 1.0, 0.0)": [0.0, 4.8601838221968015, 4.779811721582411, 4.733210908609744, 4.431652638017986, 4.758436224839125, 5.012270617836989, 4.714883961077196, 4.8004405414283235], "(4.0, 0.0, 0.0)": [0.0, 0.3735375333694346, 0.4159380694321573, 0.37438780617555223, 0.39047441237452457, 0.38548232379278763, 0.37232455711966056, 0.3717739908690847, 0.40142602611450307], "(5.0, 1.0, 0.0)": [0.0, 0.0, 6.860363154283547, 0.0, 0.0, 5.375024768888167, -0.21832555922152452, 0.0, 0.0], "(0.0, 1.0, 1.0)": [0.0, 0.78435628700752, 0.6482479113277421, 0.7885386076032117, 0.7678896962689488, 0.7896155473485817, 0.7792623051488432, 0.7836081885253386, 0.7645370104735945], "(5.0, 0.0, 0.0)": [0.0, -4.246477330472033, -0.05332642174474839, -3.1486404009402076, -4.373838878851727, -2.298241590028533, -1.7164179694080197, -6.952190123555045, -0.2391847405653427], "(0.0, 0.0, 1.0)": [0.0, -0.7578467773391157, -0.3319084294640182, -0.46479691011634583, -0.2109241783225118, -0.5186360436380082, -1.0106713574095814, -0.10684417236089011, -0.3629233783683723], "(1.0, 0.0, 1.0)": [0.0, 0.26970293727376304, 0.5102621880067708, 0.2821856213711162, 0.283677024161008, 0.2031406397482905, 0.28885025351584176, 0.3176110697636697, 0.5401574143924036], "(2.0, 0.0, 0.0)": [0.0, 0.78588677905754, 0.6088453694660682, 0.5339801893503223, 0.553219159944662, 0.49500412368730506, 0.5298760164160852, 0.3394985554367298, 0.6866813472717525], "(2.0, 1.0, 0.0)": [0.0, 0.6764101928091619, 2.0171357783538544, 0.8829464397007557, 0.6772905911353243, 0.6740892472478113, 0.6772195537316396, 0.668396529772196, 0.8927085459713334], "(1.0, 1.0, 1.0)": [0.0, 0.5524083433941558, 0.5553550969070111, 0.5551876626688949, 0.5570319829905366, 0.5586782501542266, 0.5540900637634835, 0.5490651550048372, 0.549824504552874], "(6.0, 0.0, 0.0)": [0.0, 0.0, 0.0, 0.0, 0.0, 0.0, 0.0, 0.0, 0.0], "(6.0, 1.0, 0.0)": [0.0, 0.0, 0.0, 0.0, 0.0, 0.0, 0.0, 0.0, 0.0]}, "stats": {"total_messages": 618560, "total_updates": 542002, "total_reward": -28845.0, "action_counts": [64617, 74300, 70915, 68397, 72046, 68156, 69906, 64336, 65887], "state_visits": {"(3.0, 1.0, 0.0)": 3729, "(3.0, 0.0, 0.0)": 213842, "(4.0, 1.0, 0.0)": 1964, "(4.0, 0.0, 0.0)": 95638, "(5.0, 1.0, 0.0)": 28, "(0.0, 1.0, 1.0)": 863, "(5.0, 0.0, 0.0)": 348, "(0.0, 0.0, 1.0)": 36001, "(1.0, 0.0, 1.0)": 55458, "(2.0, 0.0, 0.0)": 130786, "(2.0, 1.0, 0.0)": 1846, "(1.0, 1.0, 1.0)": 1499, "(6.0, 0.0, 0.0)": 0, "(6.0, 1.0, 0.0)": 0}}}