{"q": {"(3.0, 1.0, 0.0)": [0.0, 0.6938190260123436, 0.7920872194682798, 0.7911851063333453, 0.701432608988114, 0.7067463321112984, 0.7946588985982972, 0.7240020819559403, 0.6477342893549358], "(3.0, 0.0, 0.0)": [0.0, 0.5939645548422874, 0.5657241586576106, 0.6280196259517936, 0.5813196742059512, 0.6318555646854678, 0.6323213591424582, 0.5817681898947638, 0.6867744526939505], "(4.0, 1.0, 0.0)": [0.0, 1.7970953695643148, 13.105203168942415, 14.191577915368075, 1.6114102590704749, 1.840708463187896, 1.8918405219668215, 9.050701575024428, 1.5114838464940064], "(4.0, 0.0, 0.0)": [0.0, 0.314035502209293, 0.3350594036184579, 0.32094627889218086, 0.32650952305665837, 0.322815425094692, 0.3279507170293305, 0.297954925347431, 0.315595323692915], "(5.0, 1.0, 0.0)": [0.0, 0.0, 11.694966872193708, 0.0, 0.0, 5.95703125, -0.21832555922152452, 0.0, 0.0], "(0.0, 1.0, 1.0)": [0.0, 1.1187954832090274, 0.6536091850020194, 0.3721151463539015, 1.4397159726047966, 1.2336623773885922, 1.0883413693887287, 0.7873011929502967, 0.36621825859045964], "(5.0, 0.0, 0.0)": [0.0, -6.938535008972274, -0.1264033700616258, -1.9445347188035167, -4.074633458288876, -3.561390796261705, -1.0441804182914027, -5.874733249421988, -2.473258144529514], "(0.0, 0.0, 1.0)": [0.0, -1.1994652342533174, -4.501692340819985, -2.4984155229009515, -0.0149396050832136, -0.4299808755086101, -1.8888082989433657, -4.522653706048707, -0.002131837850594011], "(1.0, 0.0, 1.0)": [0.0, -4.4381296061140185, -0.12381660573973766, -1.9057056973779312, -3.255668563635412, -2.07880415450851, -1.8820213740312606, -0.004215032345632956, -4.310131605556552], "(2.0, 0.0, 0.0)": [0.0, 0.4585964881681015, 0.45375703557696373, 0.4345284823710592, 0.47167788243985087, 0.466963043402226, 0.4576779246344693, 0.3247045647519728, 0.4314351288072184], "(2.0, 1.0, 0.0)": [0.0, 0.9448906209243623, 0.977835885430532, 0.9288574597119171, 0.9353081323653546, 0.8228954144108094, 0.9084777674729323, 0.8117815670878797, 0.7914577469301222], "(1.0, 1.0, 1.0)": [0.0, 1.1172733142189881, 1.34614917552509, 1.3364125160931055, 1.3561674775902959, 1.2048027668487786, 1.3380705833334094, 1.410251794432146, 1.4495546342521908], "(6.0, 0.0, 0.0)": [0.0, 0.0, 0.0, 0.0, 0.0, 0.0, 0.0, 0.0, 0.0]}, "stats": {"total_messages": 426221, "total_updates": 361002, "total_reward": -23171.0, "action_counts": [55174, 50306, 47362, 47108, 48168, 48159, 45226, 43011, 41707], "state_visits": {"(3.0, 1.0, 0.0)": 3148, "(3.0, 0.0, 0.0)": 155535, "(4.0, 1.0, 0.0)": 1487, "(4.0, 0.0, 0.0)": 70360, "(5.0, 1.0, 0.0)": 11, "(0.0, 1.0, 1.0)": 415, "(5.0, 0.0, 0.0)": 267, "(0.0, 0.0, 1.0)": 20787, "(1.0, 0.0, 1.0)": 26742, "(2.0, 0.0, 0.0)": 80527, "(2.0, 1.0, 0.0)": 1072, "(1.0, 1.0, 1.0)": 651, "(6.0, 0.0, 0.0)": 0}}}