{"q": {"(3.0, 1.0, 0.0)": [0.0, 0.8495571439428494, 0.8280554728416232, 0.8350327401792146, 0.8205140703750081, 0.8220867860905923, 0.8383589187686696, 0.5790129699735634, 0.8517894815740138], "(3.0, 0.0, 0.0)": [0.0, 0.61729172429201, 0.5712077071424762, 0.5940086976909136, 0.5896870766176017, 0.569417307637156, 0.5842842529105599, 0.5841061635721886, 0.6110179691680834], "(4.0, 1.0, 0.0)": [0.0, 1.7970953695643148, 1.7043477149871185, 1.9261190924741385, 1.7964414250524152, 1.8636014292251255, 1.8918405219668215, 1.3798767276398745, 1.5123854361435534], "(4.0, 0.0, 0.0)": [0.0, 0.5673779641439258, 0.5329830492586072, 0.5554466969124867, 0.557326776824442, 0.6036307680082196, 0.5637767457990652, 0.5567245898124935, 0.5553403065675622], "(5.0, 1.0, 0.0)": [0.0, 0.0, 11.694966872193708, 0.0, 0.0, 5.95703125, -0.21832555922152452, 0.0, 0.0], "(0.0, 1.0, 1.0)": [0.0, 1.3338937947275136, 0.7323523845013985, 0.3721151463539015, 1.4397159726047966, 1.037324654593918, 0.9204443047266668, 0.7873011929502967, 0.36621825859045964], "(5.0, 0.0, 0.0)": [0.0, -9.057715465082161, -5.545740348731498, -0.5989905998674769, -8.949787095221595, -1.9161986374309419, -0.24156681742847258, -6.059479745947879, -5.909897447572939], "(0.0, 0.0, 1.0)": [0.0, 0.3318554524087868, 0.30608870895193663, 0.34632322794518205, 0.32714334461227546, 0.35559036191685967, 0.3258097832435267, 0.327143135064262, 0.31824106202728175], "(1.0, 0.0, 1.0)": [0.0, 0.8311487019194748, 0.8259897415908026, 0.6603991322018807, 0.7616562922741272, 0.7274655519724967, 0.9169259710530286, 0.7748912206242183, 0.7126528559208047], "(2.0, 0.0, 0.0)": [0.0, 0.6949320768167087, 0.6479385008327226, 0.6712199617394935, 0.6731200198635937, 0.6883848426165465, 0.6595808169449916, 0.7042353909352983, 0.688201248755282], "(2.0, 1.0, 0.0)": [0.0, 0.3459484501945023, 0.3437886192318903, 0.34644645441704575, 0.7353225586385406, 0.6489310409668109, 0.6225996097436992, 1.0626642295814015, 0.291999029347744], "(1.0, 1.0, 1.0)": [0.0, 0.7013761539542837, 1.6240019066514992, 1.557550130675345, 1.5259385147973037, 1.2048027668487786, 1.357667930456746, 1.54088351294084, 1.5573694827644482], "(6.0, 0.0, 0.0)": [0.0, 0.0, 0.0, 0.0, 0.0, 0.0, 0.0, 0.0, 0.0]}, "stats": {"total_messages": 342448, "total_updates": 281004, "total_reward": -20079.0, "action_counts": [51698, 39511, 37276, 38564, 35746, 39265, 36261, 33227, 30900], "state_visits": {"(3.0, 1.0, 0.0)": 3013, "(3.0, 0.0, 0.0)": 128060, "(4.0, 1.0, 0.0)": 1402, "(4.0, 0.0, 0.0)": 58949, "(5.0, 1.0, 0.0)": 11, "(0.0, 1.0, 1.0)": 396, "(5.0, 0.0, 0.0)": 201, "(0.0, 0.0, 1.0)": 15014, "(1.0, 0.0, 1.0)": 15939, "(2.0, 0.0, 0.0)": 56514, "(2.0, 1.0, 0.0)": 952, "(1.0, 1.0, 1.0)": 553, "(6.0, 0.0, 0.0)": 0}}}