{"q": {"(3.0, 1.0, 0.0)": [0.0, 0.32880202311304285, 0.5603874170121788, 0.3660035362261143, 0.9654858791998429, 0.33431403186421293, 0.752338907892835, 0.22341521922491084, 0.2001519917021526], "(3.0, 0.0, 0.0)": [0.0, 0.6160848328359493, 0.6254344762292288, 0.5738561654352445, 0.5753997181308907, 0.5753997234502658, 0.5753997185525601, 0.5753997181308907, 0.5753997181302968], "(4.0, 1.0, 0.0)": [0.0, 1.7303516202991445, 2.9505031521778258, 1.1498598999747018, 1.8605200512565567, 1.9316454354318542, 1.1380563011750509, 1.2967431741310687, 1.923187034148428], "(4.0, 0.0, 0.0)": [0.0, 0.9481723502876884, 0.9871286175333124, 0.83767248060614, 0.9475909021367177, 0.9454980330603867, 0.9330201935845006, 0.9325131269847914, 0.8990344712970031], "(5.0, 1.0, 0.0)": [0.0, 0.0, 11.694966872193708, 0.0, 0.0, 5.95703125, -2.3326210184312908, 0.0, 0.0], "(0.0, 1.0, 1.0)": [0.0, 0.0, 0.4476686740885799, 0.48120209381844536, 0.44183332642726786, 0.42950311790053447, 0.4078597024651728, 0.42379323855840156, 0.4316504832865826], "(5.0, 0.0, 0.0)": [0.0, -5.826755336706924, -0.626798986612154, 0.47788773155464137, -6.8359375, -1.961758368875276, -4.289677507694931, -2.5, 0.2542028225289001], "(0.0, 0.0, 1.0)": [0.0, 0.664257624525466, 0.6444971405212065, 0.6112297519899208, 0.6111106241263704, 0.6258881980421729, -1.4123080019774457, -3.7548264589264493, -2.4810754231505228], "(1.0, 0.0, 1.0)": [0.0, 0.5692530778742529, 0.5576276680119865, 0.5237129552519717, 0.5253528921565419, 0.540185808651733, 0.5428098279133602, 0.5379736499518475, 0.5353511499445364], "(2.0, 0.0, 0.0)": [0.0, 0.5882632521715923, 0.5435235083533319, 0.5411750671947654, 0.5412021919978651, 0.5431226893329708, 0.5412021922622483, 0.541202366157093, 0.5412022657810408], "(2.0, 1.0, 0.0)": [0.0, 0.20310500910587143, 0.22629889180718213, 0.18835818260502218, 0.25483228205065567, 0.41264092440950856, 0.1474065188846589, 0.11471159201710862, 0.2335136167037469], "(1.0, 1.0, 1.0)": [0.0, 0.5408378702920467, 1.0708186735576628, 0.8566649795894776, 1.0249031072627968, 1.0775917464157896, 1.1411353708762488, 0.6434685001106955, 0.9474503442544107], "(6.0, 0.0, 0.0)": [0.0, 0.0, 0.0, 0.0, 0.0, 0.0, 0.0, 0.0, 0.0]}, "stats": {"total_messages": 95535, "total_updates": 68005, "total_reward": -5764.0, "action_counts": [19135, 7135, 10135, 9235, 8868, 11687, 9348, 10794, 9198], "state_visits": {"(3.0, 1.0, 0.0)": 1633, "(3.0, 0.0, 0.0)": 31490, "(4.0, 1.0, 0.0)": 858, "(4.0, 0.0, 0.0)": 17819, "(5.0, 1.0, 0.0)": 8, "(0.0, 1.0, 1.0)": 174, "(5.0, 0.0, 0.0)": 76, "(0.0, 0.0, 1.0)": 6513, "(1.0, 0.0, 1.0)": 3785, "(2.0, 0.0, 0.0)": 5014, "(2.0, 1.0, 0.0)": 358, "(1.0, 1.0, 1.0)": 277, "(6.0, 0.0, 0.0)": 0}}}