{"q": {"(3.0, 1.0, 0.0)": [0.0, 0.21353527589056828, 0.21371375181100155, 0.21637597111566143, 0.2143009145074679, 0.21417903343310923, 0.21460015115303535, 0.21662363597625342, 0.21264790209448273], "(3.0, 0.0, 0.0)": [0.0, 0.1256589005191725, 0.12015085877153146, 0.12317186708181652, 0.12520516932507653, 0.11747521258169247, 0.12460914081252421, 0.10644752048988443, 0.1212226767566896], "(4.0, 1.0, 0.0)": [0.0, 0.12470201276664068, 0.12487294714191013, 0.12651820161935454, 0.12713033808801566, 0.12703186983780684, 0.1259615125447079, 0.12719242357020094, 0.12521940700863593], "(4.0, 0.0, 0.0)": [0.0, 0.07842850083400388, 0.07782518245729922, 0.06823957706269143, 0.07057617721692483, 0.07523720596356823, 0.07785536967553505, 0.3091447343618231, 0.07836095768098864], "(5.0, 1.0, 0.0)": [0.0, 0.0, 7.659254712131338, 0.0, 0.0, 5.375024768888167, -0.21832555922152452, 3.598412644113912, 0.0], "(0.0, 1.0, 1.0)": [0.0, 0.6550840161841065, 0.5830265087516049, 0.8363576489346921, 0.6595540912479643, 0.8394474613539715, 0.5944943753347675, 0.6607679256682887, 0.8324765895754758], "(5.0, 0.0, 0.0)": [0.0, -7.176093101029058, -2.302029756825137, -1.7010277481369402, -7.365657738856244, -0.8272283752939313, -2.0955758647376026, -3.6885495062602778, -2.375482165681225], "(0.0, 0.0, 1.0)": [0.0, -3.488702388052623, -0.05371085625376604, -2.610004158205134, -1.4791438435961612, -0.6375397075336509, -0.8768614974325281, -1.8982261904459867, 0.16962037786587839], "(1.0, 0.0, 1.0)": [0.0, -1.4897744104651351, -2.359156403509982, -0.7240328433032078, -0.007658807880345122, -0.8017756517432495, -0.04947597801108887, -0.9819389681747066, -0.3414314832133306], "(2.0, 0.0, 0.0)": [0.0, -0.0017917039387446367, -1.0226689887999536, -2.01182568578907, -1.984719066762585, -1.4255323484088969, -3.5164918083896657, -0.013665800536212825, -0.0250998248307664], "(2.0, 1.0, 0.0)": [0.0, 0.15574360483112787, 0.15917613515893542, 0.15742114203513968, 0.20503390242680447, 0.22534861633058303, 0.32264811314071, 0.20680080528544903, 0.1528669833579936], "(1.0, 1.0, 1.0)": [0.0, 0.45285629922350684, 0.4608994627529775, 0.4610682833521814, 0.4589110659281985, 0.4534005819324244, 0.45400267188980986, 0.45348037124086016, 0.4368240706671329], "(6.0, 0.0, 0.0)": [0.0, 0.0, 0.0, 0.0, 0.0, 0.0, 0.0, 0.0, 0.0], "(6.0, 1.0, 0.0)": [0.0, 0.0, 0.0, 0.0, 0.0, 0.0, 0.0, 0.0, 0.0]}, "stats": {"total_messages": 897480, "total_updates": 779000, "total_reward": -42154.0, "action_counts": [104474, 107431, 106795, 96646, 102742, 96079, 94946, 94352, 94015], "state_visits": {"(3.0, 1.0, 0.0)": 7224, "(3.0, 0.0, 0.0)": 307250, "(4.0, 1.0, 0.0)": 4032, "(4.0, 0.0, 0.0)": 150521, "(5.0, 1.0, 0.0)": 35, "(0.0, 1.0, 1.0)": 1602, "(5.0, 0.0, 0.0)": 539, "(0.0, 0.0, 1.0)": 46643, "(1.0, 0.0, 1.0)": 78019, "(2.0, 0.0, 0.0)": 176869, "(2.0, 1.0, 0.0)": 3534, "(1.0, 1.0, 1.0)": 2731, "(6.0, 0.0, 0.0)": 1, "(6.0, 1.0, 0.0)": 0}}}