{"q": {"(3.0, 1.0, 0.0)": [0.0, 0.0, 0.0017753725111827995, 0.0010289482548861849, 0.001161547784474488, 0.0, 0.0024025372899966384, 0.0, 0.0026997129590928676], "(3.0, 0.0, 0.0)": [0.0, 0.008668666373988141, 0.00844034088615981, 0.008689233902442153, 0.008379823761727075, 0.008338549059001058, 0.008743863738912339, 0.008808187607096212, 0.008825525026694236], "(4.0, 1.0, 0.0)": [0.0, 0.04421878738245599, 0.0222481242987714, 0.025115217762636116, 0.050935936899680005, 0.06411941765180755, 0.06976904068553953, 0.08922157162134378, 0.02893039865871381], "(4.0, 0.0, 0.0)": [0.0, 0.0, 0.0, 0.0, 0.0, 0.0, 0.0, 0.0, 0.0], "(5.0, 1.0, 0.0)": [0.0, 0.0, 0.0, 0.0, 0.0, 0.0, 0.0, 0.0, 0.0], "(0.0, 1.0, 1.0)": [0.0, 0.0, 0.0, 0.0, 0.0, 0.0, 0.0, 0.0, 0.0], "(5.0, 0.0, 0.0)": [0.0, 0.0, 0.0, 0.0, 0.0, 0.0, 0.0, 0.0, 0.0], "(0.0, 0.0, 1.0)": [0.0, 0.0, 0.0050337931855022515, 0.0031459592161938543, 0.011874293574481406, 0.006950882265804219, 0.3301091710002105, -1.6885041447502944, 0.011699731063963187], "(1.0, 0.0, 1.0)": [0.0, 0.22552316648944642, 0.5314288441082675, 0.07552271958806667, 0.056350000000000004, 0.09058221565130559, 0.09243083229725059, 0.08415513859547813, 0.11530650661831995], "(2.0, 0.0, 0.0)": [0.0, -0.59326171875, 0.1490725477551922, -1.845703125, 0.0, 0.0, 0.0, 0.0, -0.01773800827245272], "(2.0, 1.0, 0.0)": [0.0, 0.0, 0.0, 0.0, 0.0, 0.03956630149918611, 0.0, 0.01232145957936443, 0.039409760858871185], "(1.0, 1.0, 1.0)": [0.0, 0.0, 0.0, 0.0, 0.0, 0.0, 0.0, 0.0, 0.0]}, "stats": {"total_messages": 6438, "total_updates": 4003, "total_reward": -35.0, "action_counts": [2409, 258, 619, 792, 559, 446, 368, 405, 582], "state_visits": {"(3.0, 1.0, 0.0)": 98, "(3.0, 0.0, 0.0)": 3293, "(4.0, 1.0, 0.0)": 63, "(4.0, 0.0, 0.0)": 35, "(5.0, 1.0, 0.0)": 1, "(0.0, 1.0, 1.0)": 10, "(5.0, 0.0, 0.0)": 0, "(0.0, 0.0, 1.0)": 204, "(1.0, 0.0, 1.0)": 103, "(2.0, 0.0, 0.0)": 89, "(2.0, 1.0, 0.0)": 95, "(1.0, 1.0, 1.0)": 12}}}