{"q": {"(3.0, 1.0, 0.0)": [0.0, 1.4445271846658336, 1.2511195049383348, 1.0992933607058337, 1.0355898605060345, 1.4781672826937602, 1.2034509250953225, 0.8914900582638922, 1.137682798136928], "(3.0, 0.0, 0.0)": [0.0, 1.2785265692043435, 1.110172092583838, 1.2858269816692323, 1.397564618096112, 1.203751665189146, 1.2931309516159257, 1.019548717784491, 1.0784457128296614], "(4.0, 1.0, 0.0)": [0.0, 2.8348619460906406, 8.058143417833866, 3.4247007507686376, 2.772017152484081, 0.9358857921596604, 2.7936540071057623, 2.809883033699148, 3.3982431132392006], "(4.0, 0.0, 0.0)": [0.0, 1.5133127021895165, 1.5232875053776695, 1.5522353173927317, 0.956113389638929, 1.6449051117250932, 1.5661454118757625, 1.5495067526853934, 1.5133427113221567], "(5.0, 1.0, 0.0)": [0.0, 0.0, 13.483954274284496, 0.0, 0.0, 5.375024768888167, -0.21832555922152452, 3.598412644113912, 0.0], "(0.0, 1.0, 1.0)": [0.0, 0.6418131152556622, 0.47281832296761817, 0.6411920390630532, 0.6424516567012555, 0.6391759798946359, 0.6406368367687647, 0.6245261208383119, 0.6267216402397748], "(5.0, 0.0, 0.0)": [0.0, -9.965207415713902, -2.6420506766542102, -3.0240493300212274, -9.820876985141659, -0.595946779440591, -2.596657528567862, -9.449672245557334, -3.3238197450859706], "(0.0, 0.0, 1.0)": [0.0, -5.823438630675021, -4.833717341706991e-11, -1.049329443237193e-06, -0.0014921643210013351, -0.6744978478533679, -0.007445998965710572, -0.07876735252456928, -2.2601725530434], "(1.0, 0.0, 1.0)": [0.0, 0.4563406580889859, 0.5328536409398712, 0.5548495374401676, 0.550631808504093, -1.0930217713801427, -3.7493078448623343, 0.5142190952789677, 0.5589337991718754], "(2.0, 0.0, 0.0)": [0.0, 0.8685434422090793, 0.8992209241225757, 0.9648030652120205, 0.8326562069414785, 0.8666905273248457, 0.9764187740534551, 0.9762344677073749, 0.7875890949067141], "(2.0, 1.0, 0.0)": [0.0, 0.6628819889529787, 0.6680966697279346, 0.6494469410197674, 0.5190436585096226, 0.7690922351491825, 0.70533669879776, 0.8325314645631864, 0.5647278967745059], "(1.0, 1.0, 1.0)": [0.0, 0.40007952616152165, 0.4049860612090339, 2.054815807638163, 0.39680870735379625, 0.40101673173227614, 0.4006907236062523, 0.40287215539515375, 0.3987270569557629], "(6.0, 0.0, 0.0)": [0.0, 0.0, 0.0, 0.0, 0.0, 0.0, 0.0, 0.0, 0.0], "(6.0, 1.0, 0.0)": [0.0, 0.0, 0.0, 0.0, 0.0, 0.0, 0.0, 0.0, 0.0]}, "stats": {"total_messages": 751677, "total_updates": 649002, "total_reward": -37751.0, "action_counts": [90108, 89206, 88344, 81620, 83529, 80802, 81123, 77996, 78949], "state_visits": {"(3.0, 1.0, 0.0)": 4235, "(3.0, 0.0, 0.0)": 264353, "(4.0, 1.0, 0.0)": 2172, "(4.0, 0.0, 0.0)": 128068, "(5.0, 1.0, 0.0)": 31, "(0.0, 1.0, 1.0)": 944, "(5.0, 0.0, 0.0)": 475, "(0.0, 0.0, 1.0)": 37234, "(1.0, 0.0, 1.0)": 61237, "(2.0, 0.0, 0.0)": 146522, "(2.0, 1.0, 0.0)": 2013, "(1.0, 1.0, 1.0)": 1717, "(6.0, 0.0, 0.0)": 1, "(6.0, 1.0, 0.0)": 0}}}