{"q": {"(3.0, 1.0, 0.0)": [0.0, 0.6938190260123436, 0.7697275909113297, 0.7911851063333453, 0.8449868472021657, 0.7986358719398224, 0.7669212664553823, 0.7859662122376708, 0.7457419524195678], "(3.0, 0.0, 0.0)": [0.0, 0.39681546579943316, 0.3956665361666327, 0.42562779389775635, 0.3923205980089413, 0.4011458202149535, 0.391577570385936, 0.39160665989881227, 0.4021528662368059], "(4.0, 1.0, 0.0)": [0.0, 4.611884447707894, 13.105203168942415, 12.30193990821007, 1.6114102590704749, 1.840708463187896, 1.8918405219668215, 9.050701575024428, 8.185802751476054], "(4.0, 0.0, 0.0)": [0.0, 0.4752216023645684, 0.46513619432140024, 0.4740427408667694, 0.473682644715737, 0.4651364139554218, 0.4664566887431914, 0.5055828199142409, 0.4652963278412108], "(5.0, 1.0, 0.0)": [0.0, 0.0, 11.694966872193708, 0.0, 0.0, 5.95703125, -0.21832555922152452, 0.0, 0.0], "(0.0, 1.0, 1.0)": [0.0, 1.1187954832090274, 0.6536091850020194, 0.3721151463539015, 1.4397159726047966, 1.2336623773885922, 1.0883413693887287, 0.7873011929502967, 0.36621825859045964], "(5.0, 0.0, 0.0)": [0.0, -8.813625216732822, -0.1264033700616258, -3.62413060539327, -7.7757135624030695, -0.7597316963181115, 0.16518540481769733, -8.904658158106116, -1.8549436083971356], "(0.0, 0.0, 1.0)": [0.0, 0.6362596836689307, 0.5897014531020692, 0.4890955770341089, 0.54973496239121, 0.6084759782204913, 0.5953706190788746, 0.6145990411022013, 0.5799840370460838], "(1.0, 0.0, 1.0)": [0.0, 0.6095962571139981, 0.6080408684824344, 0.6283869428129986, 0.660950000027104, 0.6080740000249553, 0.6080740000249356, 0.6080740000249358, 0.6085312784824155], "(2.0, 0.0, 0.0)": [0.0, 0.47199187946722543, 0.45546094067982046, 0.4739632315541052, 0.4352152878531565, 0.4532273972505979, 0.45213706706983414, 0.43728582083409606, 0.45213744865969574], "(2.0, 1.0, 0.0)": [0.0, 1.0516005956150534, 0.8477123645256748, 0.8582037988478128, 0.8984537288082882, 0.8228954144108094, 0.9084777674729323, 0.9667601268347984, 0.8653892775611545], "(1.0, 1.0, 1.0)": [0.0, 1.1172733142189881, 1.34614917552509, 1.3364125160931055, 1.3561674775902959, 1.2048027668487786, 1.3350078647055035, 1.410251794432146, 1.4495546342521908], "(6.0, 0.0, 0.0)": [0.0, 0.0, 0.0, 0.0, 0.0, 0.0, 0.0, 0.0, 0.0]}, "stats": {"total_messages": 512367, "total_updates": 442002, "total_reward": -26124.0, "action_counts": [59171, 60232, 58230, 56774, 60290, 56710, 56955, 52107, 51898], "state_visits": {"(3.0, 1.0, 0.0)": 3246, "(3.0, 0.0, 0.0)": 183644, "(4.0, 1.0, 0.0)": 1500, "(4.0, 0.0, 0.0)": 82094, "(5.0, 1.0, 0.0)": 11, "(0.0, 1.0, 1.0)": 415, "(5.0, 0.0, 0.0)": 311, "(0.0, 0.0, 1.0)": 27585, "(1.0, 0.0, 1.0)": 39005, "(2.0, 0.0, 0.0)": 102441, "(2.0, 1.0, 0.0)": 1095, "(1.0, 1.0, 1.0)": 655, "(6.0, 0.0, 0.0)": 0}}}