{"q": {"(3.0, 1.0, 0.0)": [0.0, 0.6493113627584792, 0.642255243247116, 0.6465423772344544, 0.6476249317214332, 0.6392417228139947, 0.6508272832725669, 0.6535420092189431, 0.6423317400885167], "(3.0, 0.0, 0.0)": [0.0, 1.0593955866341231, 0.7415904205446737, 0.8883845419458193, 1.1495819133320015, 0.8251102299189441, 0.6686605993100314, 0.754941624016673, 0.8324585268682668], "(4.0, 1.0, 0.0)": [0.0, 1.7303516202991445, 2.561407122330504, 1.1498598999747018, 1.8605200512565567, 1.9316454354318542, 2.0494163661228058, 1.916995554200301, 2.094132817902185], "(4.0, 0.0, 0.0)": [0.0, 1.0240060259806172, 0.6640876536375722, 1.0592581936705772, 0.7144634454782446, 1.0831980679051283, 1.0222127712905156, 1.04625429319458, 0.7615847200245349], "(5.0, 1.0, 0.0)": [0.0, 0.0, 11.694966872193708, 0.0, 0.0, 5.95703125, -2.3326210184312908, 0.0, 0.0], "(0.0, 1.0, 1.0)": [0.0, 0.3848764200394482, 0.3761903818159485, 0.3858415914895625, 0.378756418261474, 0.3824697495745789, 0.3800633615081554, 0.3829683812563083, 0.3874833852427052], "(5.0, 0.0, 0.0)": [0.0, -8.428572719008947, -0.626798986612154, 0.47788773155464137, -6.8359375, -1.961758368875276, -4.289677507694931, -2.5, 0.2542028225289001], "(0.0, 0.0, 1.0)": [0.0, 0.48287010894314286, 0.5275173237308339, 0.43130855570117677, 0.4055745394891621, 0.5337049920346227, 0.5270993661345786, 0.46448314013767783, 0.4564303687564422], "(1.0, 0.0, 1.0)": [0.0, 0.5400351206443953, 0.4379578382853079, 0.5299115099623369, 0.5312506938016314, 0.43259110618708785, 0.5698357894940693, 0.45285698984780515, 0.45656733190785537], "(2.0, 0.0, 0.0)": [0.0, 0.5619290975065003, 0.5664783374944987, 0.5755604610492784, 0.5427492468894162, 0.5984786681624077, 0.5920212670900864, 0.5930261179767781, 0.608186767547915], "(2.0, 1.0, 0.0)": [0.0, 0.6625613974016412, 0.6325474038523897, 0.6687159351115874, 0.6682633971563864, 0.6534610662294849, 0.6154996061585591, 0.46441896495195045, 0.6461981838206379], "(1.0, 1.0, 1.0)": [0.0, 0.7635282888169664, 1.062928690211949, 0.9819327512373648, 0.953928821295891, 1.051927931404442, 1.062849396391695, 0.9496628974906165, 1.042246208541727], "(6.0, 0.0, 0.0)": [0.0, 0.0, 0.0, 0.0, 0.0, 0.0, 0.0, 0.0, 0.0]}, "stats": {"total_messages": 141533, "total_updates": 113005, "total_reward": -6682.0, "action_counts": [19542, 15520, 14922, 15879, 14090, 16747, 16284, 15403, 13146], "state_visits": {"(3.0, 1.0, 0.0)": 2060, "(3.0, 0.0, 0.0)": 46073, "(4.0, 1.0, 0.0)": 871, "(4.0, 0.0, 0.0)": 20865, "(5.0, 1.0, 0.0)": 8, "(0.0, 1.0, 1.0)": 345, "(5.0, 0.0, 0.0)": 80, "(0.0, 0.0, 1.0)": 12834, "(1.0, 0.0, 1.0)": 9410, "(2.0, 0.0, 0.0)": 19490, "(2.0, 1.0, 0.0)": 597, "(1.0, 1.0, 1.0)": 372, "(6.0, 0.0, 0.0)": 0}}}