{"q": {"(3.0, 1.0, 0.0)": [0.0, 2.5976147688612636, 1.2961102499720234, 2.1734039755864423, 1.267315387838254, 1.8931898978745028, 2.3106440902766776, 2.5184640011298094, 2.5731716260766024], "(3.0, 0.0, 0.0)": [0.0, 0.8584188033547331, 0.7339626056853072, 0.6931549412830587, 0.6842071138900229, 0.7599510855220877, 0.8299117803421641, 0.9020490275891562, 0.6669368245078006], "(4.0, 1.0, 0.0)": [0.0, 4.944572834217828, 6.2261221735107135, 6.307312035609873, 4.348094160654837, 6.209524305131595, 6.321118325479234, 6.317257372225765, 6.289708908512499], "(4.0, 0.0, 0.0)": [0.0, 0.3653340743300018, 0.21857666976149417, 0.3382934139783633, 0.2647989515559723, 0.30214950815049996, 0.2687132757336269, 0.2872906434687303, 0.3944044825836101], "(5.0, 1.0, 0.0)": [0.0, 0.0, 6.860363154283547, 0.0, 0.0, 6.899177905442476, -0.21832555922152452, 0.0, 0.0], "(0.0, 1.0, 1.0)": [0.0, 0.8663078794775971, 0.6482479113277421, 0.8723536513317798, 0.8647927597997193, 0.8667777334116863, 0.773813293859877, 0.8652264624402737, 0.7645370104735945], "(5.0, 0.0, 0.0)": [0.0, -5.661969773962711, -0.09480252754621935, -1.1531384905603688, -5.831785171802302, -3.064322120038044, -1.7164179694080197, -6.952190123555045, -0.31891298742045693], "(0.0, 0.0, 1.0)": [0.0, -3.193560082284998, -0.030023329396970017, -1.468987765305982, -3.335894585259555, -3.885383145388718, -1.23416993134382, -0.45024046295288683, -2.582981473894823], "(1.0, 0.0, 1.0)": [0.0, -0.1868828242018835, -0.10139613469628769, -0.6664423828850963, -0.7368922374126028, -0.23658192409014142, -0.3649843050026844, -1.0782578884146636, -0.143156123166665], "(2.0, 0.0, 0.0)": [0.0, 0.5301153071846251, 0.21894823008506675, 0.3534992967363597, 0.5542458984212707, 0.23084118933527947, 0.5255151263697087, 0.5580171326202711, 0.020082788148045067], "(2.0, 1.0, 0.0)": [0.0, 0.6764101928091619, 1.6514716232156652, 0.7162434812134147, 0.6772905911353243, 0.6740892472478113, 0.6772195537316396, 0.668396529772196, 0.8927085459713334], "(1.0, 1.0, 1.0)": [0.0, 0.5751856969951644, 0.5690524202619207, 0.5665180231315253, 1.1456682673999095, 0.5700798470961496, 0.5769367594371965, 0.5717046595219046, 0.5610454128090551], "(6.0, 0.0, 0.0)": [0.0, 0.0, 0.0, 0.0, 0.0, 0.0, 0.0, 0.0, 0.0], "(6.0, 1.0, 0.0)": [0.0, 0.0, 0.0, 0.0, 0.0, 0.0, 0.0, 0.0, 0.0]}, "stats": {"total_messages": 603459, "total_updates": 528004, "total_reward": -28610.0, "action_counts": [63588, 72694, 69114, 66800, 69692, 66394, 68039, 62958, 64180], "state_visits": {"(3.0, 1.0, 0.0)": 3677, "(3.0, 0.0, 0.0)": 208850, "(4.0, 1.0, 0.0)": 1877, "(4.0, 0.0, 0.0)": 92407, "(5.0, 1.0, 0.0)": 27, "(0.0, 1.0, 1.0)": 836, "(5.0, 0.0, 0.0)": 340, "(0.0, 0.0, 1.0)": 35953, "(1.0, 0.0, 1.0)": 53575, "(2.0, 0.0, 0.0)": 127185, "(2.0, 1.0, 0.0)": 1817, "(1.0, 1.0, 1.0)": 1460, "(6.0, 0.0, 0.0)": 0, "(6.0, 1.0, 0.0)": 0}}}