{"q": {"(3.0, 0.0, 0.0)": [0.0, 0.13197613640408162, 0.13627016485668172, 0.13635359829262375, 0.13646373228480002, 0.13662860685492584, 0.12150624423076326, 0.12367785642800874, 0.13655676282249138], "(4.0, 0.0, 0.0)": [0.0, 0.09665706332431118, 0.1011538615686203, 0.10274934742086259, 0.07056879833745441, 0.011155617672489225, 0.07554719274359914, 0.10832407743472457, 0.07062155691988868], "(4.0, 1.0, 0.0)": [0.0, 0.0, 0.0, 0.0, 0.0, 0.0, 0.0, 0.0, 0.0], "(3.0, 1.0, 0.0)": [0.0, 0.0, 0.0, 0.0, 0.0390250477862821, 0.0, 0.0047319154, 0.0, 0.0], "(2.0, 0.0, 0.0)": [0.0, 0.0, 0.021897786378995424, 0.0036385000000000002, 0.03159337941030402, 0.0, 0.08669485961154162, 0.0, 0.0], "(2.0, 1.0, 0.0)": [0.0, 0.02888521685288065, 0.04942115264963493, 0.05920255074595186, 0.07303887477467622, 0.05471933516406159, 0.028686183023577755, 0.04755191180712657, 0.023577490285329746], "(5.0, 1.0, 0.0)": [0.0, 0.0, 0.0, 0.0, 0.0, 0.0, 0.0, 0.0, 0.0], "(0.0, 1.0, 1.0)": [0.0, 0.0, 0.0, 0.0, 0.0, 0.0, 0.0, 0.0, 0.0]}, "stats": {"total_messages": 2728, "total_updates": 2586, "total_reward": 29.860000000001776, "action_counts": [147, 147, 223, 238, 846, 965, 106, 24, 32], "state_visits": {"(3.0, 0.0, 0.0)": 1714, "(4.0, 0.0, 0.0)": 577, "(4.0, 1.0, 0.0)": 0, "(3.0, 1.0, 0.0)": 21, "(2.0, 0.0, 0.0)": 42, "(2.0, 1.0, 0.0)": 232, "(5.0, 1.0, 0.0)": 0, "(0.0, 1.0, 1.0)": 0}}}