{"q": {"(3.0, 1.0, 0.0)": [0.0, 1.2679829876990532, 1.278191696160654, 1.1462448564684133, 1.2851139928509983, 1.098934289294864, 1.153038355974079, 1.265173917540249, 1.1439867222862343], "(3.0, 0.0, 0.0)": [0.0, 0.3856494745826121, 0.4472614805556546, 0.37306527379692717, 0.48619855861637595, 0.4276225040731293, 0.41354221989701606, 0.4064082347454689, 0.17049185416961105], "(4.0, 1.0, 0.0)": [0.0, 4.50008787109601, 4.438456075508544, 4.454860241496222, 4.431652638017986, 4.478602107328786, 4.458400650066515, 4.447231411741069, 4.427773509386647], "(4.0, 0.0, 0.0)": [0.0, 0.35101736068038536, 0.3323072597126616, 0.3600196858238229, 0.34823824147100446, 0.32890890468289397, 0.3235139147662123, 0.32372329431899566, 0.025606905897689256], "(5.0, 1.0, 0.0)": [0.0, 0.0, 6.860363154283547, 0.0, 0.0, 5.375024768888167, -0.21832555922152452, 0.0, 0.0], "(0.0, 1.0, 1.0)": [0.0, 0.6418131152556622, 0.6432902353300927, 0.6411920390630532, 0.6424516567012555, 0.6522203876475877, 0.6406368367687647, 0.6483936962073341, 0.649783796070868], "(5.0, 0.0, 0.0)": [0.0, -4.246477330472033, -0.05332642174474839, -3.1486404009402076, -3.280379159138795, -1.7236811925213997, -1.7164179694080197, -5.214142592666284, -0.2391847405653427], "(0.0, 0.0, 1.0)": [0.0, -1.078693321299307, -2.951675344154065, -0.11029848550612503, -1.636877881818548, -3.8880081991321527, -1.6517238964466694, -1.0838074577422352, -2.8401762666855426], "(1.0, 0.0, 1.0)": [0.0, -0.16892956880530394, 0.059541317446352486, 0.005765244540497191, -0.00040658545208222484, 0.013979298746561532, 0.02156356671921171, -0.06118142672413143, 0.056181065253137825], "(2.0, 0.0, 0.0)": [0.0, -0.2940907749292572, 0.11367789236768194, 0.04884589608488642, 0.2150051509705286, 0.0590325871331709, 0.027223701989964478, -0.026680580358583908, 0.2316154518100425], "(2.0, 1.0, 0.0)": [0.0, 0.6628819889529787, 0.6680966697279346, 0.6494469410197674, 0.5190436585096226, 0.6563630279073601, 0.6636751626570068, 1.0396228718747575, 0.5647278967745059], "(1.0, 1.0, 1.0)": [0.0, 0.4608544626780602, 0.453221898740039, 0.5729713879206959, 0.45494486088592273, 0.4591909247798114, 0.40814250098836874, 0.45661055471830647, 0.4568421116366183], "(6.0, 0.0, 0.0)": [0.0, 0.0, 0.0, 0.0, 0.0, 0.0, 0.0, 0.0, 0.0], "(6.0, 1.0, 0.0)": [0.0, 0.0, 0.0, 0.0, 0.0, 0.0, 0.0, 0.0, 0.0]}, "stats": {"total_messages": 637309, "total_updates": 557003, "total_reward": -30082.0, "action_counts": [68303, 75937, 73424, 70286, 74044, 69347, 71459, 66694, 67815], "state_visits": {"(3.0, 1.0, 0.0)": 3902, "(3.0, 0.0, 0.0)": 221023, "(4.0, 1.0, 0.0)": 1992, "(4.0, 0.0, 0.0)": 98675, "(5.0, 1.0, 0.0)": 28, "(0.0, 1.0, 1.0)": 937, "(5.0, 0.0, 0.0)": 351, "(0.0, 0.0, 1.0)": 36104, "(1.0, 0.0, 1.0)": 56217, "(2.0, 0.0, 0.0)": 134128, "(2.0, 1.0, 0.0)": 1993, "(1.0, 1.0, 1.0)": 1653, "(6.0, 0.0, 0.0)": 0, "(6.0, 1.0, 0.0)": 0}}}