{"q": {"(3.0, 1.0, 0.0)": [0.0, 1.0623541774393046, 1.0758954933755804, 1.2894426665242147, 1.074018477484967, 1.2776245883270316, 1.06642894243195, 1.1741413128672153, 0.9704145457697942], "(3.0, 0.0, 0.0)": [0.0, 0.5089486365357154, 0.5305803247747934, 0.5140935615909938, 0.54207294619803, 0.5420844468623878, 0.46822053162862953, 0.5214388231643309, 0.5150243129312276], "(4.0, 1.0, 0.0)": [0.0, 4.24030779815971, 4.281545322242916, 4.241277033809055, 4.183661505959439, 4.1552224984378645, 4.250774605551396, 3.264133755145511, 4.268733335544226], "(4.0, 0.0, 0.0)": [0.0, 0.4787868941450043, 0.4593540334376805, 0.36458630450004076, 0.3702431203760406, 0.43650506629448477, 0.2888009472833394, 0.4658934165695769, 0.49903243688115745], "(5.0, 1.0, 0.0)": [0.0, 0.0, 6.860363154283547, 0.0, 0.0, 5.375024768888167, -0.21832555922152452, 0.0, 0.0], "(0.0, 1.0, 1.0)": [0.0, 0.6418131152556622, 0.6432902353300927, 0.6411920390630532, 0.6424516567012555, 0.6522203876475877, 0.6406368367687647, 0.6483936962073341, 0.649783796070868], "(5.0, 0.0, 0.0)": [0.0, -4.246477330472033, -0.05332642174474839, -3.6461102255288664, -3.280379159138795, -1.7236811925213997, -1.7164179694080197, -6.410606944499713, -0.2391847405653427], "(0.0, 0.0, 1.0)": [0.0, -4.226056648532186, -5.955022296359451, -4.409899130179673, -4.593496821749095, -5.6941374941584515, -4.897615764110079, -1.0838074577422352, -2.8401762666855426], "(1.0, 0.0, 1.0)": [0.0, -0.008551534636203043, -0.39038411673777335, -0.07869010271368354, -0.02921899707592397, -1.8528898843800552, -0.010422708561221818, -0.046651454169557946, -0.0004476609814071796], "(2.0, 0.0, 0.0)": [0.0, 0.1979878804617307, 0.20761049402780127, 0.2074807805348727, 0.21443945714672175, 0.2134187175857135, 0.16991997836492045, 0.21054124216130207, 0.18885134992679714], "(2.0, 1.0, 0.0)": [0.0, 0.6628819889529787, 0.6680966697279346, 0.6494469410197674, 0.5190436585096226, 0.6563630279073601, 0.6636751626570068, 1.0396228718747575, 0.5647278967745059], "(1.0, 1.0, 1.0)": [0.0, 0.43375253343688885, 0.43527431154993346, 0.43181526920212254, 0.4281904635069434, 0.4175517823118244, 0.40814250098836874, 0.43678020650144056, 0.43086243698173826], "(6.0, 0.0, 0.0)": [0.0, 0.0, 0.0, 0.0, 0.0, 0.0, 0.0, 0.0, 0.0], "(6.0, 1.0, 0.0)": [0.0, 0.0, 0.0, 0.0, 0.0, 0.0, 0.0, 0.0, 0.0]}, "stats": {"total_messages": 642929, "total_updates": 562003, "total_reward": -30414.0, "action_counts": [68928, 76504, 74477, 70840, 74826, 69983, 71687, 67394, 68290], "state_visits": {"(3.0, 1.0, 0.0)": 3970, "(3.0, 0.0, 0.0)": 222939, "(4.0, 1.0, 0.0)": 2016, "(4.0, 0.0, 0.0)": 99652, "(5.0, 1.0, 0.0)": 28, "(0.0, 1.0, 1.0)": 937, "(5.0, 0.0, 0.0)": 354, "(0.0, 0.0, 1.0)": 36135, "(1.0, 0.0, 1.0)": 56583, "(2.0, 0.0, 0.0)": 135706, "(2.0, 1.0, 0.0)": 1993, "(1.0, 1.0, 1.0)": 1690, "(6.0, 0.0, 0.0)": 0, "(6.0, 1.0, 0.0)": 0}}}