{"q": {"(3.0, 1.0, 0.0)": [0.0, 0.1016648254082574, 0.10186907268225645, 0.10137595342224033, 0.10106385067339661, 0.10057902460895067, 0.1012782408365408, 0.1003480678108596, 0.10031209750863546], "(3.0, 0.0, 0.0)": [0.0, 0.2156803797840245, 0.2922061851472594, 0.21900695491035366, 0.2278767579429899, 0.28746881244050904, 0.24461880261031524, 0.29207623348412914, 0.2662096828455476], "(4.0, 1.0, 0.0)": [0.0, 0.6976316958532056, 0.706457991372132, 0.5991291261835445, 0.8003170402186461, 0.5172281269594128, 1.4006083849353186, 0.11429494986195082, 1.0910843923965359], "(4.0, 0.0, 0.0)": [0.0, 0.42486445102894854, 0.5309814519405222, 0.2796827965691251, 0.27452932425805476, -0.314166650583114, 0.5274738813888715, 0.06658564164530417, 0.22957367261575812], "(5.0, 1.0, 0.0)": [0.0, 0.0, 2.985873773317377, 0.0, 3.5, 3.028868108091281, -0.21832555922152452, 3.598412644113912, 0.0], "(0.0, 1.0, 1.0)": [0.0, 0.446264603442707, 0.44558490116875893, 0.45166712210966564, 0.45137542775565287, 0.4509861133194605, 0.4481074303497678, 0.4535009458773942, 0.44502086734906315], "(5.0, 0.0, 0.0)": [0.0, -6.308664276996634, -1.7265223176188527, -1.275770811102705, -5.524243304142184, -0.8272283752939313, -4.203857722240306, -5.266412129695208, -2.375482165681225], "(0.0, 0.0, 1.0)": [0.0, -2.4072910256079982, -0.39333455969161646, -0.7892330621564927, -1.234033431346886, -0.44100482391576845, -4.544020843629008, -2.159141882247586, -1.125067271653811], "(1.0, 0.0, 1.0)": [0.0, -0.8438942593313855, -0.5708463921269045, -4.358271873816205, -0.7487771759733246, -0.7908857675651362, -1.0612917458441316, -0.3106916266490283, -0.6076821238891583], "(2.0, 0.0, 0.0)": [0.0, 0.6693456693914083, -0.44906813324162936, -0.2901944389484974, -1.9716239443413686, 0.07673708179996809, -0.7318716888245417, -0.9256188239106269, -1.334192298393177], "(2.0, 1.0, 0.0)": [0.0, 0.15574360483112787, 0.26422608170687945, 0.4317027733270863, 0.4339674416856, 0.4290894905150074, 0.4290106296990767, 0.3089947938187369, 0.3893675983218936], "(1.0, 1.0, 1.0)": [0.0, 0.5525080723070013, 0.5433351858924094, 0.5493193565581063, 0.5271540566109716, 0.5539887852533215, 0.5487445480341493, 0.5505861291745353, 0.49704493260527316], "(6.0, 0.0, 0.0)": [0.0, 0.0, 0.0, 0.0, 0.0, 0.0, 0.0, 0.0, 0.0], "(6.0, 1.0, 0.0)": [0.0, 0.0, 0.0, 0.0, 0.0, 0.0, 0.0, 0.0, 0.0]}, "stats": {"total_messages": 915970, "total_updates": 793001, "total_reward": -42735.0, "action_counts": [108635, 108822, 108809, 97856, 104367, 98287, 98214, 95622, 95358], "state_visits": {"(3.0, 1.0, 0.0)": 8587, "(3.0, 0.0, 0.0)": 312131, "(4.0, 1.0, 0.0)": 5474, "(4.0, 0.0, 0.0)": 155762, "(5.0, 1.0, 0.0)": 45, "(0.0, 1.0, 1.0)": 1809, "(5.0, 0.0, 0.0)": 565, "(0.0, 0.0, 1.0)": 46718, "(1.0, 0.0, 1.0)": 78107, "(2.0, 0.0, 0.0)": 177199, "(2.0, 1.0, 0.0)": 3639, "(1.0, 1.0, 1.0)": 2964, "(6.0, 0.0, 0.0)": 1, "(6.0, 1.0, 0.0)": 0}}}