{"q": {"(3.0, 1.0, 0.0)": [0.0, 0.6938190260123436, 0.7741562067713691, 0.7781648686401194, 0.8449868472021657, 0.7986358719398224, 0.7669212664553823, 0.7859662122376708, 0.7457419524195678], "(3.0, 0.0, 0.0)": [0.0, 0.5112577031949621, 0.5241854356491934, 0.5111599807664615, 0.5116784877281095, 0.5261273698701449, 0.5263860589989655, 0.5157659832090908, 0.5556086747461546], "(4.0, 1.0, 0.0)": [0.0, 4.611884447707894, 13.105203168942415, 12.30193990821007, 1.6114102590704749, 1.840708463187896, 1.8918405219668215, 9.050701575024428, 8.185802751476054], "(4.0, 0.0, 0.0)": [0.0, 0.4752216023645684, 0.4508029852572193, 0.5080553792046749, 0.4372042812464714, 0.46513619823453456, 0.44621809957435393, 0.5062739454604707, 0.4384281111218291], "(5.0, 1.0, 0.0)": [0.0, 0.0, 11.694966872193708, 0.0, 0.0, 5.95703125, -0.21832555922152452, 0.0, 0.0], "(0.0, 1.0, 1.0)": [0.0, 1.1187954832090274, 0.6536091850020194, 0.3721151463539015, 1.146967950140862, 1.2336623773885922, 1.0883413693887287, 0.7873011929502967, 0.7025468773560419], "(5.0, 0.0, 0.0)": [0.0, -8.813625216732822, -0.1264033700616258, -1.7541906266008043, -7.7757135624030695, -0.7597316963181115, 0.16518540481769733, -8.904658158106116, -0.42521731656060924], "(0.0, 0.0, 1.0)": [0.0, 0.6534830397532865, 0.6500231294625526, 0.6569362959432822, 0.652649240184653, 0.6698458154333206, 0.6605717352193481, 0.67742819045151, 0.7065412147401495], "(1.0, 0.0, 1.0)": [0.0, 0.7220928109744553, 0.6925288901958501, 0.7299408008640669, 0.654769393916639, 0.6635568883143286, 0.717517772731017, 0.6561304655369992, 0.6621936564936933], "(2.0, 0.0, 0.0)": [0.0, 0.5099864849513581, 0.5320064555622024, 0.5322102433361854, 0.5088177896282902, 0.5355404328444318, 0.525859626806686, 0.5169935836847105, 0.5465360633674947], "(2.0, 1.0, 0.0)": [0.0, 0.8184555084219448, 0.8742303086141546, 0.8148894085187183, 0.9383552336337531, 0.8228954144108094, 0.9084777674729323, 0.9674190560487255, 0.959807657633148], "(1.0, 1.0, 1.0)": [0.0, 1.1172733142189881, 1.34614917552509, 1.3364125160931055, 1.328956317900292, 1.2048027668487786, 1.3350078647055035, 1.3767123746545888, 1.4495546342521908], "(6.0, 0.0, 0.0)": [0.0, 0.0, 0.0, 0.0, 0.0, 0.0, 0.0, 0.0, 0.0]}, "stats": {"total_messages": 519519, "total_updates": 449003, "total_reward": -26098.0, "action_counts": [59243, 61498, 58782, 57323, 60935, 58394, 57589, 52889, 52866], "state_visits": {"(3.0, 1.0, 0.0)": 3259, "(3.0, 0.0, 0.0)": 185778, "(4.0, 1.0, 0.0)": 1500, "(4.0, 0.0, 0.0)": 82692, "(5.0, 1.0, 0.0)": 11, "(0.0, 1.0, 1.0)": 432, "(5.0, 0.0, 0.0)": 316, "(0.0, 0.0, 1.0)": 28259, "(1.0, 0.0, 1.0)": 40785, "(2.0, 0.0, 0.0)": 104146, "(2.0, 1.0, 0.0)": 1146, "(1.0, 1.0, 1.0)": 679, "(6.0, 0.0, 0.0)": 0}}}