{"q": {"(3.0, 1.0, 0.0)": [0.0, 1.4445271846658336, 1.2511195049383348, 1.0992933607058337, 1.0355898605060345, 1.4781672826937602, 1.2034509250953225, 0.8914900582638922, 1.137682798136928], "(3.0, 0.0, 0.0)": [0.0, 1.0500587448525387, 0.9895672336949861, 1.0161623587080273, 0.970401371849902, 0.9694107992677157, 0.9814258126198339, 0.9877912154926911, 1.0337851457978626], "(4.0, 1.0, 0.0)": [0.0, 2.8348619460906406, 8.058143417833866, 3.4247007507686376, 2.772017152484081, 0.9358857921596604, 2.7936540071057623, 2.809883033699148, 3.3982431132392006], "(4.0, 0.0, 0.0)": [0.0, 1.3951238602669722, 1.3922480956525956, 1.348747175991702, 1.394660611258021, 1.3922476867183067, 1.4825413527817166, 1.3998580771518006, 1.513312702956839], "(5.0, 1.0, 0.0)": [0.0, 0.0, 13.483954274284496, 0.0, 0.0, 5.375024768888167, -0.21832555922152452, 3.598412644113912, 0.0], "(0.0, 1.0, 1.0)": [0.0, 0.6418131152556622, 0.47281832296761817, 0.6411920390630532, 0.6424516567012555, 0.6391759798946359, 0.6406368367687647, 0.6245261208383119, 0.6267216402397748], "(5.0, 0.0, 0.0)": [0.0, -9.965207415713902, -2.6420506766542102, -3.0240493300212274, -9.820876985141659, -0.595946779440591, -2.596657528567862, -9.449672245557334, -3.3238197450859706], "(0.0, 0.0, 1.0)": [0.0, -5.823438630675021, -0.059393160045419446, -1.049329443237193e-06, -4.7266322309808174e-05, -0.505873385890026, -0.002355960610244361, -0.0007894533332515924, -0.027397919769682685], "(1.0, 0.0, 1.0)": [0.0, 0.52859219695166, 0.25494423517978665, 0.49267123663113116, 0.5347012464502322, -5.783146856035416, -0.5032681865238382, 0.5075365997182305, -0.10322391565398936], "(2.0, 0.0, 0.0)": [0.0, 0.8050559609137711, 0.8219396349205836, 0.7874256127835546, 0.8513533802494482, 0.8584687731645508, 0.8524691129356118, 0.8524691147232544, 0.8113123389026156], "(2.0, 1.0, 0.0)": [0.0, 0.6628819889529787, 0.6680966697279346, 0.6494469410197674, 0.5190436585096226, 0.7690922351491825, 0.70533669879776, 0.8325314645631864, 0.5647278967745059], "(1.0, 1.0, 1.0)": [0.0, 0.40007952616152165, 0.4049860612090339, 2.054815807638163, 0.39680870735379625, 0.40101673173227614, 0.4006907236062523, 0.40287215539515375, 0.3987270569557629], "(6.0, 0.0, 0.0)": [0.0, 0.0, 0.0, 0.0, 0.0, 0.0, 0.0, 0.0, 0.0], "(6.0, 1.0, 0.0)": [0.0, 0.0, 0.0, 0.0, 0.0, 0.0, 0.0, 0.0, 0.0]}, "stats": {"total_messages": 754997, "total_updates": 652001, "total_reward": -37974.0, "action_counts": [90428, 89699, 88377, 82237, 83872, 81257, 81157, 78126, 79844], "state_visits": {"(3.0, 1.0, 0.0)": 4235, "(3.0, 0.0, 0.0)": 265602, "(4.0, 1.0, 0.0)": 2172, "(4.0, 0.0, 0.0)": 128689, "(5.0, 1.0, 0.0)": 31, "(0.0, 1.0, 1.0)": 944, "(5.0, 0.0, 0.0)": 475, "(0.0, 0.0, 1.0)": 37306, "(1.0, 0.0, 1.0)": 61770, "(2.0, 0.0, 0.0)": 147046, "(2.0, 1.0, 0.0)": 2013, "(1.0, 1.0, 1.0)": 1717, "(6.0, 0.0, 0.0)": 1, "(6.0, 1.0, 0.0)": 0}}}