{"q": {"(3.0, 1.0, 0.0)": [0.0, 0.6516525679354264, 0.7228573922812344, 0.6723980813007133, 0.6124890531453328, 0.7081889313380636, 0.7012266138504656, 0.6782214387776846, 0.6925010987450521], "(3.0, 0.0, 0.0)": [0.0, 0.4850583192635227, 0.48505832265264964, 0.5166925574763758, 0.487712469606337, 0.4854775441233351, 0.4746751971923012, 0.4850583432486895, 0.4850740624945111], "(4.0, 1.0, 0.0)": [0.0, 1.7303516202991445, 2.9505031521778258, 1.1498598999747018, 1.8605200512565567, 1.9316454354318542, 1.1380563011750509, 1.2967431741310687, 1.923187034148428], "(4.0, 0.0, 0.0)": [0.0, 0.5753874611497752, 0.554172167316352, 0.5599940522972497, 0.5541723174934955, 0.602361052614552, 0.5564458686453407, 0.5541932427960385, 0.5567227917467333], "(5.0, 1.0, 0.0)": [0.0, 0.0, 11.694966872193708, 0.0, 0.0, 5.95703125, -2.3326210184312908, 0.0, 0.0], "(0.0, 1.0, 1.0)": [0.0, 0.40074596005773455, 0.40351058510265525, 0.401211300146155, 0.4111705160484989, 0.40671747897989274, 0.40286541602765186, 0.4367218337031259, 0.4017847815366344], "(5.0, 0.0, 0.0)": [0.0, -8.428572719008947, -0.626798986612154, 0.47788773155464137, -6.8359375, -1.961758368875276, -4.289677507694931, -2.5, 0.2542028225289001], "(0.0, 0.0, 1.0)": [0.0, 0.5295446089977528, 0.23688039777003012, 0.25518585826765416, 0.24142688853547528, 0.2397682918787289, 0.487182800912039, 0.23878845452152184, 0.25447284560293726], "(1.0, 0.0, 1.0)": [0.0, 0.6526480375795644, 0.6526479556475344, 0.7093999517907984, 0.6570462475798193, 0.5945517831589853, 0.6755909303022838, 0.5994579030738723, 0.4322672621482203], "(2.0, 0.0, 0.0)": [0.0, 0.5654649814067618, 0.5808802142271808, 0.6146855419586968, 0.5690801184308711, 0.5983072060510819, 0.5795342499940741, 0.566717161199092, 0.5938590821413695], "(2.0, 1.0, 0.0)": [0.0, 0.7652098168520943, 0.3710074700324143, 0.5468868180237793, 0.8341992515912344, 0.5023097582909885, 0.6154996061585591, 0.39483482863200464, 0.551880862320295], "(1.0, 1.0, 1.0)": [0.0, 0.7635282888169664, 1.062928690211949, 0.9758198873758233, 1.155185615250787, 1.051927931404442, 1.0632125629560145, 0.9119602746439139, 1.0141199630938418], "(6.0, 0.0, 0.0)": [0.0, 0.0, 0.0, 0.0, 0.0, 0.0, 0.0, 0.0, 0.0]}, "stats": {"total_messages": 131431, "total_updates": 103004, "total_reward": -6715.0, "action_counts": [19455, 13739, 14168, 14406, 12632, 15101, 14701, 14661, 12568], "state_visits": {"(3.0, 1.0, 0.0)": 1908, "(3.0, 0.0, 0.0)": 43381, "(4.0, 1.0, 0.0)": 858, "(4.0, 0.0, 0.0)": 20241, "(5.0, 1.0, 0.0)": 8, "(0.0, 1.0, 1.0)": 309, "(5.0, 0.0, 0.0)": 80, "(0.0, 0.0, 1.0)": 11715, "(1.0, 0.0, 1.0)": 7580, "(2.0, 0.0, 0.0)": 16105, "(2.0, 1.0, 0.0)": 463, "(1.0, 1.0, 1.0)": 356, "(6.0, 0.0, 0.0)": 0}}}