{"q": {"(3.0, 1.0, 0.0)": [0.0, 0.8376817782615873, 0.8726626652297715, 0.8873879656473096, 1.6737476412652752, 1.5924787731170658, 0.8665569715280786, 0.8914900582638922, 0.8331438806617704], "(3.0, 0.0, 0.0)": [0.0, 0.7502174623076718, 0.6897775066795044, 0.6509163541879073, 0.6680681702477274, 0.6821719561890108, 0.6441565173567745, 0.6254659209598888, 0.6553391687005773], "(4.0, 1.0, 0.0)": [0.0, 2.8348619460906406, 2.840504314695014, 3.4247007507686376, 2.772017152484081, 4.5811810562128805, 2.7936540071057623, 2.809883033699148, 2.7632315344240284], "(4.0, 0.0, 0.0)": [0.0, 0.3664450426235541, 0.4278251653869469, 0.4482127440777959, 0.362556147023844, 0.33785125342180805, 0.38681508582064306, 0.420803492303584, 0.42872879870974384], "(5.0, 1.0, 0.0)": [0.0, 0.0, 13.483954274284496, 0.0, 0.0, 5.375024768888167, -0.21832555922152452, 3.598412644113912, 0.0], "(0.0, 1.0, 1.0)": [0.0, 0.6418131152556622, 0.47281832296761817, 0.6411920390630532, 0.6424516567012555, 0.6391759798946359, 0.6406368367687647, 0.6245261208383119, 0.6267216402397748], "(5.0, 0.0, 0.0)": [0.0, -9.853384336177108, -2.6420506766542102, -3.0240493300212274, -9.820876985141659, -0.595946779440591, -2.596657528567862, -7.680923372225143, -3.3238197450859706], "(0.0, 0.0, 1.0)": [0.0, -1.5849362984461224e-05, -8.554572189271353e-07, -2.484494053575579e-05, -0.03690993207704313, -0.6455335435029831, -0.008985306544751468, -5.8769106594476714e-05, -0.06839217570146322], "(1.0, 0.0, 1.0)": [0.0, -1.0095530940371904, -1.2697859388151893, 0.2550232721959221, 0.3566138897750828, 0.25212813343274143, -0.08000534545255222, 0.3624490687812204, 0.33849680385901904], "(2.0, 0.0, 0.0)": [0.0, 0.56942065742213, 0.5362046226061896, 0.5350718293427742, 0.5312331762514422, 0.5350715463216096, 0.5723624020955058, 0.5815995068660653, 0.5491702323995771], "(2.0, 1.0, 0.0)": [0.0, 0.6628819889529787, 0.6680966697279346, 0.6494469410197674, 0.5190436585096226, 0.6563630279073601, 0.70533669879776, 0.8494475780272007, 0.5647278967745059], "(1.0, 1.0, 1.0)": [0.0, 0.40007952616152165, 0.4049860612090339, 2.054815807638163, 0.39680870735379625, 0.40101673173227614, 0.4006907236062523, 0.40287215539515375, 0.3987270569557629], "(6.0, 0.0, 0.0)": [0.0, 0.0, 0.0, 0.0, 0.0, 0.0, 0.0, 0.0, 0.0], "(6.0, 1.0, 0.0)": [0.0, 0.0, 0.0, 0.0, 0.0, 0.0, 0.0, 0.0, 0.0]}, "stats": {"total_messages": 740448, "total_updates": 639004, "total_reward": -37126.0, "action_counts": [88915, 87613, 86769, 80104, 82670, 80070, 80130, 76573, 77604], "state_visits": {"(3.0, 1.0, 0.0)": 4132, "(3.0, 0.0, 0.0)": 260813, "(4.0, 1.0, 0.0)": 2164, "(4.0, 0.0, 0.0)": 125581, "(5.0, 1.0, 0.0)": 31, "(0.0, 1.0, 1.0)": 944, "(5.0, 0.0, 0.0)": 465, "(0.0, 0.0, 1.0)": 36978, "(1.0, 0.0, 1.0)": 59591, "(2.0, 0.0, 0.0)": 144583, "(2.0, 1.0, 0.0)": 2004, "(1.0, 1.0, 1.0)": 1717, "(6.0, 0.0, 0.0)": 1, "(6.0, 1.0, 0.0)": 0}}}