{"q": {"(3.0, 1.0, 0.0)": [0.0, 2.4721472886502824, 2.187555259890611, 2.3048388042257493, 2.42071905000111, 2.4764492997668013, 2.418565004150098, 2.4191599398786607, 2.360780794155521], "(3.0, 0.0, 0.0)": [0.0, 0.8975948235354249, 0.8999491355837289, 0.8975840534777715, 0.9756350156556153, 0.8975842144031663, 0.8975842144031663, 0.8976374143805351, 0.9146985321571665], "(4.0, 1.0, 0.0)": [0.0, 2.8348619460906406, 2.2636139962744597, 3.7989753995345485, 3.3752764884381925, 2.520884154159746, 4.110319980500854, 3.781061834898863, 3.784479394188298], "(4.0, 0.0, 0.0)": [0.0, 0.9871533738806185, 0.9856971100113648, 0.9891179357540024, 1.071116963031841, 0.9854276059892967, 0.985427613029759, 0.9854276080811664, 1.000847706974569], "(5.0, 1.0, 0.0)": [0.0, 0.0, 13.483954274284496, 0.0, 0.0, 5.375024768888167, -0.21832555922152452, 3.598412644113912, 0.0], "(0.0, 1.0, 1.0)": [0.0, 0.5599063856579795, 0.5869476419274037, 0.6034848176298332, 0.5814277429379007, 0.5941252844666634, 0.5937652775108986, 0.5698469347806101, 0.5567073525001245], "(5.0, 0.0, 0.0)": [0.0, -8.976294245227638, 0.26396032423315047, -1.7010277481369402, -9.820876985141659, 0.5649261684780316, 0.5392321803498633, -7.171644933407091, 0.1660237790917], "(0.0, 0.0, 1.0)": [0.0, 0.6397140327385683, 0.6752945661903669, 0.6428179941205271, 0.695341339932875, 0.6422994007877764, 0.6630712946726889, 0.6701029602459082, 0.6408588478467093], "(1.0, 0.0, 1.0)": [0.0, 0.7710878948663922, 0.7719472877845769, 0.7666931037374081, 0.7790706936948297, 0.7856175465206418, 0.8223118515537209, 0.8270760222108242, 0.7609099440470524], "(2.0, 0.0, 0.0)": [0.0, 0.6891576001672897, 0.897499198752778, 0.8974986293533269, 0.9755419884275289, 0.8975083539344042, 0.8289761708737469, 0.8924195677540252, 0.8468129531626551], "(2.0, 1.0, 0.0)": [0.0, 0.6762234504022168, 0.6463396458721344, 1.0908670141056538, 0.6876020473252208, 1.1090954155078352, 1.2123002621835042, 0.6653020441435763, 0.6614304738999846], "(1.0, 1.0, 1.0)": [0.0, 1.7785280044797263, 1.8887898301756665, 2.054815807638163, 1.888432293531273, 1.6253468837414817, 0.4006907236062523, 1.8904258096663042, 1.8638514478606683], "(6.0, 0.0, 0.0)": [0.0, 0.0, 0.0, 0.0, 0.0, 0.0, 0.0, 0.0, 0.0], "(6.0, 1.0, 0.0)": [0.0, 0.0, 0.0, 0.0, 0.0, 0.0, 0.0, 0.0, 0.0]}, "stats": {"total_messages": 828666, "total_updates": 722004, "total_reward": -39309.0, "action_counts": [92938, 100307, 98258, 90860, 94264, 88341, 88673, 87619, 87406], "state_visits": {"(3.0, 1.0, 0.0)": 4602, "(3.0, 0.0, 0.0)": 288843, "(4.0, 1.0, 0.0)": 2323, "(4.0, 0.0, 0.0)": 139238, "(5.0, 1.0, 0.0)": 31, "(0.0, 1.0, 1.0)": 1080, "(5.0, 0.0, 0.0)": 524, "(0.0, 0.0, 1.0)": 44667, "(1.0, 0.0, 1.0)": 72300, "(2.0, 0.0, 0.0)": 164307, "(2.0, 1.0, 0.0)": 2245, "(1.0, 1.0, 1.0)": 1843, "(6.0, 0.0, 0.0)": 1, "(6.0, 1.0, 0.0)": 0}}}