{"q": {"(3.0, 1.0, 0.0)": [0.0, -1.083127061882137, -1.1013315668057213, -0.715154606043448, -2.698616095232654, -0.8335326245215993, -1.144005402438072, -0.2319425031608845, -2.0263210781183], "(3.0, 0.0, 0.0)": [0.0, 0.16146485588754164, 0.1407961551908045, 0.15279573381316108, 0.16647945096985234, 0.16611717252071248, 0.16614377505483854, 0.16668785748647416, 0.12933441043066468], "(4.0, 0.0, 0.0)": [0.0, 0.15536888895258646, 0.1557159035046838, 0.15599067319011534, 0.17805099341621508, 0.15553585295939432, 0.1506727805509747, 0.17770841889580857, 0.1558785256802977], "(4.0, 1.0, 0.0)": [0.0, 0.5788364440574835, -4.794518819387359, -3.531171016976545, -0.33384526673257586, -2.6588605815695034, -4.874501661610538, -0.3472925158547488, -0.20366523752638704], "(5.0, 0.0, 0.0)": [0.0, 0.0, 0.0, 0.0, 0.0, 0.0, 0.0, 0.0, 0.0], "(0.0, 0.0, 1.0)": [0.0, -5.4228515625, -1.870625, -2.1811556593269317, -2.4975, -4.370625, -2.4975, -4.949409900271922, -4.346578124682781], "(1.0, 0.0, 1.0)": [0.0, -1.7066106502618148, -1.8804873469603862, -2.4284227380322183, -0.15659280636299058, -3.228545613857502, -4.286363157453349, -2.1446729157390214, -1.870625], "(2.0, 0.0, 0.0)": [0.0, -2.3867537615148526, -2.4072329163301793, -1.9808593222817499, -1.7999579056947879, -1.0030846888485638, -1.7806492010979293, -0.7528900727073438, -2.39114911966888], "(2.0, 1.0, 0.0)": [0.0, 0.0, 0.0, 0.0, 0.0, 0.0, 0.0, -4.995049999999999, 0.0], "(5.0, 1.0, 0.0)": [0.0, 0.0, 0.0, 0.0, 0.0, 0.0, 0.0, -0.18034062500000014, 0.0], "(0.0, 1.0, 1.0)": [0.0, 0.0539940659465284, -4.620363644553782, 0.0, 0.048390882016974876, 0.05641156949485553, -4.93446407708127, 0.11033179284885022, 0.09474564554855179], "(1.0, 1.0, 1.0)": [0.0, 0.04971182514270047, 0.08464547092873763, 0.04276336486732933, 0.0, 0.21402509790548102, 0.0, 0.0, 0.0]}, "stats": {"total_messages": 11011, "total_updates": 9610, "total_reward": -587.900000000042, "action_counts": [1172, 1072, 623, 1362, 2414, 2076, 532, 1255, 505], "state_visits": {"(3.0, 1.0, 0.0)": 855, "(3.0, 0.0, 0.0)": 4190, "(4.0, 0.0, 0.0)": 2087, "(4.0, 1.0, 0.0)": 1141, "(5.0, 0.0, 0.0)": 0, "(0.0, 0.0, 1.0)": 29, "(1.0, 0.0, 1.0)": 224, "(2.0, 0.0, 0.0)": 831, "(2.0, 1.0, 0.0)": 2, "(5.0, 1.0, 0.0)": 4, "(0.0, 1.0, 1.0)": 66, "(1.0, 1.0, 1.0)": 181}}}