{"q": {"(3.0, 1.0, 0.0)": [0.0, 0.6938190260123436, 0.7697275909113297, 0.7911851063333453, 0.8449868472021657, 0.7986358719398224, 0.7669212664553823, 0.7859662122376708, 0.7457419524195678], "(3.0, 0.0, 0.0)": [0.0, 0.46556461987632014, 0.502327064785205, 0.4737322143807962, 0.47666098540492785, 0.4711532832779394, 0.45212840117101594, 0.4845990499625763, 0.5060485019342965], "(4.0, 1.0, 0.0)": [0.0, 4.611884447707894, 13.105203168942415, 12.30193990821007, 1.6114102590704749, 1.840708463187896, 1.8918405219668215, 9.050701575024428, 8.185802751476054], "(4.0, 0.0, 0.0)": [0.0, 0.36515470067059624, 0.3809857933206723, 0.39366419288576804, 0.3747019944552584, 0.3648142454629159, 0.3965371904473384, 0.3649663136540243, 0.36488296791322866], "(5.0, 1.0, 0.0)": [0.0, 0.0, 11.694966872193708, 0.0, 0.0, 5.95703125, -0.21832555922152452, 0.0, 0.0], "(0.0, 1.0, 1.0)": [0.0, 1.1187954832090274, 0.6536091850020194, 0.3721151463539015, 1.4397159726047966, 1.2336623773885922, 1.0883413693887287, 0.7873011929502967, 0.36621825859045964], "(5.0, 0.0, 0.0)": [0.0, -7.5395271321869535, -0.1264033700616258, -3.62413060539327, -8.945412058372215, -6.378282322897209, -0.6645687153332531, -8.259653089599901, -1.8549436083971356], "(0.0, 0.0, 1.0)": [0.0, 0.4687440740188873, 0.48081673697097865, 0.5551960483752222, 0.6674199632963631, 0.6327334002045606, 0.6485319392766495, 0.43546614583991433, 0.5165659070190342], "(1.0, 0.0, 1.0)": [0.0, 0.6113784918340869, 0.6645418389500932, 0.6363752478162805, 0.6113784918341079, 0.6201947407004993, 0.6120023617811513, 0.615794237878714, 0.6113894819950494], "(2.0, 0.0, 0.0)": [0.0, 0.5356619493922671, 0.5371518432748366, 0.5684009148647133, 0.535884801249125, 0.5111110976881394, 0.522885408687657, 0.5571652633197027, 0.4649541781711414], "(2.0, 1.0, 0.0)": [0.0, 1.0516005956150534, 0.8477123645256748, 0.8582037988478128, 0.8984537288082882, 0.8228954144108094, 0.9084777674729323, 0.9667601268347984, 0.8653892775611545], "(1.0, 1.0, 1.0)": [0.0, 1.1172733142189881, 1.34614917552509, 1.3364125160931055, 1.3561674775902959, 1.2048027668487786, 1.3350078647055035, 1.410251794432146, 1.4495546342521908], "(6.0, 0.0, 0.0)": [0.0, 0.0, 0.0, 0.0, 0.0, 0.0, 0.0, 0.0, 0.0]}, "stats": {"total_messages": 478281, "total_updates": 409004, "total_reward": -24947.0, "action_counts": [58876, 57279, 54236, 52471, 56458, 53039, 50899, 47184, 47839], "state_visits": {"(3.0, 1.0, 0.0)": 3246, "(3.0, 0.0, 0.0)": 173397, "(4.0, 1.0, 0.0)": 1500, "(4.0, 0.0, 0.0)": 78397, "(5.0, 1.0, 0.0)": 11, "(0.0, 1.0, 1.0)": 415, "(5.0, 0.0, 0.0)": 291, "(0.0, 0.0, 1.0)": 23219, "(1.0, 0.0, 1.0)": 33207, "(2.0, 0.0, 0.0)": 93571, "(2.0, 1.0, 0.0)": 1095, "(1.0, 1.0, 1.0)": 655, "(6.0, 0.0, 0.0)": 0}}}