{"q": {"(3.0, 1.0, 0.0)": [0.0, 1.1368886973128403, 1.0975893000681336, 1.1578045783870774, 1.1265981683798338, 1.1581698939978526, 1.0911436621867796, 1.0951199416847022, 1.1045616656222645], "(3.0, 0.0, 0.0)": [0.0, 0.6145502485389327, 0.5820393806851873, 0.5395408172268271, 0.5647102035355306, 0.5826523161236201, 0.5978405162701553, 0.580822623254853, 0.5856247226758002], "(4.0, 1.0, 0.0)": [0.0, 2.7079531230768623, 2.6727478390921364, 2.69828802224706, 2.6502631523772706, 2.520884154159746, 2.696526045411662, 2.7019210263371463, 2.6885747644679086], "(4.0, 0.0, 0.0)": [0.0, 0.41355024830731946, 0.4071908737628887, 0.41762684933314975, 0.40462306316174745, 0.4188278450283731, 0.3978893087013068, 0.4037347549020337, 0.40879409567647784], "(5.0, 1.0, 0.0)": [0.0, 0.0, 10.34903431817012, 0.0, 0.0, 5.375024768888167, -0.21832555922152452, 3.598412644113912, 0.0], "(0.0, 1.0, 1.0)": [0.0, 0.5238277356444393, 1.02638527155107, 0.5545722337857472, 0.5462646839795721, 0.5439586763251649, 0.5256006369797743, 0.5562130825866791, 0.5567073525001245], "(5.0, 0.0, 0.0)": [0.0, -9.23222068392073, -2.302029756825137, -1.7010277481369402, -9.820876985141659, -1.1029711670585751, -2.0955758647376026, -5.25139934168037, -2.375482165681225], "(0.0, 0.0, 1.0)": [0.0, -1.3143466657422946, -0.7649430196733112, -4.974431731545798, -3.6384129606990796, -3.462515042414493, -4.300375129779766, -0.7090477448107366, -4.412697298344305], "(1.0, 0.0, 1.0)": [0.0, 0.7584671009292953, 0.3135293890100099, 0.17790789130422485, 0.2489114467817628, 0.25312809586048546, 0.3017865617209485, 0.4017014672516628, -0.37323782556273366], "(2.0, 0.0, 0.0)": [0.0, 0.38282878958304756, 0.4017647454607697, 0.3896664535095853, 0.37559996615015606, 0.3885169141564809, 0.37106521711575213, 0.3906041470097158, 0.38228420763743065], "(2.0, 1.0, 0.0)": [0.0, 0.5281264008864821, 0.5627475597348983, 0.5679735773902055, 0.5657606629054737, 0.5520890961929935, 0.5799416997292657, 0.5660921556712665, 0.5762799812850148], "(1.0, 1.0, 1.0)": [0.0, 0.9735236701862369, 0.9587564166506977, 0.902745444578345, 0.965586556533266, 0.9818770307046615, 0.9561018667345534, 0.9958268215656274, 0.9487243310615726], "(6.0, 0.0, 0.0)": [0.0, 0.0, 0.0, 0.0, 0.0, 0.0, 0.0, 0.0, 0.0], "(6.0, 1.0, 0.0)": [0.0, 0.0, 0.0, 0.0, 0.0, 0.0, 0.0, 0.0, 0.0]}, "stats": {"total_messages": 864589, "total_updates": 755004, "total_reward": -40801.0, "action_counts": [95806, 104352, 103898, 93692, 98946, 92980, 92239, 91351, 91325], "state_visits": {"(3.0, 1.0, 0.0)": 5168, "(3.0, 0.0, 0.0)": 299371, "(4.0, 1.0, 0.0)": 2466, "(4.0, 0.0, 0.0)": 142446, "(5.0, 1.0, 0.0)": 32, "(0.0, 1.0, 1.0)": 1201, "(5.0, 0.0, 0.0)": 533, "(0.0, 0.0, 1.0)": 46507, "(1.0, 0.0, 1.0)": 77808, "(2.0, 0.0, 0.0)": 174296, "(2.0, 1.0, 0.0)": 2914, "(1.0, 1.0, 1.0)": 2261, "(6.0, 0.0, 0.0)": 1, "(6.0, 1.0, 0.0)": 0}}}