{"q": {"(3.0, 1.0, 0.0)": [0.0, -1.0642965378721942, -0.867754735257867, -1.4819623512704354, -0.03729875061344025, -6.771108211391786, -0.25019226519190485, -2.0708024524987256, -2.7437035755468235], "(3.0, 0.0, 0.0)": [0.0, 0.22715623420425612, 0.2666690252247933, 0.18868260286420213, 0.17744781912105764, 0.16253668964538914, 0.26211582936111427, 0.1395137225764093, 0.22383911485691], "(4.0, 0.0, 0.0)": [0.0, 0.14484976571479333, 0.1444550190286091, 0.13141147294477337, 0.14525389197841362, 0.14450605979449538, 0.14535514736799443, 0.14532027968950775, 0.14467464098292068], "(4.0, 1.0, 0.0)": [0.0, -4.993650247313492, -0.8775631601097051, -1.1333649145857876, -2.0180831294760333, -1.563375628213625, -2.0563056149994408, -3.7000271013676675, -1.542818756381168], "(5.0, 0.0, 0.0)": [0.0, 0.0, 0.0, -2.486528398629873, -4.364687356567383, -2.491570476292148, 0.010344501954882814, 0.0, -2.4975], "(0.0, 0.0, 1.0)": [0.0, -1.8298074320056477, -2.2353597675081236, -2.0079823732500124, -3.054403000597298, -4.737144562830695, -0.5094133193419839, -4.675402788986338, -1.5619444645950602], "(1.0, 0.0, 1.0)": [0.0, -6.711919413562093, -2.7825170157889403, -3.0693516852701865, -3.618947185865658, -4.900994850444956, -4.543499257788434, -4.8853521498841, -1.9702996621672133], "(2.0, 0.0, 0.0)": [0.0, -2.591227221153038, -1.9224268405863985, -2.454674488848015, -4.672615151367208, -3.314037769645561, -1.7221606001918066, -0.047281361774820896, -1.420315746980203], "(2.0, 1.0, 0.0)": [0.0, -0.32880082977453806, -0.2301666514846189, -0.6964321055721243, -0.5798788371511147, -0.17522278965760185, -2.077079402030729, -0.9214413297008901, -0.09615214745900028], "(5.0, 1.0, 0.0)": [0.0, 0.0, 3.5883505281566253, 0.0, 0.030005687874967393, 0.0, 0.0025, -0.18034062500000014, 0.0], "(0.0, 1.0, 1.0)": [0.0, -0.512599342659317, -0.6709166438485293, -0.2623528056830722, -0.017558986092934794, -0.2417796524334368, -0.08263698794436562, -3.6346564924498925, -1.1382720772457746], "(1.0, 1.0, 1.0)": [0.0, -0.5910292339501607, -0.019130377068144955, -0.07246133219546175, -0.15953988501918448, -0.04106428142323392, -0.08342091020768322, -0.18060207154747346, -0.04772988438253348], "(-1.0, 0.0, 1.0)": [0.0, 0.0, 0.0, 0.0, 0.0, 0.0, 0.0, 0.0, 0.0], "(-1.0, 1.0, 1.0)": [0.0, 0.0, 0.0, 0.0, 0.0, 0.0, 0.0, 0.0, 0.0]}, "stats": {"total_messages": 54070, "total_updates": 35015, "total_reward": -2830.849999998704, "action_counts": [18649, 4451, 3223, 7944, 5269, 5196, 2781, 3546, 3010], "state_visits": {"(3.0, 1.0, 0.0)": 3251, "(3.0, 0.0, 0.0)": 14735, "(4.0, 0.0, 0.0)": 10079, "(4.0, 1.0, 0.0)": 2915, "(5.0, 0.0, 0.0)": 40, "(0.0, 0.0, 1.0)": 215, "(1.0, 0.0, 1.0)": 364, "(2.0, 0.0, 0.0)": 926, "(2.0, 1.0, 0.0)": 735, "(5.0, 1.0, 0.0)": 57, "(0.0, 1.0, 1.0)": 759, "(1.0, 1.0, 1.0)": 939, "(-1.0, 0.0, 1.0)": 0, "(-1.0, 1.0, 1.0)": 0}}}