{"q": {"(3.0, 1.0, 0.0)": [0.0, 0.8376817782615873, 0.8726626652297715, 0.8873879656473096, 1.6737476412652752, 1.5924787731170658, 0.8665569715280786, 0.8914900582638922, 0.8331438806617704], "(3.0, 0.0, 0.0)": [0.0, 0.533309028314585, 0.5344207429245986, 0.5132036809862095, 0.5571151994223447, 0.5409209904845347, 0.5215364984380693, 0.5534343714716394, 0.5126042800552549], "(4.0, 1.0, 0.0)": [0.0, 2.8348619460906406, 2.840504314695014, 3.4247007507686376, 2.772017152484081, 4.5811810562128805, 2.7936540071057623, 2.809883033699148, 2.7632315344240284], "(4.0, 0.0, 0.0)": [0.0, 0.5007670216147307, 0.533351547389513, 0.5085758175178912, 0.46395408558767876, 0.5447437679943659, 0.45514911219994303, 0.3964086336154382, 0.46135535411679207], "(5.0, 1.0, 0.0)": [0.0, 0.0, 13.483954274284496, 0.0, 0.0, 5.375024768888167, -0.21832555922152452, 3.598412644113912, 0.0], "(0.0, 1.0, 1.0)": [0.0, 0.6418131152556622, 0.47281832296761817, 0.6411920390630532, 0.6424516567012555, 0.6391759798946359, 0.6406368367687647, 0.6245261208383119, 0.6267216402397748], "(5.0, 0.0, 0.0)": [0.0, -8.575374832045597, -0.4489502867096019, -2.9444527513949903, -8.210790138430708, -4.603661664871936, -0.12887670475714896, -7.680923372225143, -2.575679546819503], "(0.0, 0.0, 1.0)": [0.0, -2.6455760344714854, -0.008568611784674867, -3.8957115669661926, -2.267649892090086, -8.37344381065679, -0.0487701057289144, -0.014013126708194115, -3.402040947647696], "(1.0, 0.0, 1.0)": [0.0, -0.10396681293838689, -0.10810099393943681, -2.6923392777717323, -2.694649872902658, -3.8659605805950603, -0.10908006707384153, -0.31240009152473713, -0.4557776772372478], "(2.0, 0.0, 0.0)": [0.0, 0.6610719586132272, 0.5374143514619054, -0.17678507106085553, 0.3570936764544623, 0.34279167199871136, 0.517732787528332, 0.3038096842819879, 0.18575525185562347], "(2.0, 1.0, 0.0)": [0.0, 0.6628819889529787, 0.6680966697279346, 0.6494469410197674, 0.5190436585096226, 0.6563630279073601, 0.70533669879776, 0.8494475780272007, 0.5647278967745059], "(1.0, 1.0, 1.0)": [0.0, 0.40007952616152165, 0.4049860612090339, 2.054815807638163, 0.39680870735379625, 0.40101673173227614, 0.4006907236062523, 0.40287215539515375, 0.3987270569557629], "(6.0, 0.0, 0.0)": [0.0, 0.0, 0.0, 0.0, 0.0, 0.0, 0.0, 0.0, 0.0], "(6.0, 1.0, 0.0)": [0.0, 0.0, 0.0, 0.0, 0.0, 0.0, 0.0, 0.0, 0.0]}, "stats": {"total_messages": 715008, "total_updates": 617003, "total_reward": -35631.0, "action_counts": [85726, 84789, 82429, 77062, 80494, 77645, 77903, 74265, 74695], "state_visits": {"(3.0, 1.0, 0.0)": 4132, "(3.0, 0.0, 0.0)": 252049, "(4.0, 1.0, 0.0)": 2164, "(4.0, 0.0, 0.0)": 119067, "(5.0, 1.0, 0.0)": 31, "(0.0, 1.0, 1.0)": 944, "(5.0, 0.0, 0.0)": 417, "(0.0, 0.0, 1.0)": 36531, "(1.0, 0.0, 1.0)": 57096, "(2.0, 0.0, 0.0)": 140850, "(2.0, 1.0, 0.0)": 2004, "(1.0, 1.0, 1.0)": 1717, "(6.0, 0.0, 0.0)": 1, "(6.0, 1.0, 0.0)": 0}}}