{"q": {"(3.0, 1.0, 0.0)": [0.0, 2.4721472886502824, 2.187555259890611, 2.3048388042257493, 2.278339389858677, 2.4764492997668013, 2.418565004150098, 2.4191599398786607, 2.360780794155521], "(3.0, 0.0, 0.0)": [0.0, 0.8853347074733782, 1.1196192100514817, 0.9375769226642738, 1.0300585755802907, 1.042580105156909, 0.9022787652109462, 1.0586660025751269, 1.0839318464630225], "(4.0, 1.0, 0.0)": [0.0, 2.8348619460906406, 2.2636139962744597, 3.7989753995345485, 3.3752764884381925, 2.520884154159746, 4.110319980500854, 3.781061834898863, 3.784479394188298], "(4.0, 0.0, 0.0)": [0.0, 0.9871533738806185, 0.9693509498531045, 0.9863033385408799, 0.9207798957266063, 0.9480531454238331, 0.9219221596858723, 0.928143799613427, 1.000847706974569], "(5.0, 1.0, 0.0)": [0.0, 0.0, 13.483954274284496, 0.0, 0.0, 5.375024768888167, -0.21832555922152452, 3.598412644113912, 0.0], "(0.0, 1.0, 1.0)": [0.0, 0.5566932534246073, 0.5691485727823012, 0.5545722337857472, 0.5463267805321644, 0.5614425792727953, 0.5937652775108986, 0.5698469347806101, 0.5567073525001245], "(5.0, 0.0, 0.0)": [0.0, -8.976294245227638, 0.26396032423315047, -1.7010277481369402, -9.820876985141659, 0.5649261684780316, 0.5392321803498633, -7.171644933407091, 0.1660237790917], "(0.0, 0.0, 1.0)": [0.0, 0.6397140327382451, 0.592268546650357, 0.6076462959918216, 0.5885369101191857, 0.5995080412409729, 0.5913770675768382, 0.6023783327384857, 0.6048139104944739], "(1.0, 0.0, 1.0)": [0.0, 0.721243259455368, 0.7445452969625179, 0.7280960386843074, 0.7302635629936715, 0.7343472993566208, 0.7269222157788494, 0.7432069976703011, 0.7901324167878374], "(2.0, 0.0, 0.0)": [0.0, 0.8013871936038756, 0.8219919888216634, 0.8192391286641186, 0.7631857339548753, 0.7892598799318464, 0.7852778789481105, 0.8248054377660301, 0.8080594360107951], "(2.0, 1.0, 0.0)": [0.0, 0.6762234504022168, 0.8905589866666139, 1.0485359544309927, 1.1807489835822544, 1.0728204307101614, 1.2777739527421712, 0.9184745337047735, 0.9544841754692925], "(1.0, 1.0, 1.0)": [0.0, 1.8432216595774324, 1.8887898301756665, 1.504416612458275, 1.8897982843975678, 1.6253468837414817, 1.7080707703601612, 1.7413228179705786, 1.8325421913069417], "(6.0, 0.0, 0.0)": [0.0, 0.0, 0.0, 0.0, 0.0, 0.0, 0.0, 0.0, 0.0], "(6.0, 1.0, 0.0)": [0.0, 0.0, 0.0, 0.0, 0.0, 0.0, 0.0, 0.0, 0.0]}, "stats": {"total_messages": 832745, "total_updates": 726003, "total_reward": -39305.0, "action_counts": [92972, 100474, 98774, 91005, 95725, 89073, 88998, 87787, 87937], "state_visits": {"(3.0, 1.0, 0.0)": 4637, "(3.0, 0.0, 0.0)": 289859, "(4.0, 1.0, 0.0)": 2323, "(4.0, 0.0, 0.0)": 139604, "(5.0, 1.0, 0.0)": 31, "(0.0, 1.0, 1.0)": 1119, "(5.0, 0.0, 0.0)": 524, "(0.0, 0.0, 1.0)": 45251, "(1.0, 0.0, 1.0)": 72852, "(2.0, 0.0, 0.0)": 165558, "(2.0, 1.0, 0.0)": 2358, "(1.0, 1.0, 1.0)": 1886, "(6.0, 0.0, 0.0)": 1, "(6.0, 1.0, 0.0)": 0}}}