{"q": {"(3.0, 1.0, 0.0)": [0.0, 0.6938190260123436, 0.7920872194682798, 0.7911851063333453, 0.701432608988114, 0.7067463321112984, 0.7946588985982972, 0.7240020819559403, 0.6477342893549358], "(3.0, 0.0, 0.0)": [0.0, 0.4561448633651351, 0.5067905710948224, 0.5729999584549208, 0.5159363894689966, 0.48350757789260224, 0.44118484742475433, 0.5372178615190147, 0.42659549532777835], "(4.0, 1.0, 0.0)": [0.0, 1.7970953695643148, 13.105203168942415, 14.191577915368075, 1.6114102590704749, 1.840708463187896, 1.8918405219668215, 9.050701575024428, 1.5114838464940064], "(4.0, 0.0, 0.0)": [0.0, 0.2950671917741199, 0.2828338262435136, 0.29154113062226733, 0.2714625312282567, 0.2942536555779549, 0.28864430699858024, 0.27164099580124335, 0.2923278786846985], "(5.0, 1.0, 0.0)": [0.0, 0.0, 11.694966872193708, 0.0, 0.0, 5.95703125, -0.21832555922152452, 0.0, 0.0], "(0.0, 1.0, 1.0)": [0.0, 1.1187954832090274, 0.6536091850020194, 0.3721151463539015, 1.4397159726047966, 1.2336623773885922, 1.0883413693887287, 0.7873011929502967, 0.36621825859045964], "(5.0, 0.0, 0.0)": [0.0, -7.703901256729206, -0.1264033700616258, -1.9445347188035167, -6.666981320287492, -3.561390796261705, -1.0441804182914027, -8.259653089599901, -1.8549436083971356], "(0.0, 0.0, 1.0)": [0.0, -2.6524438856861985, -1.0682726941594298, -2.794435714635277, -0.00840352785930765, -0.7299879471338495, -0.5976307508375494, -1.6419094027788406, -0.0002134245016135758], "(1.0, 0.0, 1.0)": [0.0, -2.471493187195084, -0.0022061578442841294, -0.06036580452443512, -0.3358869219323515, -0.523974701961717, -0.22027121552122014, -2.376313048438077e-05, -4.342524053691346], "(2.0, 0.0, 0.0)": [0.0, 0.5329333803008829, 0.4284314124642817, 0.538807486937387, 0.5452257199913513, 0.533230103539337, -1.9721794953533287, -0.8784321060911116, 0.5516131413563576], "(2.0, 1.0, 0.0)": [0.0, 0.9448906209243623, 0.977835885430532, 0.9288574597119171, 0.9353081323653546, 0.8228954144108094, 0.9084777674729323, 0.8117815670878797, 0.7914577469301222], "(1.0, 1.0, 1.0)": [0.0, 1.1172733142189881, 1.34614917552509, 1.3364125160931055, 1.3561674775902959, 1.2048027668487786, 1.3380705833334094, 1.410251794432146, 1.4495546342521908], "(6.0, 0.0, 0.0)": [0.0, 0.0, 0.0, 0.0, 0.0, 0.0, 0.0, 0.0, 0.0]}, "stats": {"total_messages": 437287, "total_updates": 370004, "total_reward": -24028.0, "action_counts": [57232, 51109, 48471, 48092, 50022, 49103, 46000, 44204, 43054], "state_visits": {"(3.0, 1.0, 0.0)": 3148, "(3.0, 0.0, 0.0)": 158787, "(4.0, 1.0, 0.0)": 1487, "(4.0, 0.0, 0.0)": 72478, "(5.0, 1.0, 0.0)": 11, "(0.0, 1.0, 1.0)": 415, "(5.0, 0.0, 0.0)": 274, "(0.0, 0.0, 1.0)": 20838, "(1.0, 0.0, 1.0)": 26900, "(2.0, 0.0, 0.0)": 83943, "(2.0, 1.0, 0.0)": 1072, "(1.0, 1.0, 1.0)": 651, "(6.0, 0.0, 0.0)": 0}}}