{"q": {"(3.0, 1.0, 0.0)": [0.0, 0.6938190260123436, 0.7920872194682798, 0.7911851063333453, 0.701432608988114, 0.7067463321112984, 0.7946588985982972, 0.7240020819559403, 0.6477342893549358], "(3.0, 0.0, 0.0)": [0.0, 0.5351319630108803, 0.5157174733442114, 0.5156593850527197, 0.5528295171413399, 0.5098887928808767, 0.5086031557908045, 0.5257521095141664, 0.5086031590261482], "(4.0, 1.0, 0.0)": [0.0, 1.7970953695643148, 13.105203168942415, 14.191577915368075, 1.6114102590704749, 1.840708463187896, 1.8918405219668215, 9.050701575024428, 1.5114838464940064], "(4.0, 0.0, 0.0)": [0.0, 0.5718535199087901, 1.268515146392586, 0.7711317673646907, 1.3046971045524955, 1.0134584142793535, 1.2298336082723678, 1.3367756612149408, 1.2436042426647096], "(5.0, 1.0, 0.0)": [0.0, 0.0, 11.694966872193708, 0.0, 0.0, 5.95703125, -0.21832555922152452, 0.0, 0.0], "(0.0, 1.0, 1.0)": [0.0, 1.1187954832090274, 0.6536091850020194, 0.3721151463539015, 1.4397159726047966, 1.2336623773885922, 1.0883413693887287, 0.7873011929502967, 0.36621825859045964], "(5.0, 0.0, 0.0)": [0.0, -9.413344088087007, -1.3867334176683745, -0.5989905998674769, -6.53527001057269, -0.8885312977324934, 0.05012431980157664, -6.059479745947879, -5.909897447572939], "(0.0, 0.0, 1.0)": [0.0, 0.9419482526288173, 0.8577678677940472, 0.8281315007550424, 0.8421601413990234, 0.8665923924667924, 0.8485892322975226, 0.8606723649375125, 0.8665924926125119], "(1.0, 0.0, 1.0)": [0.0, 0.5635256955394512, 0.4995600517968036, 0.5191765489805382, 0.5021779206493291, 0.5184436402399241, 0.5449422495766294, 0.5279435629040723, 0.5182719185001645], "(2.0, 0.0, 0.0)": [0.0, 0.5740429087228947, 0.5718960293789481, 0.5299186137137311, 0.5439845586172629, 0.5462381774378956, 0.5333566751260623, 0.5345885920401514, 0.5281193683846943], "(2.0, 1.0, 0.0)": [0.0, 0.9448906209243623, 0.977835885430532, 0.9288574597119171, 0.9353081323653546, 0.8228954144108094, 0.9084777674729323, 0.8117815670878797, 0.7914577469301222], "(1.0, 1.0, 1.0)": [0.0, 1.1172733142189881, 1.34614917552509, 1.3364125160931055, 1.3561674775902959, 1.2048027668487786, 1.3380705833334094, 1.410251794432146, 1.4495546342521908], "(6.0, 0.0, 0.0)": [0.0, 0.0, 0.0, 0.0, 0.0, 0.0, 0.0, 0.0, 0.0]}, "stats": {"total_messages": 383068, "total_updates": 321003, "total_reward": -20723.0, "action_counts": [52050, 44589, 42267, 42855, 41678, 42812, 41079, 38177, 37561], "state_visits": {"(3.0, 1.0, 0.0)": 3148, "(3.0, 0.0, 0.0)": 142416, "(4.0, 1.0, 0.0)": 1487, "(4.0, 0.0, 0.0)": 63798, "(5.0, 1.0, 0.0)": 11, "(0.0, 1.0, 1.0)": 415, "(5.0, 0.0, 0.0)": 213, "(0.0, 0.0, 1.0)": 18708, "(1.0, 0.0, 1.0)": 22002, "(2.0, 0.0, 0.0)": 67082, "(2.0, 1.0, 0.0)": 1072, "(1.0, 1.0, 1.0)": 651, "(6.0, 0.0, 0.0)": 0}}}