{"q": {"(3.0, 1.0, 0.0)": [0.0, 2.582593626996709, 2.7674661492237265, 2.8047876396209457, 2.3903595019397677, 2.60930071557193, 1.979651917142959, 1.9568092853892813, 2.47030549818051], "(3.0, 0.0, 0.0)": [0.0, 0.9520705460782779, 1.0345297413309484, 0.9612266511245795, 0.9561434888586477, 0.9517673627553571, 0.9645307866828668, 0.9848663864200713, 0.9517673663384345], "(4.0, 1.0, 0.0)": [0.0, 2.8348619460906406, 4.147274739805351, 3.836743029879097, 3.3752764884381925, 1.655787534274976, 4.110319980500854, 2.4190521665520897, 3.79199596646557], "(4.0, 0.0, 0.0)": [0.0, 1.2465595651101695, 1.3549560490336034, 1.2481986654528328, 1.2503362723644966, 1.2505101743009284, 1.2474646715797706, 1.2465595649470964, 1.246559564968563], "(5.0, 1.0, 0.0)": [0.0, 0.0, 13.483954274284496, 0.0, 0.0, 5.375024768888167, -0.21832555922152452, 3.598412644113912, 0.0], "(0.0, 1.0, 1.0)": [0.0, 0.6418131152556622, 0.47281832296761817, 0.6411920390630532, 0.5814277429379007, 0.6391759798946359, 0.6406368367687647, 0.5909231995226524, 0.6267216402397748], "(5.0, 0.0, 0.0)": [0.0, -8.976294245227638, 0.26396032423315047, -1.7010277481369402, -9.820876985141659, -0.4469600845804433, 0.06282941128579561, -7.171644933407091, -0.35766493743154687], "(0.0, 0.0, 1.0)": [0.0, 0.702518776703031, 0.586270501871365, -0.3210499655430892, 0.6526525944837989, 0.6587900673781989, 0.6491083245964185, 0.6463172745667887, 0.6463504069698711], "(1.0, 0.0, 1.0)": [0.0, 0.6606552826730063, 0.6129272886898419, 0.6121935101000513, 0.6079432657071985, 0.6512823596250948, 0.6304313437504032, 0.6251665415475756, 0.6078035676104183], "(2.0, 0.0, 0.0)": [0.0, 0.7220902679957055, 0.7055376417505511, 0.6962532548892835, 0.723837408831171, 0.6659477481825319, 0.6692952561922709, 0.70143159736275, 0.6659304161246775], "(2.0, 1.0, 0.0)": [0.0, 0.7293042132431402, 0.6680966697279346, 0.704817354756743, 0.6611599327389936, 0.7311975201793266, 0.7053547367635798, 0.7667151396020865, 0.5647278967745059], "(1.0, 1.0, 1.0)": [0.0, 0.40007952616152165, 1.8887898301756665, 2.054815807638163, 1.888432293531273, 1.2620840913871019, 0.4006907236062523, 1.8898008510896562, 1.2611181348407605], "(6.0, 0.0, 0.0)": [0.0, 0.0, 0.0, 0.0, 0.0, 0.0, 0.0, 0.0, 0.0], "(6.0, 1.0, 0.0)": [0.0, 0.0, 0.0, 0.0, 0.0, 0.0, 0.0, 0.0, 0.0]}, "stats": {"total_messages": 813200, "total_updates": 707006, "total_reward": -39354.0, "action_counts": [92777, 97578, 96519, 89636, 91956, 86933, 86639, 85336, 85826], "state_visits": {"(3.0, 1.0, 0.0)": 4371, "(3.0, 0.0, 0.0)": 284982, "(4.0, 1.0, 0.0)": 2230, "(4.0, 0.0, 0.0)": 137346, "(5.0, 1.0, 0.0)": 31, "(0.0, 1.0, 1.0)": 977, "(5.0, 0.0, 0.0)": 511, "(0.0, 0.0, 1.0)": 42722, "(1.0, 0.0, 1.0)": 70161, "(2.0, 0.0, 0.0)": 159800, "(2.0, 1.0, 0.0)": 2071, "(1.0, 1.0, 1.0)": 1803, "(6.0, 0.0, 0.0)": 1, "(6.0, 1.0, 0.0)": 0}}}