{"q": {"(3.0, 1.0, 0.0)": [0.0, 0.6938190260123436, 0.7697275909113297, 0.7911851063333453, 0.8449868472021657, 0.7986358719398224, 0.7669212664553823, 0.7859662122376708, 0.7457419524195678], "(3.0, 0.0, 0.0)": [0.0, 0.553384954300548, 0.5226097516743918, 0.5093425007392772, 0.5288943692821632, 0.5295445385822555, 0.5091141579583844, 0.5402826507624718, 0.5400316004820928], "(4.0, 1.0, 0.0)": [0.0, 4.611884447707894, 13.105203168942415, 12.30193990821007, 1.6114102590704749, 1.840708463187896, 1.8918405219668215, 9.050701575024428, 8.185802751476054], "(4.0, 0.0, 0.0)": [0.0, 0.5157962387026511, 0.536179651844197, 0.5157960365799161, 0.5333235955305565, 0.5606478658327597, 0.5244123317373446, 0.5204926311484848, 0.5157960834204798], "(5.0, 1.0, 0.0)": [0.0, 0.0, 11.694966872193708, 0.0, 0.0, 5.95703125, -0.21832555922152452, 0.0, 0.0], "(0.0, 1.0, 1.0)": [0.0, 1.1187954832090274, 0.6536091850020194, 0.3721151463539015, 1.4397159726047966, 1.2336623773885922, 1.0883413693887287, 0.7873011929502967, 0.36621825859045964], "(5.0, 0.0, 0.0)": [0.0, -8.813625216732822, -0.1264033700616258, -3.62413060539327, -7.7757135624030695, -2.358709776680516, 0.16518540481769733, -8.904658158106116, -1.8549436083971356], "(0.0, 0.0, 1.0)": [0.0, 0.4279751669113334, 0.39649262214583675, 0.4284349995626793, -2.8414754642549616, 0.44055559748637757, 0.4651903937143131, 0.4114296938379272, 0.41887290562449825], "(1.0, 0.0, 1.0)": [0.0, 0.5049722092922341, 0.5364333248328375, 0.504736875483814, 0.537580539207464, 0.5283002803851402, 0.5486270380631181, 0.533493425899604, 0.5461859395210391], "(2.0, 0.0, 0.0)": [0.0, 0.5326233040025077, 0.5317063678149251, 0.5582094305189791, 0.4692073384468659, 0.6058210568357667, 0.5638572587631677, 0.5942884337039998, 0.5929737514824599], "(2.0, 1.0, 0.0)": [0.0, 1.0516005956150534, 0.8477123645256748, 0.8582037988478128, 0.8984537288082882, 0.8228954144108094, 0.9084777674729323, 0.9667601268347984, 0.8653892775611545], "(1.0, 1.0, 1.0)": [0.0, 1.1172733142189881, 1.34614917552509, 1.3364125160931055, 1.3561674775902959, 1.2048027668487786, 1.3350078647055035, 1.410251794432146, 1.4495546342521908], "(6.0, 0.0, 0.0)": [0.0, 0.0, 0.0, 0.0, 0.0, 0.0, 0.0, 0.0, 0.0]}, "stats": {"total_messages": 502123, "total_updates": 432004, "total_reward": -26147.0, "action_counts": [59083, 59724, 56331, 55969, 58591, 56054, 55571, 50205, 50595], "state_visits": {"(3.0, 1.0, 0.0)": 3246, "(3.0, 0.0, 0.0)": 180442, "(4.0, 1.0, 0.0)": 1500, "(4.0, 0.0, 0.0)": 81382, "(5.0, 1.0, 0.0)": 11, "(0.0, 1.0, 1.0)": 415, "(5.0, 0.0, 0.0)": 308, "(0.0, 0.0, 1.0)": 26289, "(1.0, 0.0, 1.0)": 36975, "(2.0, 0.0, 0.0)": 99686, "(2.0, 1.0, 0.0)": 1095, "(1.0, 1.0, 1.0)": 655, "(6.0, 0.0, 0.0)": 0}}}