{"q": {"(3.0, 1.0, 0.0)": [0.0, 0.8376817782615873, 0.8726626652297715, 0.8873879656473096, 1.6737476412652752, 1.5924787731170658, 0.8665569715280786, 0.8914900582638922, 0.8331438806617704], "(3.0, 0.0, 0.0)": [0.0, 0.5610565060642848, 0.5739813248487552, 0.5715252264095052, 0.565863200561004, 0.6098465387541186, 0.5725933155476566, 0.5794784432590705, 0.561058815653807], "(4.0, 1.0, 0.0)": [0.0, 2.8348619460906406, 2.840504314695014, 3.4247007507686376, 2.772017152484081, 4.5811810562128805, 2.7936540071057623, 2.809883033699148, 2.7632315344240284], "(4.0, 0.0, 0.0)": [0.0, 0.3975378581151737, 0.40707546285301355, 0.3975421510016274, 0.4091243833141056, 0.38180578326314296, 0.41499495536388903, 0.4068521265363271, 0.38981981937902266], "(5.0, 1.0, 0.0)": [0.0, 0.0, 13.483954274284496, 0.0, 0.0, 5.375024768888167, -0.21832555922152452, 3.598412644113912, 0.0], "(0.0, 1.0, 1.0)": [0.0, 0.6418131152556622, 0.47281832296761817, 0.6411920390630532, 0.6424516567012555, 0.6391759798946359, 0.6406368367687647, 0.6245261208383119, 0.6267216402397748], "(5.0, 0.0, 0.0)": [0.0, -9.853384336177108, -0.4489502867096019, -3.0240493300212274, -9.57541211292838, -0.794595705920788, -2.596657528567862, -7.680923372225143, -4.431759660114627], "(0.0, 0.0, 1.0)": [0.0, -0.15777979347696042, -2.685422350336065, -2.470514606740558, -6.5469723226117384, -3.186482554595807, -1.5937865487229743, -0.10412529395140249, -2.1253445977575645], "(1.0, 0.0, 1.0)": [0.0, 0.11204183598335117, 0.09907357443072684, 0.10306930629817622, -0.015250320327077831, 0.023006538463373236, 0.0023099899930982895, 0.03176471188999738, 0.029487029170729283], "(2.0, 0.0, 0.0)": [0.0, 0.3172565218620172, 0.3280007493720103, 0.3372714051211111, 0.31371369568505725, 0.3427498294669443, 0.35682297973478755, 0.34480326696689867, 0.2494091971451185], "(2.0, 1.0, 0.0)": [0.0, 0.6628819889529787, 0.6680966697279346, 0.6494469410197674, 0.5190436585096226, 0.6563630279073601, 0.70533669879776, 0.8494475780272007, 0.5647278967745059], "(1.0, 1.0, 1.0)": [0.0, 0.40007952616152165, 0.4049860612090339, 2.054815807638163, 0.39680870735379625, 0.40101673173227614, 0.4006907236062523, 0.40287215539515375, 0.3987270569557629], "(6.0, 0.0, 0.0)": [0.0, 0.0, 0.0, 0.0, 0.0, 0.0, 0.0, 0.0, 0.0], "(6.0, 1.0, 0.0)": [0.0, 0.0, 0.0, 0.0, 0.0, 0.0, 0.0, 0.0, 0.0]}, "stats": {"total_messages": 728024, "total_updates": 628009, "total_reward": -36869.0, "action_counts": [87537, 86740, 83941, 78340, 81725, 79087, 79006, 75340, 76308], "state_visits": {"(3.0, 1.0, 0.0)": 4132, "(3.0, 0.0, 0.0)": 256886, "(4.0, 1.0, 0.0)": 2164, "(4.0, 0.0, 0.0)": 122211, "(5.0, 1.0, 0.0)": 31, "(0.0, 1.0, 1.0)": 944, "(5.0, 0.0, 0.0)": 456, "(0.0, 0.0, 1.0)": 36741, "(1.0, 0.0, 1.0)": 58054, "(2.0, 0.0, 0.0)": 142668, "(2.0, 1.0, 0.0)": 2004, "(1.0, 1.0, 1.0)": 1717, "(6.0, 0.0, 0.0)": 1, "(6.0, 1.0, 0.0)": 0}}}