{"q": {"(3.0, 1.0, 0.0)": [0.0, 1.066633331351444, 0.5329145355231096, 1.0719345469730035, 0.5105330143432751, 1.0416401344337218, 0.4461124653574464, 0.4944317314151046, 0.8778714611750407], "(3.0, 0.0, 0.0)": [0.0, 0.8644581619918223, 0.9400249748730033, 0.8651933410384446, 0.8684474814655908, 0.8648229768831632, 0.8759055201464689, 0.8891536427382765, 0.8711643871718697], "(4.0, 1.0, 0.0)": [0.0, 2.3048848148285606, 2.147569962667004, 1.8662528215982377, 2.234404224974298, 1.8454542878816893, 2.097610331667807, 0.8691522644176559, 0.9001748816396103], "(4.0, 0.0, 0.0)": [0.0, 0.9024735760846161, 0.9268255081968445, 0.9067685427293609, 0.863543872521612, 0.8871245214355122, 0.9249053937394358, 0.912553298839473, 0.934675084387341], "(5.0, 1.0, 0.0)": [0.0, 0.0, 11.694966872193708, 0.0, 0.0, 5.95703125, -0.21832555922152452, 0.0, 0.0], "(0.0, 1.0, 1.0)": [0.0, 1.3338937947275136, 0.7323523845013985, 0.3721151463539015, 1.4397159726047966, 1.037324654593918, 0.9204443047266668, 0.3694498026255397, 0.36621825859045964], "(5.0, 0.0, 0.0)": [0.0, -9.057715465082161, -5.545740348731498, -0.7986541331566359, -8.949787095221595, -4.542100473910381, -0.4294521198728401, -6.059479745947879, -5.909897447572939], "(0.0, 0.0, 1.0)": [0.0, -0.8498748278344666, -7.8600767546314, -0.17037790818618836, -2.3734746062104937, -0.2298644731021824, -0.619685916754489, -0.0019898704819774795, -0.24220362276672516], "(1.0, 0.0, 1.0)": [0.0, 0.3184536447835893, 0.3197504649784599, 0.31551507496929926, 0.23331856680217877, 0.29752773477343825, 0.2979330946439004, 0.23155669925021938, 0.3086893295842228], "(2.0, 0.0, 0.0)": [0.0, 0.5249460693371841, 0.5464968618495583, 0.529558832333913, 0.5562142865102355, 0.5212367899771804, 0.5525588139176922, 0.5648806157747942, 0.5196901665128109], "(2.0, 1.0, 0.0)": [0.0, 0.3459484501945023, 0.3437886192318903, 0.34644645441704575, 0.3429705833348483, 0.34667906874174703, 0.34644845748832903, 1.0626642295814015, 0.291999029347744], "(1.0, 1.0, 1.0)": [0.0, 0.7013761539542837, 1.690964084393481, 1.6798772112646077, 1.1416381956372337, 1.7144712672995595, 1.2916615880616606, 1.2928114333999978, 1.7159100512060645], "(6.0, 0.0, 0.0)": [0.0, 0.0, 0.0, 0.0, 0.0, 0.0, 0.0, 0.0, 0.0]}, "stats": {"total_messages": 318594, "total_updates": 259005, "total_reward": -19955.0, "action_counts": [50247, 36983, 34673, 35871, 33275, 36497, 32018, 29894, 29136], "state_visits": {"(3.0, 1.0, 0.0)": 2870, "(3.0, 0.0, 0.0)": 118434, "(4.0, 1.0, 0.0)": 1276, "(4.0, 0.0, 0.0)": 55014, "(5.0, 1.0, 0.0)": 11, "(0.0, 1.0, 1.0)": 394, "(5.0, 0.0, 0.0)": 195, "(0.0, 0.0, 1.0)": 14378, "(1.0, 0.0, 1.0)": 13868, "(2.0, 0.0, 0.0)": 51134, "(2.0, 1.0, 0.0)": 945, "(1.0, 1.0, 1.0)": 486, "(6.0, 0.0, 0.0)": 0}}}