{"q": {"(3.0, 1.0, 0.0)": [0.0, 1.4445271846658336, 1.2511195049383348, 1.0992933607058337, 1.0355898605060345, 1.4781672826937602, 1.2034509250953225, 0.8914900582638922, 1.137682798136928], "(3.0, 0.0, 0.0)": [0.0, 0.8054079483234872, 0.8403894674843634, 0.7447567919097409, 0.774146610412902, 0.8121000362601609, 0.7921846958530604, 0.7731583100856145, 0.7932288989231303], "(4.0, 1.0, 0.0)": [0.0, 2.8348619460906406, 8.058143417833866, 3.4247007507686376, 2.772017152484081, 0.9358857921596604, 2.7936540071057623, 2.809883033699148, 3.3982431132392006], "(4.0, 0.0, 0.0)": [0.0, 0.9373814209680074, 0.9538686620046888, 0.9701992387817451, 0.8925833239469962, 0.9153611007372824, 0.9478047984281515, 0.8928858837899369, 0.892583077985695], "(5.0, 1.0, 0.0)": [0.0, 0.0, 13.483954274284496, 0.0, 0.0, 5.375024768888167, -0.21832555922152452, 3.598412644113912, 0.0], "(0.0, 1.0, 1.0)": [0.0, 0.6418131152556622, 0.47281832296761817, 0.6411920390630532, 0.6424516567012555, 0.6391759798946359, 0.6406368367687647, 0.6245261208383119, 0.6267216402397748], "(5.0, 0.0, 0.0)": [0.0, -9.965207415713902, -1.9815380074906577, -1.7010277481369402, -9.820876985141659, -0.4469600845804433, -0.821598671148425, -9.690440638125999, -1.4022364549581439], "(0.0, 0.0, 1.0)": [0.0, -0.03359634337066052, -1.0678616187681077e-11, 0.7184337858762107, -2.0121319602383098e-13, -2.151079056062211e-08, -5.60976493514215e-07, -0.16498240835756572, -0.00884944080768187], "(1.0, 0.0, 1.0)": [0.0, 0.647891664382581, 0.624859313849258, 0.6269534459363107, 0.6231377367332914, 0.6482237999523341, 0.6791949063578889, 0.6245855101896732, 0.6246647695417628], "(2.0, 0.0, 0.0)": [0.0, 0.7511408245674206, 0.708514408736948, 0.7464304969407825, 0.7033489797392223, 0.7645097605861109, 0.7412121335653576, 0.7059509874309842, 0.7218891359889176], "(2.0, 1.0, 0.0)": [0.0, 0.6628819889529787, 0.6680966697279346, 0.6494469410197674, 0.5190436585096226, 0.7690922351491825, 0.70533669879776, 0.8325314645631864, 0.5647278967745059], "(1.0, 1.0, 1.0)": [0.0, 0.40007952616152165, 0.4049860612090339, 2.054815807638163, 0.39680870735379625, 0.40101673173227614, 0.4006907236062523, 0.40287215539515375, 0.3987270569557629], "(6.0, 0.0, 0.0)": [0.0, 0.0, 0.0, 0.0, 0.0, 0.0, 0.0, 0.0, 0.0], "(6.0, 1.0, 0.0)": [0.0, 0.0, 0.0, 0.0, 0.0, 0.0, 0.0, 0.0, 0.0]}, "stats": {"total_messages": 775015, "total_updates": 670004, "total_reward": -38271.0, "action_counts": [92445, 92175, 90786, 84196, 86272, 83567, 83411, 80831, 81332], "state_visits": {"(3.0, 1.0, 0.0)": 4235, "(3.0, 0.0, 0.0)": 272511, "(4.0, 1.0, 0.0)": 2172, "(4.0, 0.0, 0.0)": 132117, "(5.0, 1.0, 0.0)": 31, "(0.0, 1.0, 1.0)": 944, "(5.0, 0.0, 0.0)": 488, "(0.0, 0.0, 1.0)": 37768, "(1.0, 0.0, 1.0)": 64984, "(2.0, 0.0, 0.0)": 151023, "(2.0, 1.0, 0.0)": 2013, "(1.0, 1.0, 1.0)": 1717, "(6.0, 0.0, 0.0)": 1, "(6.0, 1.0, 0.0)": 0}}}