{"q": {"(3.0, 1.0, 0.0)": [0.0, 0.6938190260123436, 0.7920872194682798, 0.7911851063333453, 0.701432608988114, 0.7067463321112984, 0.7946588985982972, 0.7240020819559403, 0.6477342893549358], "(3.0, 0.0, 0.0)": [0.0, 0.5535040446994399, 0.55209668496276, 0.520784257090609, 0.8131399287875893, 0.7484633837185357, 0.5375951867969504, 0.7789350476290196, 0.5283342882745501], "(4.0, 1.0, 0.0)": [0.0, 1.7970953695643148, 13.105203168942415, 14.191577915368075, 1.6114102590704749, 1.840708463187896, 1.8918405219668215, 9.050701575024428, 1.5114838464940064], "(4.0, 0.0, 0.0)": [0.0, 0.5718535199087901, 0.9000980157443694, 0.9554315868604062, 0.8431750955710359, 0.9730993289622714, 0.9572902016786018, 0.9412020021411348, 0.9203389923577815], "(5.0, 1.0, 0.0)": [0.0, 0.0, 11.694966872193708, 0.0, 0.0, 5.95703125, -0.21832555922152452, 0.0, 0.0], "(0.0, 1.0, 1.0)": [0.0, 1.1187954832090274, 0.6536091850020194, 0.3721151463539015, 1.4397159726047966, 1.2336623773885922, 1.0883413693887287, 0.7873011929502967, 0.36621825859045964], "(5.0, 0.0, 0.0)": [0.0, -9.413344088087007, -1.3867334176683745, -0.5989905998674769, -6.53527001057269, -0.8885312977324934, 0.05012431980157664, -7.437036730208334, -5.909897447572939], "(0.0, 0.0, 1.0)": [0.0, 0.7040938994305933, 0.7554149799536964, 0.7426157143428862, 0.7041462000205482, 0.713867367647262, 0.8211050539235762, 0.711446286091012, 0.7193842990246011], "(1.0, 0.0, 1.0)": [0.0, 0.5378105808737355, 0.7611220755042942, 0.5207187393272278, 0.5612204069634363, 0.5916935298137148, 0.5279995906603279, 0.5597477741858308, 0.6074988162313091], "(2.0, 0.0, 0.0)": [0.0, 0.5535676132242454, 0.5336184011225635, 0.5784310586130768, 0.5287794159313616, 0.536106755918186, 0.5578032439487557, 0.5767803217709608, 0.5149191674260161], "(2.0, 1.0, 0.0)": [0.0, 0.9448906209243623, 0.977835885430532, 0.9288574597119171, 0.9353081323653546, 0.8228954144108094, 0.9084777674729323, 0.8117815670878797, 0.7914577469301222], "(1.0, 1.0, 1.0)": [0.0, 1.1172733142189881, 1.34614917552509, 1.3364125160931055, 1.3561674775902959, 1.2048027668487786, 1.3380705833334094, 1.410251794432146, 1.4495546342521908], "(6.0, 0.0, 0.0)": [0.0, 0.0, 0.0, 0.0, 0.0, 0.0, 0.0, 0.0, 0.0]}, "stats": {"total_messages": 393162, "total_updates": 331004, "total_reward": -20751.0, "action_counts": [52151, 45956, 43719, 43557, 43517, 44225, 41513, 40321, 38203], "state_visits": {"(3.0, 1.0, 0.0)": 3148, "(3.0, 0.0, 0.0)": 145689, "(4.0, 1.0, 0.0)": 1487, "(4.0, 0.0, 0.0)": 64918, "(5.0, 1.0, 0.0)": 11, "(0.0, 1.0, 1.0)": 415, "(5.0, 0.0, 0.0)": 215, "(0.0, 0.0, 1.0)": 19747, "(1.0, 0.0, 1.0)": 23517, "(2.0, 0.0, 0.0)": 70134, "(2.0, 1.0, 0.0)": 1072, "(1.0, 1.0, 1.0)": 651, "(6.0, 0.0, 0.0)": 0}}}