{"q": {"(3.0, 1.0, 0.0)": [0.0, 1.9635105996945874, 2.0037849108498995, 1.5519817009753196, 2.0281662072484004, 2.032248525949945, 2.0220055010438047, 1.6161247302662933, 2.0138630965280764], "(3.0, 0.0, 0.0)": [0.0, 0.6765787571000708, 0.6392879074318383, 0.6428972590424028, 0.7650847535604639, 0.8684873082408356, 0.6844994203244873, 0.7069618994453076, 0.6892771120366068], "(4.0, 1.0, 0.0)": [0.0, 2.8348619460906406, 2.2636139962744597, 3.7989753995345485, 3.3752764884381925, 2.520884154159746, 4.110319980500854, 3.781061834898863, 3.784479394188298], "(4.0, 0.0, 0.0)": [0.0, 0.6088599310011064, 0.5888752228189817, 0.5918460466506767, 0.5756125580346689, 0.6081465381121713, 0.5623714278802924, 0.563662277872105, 0.5908799639506874], "(5.0, 1.0, 0.0)": [0.0, 0.0, 13.483954274284496, 0.0, 0.0, 5.375024768888167, -0.21832555922152452, 3.598412644113912, 0.0], "(0.0, 1.0, 1.0)": [0.0, 0.5238277356444393, 1.02638527155107, 0.5545722337857472, 0.5462646839795721, 0.5439586763251649, 0.5256006369797743, 0.5562130825866791, 0.5567073525001245], "(5.0, 0.0, 0.0)": [0.0, -8.976294245227638, 0.26396032423315047, -1.7010277481369402, -9.820876985141659, -1.9608376303263555, 0.5392321803498633, -5.25139934168037, 0.1660237790917], "(0.0, 0.0, 1.0)": [0.0, -0.08607716902878204, -0.6304825499530776, -0.14016571528811145, -0.7506895053011975, -0.03998610829698587, -0.07651857627421352, -2.5765585892551535, -0.08935655903835298], "(1.0, 0.0, 1.0)": [0.0, 0.551486570260737, 0.5325827151050059, 0.5646354843395087, 0.5788100523471897, 0.5463517751677575, 0.5725871993538973, 0.5412383191778847, 0.5613760900508504], "(2.0, 0.0, 0.0)": [0.0, 0.5350131985094174, 0.5744127892405686, 0.5374704398444012, 0.5541855288124555, 0.5410812729631533, 0.5324290097279851, 0.5774365330887592, 0.540429220394867], "(2.0, 1.0, 0.0)": [0.0, 0.8506995805968669, 1.0114512327951648, 1.7954395356551416, 1.3742894732639415, 1.2081006044993063, 1.3831229024778497, 1.3762377195607818, 1.376719040228179], "(1.0, 1.0, 1.0)": [0.0, 1.3391198021785453, 1.2772826237609731, 1.3368900882930785, 1.3287569839810813, 1.3294315009763849, 1.3509199882771816, 1.346154091511135, 1.3411866361599594], "(6.0, 0.0, 0.0)": [0.0, 0.0, 0.0, 0.0, 0.0, 0.0, 0.0, 0.0, 0.0], "(6.0, 1.0, 0.0)": [0.0, 0.0, 0.0, 0.0, 0.0, 0.0, 0.0, 0.0, 0.0]}, "stats": {"total_messages": 844970, "total_updates": 738004, "total_reward": -39464.0, "action_counts": [93204, 101787, 100812, 92405, 97201, 90244, 90373, 89527, 89417], "state_visits": {"(3.0, 1.0, 0.0)": 4760, "(3.0, 0.0, 0.0)": 293243, "(4.0, 1.0, 0.0)": 2323, "(4.0, 0.0, 0.0)": 140449, "(5.0, 1.0, 0.0)": 31, "(0.0, 1.0, 1.0)": 1201, "(5.0, 0.0, 0.0)": 527, "(0.0, 0.0, 1.0)": 46378, "(1.0, 0.0, 1.0)": 75452, "(2.0, 0.0, 0.0)": 168933, "(2.0, 1.0, 0.0)": 2575, "(1.0, 1.0, 1.0)": 2131, "(6.0, 0.0, 0.0)": 1, "(6.0, 1.0, 0.0)": 0}}}