{"q": {"(3.0, 1.0, 0.0)": [0.0, 0.8376817782615873, 0.8726626652297715, 0.8873879656473096, 1.6737476412652752, 1.5924787731170658, 0.8665569715280786, 0.8914900582638922, 0.8331438806617704], "(3.0, 0.0, 0.0)": [0.0, 0.6408116500962657, 0.6249847650426705, 0.6709675492693008, 0.6370190153162028, 0.6794959198109951, 0.6589500615695092, 0.6257223346417125, 0.6553391687005773], "(4.0, 1.0, 0.0)": [0.0, 2.8348619460906406, 2.840504314695014, 3.4247007507686376, 2.772017152484081, 4.5811810562128805, 2.7936540071057623, 2.809883033699148, 2.7632315344240284], "(4.0, 0.0, 0.0)": [0.0, 0.3498522379607827, 0.3871204892013277, 0.3875290603962842, 0.362556147023844, 0.33785125342180805, 0.3824682222324537, 0.38612731313620413, 0.3396935390886152], "(5.0, 1.0, 0.0)": [0.0, 0.0, 13.483954274284496, 0.0, 0.0, 5.375024768888167, -0.21832555922152452, 3.598412644113912, 0.0], "(0.0, 1.0, 1.0)": [0.0, 0.6418131152556622, 0.47281832296761817, 0.6411920390630532, 0.6424516567012555, 0.6391759798946359, 0.6406368367687647, 0.6245261208383119, 0.6267216402397748], "(5.0, 0.0, 0.0)": [0.0, -9.853384336177108, -2.6420506766542102, -3.0240493300212274, -9.820876985141659, -0.595946779440591, -2.596657528567862, -7.680923372225143, -3.3238197450859706], "(0.0, 0.0, 1.0)": [0.0, -5.009181387681571e-05, -3.600823808149249e-05, -7.85222811994257e-05, -0.11665361249040793, -0.6455335435029831, -0.008985306544751468, -0.00018573939861958074, -0.06839217570146322], "(1.0, 0.0, 1.0)": [0.0, 0.390456586220642, -6.460144593877077, -0.6983094576251103, 0.3474340521876453, 0.18887534799697822, -1.0157306441712606, 0.36538356293854624, 0.39224222083988775], "(2.0, 0.0, 0.0)": [0.0, 0.56942065742213, 0.5720432381283698, 0.550779429215356, 0.4922254576204098, 0.6065567811566139, 0.5723624020955058, 0.5815995068660653, 0.5739110700465204], "(2.0, 1.0, 0.0)": [0.0, 0.6628819889529787, 0.6680966697279346, 0.6494469410197674, 0.5190436585096226, 0.6563630279073601, 0.70533669879776, 0.8494475780272007, 0.5647278967745059], "(1.0, 1.0, 1.0)": [0.0, 0.40007952616152165, 0.4049860612090339, 2.054815807638163, 0.39680870735379625, 0.40101673173227614, 0.4006907236062523, 0.40287215539515375, 0.3987270569557629], "(6.0, 0.0, 0.0)": [0.0, 0.0, 0.0, 0.0, 0.0, 0.0, 0.0, 0.0, 0.0], "(6.0, 1.0, 0.0)": [0.0, 0.0, 0.0, 0.0, 0.0, 0.0, 0.0, 0.0, 0.0]}, "stats": {"total_messages": 739325, "total_updates": 638004, "total_reward": -37075.0, "action_counts": [88779, 87538, 86659, 80053, 82662, 79770, 80114, 76274, 77476], "state_visits": {"(3.0, 1.0, 0.0)": 4132, "(3.0, 0.0, 0.0)": 260471, "(4.0, 1.0, 0.0)": 2164, "(4.0, 0.0, 0.0)": 125279, "(5.0, 1.0, 0.0)": 31, "(0.0, 1.0, 1.0)": 944, "(5.0, 0.0, 0.0)": 465, "(0.0, 0.0, 1.0)": 36949, "(1.0, 0.0, 1.0)": 59443, "(2.0, 0.0, 0.0)": 144404, "(2.0, 1.0, 0.0)": 2004, "(1.0, 1.0, 1.0)": 1717, "(6.0, 0.0, 0.0)": 1, "(6.0, 1.0, 0.0)": 0}}}