{"q": {"(3.0, 1.0, 0.0)": [0.0, 0.8376817782615873, 0.8726626652297715, 0.8873879656473096, 3.019436055303552, 0.8757564464998853, 0.8665569715280786, 0.8914900582638922, 0.8331438806617704], "(3.0, 0.0, 0.0)": [0.0, 0.5243643726170151, 0.6738854459000748, 0.42198289823908364, 0.6275410491280742, 0.5965897506383555, 0.6403550523062493, 0.5549433337996856, 0.5065905434283546], "(4.0, 1.0, 0.0)": [0.0, 3.4337414088519127, 3.452410906089308, 3.5316821501318865, 3.519361704927392, 3.486781383969313, 3.545711319879107, 3.264133755145511, 2.7632315344240284], "(4.0, 0.0, 0.0)": [0.0, 0.3561965288054306, 0.2979381286810065, 0.32810564349088256, 0.3064727826440369, 0.23752091432057318, 0.2618778504680906, 0.271041970258981, 0.25181616666178996], "(5.0, 1.0, 0.0)": [0.0, 0.0, 15.64527236571266, 0.0, 0.0, 5.375024768888167, -0.21832555922152452, 0.0, 0.0], "(0.0, 1.0, 1.0)": [0.0, 0.6418131152556622, 0.6432902353300927, 0.6411920390630532, 0.6424516567012555, 0.6522203876475877, 0.6406368367687647, 0.6483936962073341, 0.649783796070868], "(5.0, 0.0, 0.0)": [0.0, -4.263643498390519, -0.05332642174474839, -5.23458266914665, -4.3452132770155725, -1.2927608943910498, -1.2873134770560148, -4.807955208374785, -0.2391847405653427], "(0.0, 0.0, 1.0)": [0.0, -2.3733187858788884, -2.5914440550064257, -0.21770161721825873, -1.7379915683384919, -0.2638426667743087, -3.35229169323274, -1.2015814790394554, -1.7379156419839639], "(1.0, 0.0, 1.0)": [0.0, -1.6469637693765597, -1.555745107548762, -0.10592056407119667, -1.2306693789743475, -1.8252968462443049, -1.3170943892111815, -1.4842335248192535, -5.994824063963689], "(2.0, 0.0, 0.0)": [0.0, -1.6383249941131952, -0.04093480633502897, -0.016310014212986824, -0.4193942585564391, -0.03123139071455442, -0.259937110196905, -2.3019473892602123, -0.09107088493164575], "(2.0, 1.0, 0.0)": [0.0, 0.6628819889529787, 0.6680966697279346, 0.6494469410197674, 0.5190436585096226, 0.6563630279073601, 0.70533669879776, 0.8494475780272007, 0.5647278967745059], "(1.0, 1.0, 1.0)": [0.0, 0.40007952616152165, 0.4049860612090339, 2.054815807638163, 0.39680870735379625, 0.40101673173227614, 0.4006907236062523, 0.40287215539515375, 0.3987270569557629], "(6.0, 0.0, 0.0)": [0.0, 0.0, 0.0, 0.0, 0.0, 0.0, 0.0, 0.0, 0.0], "(6.0, 1.0, 0.0)": [0.0, 0.0, 0.0, 0.0, 0.0, 0.0, 0.0, 0.0, 0.0]}, "stats": {"total_messages": 676570, "total_updates": 588002, "total_reward": -32699.0, "action_counts": [76484, 80189, 77865, 74047, 78163, 73376, 74159, 71100, 71187], "state_visits": {"(3.0, 1.0, 0.0)": 4115, "(3.0, 0.0, 0.0)": 238136, "(4.0, 1.0, 0.0)": 2079, "(4.0, 0.0, 0.0)": 106644, "(5.0, 1.0, 0.0)": 29, "(0.0, 1.0, 1.0)": 937, "(5.0, 0.0, 0.0)": 362, "(0.0, 0.0, 1.0)": 36290, "(1.0, 0.0, 1.0)": 56800, "(2.0, 0.0, 0.0)": 138889, "(2.0, 1.0, 0.0)": 2004, "(1.0, 1.0, 1.0)": 1717, "(6.0, 0.0, 0.0)": 0, "(6.0, 1.0, 0.0)": 0}}}