{"q": {"(3.0, 1.0, 0.0)": [0.0, 0.10697854339687182, 0.10659078199757747, 0.1058841031359275, 0.10479928096948622, 0.1060868302199982, 0.10641912455282973, -0.15528917997359135, 0.10599137613772136], "(3.0, 0.0, 0.0)": [0.0, 0.134888044381196, 0.14067451441714657, 0.14386878581124898, 0.13638608831494728, 0.13662740998022388, 0.14359988776747784, 0.13841517054641336, 0.14400028570769408], "(4.0, 1.0, 0.0)": [0.0, 0.8185307662528742, 0.691870878723313, 0.4164508688585529, 0.7588263832313005, 0.7510087260782441, 0.7564339550830733, 0.9438225572551223, 0.8468659981662932], "(4.0, 0.0, 0.0)": [0.0, -0.33120021481034756, -0.07887918774561804, -0.0016184837205224327, 0.13550378560646018, -0.24285238721941663, -0.39296311041911886, -0.015112708247352993, -0.508452376144487], "(5.0, 1.0, 0.0)": [0.0, 0.0, 2.5568858812699764, 0.4314805350687664, 6.34854866931428, 3.028868108091281, -0.21832555922152452, 3.2732795152764322, 0.0], "(0.0, 1.0, 1.0)": [0.0, -1.3491360906470997, 0.8310074657514094, -1.7710369478882173, 0.8343749049415645, 0.7128188545817483, 0.8115839629035932, 0.8254241262951949, 0.5781905552203233], "(5.0, 0.0, 0.0)": [0.0, -6.308664276996634, -1.2948917382141394, -2.413215810933954, -4.143182478106638, -0.34898697082712726, -3.830126857427597, -3.949809097271406, -1.3362087181956892], "(0.0, 0.0, 1.0)": [0.0, -0.41098298110324166, -2.9134227333906253, -2.899778906943337, -3.008302251102209, -0.16776081257411019, -1.2163181842948083, -0.06092737577152167, -0.019341620659485446], "(1.0, 0.0, 1.0)": [0.0, 0.06849507925430755, 0.06964713855243426, 0.06877682202336032, 0.06882273841448358, 0.06973539453807995, 0.0699291533897111, 0.06912875895583015, 0.05278099575699814], "(2.0, 0.0, 0.0)": [0.0, -0.051419094662528975, -0.3540709076884737, -0.012256401604750028, -0.10644958590726383, -0.18447266585025934, -0.05432520881190549, -0.15727641485847904, -0.08547531197347444], "(2.0, 1.0, 0.0)": [0.0, 0.19885121215513177, 0.19288298094706616, 0.1996326664004673, 0.19503033225658736, 0.19873732584344403, 0.19629218768150591, 0.19885222146583517, 0.19686690217995262], "(1.0, 1.0, 1.0)": [0.0, 0.20658931591633045, 0.20181234377410096, 0.20555446851172643, 0.20468093221637815, 0.20355516120549294, 0.20317636026534197, 0.1577420386625356, 0.2005121242614383], "(6.0, 0.0, 0.0)": [0.0, 0.0, 0.05726150153538704, 0.0, 0.0, 0.0, 0.0, 0.0, 0.0], "(6.0, 1.0, 0.0)": [0.0, 0.0, 0.0, 0.0, 0.0, 0.0, 0.0, 0.0, 0.0]}, "stats": {"total_messages": 952650, "total_updates": 820006, "total_reward": -43819.0, "action_counts": [117959, 112805, 111985, 100997, 107735, 102233, 101008, 99706, 98222], "state_visits": {"(3.0, 1.0, 0.0)": 10709, "(3.0, 0.0, 0.0)": 326154, "(4.0, 1.0, 0.0)": 6238, "(4.0, 0.0, 0.0)": 160811, "(5.0, 1.0, 0.0)": 53, "(0.0, 1.0, 1.0)": 2049, "(5.0, 0.0, 0.0)": 580, "(0.0, 0.0, 1.0)": 47320, "(1.0, 0.0, 1.0)": 81366, "(2.0, 0.0, 0.0)": 177336, "(2.0, 1.0, 0.0)": 3946, "(1.0, 1.0, 1.0)": 3442, "(6.0, 0.0, 0.0)": 2, "(6.0, 1.0, 0.0)": 0}}}