{"q": {"(3.0, 1.0, 0.0)": [0.0, 0.7868004937117306, 0.7680233069142474, 0.6601663230590924, 0.7247859770669234, 0.6006027971429292, 0.7442888539347318, 0.7821850239008237, 0.723851417244636], "(3.0, 0.0, 0.0)": [0.0, 0.4957597118394145, 0.4786437825345765, 0.4794576484466194, 0.48333061113814313, 0.48498627114934206, 0.5070311556297699, 0.5151916252987782, 0.475768955098929], "(4.0, 1.0, 0.0)": [0.0, 1.7303516202991445, 2.9505031521778258, 1.1498598999747018, 1.8605200512565567, 1.9316454354318542, 1.1380563011750509, 1.2967431741310687, 1.923187034148428], "(4.0, 0.0, 0.0)": [0.0, 0.7015150185620223, 0.6625954992694594, 0.7020746449863003, 0.7040936914224027, 0.6805225035004427, 0.698235963917462, 0.7184446627451877, 0.6609822624711701], "(5.0, 1.0, 0.0)": [0.0, 0.0, 11.694966872193708, 0.0, 0.0, 5.95703125, -2.3326210184312908, 0.0, 0.0], "(0.0, 1.0, 1.0)": [0.0, 0.3833493124328311, 0.40485341695492816, 0.3993703678900933, 0.41429932572903994, 0.42950311790053447, 0.40370644971047764, 0.4367218337031259, 0.4017847815366344], "(5.0, 0.0, 0.0)": [0.0, -8.428572719008947, -0.626798986612154, 0.47788773155464137, -6.8359375, -1.961758368875276, -4.289677507694931, -2.5, 0.2542028225289001], "(0.0, 0.0, 1.0)": [0.0, 0.28634077005732395, -0.3018092559052288, 0.30478296379554126, -0.31920743096196524, 0.30476606299776515, 0.33128583021254476, 0.30471965789932665, 0.30478296379553865], "(1.0, 0.0, 1.0)": [0.0, 0.4505287105516057, 0.5344445883256863, 0.5118385993755762, 0.5013517916468214, 0.49187398924167464, 0.519584152334786, 0.5066142761566279, 0.5194096289338213], "(2.0, 0.0, 0.0)": [0.0, 0.48167783924569274, 0.48530573277771855, 0.4464813888210277, 0.4464812741555012, 0.44652580931746944, 0.4637087786897015, 0.4465714473471786, 0.4464812749663384], "(2.0, 1.0, 0.0)": [0.0, 0.5988322502344817, 0.3710074700324143, 0.4733613202103938, 0.4912493846056477, 0.5377239217944787, 0.6154996061585591, 0.39483482863200464, 0.551880862320295], "(1.0, 1.0, 1.0)": [0.0, 0.7635282888169664, 1.0708186735576628, 0.8566649795894776, 1.0495945632961194, 1.0535483460031143, 1.1411353708762488, 0.9119602746439139, 0.9474503442544107], "(6.0, 0.0, 0.0)": [0.0, 0.0, 0.0, 0.0, 0.0, 0.0, 0.0, 0.0, 0.0]}, "stats": {"total_messages": 117272, "total_updates": 89003, "total_reward": -6746.0, "action_counts": [19318, 10661, 12692, 11760, 11323, 14288, 11773, 13460, 11997], "state_visits": {"(3.0, 1.0, 0.0)": 1798, "(3.0, 0.0, 0.0)": 38861, "(4.0, 1.0, 0.0)": 858, "(4.0, 0.0, 0.0)": 19337, "(5.0, 1.0, 0.0)": 8, "(0.0, 1.0, 1.0)": 283, "(5.0, 0.0, 0.0)": 80, "(0.0, 0.0, 1.0)": 9589, "(1.0, 0.0, 1.0)": 5970, "(2.0, 0.0, 0.0)": 11460, "(2.0, 1.0, 0.0)": 442, "(1.0, 1.0, 1.0)": 317, "(6.0, 0.0, 0.0)": 0}}}