{"q": {"(3.0, 1.0, 0.0)": [0.0, -1.1676617568803012, -4.937968304999177, -0.1384434857892854, -0.3554105058513196, -0.6329163197459224, -0.3496578111645835, -0.0019316862464183408, -1.8145213039844985], "(3.0, 0.0, 0.0)": [0.0, 0.13309780218094733, 0.18865549142727261, 0.12809337544281885, 0.13320650762585928, 0.1331616799117736, 0.10713959426166718, 0.2340036553329611, 0.28693965335762917], "(4.0, 0.0, 0.0)": [0.0, 0.26694925427578214, 0.1522307081153001, 0.1523957661638721, 0.15160687464701783, 0.07354230071188836, 0.13132327673013214, 0.12188556709841902, 0.13748376766543413], "(4.0, 1.0, 0.0)": [0.0, -3.2694146963615918, -0.7117856998715162, -0.2919303745663675, -1.0955619947434203, -2.6978076153234003, -1.3549180759341182, -1.0049473489329417, -0.3067474804576562], "(5.0, 0.0, 0.0)": [0.0, 0.0, 0.0, 0.0, -2.4895831420898435, 0.0, 0.0, 0.0, -2.4975], "(0.0, 0.0, 1.0)": [0.0, -7.742933376023798, -3.1075008828775026, -1.4182110674154522, -2.294330901866258, -2.0809521664671142, -2.908404603600502, -4.644281802369267, -8.744313169730468], "(1.0, 0.0, 1.0)": [0.0, -4.546565759208163, -2.7825170157889403, -1.0199585515914427, -2.6660229590889664, -3.1654898977025776, -0.677602592516531, -2.9136795691704718, -0.3227989322815622], "(2.0, 0.0, 0.0)": [0.0, -0.12496962820405058, -0.126122881389981, -0.001810730186318334, -4.672615151367208, -2.5660671460365534, -3.069396622563212, -0.09183353204412602, -0.047044733582703], "(2.0, 1.0, 0.0)": [0.0, -0.7930834483544607, -0.4169629359726558, -3.4113435230693634, -2.475744564784944, -0.5753954833622972, -2.7727725360409723, -3.723938029671949, -0.4373242757120011], "(5.0, 1.0, 0.0)": [0.0, 0.0, 0.5670713052978514, 0.0, 1.5070439064970016, 0.0, 0.0, -0.18034062500000014, 0.0], "(0.0, 1.0, 1.0)": [0.0, -0.6856220036718529, -0.16975982751759638, -2.710456252590431, -0.8600176734993408, -1.4046631774586515, -1.223766731071878, -0.7679397507722419, -0.44346193581721277], "(1.0, 1.0, 1.0)": [0.0, -1.7740239465278607, -0.6797190302880018, -4.783899538826881, -0.7044396800808432, -0.896785550265863, -0.9231554292593702, -1.8938709588378635, -1.356868673955516], "(-1.0, 0.0, 1.0)": [0.0, 0.0, 0.0, 0.0, 0.0, 0.0, 0.0, 0.0, 0.0], "(-1.0, 1.0, 1.0)": [0.0, 0.0, 0.0, 0.0, 0.0, 0.0, 0.0, 0.0, 0.0]}, "stats": {"total_messages": 38116, "total_updates": 27912, "total_reward": -1996.8800000002084, "action_counts": [9874, 3204, 2416, 6784, 4464, 4448, 1995, 2667, 2264], "state_visits": {"(3.0, 1.0, 0.0)": 2751, "(3.0, 0.0, 0.0)": 11816, "(4.0, 0.0, 0.0)": 7259, "(4.0, 1.0, 0.0)": 2426, "(5.0, 0.0, 0.0)": 9, "(0.0, 0.0, 1.0)": 150, "(1.0, 0.0, 1.0)": 336, "(2.0, 0.0, 0.0)": 909, "(2.0, 1.0, 0.0)": 706, "(5.0, 1.0, 0.0)": 18, "(0.0, 1.0, 1.0)": 666, "(1.0, 1.0, 1.0)": 866, "(-1.0, 0.0, 1.0)": 0, "(-1.0, 1.0, 1.0)": 0}}}