{"q": {"(3.0, 1.0, 0.0)": [0.0, 0.8376817782615873, 0.8726626652297715, 0.8873879656473096, 3.019436055303552, 0.8757564464998853, 0.8665569715280786, 0.8914900582638922, 0.8331438806617704], "(3.0, 0.0, 0.0)": [0.0, 1.9865845930008197, 2.009086671268557, 2.0329002448110653, 2.045710558743044, 1.9797544579889133, 2.056629361196848, 1.9204802735238429, 1.2728059022291482], "(4.0, 1.0, 0.0)": [0.0, 3.4337414088519127, 3.452410906089308, 3.5316821501318865, 3.519361704927392, 3.486781383969313, 3.545711319879107, 3.264133755145511, 3.5714657934573317], "(4.0, 0.0, 0.0)": [0.0, 0.3636983265154908, 0.3611769011990121, 0.36354643536235726, 0.3439904793566647, 0.3605494714123183, 0.3631424990916201, 0.34452789071235407, 0.3356009794589567], "(5.0, 1.0, 0.0)": [0.0, 0.0, 15.64527236571266, 0.0, 0.0, 5.375024768888167, -0.21832555922152452, 0.0, 0.0], "(0.0, 1.0, 1.0)": [0.0, 0.6418131152556622, 0.6432902353300927, 0.6411920390630532, 0.6424516567012555, 0.6522203876475877, 0.6406368367687647, 0.6483936962073341, 0.649783796070868], "(5.0, 0.0, 0.0)": [0.0, -4.246477330472033, -0.05332642174474839, -3.6461102255288664, -2.4602843693540963, -1.7236811925213997, -1.2873134770560148, -6.410606944499713, -0.2391847405653427], "(0.0, 0.0, 1.0)": [0.0, -2.3771568647993546, -3.849098740364875, -2.480568260726066, -2.334868357047971, -5.683464255348097, -0.8716703837979122, -0.14467083191420094, -3.0896278079714916], "(1.0, 0.0, 1.0)": [0.0, -3.87554158153079, -2.3618594482769515, -2.50787789556739, -3.5411332067842887, -0.10434274175906934, -0.7934889825980243, -0.6987313864609505, -2.270323836422793], "(2.0, 0.0, 0.0)": [0.0, -0.5472947776749963, 0.696320202239592, 0.3726441694171416, 0.4733412895099539, 0.6300619219917335, -1.6883989779984094, 0.6717382587822082, 0.7185454455347023], "(2.0, 1.0, 0.0)": [0.0, 0.6628819889529787, 0.6680966697279346, 0.6494469410197674, 0.5190436585096226, 0.6563630279073601, 0.70533669879776, 0.8494475780272007, 0.5647278967745059], "(1.0, 1.0, 1.0)": [0.0, 0.40007952616152165, 0.4049860612090339, 0.40642107685088413, 0.39680870735379625, 0.40101673173227614, 0.4006907236062523, 0.40287215539515375, 0.3987270569557629], "(6.0, 0.0, 0.0)": [0.0, 0.0, 0.0, 0.0, 0.0, 0.0, 0.0, 0.0, 0.0], "(6.0, 1.0, 0.0)": [0.0, 0.0, 0.0, 0.0, 0.0, 0.0, 0.0, 0.0, 0.0]}, "stats": {"total_messages": 652313, "total_updates": 569002, "total_reward": -30971.0, "action_counts": [71286, 77471, 75184, 71581, 75654, 71130, 72337, 68438, 69232], "state_visits": {"(3.0, 1.0, 0.0)": 4115, "(3.0, 0.0, 0.0)": 226325, "(4.0, 1.0, 0.0)": 2078, "(4.0, 0.0, 0.0)": 101022, "(5.0, 1.0, 0.0)": 29, "(0.0, 1.0, 1.0)": 937, "(5.0, 0.0, 0.0)": 356, "(0.0, 0.0, 1.0)": 36180, "(1.0, 0.0, 1.0)": 56653, "(2.0, 0.0, 0.0)": 137587, "(2.0, 1.0, 0.0)": 2004, "(1.0, 1.0, 1.0)": 1716, "(6.0, 0.0, 0.0)": 0, "(6.0, 1.0, 0.0)": 0}}}