{"q": {"(3.0, 1.0, 0.0)": [0.0, 0.48503169078648284, 0.4270318622203607, 0.48241239721372275, 0.42863896785789224, 0.4368261344492102, 0.5000893370072101, 0.4813143844162864, 0.4687921040625705], "(3.0, 0.0, 0.0)": [0.0, 0.4004372754375431, 0.39442385971380506, 0.45377339255016286, 0.463215886005284, 0.3993532843724315, 0.40383652092821476, 0.39432136063144485, 0.3829629175335837], "(4.0, 1.0, 0.0)": [0.0, 1.7303516202991445, 1.5386367532342335, 1.1498598999747018, 1.7278018593542062, 1.67654003981667, 1.7447197931880434, 1.7298225047308764, 1.7523826612318734], "(4.0, 0.0, 0.0)": [0.0, 0.35686006095465467, 0.39324501211112, 0.40288448618382394, 0.3921617097957216, 0.4169274742749765, 0.42336077446108206, 0.418227508452756, 0.393369131411772], "(5.0, 1.0, 0.0)": [0.0, 0.0, 11.694966872193708, 0.0, 0.0, 5.95703125, -2.3326210184312908, 0.0, 0.0], "(0.0, 1.0, 1.0)": [0.0, 2.829575897168663, 0.3761903818159485, 0.3721151463539015, 1.4397159726047966, 1.037324654593918, 0.3666853257422, 0.3694498026255397, 0.36621825859045964], "(5.0, 0.0, 0.0)": [0.0, -4.7410721544425325, -5.80772294046435, -0.6381040904752, -7.077648639678955, -0.8276168118692572, -1.809707698558799, -7.249713764971073, -2.209266083390295], "(0.0, 0.0, 1.0)": [0.0, -3.123798227192478, -2.419928453512828, -1.0238619450224276, -2.804146921531356, -3.281525321039792, -6.1221127867453, -1.7052714155169153, -3.722372755578631], "(1.0, 0.0, 1.0)": [0.0, -0.013068241942416577, -1.6525109765118686, -0.9770847994547541, -0.06684530537609568, -0.4007560335907973, -1.4073466755732564, -0.08416185620314463, -2.1481478649686814], "(2.0, 0.0, 0.0)": [0.0, 0.20671302111244344, 0.2962503523724126, 0.39545194154215435, 0.4107531194472516, 0.2147493049425722, 0.038396597041287214, 0.20885452859850948, 0.12956399138183777], "(2.0, 1.0, 0.0)": [0.0, 0.5597002668942335, 0.4262328190517207, 0.43386129714370664, 0.4222015970238234, 0.45473458982542764, 0.5002227352389791, 0.4306918923130552, 0.4263129728775452], "(1.0, 1.0, 1.0)": [0.0, 0.7013761539542837, 3.6565249349668907, 2.24102096527763, 0.953928821295891, 2.0689796620810172, 1.062849396391695, 0.9496628974906165, 1.9155927687838479], "(6.0, 0.0, 0.0)": [0.0, 0.0, 0.0, 0.0, 0.0, 0.0, 0.0, 0.0, 0.0]}, "stats": {"total_messages": 200649, "total_updates": 162001, "total_reward": -10653.0, "action_counts": [29571, 22047, 21649, 22097, 20051, 23252, 21966, 21154, 18862], "state_visits": {"(3.0, 1.0, 0.0)": 2328, "(3.0, 0.0, 0.0)": 67832, "(4.0, 1.0, 0.0)": 933, "(4.0, 0.0, 0.0)": 31679, "(5.0, 1.0, 0.0)": 8, "(0.0, 1.0, 1.0)": 376, "(5.0, 0.0, 0.0)": 118, "(0.0, 0.0, 1.0)": 13278, "(1.0, 0.0, 1.0)": 12103, "(2.0, 0.0, 0.0)": 32131, "(2.0, 1.0, 0.0)": 807, "(1.0, 1.0, 1.0)": 408, "(6.0, 0.0, 0.0)": 0}}}