{"q": {"(3.0, 1.0, 0.0)": [0.0, 0.32880202311304285, 0.7295959385922525, 0.3660035362261143, 0.927252638383529, 0.33431403186421293, 0.752338907892835, 0.7270503768025836, 0.2001519917021526], "(3.0, 0.0, 0.0)": [0.0, 0.56044456032702, 0.5355134501770481, 0.5653816445422967, 0.5586972632261404, 0.5697530362495487, 0.555966511955801, 0.5356028440907865, 0.576846394219326], "(4.0, 1.0, 0.0)": [0.0, 1.7303516202991445, 2.9505031521778258, 1.1498598999747018, 1.8605200512565567, 1.9316454354318542, 1.1380563011750509, 1.2967431741310687, 1.923187034148428], "(4.0, 0.0, 0.0)": [0.0, 0.7585170307604936, 0.7471353682287789, 0.7792413857235229, 0.7823017988226436, 0.7792649162669365, 0.7491234467555442, 0.7478074153567, 0.8133034267391802], "(5.0, 1.0, 0.0)": [0.0, 0.0, 11.694966872193708, 0.0, 0.0, 5.95703125, -2.3326210184312908, 0.0, 0.0], "(0.0, 1.0, 1.0)": [0.0, 0.0, 0.4476686740885799, 0.48120209381844536, 0.44183332642726786, 0.42950311790053447, 0.4078597024651728, 0.42379323855840156, 0.4316504832865826], "(5.0, 0.0, 0.0)": [0.0, -5.826755336706924, -0.626798986612154, 0.47788773155464137, -6.8359375, -1.961758368875276, -4.289677507694931, -2.5, 0.2542028225289001], "(0.0, 0.0, 1.0)": [0.0, 0.4431295970891866, -0.42674405263070403, 0.47469124333653917, 0.15328005616401308, 0.4374032265426799, 0.3642845466433069, 0.11413823376937957, 0.43190474507327675], "(1.0, 0.0, 1.0)": [0.0, 0.45017060725226254, 0.4502241027692597, 0.45007804997927015, 0.4481454495429862, 0.4651121622925709, 0.4516787191468822, 0.489215271716598, 0.4507372615484895], "(2.0, 0.0, 0.0)": [0.0, 0.6184796811193569, 0.4732730271444749, 0.572818929939067, 0.6722605229570016, 0.4661798210447585, 0.49338591802228254, 0.6184796770783754, 0.46618514492422813], "(2.0, 1.0, 0.0)": [0.0, 0.397452033270852, 0.22629889180718213, 0.18835818260502218, 0.25483228205065567, 0.41264092440950856, 0.1474065188846589, 0.11471159201710862, 0.2335136167037469], "(1.0, 1.0, 1.0)": [0.0, 0.5408378702920467, 1.0708186735576628, 0.8566649795894776, 1.0249031072627968, 1.0775917464157896, 1.1411353708762488, 0.6434685001106955, 0.9474503442544107], "(6.0, 0.0, 0.0)": [0.0, 0.0, 0.0, 0.0, 0.0, 0.0, 0.0, 0.0, 0.0]}, "stats": {"total_messages": 104853, "total_updates": 77004, "total_reward": -6167.0, "action_counts": [19215, 10196, 11819, 10042, 9585, 11898, 10201, 11794, 10103], "state_visits": {"(3.0, 1.0, 0.0)": 1647, "(3.0, 0.0, 0.0)": 34849, "(4.0, 1.0, 0.0)": 858, "(4.0, 0.0, 0.0)": 18544, "(5.0, 1.0, 0.0)": 8, "(0.0, 1.0, 1.0)": 174, "(5.0, 0.0, 0.0)": 76, "(0.0, 0.0, 1.0)": 7801, "(1.0, 0.0, 1.0)": 4744, "(2.0, 0.0, 0.0)": 7663, "(2.0, 1.0, 0.0)": 363, "(1.0, 1.0, 1.0)": 277, "(6.0, 0.0, 0.0)": 0}}}