{"q": {"(3.0, 1.0, 0.0)": [0.0, 1.3114015248312885, 0.7763653716719905, 1.0649846273955603, 1.3087079478052988, 0.7420934159116381, 0.7348559996979733, 1.4134627692703485, 1.1472223090268225], "(3.0, 0.0, 0.0)": [0.0, 2.4926257467676463, 3.1899998516070873, 3.1052368063852525, 3.074155014354311, 3.3414728413511288, 3.0741550253461667, 3.085937773075693, 3.0825295071037404], "(4.0, 1.0, 0.0)": [0.0, 11.87991640191272, 11.167825805701872, 12.05692528163775, 4.2227544231596115, 12.049098872419691, 11.641995672354108, 12.056384290674533, 12.033158617434859], "(4.0, 0.0, 0.0)": [0.0, 4.93352724462264, 6.259051926908997, 5.973513451523407, 5.776765956103177, 6.008319895518218, 5.836500801607878, 6.231683549938608, 6.0083322759941975], "(5.0, 1.0, 0.0)": [0.0, 0.0, 11.694966872193708, 0.0, 0.0, 5.95703125, -0.21832555922152452, 0.0, 0.0], "(0.0, 1.0, 1.0)": [0.0, 1.0146718207135494, 1.007299049909618, 1.0087818089291378, 1.0108149467821552, 1.0948763853252093, 1.0072793708416943, 1.007350713373432, 1.027508055015801], "(5.0, 0.0, 0.0)": [0.0, -9.161303016615495, -0.1264033700616258, -1.1531384905603688, -7.7757135624030695, -0.7597316963181115, 0.16518540481769733, -9.03392165816092, -0.42521731656060924], "(0.0, 0.0, 1.0)": [0.0, 0.7524543186621059, 0.7049287724341211, 0.7475830920402536, 0.7404898160655641, 0.7662269267002335, 0.7254495002368128, 0.7265892720107587, 0.7517788228621378], "(1.0, 0.0, 1.0)": [0.0, 0.6263360187467337, 0.6176151778507224, 0.6096855273727813, 0.6583142930460357, 0.6545037657312885, 0.6474260765386175, 0.6543771518095132, 0.6554348749549852], "(2.0, 0.0, 0.0)": [0.0, 1.4223470747468963, 1.5031416840970553, 1.4713549714965883, 1.5166742284113, 1.1887015783416757, 1.3955155505930066, 1.5034464239007974, 1.3954114864033131], "(2.0, 1.0, 0.0)": [0.0, 0.9772210032804174, 0.8974779944635403, 0.795200660308687, 0.8164492137696261, 0.7765228036582854, 0.8988001016472714, 0.8779556069080914, 0.8310934666738057], "(1.0, 1.0, 1.0)": [0.0, 1.1729350199168016, 1.229529513238613, 1.1753874420435746, 1.0550389192177114, 1.126113391092294, 1.282458161685931, 1.203222572729816, 1.2039535187432382], "(6.0, 0.0, 0.0)": [0.0, 0.0, 0.0, 0.0, 0.0, 0.0, 0.0, 0.0, 0.0]}, "stats": {"total_messages": 556360, "total_updates": 485003, "total_reward": -26249.0, "action_counts": [59551, 66620, 63406, 61550, 64230, 61517, 63104, 57412, 58970], "state_visits": {"(3.0, 1.0, 0.0)": 3425, "(3.0, 0.0, 0.0)": 194901, "(4.0, 1.0, 0.0)": 1642, "(4.0, 0.0, 0.0)": 85370, "(5.0, 1.0, 0.0)": 11, "(0.0, 1.0, 1.0)": 755, "(5.0, 0.0, 0.0)": 321, "(0.0, 0.0, 1.0)": 33614, "(1.0, 0.0, 1.0)": 48003, "(2.0, 0.0, 0.0)": 114487, "(2.0, 1.0, 0.0)": 1531, "(1.0, 1.0, 1.0)": 943, "(6.0, 0.0, 0.0)": 0}}}