{"q": {"(3.0, 1.0, 0.0)": [0.0, 1.4978542675876902, 1.5708664959724334, 1.4611830956558265, 1.3816501013898432, 1.5581850245852926, 1.5652295343918181, 1.5667888608368898, 1.4534506393640871], "(3.0, 0.0, 0.0)": [0.0, 0.4837340337071894, 0.3164967122424041, 0.4875386941557662, 0.332132184792011, 0.4855103885690729, 0.4842212114623544, 0.4604173096500008, 0.47582689194847616], "(4.0, 1.0, 0.0)": [0.0, 4.50008787109601, 4.438456075508544, 4.454860241496222, 4.431652638017986, 4.478602107328786, 4.458400650066515, 4.447231411741069, 4.427773509386647], "(4.0, 0.0, 0.0)": [0.0, 0.5213833365523444, 0.5937404457030422, 0.5759099578726183, 0.44934880301044045, 0.5620348284539238, 0.397775751019896, 0.5984389579519349, 0.40670483936704993], "(5.0, 1.0, 0.0)": [0.0, 0.0, 6.860363154283547, 0.0, 0.0, 5.375024768888167, -0.21832555922152452, 0.0, 0.0], "(0.0, 1.0, 1.0)": [0.0, 0.7532957780420222, 0.6677975093859804, 0.7352089853046777, 0.7400446503382266, 0.7464966809089473, 0.7346381458783973, 0.7410476083366596, 0.7271780202434426], "(5.0, 0.0, 0.0)": [0.0, -4.246477330472033, -0.05332642174474839, -3.1486404009402076, -3.280379159138795, -2.298241590028533, -1.7164179694080197, -6.952190123555045, -0.2391847405653427], "(0.0, 0.0, 1.0)": [0.0, -0.10116033337650426, -7.993891162196555, -0.2614482619404445, -0.021116234344085695, -3.5786812429016055, -3.3545419476619447, -0.16361501634045947, -1.0751249910061589], "(1.0, 0.0, 1.0)": [0.0, -0.1200080256849527, -0.012531779882464403, -0.12734823150962415, -0.009626711081815014, -0.005886724815481083, -0.06859181984819707, -0.19336352149848945, -0.017906770811047246], "(2.0, 0.0, 0.0)": [0.0, 0.3368895483684401, 0.23918644295103308, 0.27861097259965234, 0.34276260059653046, -1.3540287884006987, 0.3312872123827336, -2.9622764639278465, 0.14726358109546306], "(2.0, 1.0, 0.0)": [0.0, 0.6764101928091619, 0.8322628582632946, 0.8390491641641995, 0.8514886533136432, 0.837727477133231, 0.6772195537316396, 0.668396529772196, 0.842949803382857], "(1.0, 1.0, 1.0)": [0.0, 0.49501035348931, 0.49295989671325846, 0.4943321588197249, 0.49769170582448036, 0.5069137723319527, 0.4951723465692953, 0.491837506334662, 0.49318992246278615], "(6.0, 0.0, 0.0)": [0.0, 0.0, 0.0, 0.0, 0.0, 0.0, 0.0, 0.0, 0.0], "(6.0, 1.0, 0.0)": [0.0, 0.0, 0.0, 0.0, 0.0, 0.0, 0.0, 0.0, 0.0]}, "stats": {"total_messages": 630716, "total_updates": 552007, "total_reward": -29513.0, "action_counts": [66730, 75599, 72186, 69650, 73430, 68929, 71019, 65881, 67292], "state_visits": {"(3.0, 1.0, 0.0)": 3840, "(3.0, 0.0, 0.0)": 218628, "(4.0, 1.0, 0.0)": 1992, "(4.0, 0.0, 0.0)": 97640, "(5.0, 1.0, 0.0)": 28, "(0.0, 1.0, 1.0)": 884, "(5.0, 0.0, 0.0)": 349, "(0.0, 0.0, 1.0)": 36071, "(1.0, 0.0, 1.0)": 56065, "(2.0, 0.0, 0.0)": 133009, "(2.0, 1.0, 0.0)": 1925, "(1.0, 1.0, 1.0)": 1576, "(6.0, 0.0, 0.0)": 0, "(6.0, 1.0, 0.0)": 0}}}