{"q": {"(3.0, 1.0, 0.0)": [0.0, 2.4721472886502824, 2.187555259890611, 2.390027097361009, 2.42071905000111, 2.4764492997668013, 2.418565004150098, 2.4191599398786607, 2.360780794155521], "(3.0, 0.0, 0.0)": [0.0, 0.9329576837428106, 0.9274105257994923, 1.0317684059708994, 0.9756350156556153, 0.9524195469497974, 0.9492286552103969, 0.9516757373375004, 0.9506039558758537], "(4.0, 1.0, 0.0)": [0.0, 2.8348619460906406, 2.2636139962744597, 3.7989753995345485, 3.3752764884381925, 3.6917148641801765, 4.110319980500854, 3.781061834898863, 3.784479394188298], "(4.0, 0.0, 0.0)": [0.0, 1.0226432978545656, 0.9869418562971171, 1.0710972136406012, 1.071116963031841, 0.9866726819569003, 1.0196696116186499, 1.072470306475617, 1.0710994517529098], "(5.0, 1.0, 0.0)": [0.0, 0.0, 13.483954274284496, 0.0, 0.0, 5.375024768888167, -0.21832555922152452, 3.598412644113912, 0.0], "(0.0, 1.0, 1.0)": [0.0, 0.5904189223597862, 0.5975281784967227, 0.6411920390630532, 0.5814277429379007, 0.5941252844666634, 0.5937652775108986, 0.5899103938459085, 0.5901112440790057], "(5.0, 0.0, 0.0)": [0.0, -8.976294245227638, 0.26396032423315047, -1.7010277481369402, -9.820876985141659, 0.5649261684780316, 0.23998119270929485, -7.171644933407091, 0.1660237790917], "(0.0, 0.0, 1.0)": [0.0, 0.7421047460187815, 0.7154880716448779, 0.7401039851612232, 0.7346099002851909, 0.7271212381807908, 0.6881347094393302, 0.6827363907443665, 0.6856393836104744], "(1.0, 0.0, 1.0)": [0.0, 0.9360638025827025, 0.8829087566934674, 0.8650744329184521, 0.889733532725755, 0.8250712971811839, 0.8736919263590435, 0.8611786992190971, 0.8631009267924716], "(2.0, 0.0, 0.0)": [0.0, 0.7261796855113365, 0.7469300086178006, 0.6368027739862384, 0.7495067422032621, 0.7480556519544032, 0.8074465597435623, 0.766113211523165, 0.7428508413760698], "(2.0, 1.0, 0.0)": [0.0, 0.6861060478979916, 0.6684407036670056, 0.6811535499027295, 0.6876020473252208, 0.7212144061107988, 0.6988424482705553, 0.6653020441435763, 0.6844130130577395], "(1.0, 1.0, 1.0)": [0.0, 1.6251800812851633, 1.8887898301756665, 2.054815807638163, 1.888432293531273, 1.2620840913871019, 0.4006907236062523, 1.8904039479024732, 1.2611181348407605], "(6.0, 0.0, 0.0)": [0.0, 0.0, 0.0, 0.0, 0.0, 0.0, 0.0, 0.0, 0.0], "(6.0, 1.0, 0.0)": [0.0, 0.0, 0.0, 0.0, 0.0, 0.0, 0.0, 0.0, 0.0]}, "stats": {"total_messages": 825597, "total_updates": 719005, "total_reward": -39312.0, "action_counts": [92909, 99972, 97968, 90648, 92928, 88290, 88133, 87373, 87376], "state_visits": {"(3.0, 1.0, 0.0)": 4597, "(3.0, 0.0, 0.0)": 288155, "(4.0, 1.0, 0.0)": 2320, "(4.0, 0.0, 0.0)": 138852, "(5.0, 1.0, 0.0)": 31, "(0.0, 1.0, 1.0)": 1048, "(5.0, 0.0, 0.0)": 520, "(0.0, 0.0, 1.0)": 44271, "(1.0, 0.0, 1.0)": 71869, "(2.0, 0.0, 0.0)": 163347, "(2.0, 1.0, 0.0)": 2174, "(1.0, 1.0, 1.0)": 1820, "(6.0, 0.0, 0.0)": 1, "(6.0, 1.0, 0.0)": 0}}}