{"q": {"(3.0, 1.0, 0.0)": [0.0, 0.6938190260123436, 0.7920872194682798, 0.7911851063333453, 0.7963443845036249, 0.8041790994244594, 0.7946588985982972, 0.7240020819559403, 0.7911305921294617], "(3.0, 0.0, 0.0)": [0.0, 0.5488698914672148, 0.5803110462888584, 0.544249900400327, 0.5915694601372536, 0.5544996067302244, 0.5881225272269976, 0.561221431323296, 0.5621445801692219], "(4.0, 1.0, 0.0)": [0.0, 1.7970953695643148, 1.7252443698812938, 15.620901755884383, 1.6114102590704749, 1.840708463187896, 1.8918405219668215, 1.759607593750333, 1.5114838464940064], "(4.0, 0.0, 0.0)": [0.0, 0.6351711265646697, 0.6304878522938739, 0.613318351608941, 0.6623364942590828, 0.6109556891072008, 0.6640822707675988, 0.6205745210183337, 0.6109413812155882], "(5.0, 1.0, 0.0)": [0.0, 0.0, 11.694966872193708, 0.0, 0.0, 5.95703125, -0.21832555922152452, 0.0, 0.0], "(0.0, 1.0, 1.0)": [0.0, 1.1187954832090274, 0.6536091850020194, 0.3721151463539015, 1.4397159726047966, 1.037324654593918, 0.9204443047266668, 0.7873011929502967, 0.36621825859045964], "(5.0, 0.0, 0.0)": [0.0, -9.413344088087007, -1.3867334176683745, -0.5989905998674769, -6.53527001057269, -0.8885312977324934, 0.05012431980157664, -6.059479745947879, -5.909897447572939], "(0.0, 0.0, 1.0)": [0.0, 0.6255077833078635, 0.5858599553450647, 0.5799966827545607, 0.5754672847788673, 0.5754670513889668, 0.5470884831433435, 0.5960459582246662, 0.5996177590325378], "(1.0, 0.0, 1.0)": [0.0, 0.6152049263022763, 0.5660740201760505, 0.5721130234612555, 0.5659885322310535, 0.5659885328573511, 0.5823169470893613, 0.5804261251049623, 0.565988532244909], "(2.0, 0.0, 0.0)": [0.0, 0.6405258818788419, 0.6316154086801407, 0.6136121370914814, 0.6229912768629309, 0.623246328232225, 0.5910254739989815, 0.6433736339984394, 0.6107134915932204], "(2.0, 1.0, 0.0)": [0.0, 0.9530505090020864, 0.977835885430532, 0.9335188971553354, 0.7353225586385406, 0.8228954144108094, 0.8667385600801784, 1.020582726089978, 0.8741693512117689], "(1.0, 1.0, 1.0)": [0.0, 1.1172733142189881, 1.34614917552509, 1.3364125160931055, 1.3561674775902959, 1.2048027668487786, 1.3380705833334094, 1.410251794432146, 1.4495546342521908], "(6.0, 0.0, 0.0)": [0.0, 0.0, 0.0, 0.0, 0.0, 0.0, 0.0, 0.0, 0.0]}, "stats": {"total_messages": 373971, "total_updates": 312003, "total_reward": -20748.0, "action_counts": [51972, 43483, 41377, 42087, 39715, 42239, 39957, 37142, 35999], "state_visits": {"(3.0, 1.0, 0.0)": 3111, "(3.0, 0.0, 0.0)": 139370, "(4.0, 1.0, 0.0)": 1473, "(4.0, 0.0, 0.0)": 62808, "(5.0, 1.0, 0.0)": 11, "(0.0, 1.0, 1.0)": 407, "(5.0, 0.0, 0.0)": 213, "(0.0, 0.0, 1.0)": 17847, "(1.0, 0.0, 1.0)": 20396, "(2.0, 0.0, 0.0)": 64677, "(2.0, 1.0, 0.0)": 1039, "(1.0, 1.0, 1.0)": 651, "(6.0, 0.0, 0.0)": 0}}}