{"q": {"(3.0, 1.0, 0.0)": [0.0, 1.4445271846658336, 1.2511195049383348, 1.0992933607058337, 1.0355898605060345, 1.4781672826937602, 1.2034509250953225, 0.8914900582638922, 1.137682798136928], "(3.0, 0.0, 0.0)": [0.0, 1.0424243531956532, 1.032541866748512, 1.0490891904472595, 1.0856584757181351, 1.0442817952010186, 1.0324376534161832, 0.9981414783206375, 1.0424243531954915], "(4.0, 1.0, 0.0)": [0.0, 2.8348619460906406, 8.058143417833866, 3.4247007507686376, 2.772017152484081, 0.9358857921596604, 2.7936540071057623, 2.809883033699148, 3.3982431132392006], "(4.0, 0.0, 0.0)": [0.0, 1.2518231331683338, 1.2654266466219208, 1.2774914044559185, 1.2745103711239856, 1.297672838885863, 1.246195664594764, 1.3545605050010003, 1.246034045711783], "(5.0, 1.0, 0.0)": [0.0, 0.0, 13.483954274284496, 0.0, 0.0, 5.375024768888167, -0.21832555922152452, 3.598412644113912, 0.0], "(0.0, 1.0, 1.0)": [0.0, 0.6418131152556622, 0.47281832296761817, 0.6411920390630532, 0.6424516567012555, 0.6391759798946359, 0.6406368367687647, 0.6245261208383119, 0.6267216402397748], "(5.0, 0.0, 0.0)": [0.0, -9.965207415713902, -2.6420506766542102, -3.0240493300212274, -9.820876985141659, -0.595946779440591, -2.596657528567862, -9.449672245557334, -3.3238197450859706], "(0.0, 0.0, 1.0)": [0.0, -5.823438630675021, -0.044544870034064585, -1.049329443237193e-06, -4.73196930961077e-06, -0.505873385890026, -0.002355960610244361, -0.0007894533332515924, -0.0008678661513519248], "(1.0, 0.0, 1.0)": [0.0, 0.52859219695166, 0.44974763586429733, 0.48526952429248305, 0.7017499744504305, 0.22183896872044787, 0.06882870856391995, 0.4067776779272596, 0.4678100793922731], "(2.0, 0.0, 0.0)": [0.0, 0.746795340145055, 0.7532035057299785, 0.7396858851324568, 0.7597119742172548, 0.7329978027193927, 0.7967367420660496, 0.7329978027111138, 0.7500181353454961], "(2.0, 1.0, 0.0)": [0.0, 0.6628819889529787, 0.6680966697279346, 0.6494469410197674, 0.5190436585096226, 0.7690922351491825, 0.70533669879776, 0.8325314645631864, 0.5647278967745059], "(1.0, 1.0, 1.0)": [0.0, 0.40007952616152165, 0.4049860612090339, 2.054815807638163, 0.39680870735379625, 0.40101673173227614, 0.4006907236062523, 0.40287215539515375, 0.3987270569557629], "(6.0, 0.0, 0.0)": [0.0, 0.0, 0.0, 0.0, 0.0, 0.0, 0.0, 0.0, 0.0], "(6.0, 1.0, 0.0)": [0.0, 0.0, 0.0, 0.0, 0.0, 0.0, 0.0, 0.0, 0.0]}, "stats": {"total_messages": 758334, "total_updates": 655004, "total_reward": -38126.0, "action_counts": [90687, 90055, 88551, 82335, 84204, 81365, 81678, 79469, 79990], "state_visits": {"(3.0, 1.0, 0.0)": 4235, "(3.0, 0.0, 0.0)": 266803, "(4.0, 1.0, 0.0)": 2172, "(4.0, 0.0, 0.0)": 129356, "(5.0, 1.0, 0.0)": 31, "(0.0, 1.0, 1.0)": 944, "(5.0, 0.0, 0.0)": 475, "(0.0, 0.0, 1.0)": 37327, "(1.0, 0.0, 1.0)": 62350, "(2.0, 0.0, 0.0)": 147580, "(2.0, 1.0, 0.0)": 2013, "(1.0, 1.0, 1.0)": 1717, "(6.0, 0.0, 0.0)": 1, "(6.0, 1.0, 0.0)": 0}}}