{"q": {"(3.0, 1.0, 0.0)": [0.0, 0.23576412393486232, 0.23946412529579658, 0.23673324692034384, 0.23790448123320782, 0.666519125491278, 0.23335765092726563, 0.23783881528606188, 0.23674738220546615], "(3.0, 0.0, 0.0)": [0.0, 0.4182900175534464, 0.44776106538638744, 0.4258260404623565, 0.42349651875416966, 0.45466306255806754, 0.430136394306585, 0.42327060148422124, 0.42683419230181036], "(4.0, 1.0, 0.0)": [0.0, 0.9567728906852189, 0.990138524065416, 0.9855640493140351, 0.9692479134501182, 0.8357655381867812, 0.9793606187721381, 0.8691522644176559, 0.7897155105399307], "(4.0, 0.0, 0.0)": [0.0, 0.2743186433687028, 0.28376929390179617, 0.29473625135146625, 0.3056045030872564, 0.3084447767053487, -0.1556887375488573, -0.08320294654861478, 0.3054449017227898], "(5.0, 1.0, 0.0)": [0.0, 0.0, 11.694966872193708, 0.0, 0.0, 5.95703125, -2.3326210184312908, 0.0, 0.0], "(0.0, 1.0, 1.0)": [0.0, 1.3541054303811262, 0.7323523845013985, 0.3721151463539015, 1.4397159726047966, 1.037324654593918, 0.3666853257422, 0.3694498026255397, 0.36621825859045964], "(5.0, 0.0, 0.0)": [0.0, -6.682429856918028, -4.060987131641998, -1.4198295700562418, -9.243949802694312, -4.542100473910381, -0.4294521198728401, -6.059479745947879, -2.963861860851071], "(0.0, 0.0, 1.0)": [0.0, -0.5441854630015037, -3.725688971059356, -0.003721489398602595, -6.958945387996101, -1.2915293303519055, -6.374056537188564, -3.8852104437651125, -0.9169938538468095], "(1.0, 0.0, 1.0)": [0.0, -0.019003447403280138, -2.1792747652921722, -0.20868332494572528, -0.645994333433477, -1.8320943317546217, -0.4486941742794517, -0.45811585430226776, -0.7246309822010203], "(2.0, 0.0, 0.0)": [0.0, -0.10105593927444315, -0.33390582383302847, -0.0019796763958898483, -0.04598865669690576, -0.47874732911514295, -4.0958004779274715, -0.08442564633411388, -0.001149076825048942], "(2.0, 1.0, 0.0)": [0.0, 0.3459484501945023, 0.3437886192318903, 0.34644645441704575, 0.3429705833348483, 0.34667906874174703, 0.34644845748832903, 1.0626642295814015, 0.291999029347744], "(1.0, 1.0, 1.0)": [0.0, 0.7013761539542837, 1.690964084393481, 1.6798772112646077, 1.1416381956372337, 1.7144712672995595, 1.2916615880616606, 1.2928114333999978, 1.7159100512060645], "(6.0, 0.0, 0.0)": [0.0, 0.0, 0.0, 0.0, 0.0, 0.0, 0.0, 0.0, 0.0]}, "stats": {"total_messages": 296697, "total_updates": 239004, "total_reward": -18765.0, "action_counts": [48482, 33177, 30671, 33504, 30552, 33630, 31025, 28636, 27020], "state_visits": {"(3.0, 1.0, 0.0)": 2706, "(3.0, 0.0, 0.0)": 108551, "(4.0, 1.0, 0.0)": 1135, "(4.0, 0.0, 0.0)": 50321, "(5.0, 1.0, 0.0)": 8, "(0.0, 1.0, 1.0)": 387, "(5.0, 0.0, 0.0)": 180, "(0.0, 0.0, 1.0)": 13637, "(1.0, 0.0, 1.0)": 12718, "(2.0, 0.0, 0.0)": 47930, "(2.0, 1.0, 0.0)": 945, "(1.0, 1.0, 1.0)": 486, "(6.0, 0.0, 0.0)": 0}}}