{"q": {"(3.0, 1.0, 0.0)": [0.0, 0.8376817782615873, 0.8726626652297715, 0.8873879656473096, 1.6737476412652752, 1.5924787731170658, 0.8665569715280786, 0.8914900582638922, 0.8331438806617704], "(3.0, 0.0, 0.0)": [0.0, -0.49479815218708767, -0.028388082584188984, -1.9572127341740313, 0.5787258812733282, 0.6105810389526098, 0.5841742802714911, 0.5055231549391551, 0.5997582481753696], "(4.0, 1.0, 0.0)": [0.0, 2.8348619460906406, 2.840504314695014, 3.4247007507686376, 2.772017152484081, 4.5811810562128805, 2.7936540071057623, 2.809883033699148, 2.7632315344240284], "(4.0, 0.0, 0.0)": [0.0, 0.5286351841649279, 0.5450045297668943, 0.54183258821969, 0.5595273585051348, 0.5345589704989927, 0.5283444312746945, 0.552207792244708, 0.5742773699774011], "(5.0, 1.0, 0.0)": [0.0, 0.0, 13.483954274284496, 0.0, 0.0, 5.375024768888167, -0.21832555922152452, 3.598412644113912, 0.0], "(0.0, 1.0, 1.0)": [0.0, 0.6418131152556622, 0.47281832296761817, 0.6411920390630532, 0.6424516567012555, 0.6391759798946359, 0.6406368367687647, 0.6245261208383119, 0.6267216402397748], "(5.0, 0.0, 0.0)": [0.0, -6.623110712996969, -0.03999481630856129, -5.23458266914665, -5.758909957761679, -1.7130282200556883, -0.7241138308440084, -7.836262808237375, -0.17938855542400703], "(0.0, 0.0, 1.0)": [0.0, -3.4595928943901373, -5.219968388880506, -4.998587668223497, -4.8027960435093116, -4.987351558482456, -8.159670012169961, -1.8642045829351432, -2.6652185256419285], "(1.0, 0.0, 1.0)": [0.0, -1.4561655046133, -4.558155787582049, -0.33559700390106084, -1.0936706164736454, -0.5220379496625995, -1.4527605092214149, -5.631653691020068, -3.189619499169405], "(2.0, 0.0, 0.0)": [0.0, -0.17995757410197588, -0.001113280066632772, -2.6849842476591954, -0.6302075548506582, -1.5888440979413647, -0.0480775533531409, -3.474545654686299, -0.01585479794701342], "(2.0, 1.0, 0.0)": [0.0, 0.6628819889529787, 0.6680966697279346, 0.6494469410197674, 0.5190436585096226, 0.6563630279073601, 0.70533669879776, 0.8494475780272007, 0.5647278967745059], "(1.0, 1.0, 1.0)": [0.0, 0.40007952616152165, 0.4049860612090339, 2.054815807638163, 0.39680870735379625, 0.40101673173227614, 0.4006907236062523, 0.40287215539515375, 0.3987270569557629], "(6.0, 0.0, 0.0)": [0.0, 0.0, 0.0, 0.0, 0.0, 0.0, 0.0, 0.0, 0.0], "(6.0, 1.0, 0.0)": [0.0, 0.0, 0.0, 0.0, 0.0, 0.0, 0.0, 0.0, 0.0]}, "stats": {"total_messages": 696829, "total_updates": 603005, "total_reward": -34050.0, "action_counts": [81659, 82776, 79593, 75636, 79304, 75736, 76254, 73257, 72614], "state_visits": {"(3.0, 1.0, 0.0)": 4132, "(3.0, 0.0, 0.0)": 245527, "(4.0, 1.0, 0.0)": 2164, "(4.0, 0.0, 0.0)": 113623, "(5.0, 1.0, 0.0)": 31, "(0.0, 1.0, 1.0)": 944, "(5.0, 0.0, 0.0)": 382, "(0.0, 0.0, 1.0)": 36378, "(1.0, 0.0, 1.0)": 56915, "(2.0, 0.0, 0.0)": 139187, "(2.0, 1.0, 0.0)": 2004, "(1.0, 1.0, 1.0)": 1717, "(6.0, 0.0, 0.0)": 1, "(6.0, 1.0, 0.0)": 0}}}