{"q": {"(3.0, 1.0, 0.0)": [0.0, 3.5782425674031173, 1.2961102499720234, 2.1734039755864423, 1.267315387838254, 1.2575350118735842, 2.3106440902766776, 3.1743019176571847, 2.7329344046645643], "(3.0, 0.0, 0.0)": [0.0, 0.3535241622548886, 0.3321738940557644, 0.3697514935404186, 0.4892540778775345, 0.3570392406326199, 0.5581304413791781, 0.356528244528183, 0.30119623321804634], "(4.0, 1.0, 0.0)": [0.0, 4.944572834217828, 6.2261221735107135, 6.307312035609873, 4.348094160654837, 6.209524305131595, 6.321118325479234, 6.317257372225765, 6.289708908512499], "(4.0, 0.0, 0.0)": [0.0, 0.2570045055180158, 0.25492755108339016, 0.23851149053405013, 0.2522482940101509, 0.24147077638208334, 0.24011414721589883, 0.2375722463707161, 0.24342299842659587], "(5.0, 1.0, 0.0)": [0.0, 0.0, 6.860363154283547, 0.0, 0.0, 6.899177905442476, -0.21832555922152452, 0.0, 0.0], "(0.0, 1.0, 1.0)": [0.0, 0.8663078794775971, 0.6482479113277421, 0.8723536513317798, 0.8647927597997193, 0.8667777334116863, 0.773813293859877, 0.8652264624402737, 0.7645370104735945], "(5.0, 0.0, 0.0)": [0.0, -7.549293031950281, -0.09480252754621935, -1.1531384905603688, -5.831785171802302, -3.064322120038044, -1.7164179694080197, -6.952190123555045, -0.42521731656060924], "(0.0, 0.0, 1.0)": [0.0, -3.1254757506014763, -0.030023329396970017, -1.9586503537413091, -5.9304792626836536, -3.8764637520325165, -2.194079877944569, -0.6003206172705158, -4.591967064701908], "(1.0, 0.0, 1.0)": [0.0, -0.5906420122923726, -0.32046185780555125, -0.888589843846795, -0.9825229832168038, -0.9969542809395258, -0.48664574000357924, -1.4376771845528848, -0.2544997745185156], "(2.0, 0.0, 0.0)": [0.0, -0.20503955629336595, -0.3075748502319247, 0.1206254080859099, -0.061791205632884566, 0.05159002768419482, -0.18805833203240943, -0.12185110641214808, -0.18905396839626926], "(2.0, 1.0, 0.0)": [0.0, 0.6764101928091619, 1.864295114899463, 0.7162434812134147, 0.6772905911353243, 0.6740892472478113, 0.6772195537316396, 0.668396529772196, 0.8927085459713334], "(1.0, 1.0, 1.0)": [0.0, 0.5751856969951644, 0.5690524202619207, 0.5665180231315253, 1.1456682673999095, 0.5700798470961496, 0.5769367594371965, 0.5717046595219046, 0.5610454128090551], "(6.0, 0.0, 0.0)": [0.0, 0.0, 0.0, 0.0, 0.0, 0.0, 0.0, 0.0, 0.0], "(6.0, 1.0, 0.0)": [0.0, 0.0, 0.0, 0.0, 0.0, 0.0, 0.0, 0.0, 0.0]}, "stats": {"total_messages": 599044, "total_updates": 524005, "total_reward": -28323.0, "action_counts": [63179, 71920, 68926, 66237, 69224, 65974, 67425, 62409, 63750], "state_visits": {"(3.0, 1.0, 0.0)": 3652, "(3.0, 0.0, 0.0)": 207326, "(4.0, 1.0, 0.0)": 1877, "(4.0, 0.0, 0.0)": 91371, "(5.0, 1.0, 0.0)": 27, "(0.0, 1.0, 1.0)": 836, "(5.0, 0.0, 0.0)": 338, "(0.0, 0.0, 1.0)": 35939, "(1.0, 0.0, 1.0)": 53556, "(2.0, 0.0, 0.0)": 125812, "(2.0, 1.0, 0.0)": 1811, "(1.0, 1.0, 1.0)": 1460, "(6.0, 0.0, 0.0)": 0, "(6.0, 1.0, 0.0)": 0}}}