{"q": {"(3.0, 1.0, 0.0)": [0.0, 0.05374619475683774, 0.04235593281930472, 0.05407040610278905, 0.038601114611846156, 0.042986263888855215, 0.053172903028638654, 0.053339720073202895, 0.04041765775953488], "(3.0, 0.0, 0.0)": [0.0, -0.17195370328026816, -0.31114024649981803, -1.9032727014651105, 0.5881652144635372, 0.6558011286409978, 0.628097962524762, 0.6728091734601165, 0.6344517320854095], "(4.0, 1.0, 0.0)": [0.0, 2.9748668549496706, 0.21308229682912094, 0.17645485313069156, 0.14926670252865673, 0.10791893177827921, 0.03769113843203695, 0.22739708844387985, 0.037915453178087796], "(4.0, 0.0, 0.0)": [0.0, 0.3474686993491357, 0.49281863140650195, 0.4852206877398339, 0.2629268780934593, -0.045641081874910006, 0.14282710839971913, 0.4468000945360644, 0.4519921296319587], "(5.0, 1.0, 0.0)": [0.0, 0.0, 0.0, 0.0, 0.0, 5.95703125, 0.0, 0.0, 0.0], "(0.0, 1.0, 1.0)": [0.0, 0.0, 0.0, 0.0, 0.0, 0.0, 0.0, 0.0, 0.0], "(5.0, 0.0, 0.0)": [0.0, -5.826755336706924, -2.3266107961535454, 0.0, 0.0, -2.7427268910408023, -4.289677507694931, 0.0, -2.5], "(0.0, 0.0, 1.0)": [0.0, -1.89812975223514, -0.7614677673430189, -3.288225686179152, -7.96363766337906, -2.3958820925257136, -4.6925435367227575, -1.0883280719312398, -2.705613360892115], "(1.0, 0.0, 1.0)": [0.0, -1.290285090301091, -1.2518218588757062, -0.3878622051227772, -0.037714429669334346, -0.018909860768447584, -2.55143477519614, -0.44500010947813495, -2.6420325576942307], "(2.0, 0.0, 0.0)": [0.0, -6.379375963657335, -0.1085963073826306, -0.031168028419521186, -0.010096428698518112, -0.5897190317023153, -0.6069108332797456, -0.7226819303142185, -2.4686939119621827], "(2.0, 1.0, 0.0)": [0.0, 0.009100249344812805, 0.0, 0.0, 0.0, 0.025395512986364624, 0.02390823264361643, 0.01785907385862901, 0.030105918525674197], "(1.0, 1.0, 1.0)": [0.0, 0.0, 0.03626126748625301, 0.03668008219861263, 0.0, 0.00868397701149333, 1.343696572154153, 0.08658281416507392, 0.027057452129922964], "(6.0, 0.0, 0.0)": [0.0, 0.0, 0.0, 0.0, 0.0, 0.0, 0.0, 0.0, 0.0]}, "stats": {"total_messages": 45230, "total_updates": 29002, "total_reward": -4230.0, "action_counts": [15843, 2686, 4206, 3681, 3110, 4574, 4986, 3320, 2824], "state_visits": {"(3.0, 1.0, 0.0)": 1326, "(3.0, 0.0, 0.0)": 15516, "(4.0, 1.0, 0.0)": 566, "(4.0, 0.0, 0.0)": 9369, "(5.0, 1.0, 0.0)": 5, "(0.0, 1.0, 1.0)": 31, "(5.0, 0.0, 0.0)": 52, "(0.0, 0.0, 1.0)": 687, "(1.0, 0.0, 1.0)": 391, "(2.0, 0.0, 0.0)": 616, "(2.0, 1.0, 0.0)": 250, "(1.0, 1.0, 1.0)": 193, "(6.0, 0.0, 0.0)": 0}}}