{"q": {"(3.0, 1.0, 0.0)": [0.0, 1.3150734505321444, 0.7763653716719905, 0.7423979069390071, 1.3087079478052988, 0.7420934159116381, 0.7348559996979733, 1.4134627692703485, 1.0961678294595232], "(3.0, 0.0, 0.0)": [0.0, 2.6652351943048833, 2.083641391043483, 2.2350699754313297, 2.8216317346603366, 2.735688007349805, 2.6815564632507867, 2.5656150021697854, 2.8973134138804646], "(4.0, 1.0, 0.0)": [0.0, 11.87991640191272, 13.105203168942415, 12.194685473867487, 4.2227544231596115, 7.746878818388641, 11.641995672354108, 12.056384290674533, 7.865670750211336], "(4.0, 0.0, 0.0)": [0.0, 6.530871059679249, 6.259051926908997, 6.630104029087498, 6.495476235593977, 5.637747619479326, 6.197555106331251, 6.231683549938608, 3.9112322028750603], "(5.0, 1.0, 0.0)": [0.0, 0.0, 11.694966872193708, 0.0, 0.0, 5.95703125, -0.21832555922152452, 0.0, 0.0], "(0.0, 1.0, 1.0)": [0.0, 1.0146718207135494, 1.029921353420026, 1.0099450023746506, 1.0156505347254745, 1.0948763853252093, 1.006367862055257, 1.008811991716973, 1.027508055015801], "(5.0, 0.0, 0.0)": [0.0, -9.161303016615495, -0.1264033700616258, -1.1531384905603688, -7.7757135624030695, -0.7597316963181115, 0.16518540481769733, -9.03392165816092, -0.42521731656060924], "(0.0, 0.0, 1.0)": [0.0, 0.7052799672630895, 0.7663883159027435, 0.7650169164682614, 0.7075099101388883, 0.7085812424169562, 0.7113302118433856, 0.7236251322314262, 0.7054316232759925], "(1.0, 0.0, 1.0)": [0.0, 0.8853707483400952, 0.7831944592406956, 0.865322384675558, 0.8793013742066572, 0.8680737350181676, 0.8346918327774488, 0.7578396110185133, 0.8354235172006697], "(2.0, 0.0, 0.0)": [0.0, 0.8725445180852549, 0.8901346993922924, 0.8805810248564647, 0.878233851164901, 0.8726642031546878, 0.9484179510494829, 0.8733048907366244, 0.8725445149655244], "(2.0, 1.0, 0.0)": [0.0, 0.7443223145649177, 0.8021470638792023, 0.7915720765744289, 0.7632802805502655, 0.7906722183611257, 0.7967811068069781, 0.7410638347946279, 0.7382765026122808], "(1.0, 1.0, 1.0)": [0.0, 1.1279714341921032, 1.229529513238613, 1.2040467417753429, 1.182819167442316, 1.0524585631895458, 1.3086307772305419, 1.2009157548133438, 1.2041161657054578], "(6.0, 0.0, 0.0)": [0.0, 0.0, 0.0, 0.0, 0.0, 0.0, 0.0, 0.0, 0.0]}, "stats": {"total_messages": 550216, "total_updates": 479004, "total_reward": -26265.0, "action_counts": [59490, 65830, 62783, 60801, 62822, 60880, 62402, 57224, 57984], "state_visits": {"(3.0, 1.0, 0.0)": 3420, "(3.0, 0.0, 0.0)": 193345, "(4.0, 1.0, 0.0)": 1565, "(4.0, 0.0, 0.0)": 85225, "(5.0, 1.0, 0.0)": 11, "(0.0, 1.0, 1.0)": 696, "(5.0, 0.0, 0.0)": 321, "(0.0, 0.0, 1.0)": 32819, "(1.0, 0.0, 1.0)": 46901, "(2.0, 0.0, 0.0)": 112357, "(2.0, 1.0, 0.0)": 1454, "(1.0, 1.0, 1.0)": 890, "(6.0, 0.0, 0.0)": 0}}}