{"q": {"(3.0, 1.0, 0.0)": [0.0, 0.35117383274747804, 0.35092994997689986, 0.346386532499662, 0.3494546283759106, 0.3481230782476601, 0.3483131252092772, 0.33675821213873836, 0.35193316815139797], "(3.0, 0.0, 0.0)": [0.0, 0.49708621510317513, 0.30175938011310655, 0.30003552730102906, 0.3187445501021342, 0.29995424804145776, 0.31482452545041245, 0.29642040626086635, 0.2972709227756588], "(4.0, 1.0, 0.0)": [0.0, 1.132031301475581, 1.1547017481119408, 1.1498598999747018, 1.1519670618245725, 1.1636770952297908, 1.144644804777799, 1.1564376565853833, 1.1471180121191478], "(4.0, 0.0, 0.0)": [0.0, 0.2751654036737857, 0.2970202838277605, 0.2832549663899184, 0.2880650612039397, 0.2795405667516049, 0.2977088695796003, 0.2970580319987054, 0.28378153904365255], "(5.0, 1.0, 0.0)": [0.0, 0.0, 11.694966872193708, 0.0, 0.0, 5.95703125, -2.3326210184312908, 0.0, 0.0], "(0.0, 1.0, 1.0)": [0.0, 2.829575897168663, 0.3761903818159485, 0.3721151463539015, 1.4397159726047966, 1.037324654593918, 0.3666853257422, 0.3694498026255397, 0.36621825859045964], "(5.0, 0.0, 0.0)": [0.0, -5.166853086873925, -5.80772294046435, -0.4785780678564, -5.308236479759216, -4.8405344566764565, -1.809707698558799, -5.437285323728305, -2.209266083390295], "(0.0, 0.0, 1.0)": [0.0, -1.5323075871169651, -0.5742603654332199, -1.5087518039137593, -2.6261730876631786, -1.4271934401341235, -5.247165936596723, -0.8208879752035823, -4.3713885019806185], "(1.0, 0.0, 1.0)": [0.0, -0.6981628394759778, -0.16543769099265093, -1.9162673094198732, -1.2211155641078606, -0.02256798079252528, -0.6715816605106117, -0.0035545874454542305, -2.8087261446880607], "(2.0, 0.0, 0.0)": [0.0, 0.3774726287425466, 0.3547361769920681, 0.3849640090677183, 0.38548616454764273, 0.34772999284283534, 0.36965274147977745, 0.3592574858766475, 0.3662128634107107], "(2.0, 1.0, 0.0)": [0.0, 0.4673859181494034, 0.4262328190517207, 0.4251840712008325, 0.4192592293482551, 0.42047604621453377, 0.5583951619846969, 0.41543940941651325, 0.4263129728775452], "(1.0, 1.0, 1.0)": [0.0, 0.7013761539542837, 2.297567505007907, 2.24102096527763, 0.953928821295891, 2.0689796620810172, 1.062849396391695, 1.8314526450146873, 1.9155927687838479], "(6.0, 0.0, 0.0)": [0.0, 0.0, 0.0, 0.0, 0.0, 0.0, 0.0, 0.0, 0.0]}, "stats": {"total_messages": 218963, "total_updates": 178001, "total_reward": -10921.0, "action_counts": [31856, 24367, 24009, 24530, 22519, 25068, 23876, 22553, 20185], "state_visits": {"(3.0, 1.0, 0.0)": 2529, "(3.0, 0.0, 0.0)": 75195, "(4.0, 1.0, 0.0)": 1067, "(4.0, 0.0, 0.0)": 34928, "(5.0, 1.0, 0.0)": 8, "(0.0, 1.0, 1.0)": 376, "(5.0, 0.0, 0.0)": 125, "(0.0, 0.0, 1.0)": 13343, "(1.0, 0.0, 1.0)": 12214, "(2.0, 0.0, 0.0)": 36936, "(2.0, 1.0, 0.0)": 846, "(1.0, 1.0, 1.0)": 434, "(6.0, 0.0, 0.0)": 0}}}