{"q": {"(3.0, 1.0, 0.0)": [0.0, 0.03601988995833947, 0.035681002051832264, 0.036200635737769986, 0.035929907800643916, 0.036037507625759205, 0.03580925089840216, 0.0355234393299044, 0.03571103190652017], "(3.0, 0.0, 0.0)": [0.0, -0.1283224758174128, -0.2826790793526366, -0.04661023686522446, -0.4048927115717865, -0.14903069317825537, -0.039758086127295963, -0.09299061816960358, -0.9278738978508839], "(4.0, 1.0, 0.0)": [0.0, 0.5600411432673474, 0.4556887898390876, 0.5593809765731108, 1.9227457778033, 0.4369696161988445, 0.5603055214496191, 0.40907974756613125, 0.4940901123205591], "(4.0, 0.0, 0.0)": [0.0, 0.018395613006930038, 0.018163284063887217, 0.01821882212881077, 0.01847722537288419, 0.018015257291495144, 0.018518717775545944, 0.01829103720574434, 0.016782446915988986], "(5.0, 1.0, 0.0)": [0.0, 0.0, 2.5568858812699764, 0.4314805350687664, 4.8835586264892825, 3.028868108091281, -0.21832555922152452, 3.2732795152764322, 0.0], "(0.0, 1.0, 1.0)": [0.0, -1.3491360906470997, 0.8310074657514094, -1.7710369478882173, 2.9273067454473134, 0.7128188545817483, 0.8005942003142548, 0.810974322857956, 0.5781905552203233], "(5.0, 0.0, 0.0)": [0.0, -6.308664276996634, -1.2948917382141394, -2.413215810933954, -5.607386858579979, -0.34898697082712726, -3.830126857427597, -2.962356822953555, -3.502156538646767], "(0.0, 0.0, 1.0)": [0.0, -5.8543961409238925, -3.6701449901077448, -3.444546742130372, -4.776559876901888, -1.8973933653014878, -4.498296378726364, -2.4802153024902083, -2.502581794701068], "(1.0, 0.0, 1.0)": [0.0, -3.065841016618796, -1.9228821031844192, -2.0554101679286205, -0.18016918840801585, -1.5091310400736329, -2.453014272587447, -3.4655528253396444, -4.379560729976129], "(2.0, 0.0, 0.0)": [0.0, -0.002171692457719569, -0.3344468028989278, -0.4966163061136889, -0.0018967131877589216, -0.005843421102292995, -2.4614819796073695, -5.7840523429837045, -1.4214627691476225], "(2.0, 1.0, 0.0)": [0.0, 0.14686536132136654, 0.1453647042384135, 0.14817014241219784, 0.14747475766640133, 0.14678124841033968, 0.1454888540567404, 0.14754922491479847, 0.13821326084824104], "(1.0, 1.0, 1.0)": [0.0, -1.1805689688528895, 0.9599614703367023, 1.5544759761765776, 1.468116140522773, 0.20355516120549294, 0.5781600568293557, 0.1577420386625356, 0.6152983525385161], "(6.0, 0.0, 0.0)": [0.0, 0.0, 0.05726150153538704, 0.0, 0.0, 0.0, 0.0, 0.0, 0.0], "(6.0, 1.0, 0.0)": [0.0, 0.0, 0.0, 0.0, 0.0, 0.0, 0.0, 0.0, 0.0]}, "stats": {"total_messages": 971383, "total_updates": 834000, "total_reward": -44299.0, "action_counts": [122634, 114504, 113175, 102577, 109936, 104393, 102883, 101608, 99673], "state_visits": {"(3.0, 1.0, 0.0)": 11331, "(3.0, 0.0, 0.0)": 334019, "(4.0, 1.0, 0.0)": 6648, "(4.0, 0.0, 0.0)": 165411, "(5.0, 1.0, 0.0)": 55, "(0.0, 1.0, 1.0)": 2052, "(5.0, 0.0, 0.0)": 583, "(0.0, 0.0, 1.0)": 47375, "(1.0, 0.0, 1.0)": 81475, "(2.0, 0.0, 0.0)": 177451, "(2.0, 1.0, 0.0)": 4061, "(1.0, 1.0, 1.0)": 3537, "(6.0, 0.0, 0.0)": 2, "(6.0, 1.0, 0.0)": 0}}}