{"q": {"(3.0, 1.0, 0.0)": [0.0, 0.6938190260123436, 0.7920872194682798, 0.7911851063333453, 0.701432608988114, 0.8041790994244594, 0.7946588985982972, 0.7240020819559403, 0.7414693191795395], "(3.0, 0.0, 0.0)": [0.0, 0.5935986231079989, 0.5772000377515719, 0.5512479704369896, 0.6179620344081753, 0.5850402637856277, 0.6207709995439525, 0.5165965659138678, 0.5973110223530322], "(4.0, 1.0, 0.0)": [0.0, 1.7970953695643148, 13.105203168942415, 15.620901755884383, 1.6114102590704749, 1.840708463187896, 1.8918405219668215, 9.050701575024428, 1.5114838464940064], "(4.0, 0.0, 0.0)": [0.0, 0.5718535199087901, 1.2713357542637223, 0.583829926395846, 1.295250375979586, 1.0134584142793535, 1.4489535763817658, 1.399422259545529, 1.320294149951855], "(5.0, 1.0, 0.0)": [0.0, 0.0, 11.694966872193708, 0.0, 0.0, 5.95703125, -0.21832555922152452, 0.0, 0.0], "(0.0, 1.0, 1.0)": [0.0, 1.1187954832090274, 0.6536091850020194, 0.3721151463539015, 1.4397159726047966, 1.2033702715859853, 0.9204443047266668, 0.7873011929502967, 0.36621825859045964], "(5.0, 0.0, 0.0)": [0.0, -9.413344088087007, -1.3867334176683745, -0.5989905998674769, -6.53527001057269, -0.8885312977324934, 0.05012431980157664, -6.059479745947879, -5.909897447572939], "(0.0, 0.0, 1.0)": [0.0, 0.7922364365332545, 0.8364474247928545, 0.6927746086518793, 0.7293159861416598, 0.9686753865192372, 0.6693213582904443, 0.6927280996099647, 0.7530158783021672], "(1.0, 0.0, 1.0)": [0.0, 0.5002034065928491, 0.4995600517968036, 0.497307589199149, 0.5021779206493291, 0.5117591449412275, 0.5133299168478829, 0.5562513476810989, 0.5013102145558466], "(2.0, 0.0, 0.0)": [0.0, 0.5740429087228947, 0.5513784742311805, 0.5518623596018692, 0.5817283492407052, 0.5525365427061041, 0.5794206970194302, 0.5835853107449711, 0.596123477975755], "(2.0, 1.0, 0.0)": [0.0, 0.9530505090020864, 0.977835885430532, 0.9210185110412461, 0.9236478485265518, 0.8228954144108094, 0.9084777674729323, 1.020582726089978, 0.8741693512117689], "(1.0, 1.0, 1.0)": [0.0, 1.1172733142189881, 1.34614917552509, 1.3364125160931055, 1.3561674775902959, 1.2048027668487786, 1.3380705833334094, 1.410251794432146, 1.4495546342521908], "(6.0, 0.0, 0.0)": [0.0, 0.0, 0.0, 0.0, 0.0, 0.0, 0.0, 0.0, 0.0]}, "stats": {"total_messages": 381049, "total_updates": 319003, "total_reward": -20727.0, "action_counts": [52032, 44116, 42251, 42483, 41301, 42730, 40718, 37992, 37426], "state_visits": {"(3.0, 1.0, 0.0)": 3136, "(3.0, 0.0, 0.0)": 141760, "(4.0, 1.0, 0.0)": 1484, "(4.0, 0.0, 0.0)": 63569, "(5.0, 1.0, 0.0)": 11, "(0.0, 1.0, 1.0)": 410, "(5.0, 0.0, 0.0)": 213, "(0.0, 0.0, 1.0)": 18499, "(1.0, 0.0, 1.0)": 21685, "(2.0, 0.0, 0.0)": 66526, "(2.0, 1.0, 0.0)": 1059, "(1.0, 1.0, 1.0)": 651, "(6.0, 0.0, 0.0)": 0}}}