{"q": {"(3.0, 1.0, 0.0)": [0.0, 0.3537520626573599, 0.2135326699161233, 0.15971919656668265, 0.38335201328235796, 0.21749174864789395, 0.2976164471045448, 0.28387956427524597, 0.16252241048673138], "(3.0, 0.0, 0.0)": [0.0, -0.8368229142628856, -1.250810679374998, -0.9283947819272435, -0.008380908926950516, -0.11399992761901859, -0.4853845707556126, -1.3588430125936295, -0.422984223461807], "(4.0, 1.0, 0.0)": [0.0, 0.833495448853657, 0.9342774426594365, 0.13508942031464266, 0.24395708327051063, 0.12386894660001407, 1.4455678255231745, 0.11429494986195082, 0.5985279262531437], "(4.0, 0.0, 0.0)": [0.0, -0.00328772982434955, -0.013954561905891116, -0.4420878846759384, -0.26249753777704166, -0.9823022582187357, 0.836339804717046, -0.4534129440444581, -0.5069934645350054], "(5.0, 1.0, 0.0)": [0.0, 0.0, 4.951673394606505, 0.0, 3.5, 5.008439288556926, -0.21832555922152452, 3.598412644113912, 0.0], "(0.0, 1.0, 1.0)": [0.0, 0.5573212576538059, 0.5650954632949136, 0.5615118548403728, 0.5637039530586506, 0.5619915423480764, 0.5596226873472168, 0.5550312555436803, 0.5557680075000816], "(5.0, 0.0, 0.0)": [0.0, -8.411552369328845, -2.302029756825137, -1.275770811102705, -7.365657738856244, -0.8272283752939313, -4.203857722240306, -5.266412129695208, -2.375482165681225], "(0.0, 0.0, 1.0)": [0.0, -5.7061713199597, -2.946681950611543, -2.49436622113657, -6.9336089640560274, -2.6626590480868195, -4.544020843629008, -3.838474457329042, -5.0743575562695575], "(1.0, 0.0, 1.0)": [0.0, -1.5002564610335742, -1.0148380304478302, -5.811029165088273, -1.8028021851407048, -1.40601914233802, -1.4150556611255087, -0.5523406695982724, -1.9205756014274633], "(2.0, 0.0, 0.0)": [0.0, 0.3298302175247865, -2.9314384796499806, -0.4774156656706484, -2.777293401604057, -1.9184810535512482, -4.070813467295123, -2.50768701280162, -3.9168389886004795], "(2.0, 1.0, 0.0)": [0.0, 0.15574360483112787, 0.15917613515893542, 0.47758915919997813, 0.43025689603685685, 0.5358719751802059, 0.7402254441426825, 0.20680080528544903, 0.37487238449354987], "(1.0, 1.0, 1.0)": [0.0, 0.487737624076243, 2.1697353467407616, 0.5555308752327381, 0.4589110659281985, 0.5265610199754394, 0.5487445480341493, 0.5505861291745353, 0.49704493260527316], "(6.0, 0.0, 0.0)": [0.0, 0.0, 0.0, 0.0, 0.0, 0.0, 0.0, 0.0, 0.0], "(6.0, 1.0, 0.0)": [0.0, 0.0, 0.0, 0.0, 0.0, 0.0, 0.0, 0.0, 0.0]}, "stats": {"total_messages": 908934, "total_updates": 787000, "total_reward": -42802.0, "action_counts": [107748, 108209, 107793, 97574, 103922, 96954, 96566, 95359, 94809], "state_visits": {"(3.0, 1.0, 0.0)": 7781, "(3.0, 0.0, 0.0)": 308565, "(4.0, 1.0, 0.0)": 5343, "(4.0, 0.0, 0.0)": 154812, "(5.0, 1.0, 0.0)": 41, "(0.0, 1.0, 1.0)": 1721, "(5.0, 0.0, 0.0)": 562, "(0.0, 0.0, 1.0)": 46686, "(1.0, 0.0, 1.0)": 78091, "(2.0, 0.0, 0.0)": 176955, "(2.0, 1.0, 0.0)": 3588, "(1.0, 1.0, 1.0)": 2854, "(6.0, 0.0, 0.0)": 1, "(6.0, 1.0, 0.0)": 0}}}