{"q": {"(3.0, 1.0, 0.0)": [0.0, 1.0623541774393046, 1.0758954933755804, 1.0489213669874822, 1.0629519786933606, 1.0522100340549094, 1.06642894243195, 1.011733268001847, 0.9704145457697942], "(3.0, 0.0, 0.0)": [0.0, 0.46264077969023537, 0.4345380602848487, 0.43532390465378656, 0.43901395148181666, 0.45843458451865976, 0.42841499845430137, 0.45377888893837964, 0.4656183435548421], "(4.0, 1.0, 0.0)": [0.0, 4.24030779815971, 4.281545322242916, 4.241277033809055, 4.183661505959439, 4.1552224984378645, 4.250774605551396, 3.264133755145511, 4.268733335544226], "(4.0, 0.0, 0.0)": [0.0, 0.4162662480434834, 0.41111609054807585, 0.36458630450004076, 0.4105131360315659, 0.42591666794210137, 0.3716295386117391, 0.4297964900892042, 0.5320537593274748], "(5.0, 1.0, 0.0)": [0.0, 0.0, 6.860363154283547, 0.0, 0.0, 5.375024768888167, -0.21832555922152452, 0.0, 0.0], "(0.0, 1.0, 1.0)": [0.0, 0.6418131152556622, 0.6432902353300927, 0.6411920390630532, 0.6424516567012555, 0.6522203876475877, 0.6406368367687647, 0.6483936962073341, 0.649783796070868], "(5.0, 0.0, 0.0)": [0.0, -4.246477330472033, -0.05332642174474839, -3.6461102255288664, -3.280379159138795, -1.7236811925213997, -1.2873134770560148, -6.410606944499713, -0.2391847405653427], "(0.0, 0.0, 1.0)": [0.0, -4.226056648532186, -5.955022296359451, -3.3074243476347545, -2.5838419622338655, -5.6941374941584515, -3.6732118230825597, -1.0838074577422352, -1.1981993625079632], "(1.0, 0.0, 1.0)": [0.0, -0.006413650977152283, -0.29278808755333, -0.04426318277644699, -2.5164356858552073, -0.7816879199728359, -0.010422708561221818, -1.9012414429703761, -0.0002518093020415385], "(2.0, 0.0, 0.0)": [0.0, 0.16612196857669204, 0.16157591749017863, 0.37570216812814095, 0.22714225920656944, 0.17471399436887056, 0.14492238285963302, 0.1667430937248353, 0.17048260083450315], "(2.0, 1.0, 0.0)": [0.0, 0.6628819889529787, 0.6680966697279346, 0.6494469410197674, 0.5190436585096226, 0.6563630279073601, 0.6636751626570068, 1.0396228718747575, 0.5647278967745059], "(1.0, 1.0, 1.0)": [0.0, 0.43375253343688885, 0.43527431154993346, 0.43181526920212254, 0.4281904635069434, 0.4175517823118244, 0.40814250098836874, 0.43678020650144056, 0.43086243698173826], "(6.0, 0.0, 0.0)": [0.0, 0.0, 0.0, 0.0, 0.0, 0.0, 0.0, 0.0, 0.0], "(6.0, 1.0, 0.0)": [0.0, 0.0, 0.0, 0.0, 0.0, 0.0, 0.0, 0.0, 0.0]}, "stats": {"total_messages": 644206, "total_updates": 563000, "total_reward": -30428.0, "action_counts": [69207, 76639, 74598, 70971, 74946, 70126, 71749, 67534, 68436], "state_visits": {"(3.0, 1.0, 0.0)": 3995, "(3.0, 0.0, 0.0)": 223337, "(4.0, 1.0, 0.0)": 2016, "(4.0, 0.0, 0.0)": 99832, "(5.0, 1.0, 0.0)": 28, "(0.0, 1.0, 1.0)": 937, "(5.0, 0.0, 0.0)": 355, "(0.0, 0.0, 1.0)": 36142, "(1.0, 0.0, 1.0)": 56596, "(2.0, 0.0, 0.0)": 136079, "(2.0, 1.0, 0.0)": 1993, "(1.0, 1.0, 1.0)": 1690, "(6.0, 0.0, 0.0)": 0, "(6.0, 1.0, 0.0)": 0}}}