{"q": {"(3.0, 1.0, 0.0)": [0.0, 0.30684218627040355, 0.14340776414416034, 0.14770269031322292, 0.2746877041638536, 0.3099672188994977, 0.18305094768650168, -1.5314715296471584, 0.30847403441064586], "(3.0, 0.0, 0.0)": [0.0, -0.06582034769772796, -2.0061673505199122, 0.028402929614993987, -0.07157006579053037, -0.0043274666773467415, -0.2864352470914464, 0.045789957170088734, 0.043064143145587805], "(4.0, 1.0, 0.0)": [0.0, 0.8185307662528742, 0.691870878723313, 0.4164508688585529, 0.7588263832313005, 0.7510087260782441, 0.7564339550830733, 0.9438225572551223, 0.8468659981662932], "(4.0, 0.0, 0.0)": [0.0, -0.4416002864137968, -0.44319499726481687, -0.21531131716946192, -0.10508543156366824, -1.819338597257852, -2.2079244173891777, -0.35782312233741276, -2.8568188377061983], "(5.0, 1.0, 0.0)": [0.0, 0.0, 2.5568858812699764, 0.4314805350687664, 6.34854866931428, 3.028868108091281, -0.21832555922152452, 3.2732795152764322, 0.0], "(0.0, 1.0, 1.0)": [0.0, -1.3491360906470997, 1.0224278226500922, -1.7710369478882173, 1.7005490224434654, 0.7128188545817483, 0.9632207091665691, 0.9606119766169341, 0.5781905552203233], "(5.0, 0.0, 0.0)": [0.0, -6.308664276996634, -1.7265223176188527, -2.413215810933954, -4.143182478106638, -0.34898697082712726, -3.830126857427597, -3.949809097271406, -1.3362087181956892], "(0.0, 0.0, 1.0)": [0.0, -1.2055439529782923, -0.25954924605123797, -0.011241413369019546, -2.5608781678866306, -0.07016626635110507, -0.48360703428946294, -0.8823791210865709, -0.883581810908362], "(1.0, 0.0, 1.0)": [0.0, -0.0597103186095483, -0.0003548174652582268, -0.09618240005793127, -0.003087846963628368, -0.07404430212092238, -0.3129020858263205, 0.0023302952690884018, -0.4560787835897822], "(2.0, 0.0, 0.0)": [0.0, -0.28890618894062914, -1.492051890835379, -0.02905221121125933, -0.4485776788849307, -0.43726854127468884, -0.3052346437497461, -0.4970711383181559, -0.6403417976101533], "(2.0, 1.0, 0.0)": [0.0, 0.21558768047146357, 0.22120935710423636, 0.22085194533325653, 0.21995263229900408, 0.21983347120028163, 0.2171564017294506, 0.21929903730321748, 0.21779220356129395], "(1.0, 1.0, 1.0)": [0.0, 0.251510511956678, 0.24815165579238246, 0.25013335929650826, 0.25263786119520776, 0.2538002371530797, 0.528692281712721, 0.1577420386625356, 0.2005121242614383], "(6.0, 0.0, 0.0)": [0.0, 0.0, 0.05726150153538704, 0.0, 0.0, 0.0, 0.0, 0.0, 0.0], "(6.0, 1.0, 0.0)": [0.0, 0.0, 0.0, 0.0, 0.0, 0.0, 0.0, 0.0, 0.0]}, "stats": {"total_messages": 941824, "total_updates": 811003, "total_reward": -43760.0, "action_counts": [116170, 111605, 110923, 99811, 106636, 100924, 100506, 98130, 97119], "state_visits": {"(3.0, 1.0, 0.0)": 10382, "(3.0, 0.0, 0.0)": 320240, "(4.0, 1.0, 0.0)": 6238, "(4.0, 0.0, 0.0)": 160724, "(5.0, 1.0, 0.0)": 53, "(0.0, 1.0, 1.0)": 2004, "(5.0, 0.0, 0.0)": 579, "(0.0, 0.0, 1.0)": 46934, "(1.0, 0.0, 1.0)": 79341, "(2.0, 0.0, 0.0)": 177297, "(2.0, 1.0, 0.0)": 3904, "(1.0, 1.0, 1.0)": 3305, "(6.0, 0.0, 0.0)": 2, "(6.0, 1.0, 0.0)": 0}}}