{"q": {"(3.0, 1.0, 0.0)": [0.0, 2.1357242338426974, 1.5397444733336767, 2.1299358960747137, 1.267315387838254, 1.9453308816767523, 2.1393138791763757, 2.1501672757255728, 2.129817472562499], "(3.0, 0.0, 0.0)": [0.0, 0.5071476919200297, 0.4735921556890562, 0.49416653756646617, 0.4678557637140972, 0.5029189636249366, 0.5079406925567048, -0.08971867962511015, 0.4677551828906067], "(4.0, 1.0, 0.0)": [0.0, 4.944572834217828, 5.8779105717497035, 5.817663796831333, 4.348094160654837, 5.844354599795417, 5.902745379828334, 4.714883961077196, 5.919823707020696], "(4.0, 0.0, 0.0)": [0.0, -1.1162346447715075, 1.2922269423390724, 0.4789493689980483, 0.8081145920881647, 1.1496675846671378, 0.8799344247390526, 0.8110009173972369, 0.5322923168268414], "(5.0, 1.0, 0.0)": [0.0, 0.0, 6.860363154283547, 0.0, 0.0, 6.899177905442476, -0.21832555922152452, 0.0, 0.0], "(0.0, 1.0, 1.0)": [0.0, 0.8663078794775971, 0.6482479113277421, 0.8723536513317798, 0.8647927597997193, 0.8667777334116863, 0.773813293859877, 0.8652264624402737, 0.7645370104735945], "(5.0, 0.0, 0.0)": [0.0, -5.661969773962711, -0.09480252754621935, -1.1531384905603688, -5.831785171802302, -3.064322120038044, -1.7164179694080197, -6.952190123555045, -0.31891298742045693], "(0.0, 0.0, 1.0)": [0.0, -2.3951700617137486, -2.5225174970477275, -1.468987765305982, -2.501920938944666, -2.9140373590415383, -2.3956654397856743, -0.3376803472146651, -1.147017097065473], "(1.0, 0.0, 1.0)": [0.0, -0.09252503231717521, -1.3063584470992955, -0.2598877343501651, 0.2141472723730525, -1.91597248011263, -1.525518627932684, -0.6065200622332483, 0.22770334410578555], "(2.0, 0.0, 0.0)": [0.0, 0.38210868837677225, 0.3391081640846297, 0.3810524327280471, 0.387995747292412, 0.41395754441388954, 0.39314112084866537, 0.4167742594232251, 0.4258759719612176], "(2.0, 1.0, 0.0)": [0.0, 0.6764101928091619, 1.6514716232156652, 0.7162434812134147, 0.6772905911353243, 0.6740892472478113, 0.6772195537316396, 0.668396529772196, 0.8927085459713334], "(1.0, 1.0, 1.0)": [0.0, 0.5751856969951644, 0.5690524202619207, 0.5665180231315253, 1.1456682673999095, 0.5700798470961496, 0.5769367594371965, 0.5717046595219046, 0.5610454128090551], "(6.0, 0.0, 0.0)": [0.0, 0.0, 0.0, 0.0, 0.0, 0.0, 0.0, 0.0, 0.0], "(6.0, 1.0, 0.0)": [0.0, 0.0, 0.0, 0.0, 0.0, 0.0, 0.0, 0.0, 0.0]}, "stats": {"total_messages": 607869, "total_updates": 532005, "total_reward": -28844.0, "action_counts": [63975, 73264, 69458, 67303, 70139, 67039, 68469, 63449, 64773], "state_visits": {"(3.0, 1.0, 0.0)": 3713, "(3.0, 0.0, 0.0)": 210197, "(4.0, 1.0, 0.0)": 1898, "(4.0, 0.0, 0.0)": 93660, "(5.0, 1.0, 0.0)": 27, "(0.0, 1.0, 1.0)": 836, "(5.0, 0.0, 0.0)": 340, "(0.0, 0.0, 1.0)": 35963, "(1.0, 0.0, 1.0)": 53703, "(2.0, 0.0, 0.0)": 128391, "(2.0, 1.0, 0.0)": 1817, "(1.0, 1.0, 1.0)": 1460, "(6.0, 0.0, 0.0)": 0, "(6.0, 1.0, 0.0)": 0}}}