{"q": {"(3.0, 1.0, 0.0)": [0.0, 0.6493113627584792, 0.642255243247116, 0.6465423772344544, 0.6476249317214332, 0.6392417228139947, 0.6508272832725669, 0.6535420092189431, 0.6423317400885167], "(3.0, 0.0, 0.0)": [0.0, 0.7586343070441727, 0.749251479098754, 0.7584009575705555, 0.7440084982020608, 0.7383754188043763, 0.7125627636138909, 0.7135593759697558, 0.7622319256830972], "(4.0, 1.0, 0.0)": [0.0, 1.7303516202991445, 2.561407122330504, 1.1498598999747018, 1.8605200512565567, 1.9316454354318542, 2.0494163661228058, 1.916995554200301, 2.094132817902185], "(4.0, 0.0, 0.0)": [0.0, 0.9069970346241784, 0.710018797238287, 0.8876182299545834, 0.8293758422299007, 0.9186280082316853, 0.8634787501746207, 0.8580404460300577, 0.7615847200245349], "(5.0, 1.0, 0.0)": [0.0, 0.0, 11.694966872193708, 0.0, 0.0, 5.95703125, -2.3326210184312908, 0.0, 0.0], "(0.0, 1.0, 1.0)": [0.0, 0.37717889163865925, 0.3761903818159485, 0.3721151463539015, 0.378756418261474, 0.3824697495745789, 0.3800633615081554, 0.3829683812563083, 0.3797337175378511], "(5.0, 0.0, 0.0)": [0.0, -8.428572719008947, -0.626798986612154, -2.016724039032731, -6.8359375, -1.961758368875276, -4.289677507694931, -2.5, 0.2542028225289001], "(0.0, 0.0, 1.0)": [0.0, 0.48287010894314286, -0.9231587331482174, 0.43130855570117677, 0.42340530788504144, 0.4878294891966112, 0.5183669707311733, 0.5003542845903738, 0.4790561642633415], "(1.0, 0.0, 1.0)": [0.0, 0.5415129861085524, 0.46571889262781313, 0.4691372118092836, 0.43924149565980414, 0.453188136205939, 0.5106017173754482, 0.5234850493488177, 0.4915972321301229], "(2.0, 0.0, 0.0)": [0.0, 0.53128157125243, 0.5378237398589064, 0.4949170496852946, 0.5371623104558878, 0.5204075270636482, 0.5308077303685614, 0.5353258075894765, 0.5377070874319246], "(2.0, 1.0, 0.0)": [0.0, 0.6357175657172534, 0.6325474038523897, 0.6362942166421168, 0.6380229555662672, 0.6366259299068029, 0.6154996061585591, 0.46441896495195045, 0.6271995636035543], "(1.0, 1.0, 1.0)": [0.0, 0.7635282888169664, 1.062928690211949, 0.9819327512373648, 0.953928821295891, 1.051927931404442, 1.062849396391695, 0.9496628974906165, 1.042246208541727], "(6.0, 0.0, 0.0)": [0.0, 0.0, 0.0, 0.0, 0.0, 0.0, 0.0, 0.0, 0.0]}, "stats": {"total_messages": 142536, "total_updates": 114005, "total_reward": -6696.0, "action_counts": [19547, 15716, 15049, 16009, 14177, 16832, 16464, 15491, 13251], "state_visits": {"(3.0, 1.0, 0.0)": 2060, "(3.0, 0.0, 0.0)": 46349, "(4.0, 1.0, 0.0)": 871, "(4.0, 0.0, 0.0)": 20954, "(5.0, 1.0, 0.0)": 8, "(0.0, 1.0, 1.0)": 349, "(5.0, 0.0, 0.0)": 81, "(0.0, 0.0, 1.0)": 12894, "(1.0, 0.0, 1.0)": 9655, "(2.0, 0.0, 0.0)": 19800, "(2.0, 1.0, 0.0)": 612, "(1.0, 1.0, 1.0)": 372, "(6.0, 0.0, 0.0)": 0}}}