{"q": {"(3.0, 1.0, 0.0)": [0.0, 1.4445271846658336, 1.2511195049383348, 1.0992933607058337, 1.0355898605060345, 1.4781672826937602, 1.2034509250953225, 0.8914900582638922, 1.137682798136928], "(3.0, 0.0, 0.0)": [0.0, 0.6184421056835704, 0.6709636703409756, 0.6392062941320803, 0.6204225785686651, 0.6468857980582189, 0.6425406959546683, 0.6371946484019724, 0.6238789408360519], "(4.0, 1.0, 0.0)": [0.0, 2.8348619460906406, 8.058143417833866, 3.4247007507686376, 2.772017152484081, 0.9358857921596604, 2.7936540071057623, 2.809883033699148, 3.3982431132392006], "(4.0, 0.0, 0.0)": [0.0, 0.6318815543718759, 0.6833324382589832, 0.6475516384117531, 0.6286658431983956, 0.6350464444039607, 0.6780506982353534, 0.6458499533012478, 0.6623539533297794], "(5.0, 1.0, 0.0)": [0.0, 0.0, 13.483954274284496, 0.0, 0.0, 5.375024768888167, -0.21832555922152452, 3.598412644113912, 0.0], "(0.0, 1.0, 1.0)": [0.0, 0.6418131152556622, 0.47281832296761817, 0.6411920390630532, 0.6424516567012555, 0.6391759798946359, 0.6406368367687647, 0.6245261208383119, 0.6267216402397748], "(5.0, 0.0, 0.0)": [0.0, -9.965207415713902, -1.0075915105792865, -1.7010277481369402, -9.820876985141659, -0.4469600845804433, 0.06282941128579561, -7.171644933407091, -0.35766493743154687], "(0.0, 0.0, 1.0)": [0.0, 0.35906784429696836, 0.3396647852318507, 0.34001332221892566, 0.3527922735051623, 0.3313839563910749, 0.33119274655783293, 0.3342499413091301, 0.3311927465559151], "(1.0, 0.0, 1.0)": [0.0, 0.5212755176214621, 0.5675747808973761, 0.5218576880892704, 0.517701259983841, 0.5221687984255957, 0.5344934413872562, 0.5221687984259967, 0.5221872736468646], "(2.0, 0.0, 0.0)": [0.0, 0.7267016599080465, 0.7419509660344413, 0.7267016666592883, 0.7434724677206722, 0.7380790313761759, 0.7898931013815214, 0.726709296977032, 0.7267016532587416], "(2.0, 1.0, 0.0)": [0.0, 0.6628819889529787, 0.6680966697279346, 0.6494469410197674, 0.5190436585096226, 0.7690922351491825, 0.70533669879776, 0.8325314645631864, 0.5647278967745059], "(1.0, 1.0, 1.0)": [0.0, 0.40007952616152165, 0.4049860612090339, 2.054815807638163, 0.39680870735379625, 0.40101673173227614, 0.4006907236062523, 0.40287215539515375, 0.3987270569557629], "(6.0, 0.0, 0.0)": [0.0, 0.0, 0.0, 0.0, 0.0, 0.0, 0.0, 0.0, 0.0], "(6.0, 1.0, 0.0)": [0.0, 0.0, 0.0, 0.0, 0.0, 0.0, 0.0, 0.0, 0.0]}, "stats": {"total_messages": 787667, "total_updates": 682004, "total_reward": -38234.0, "action_counts": [92544, 94228, 92713, 86083, 87721, 84584, 84653, 82233, 82908], "state_visits": {"(3.0, 1.0, 0.0)": 4235, "(3.0, 0.0, 0.0)": 276756, "(4.0, 1.0, 0.0)": 2172, "(4.0, 0.0, 0.0)": 134024, "(5.0, 1.0, 0.0)": 31, "(0.0, 1.0, 1.0)": 944, "(5.0, 0.0, 0.0)": 498, "(0.0, 0.0, 1.0)": 39194, "(1.0, 0.0, 1.0)": 66779, "(2.0, 0.0, 0.0)": 153640, "(2.0, 1.0, 0.0)": 2013, "(1.0, 1.0, 1.0)": 1717, "(6.0, 0.0, 0.0)": 1, "(6.0, 1.0, 0.0)": 0}}}