{"q": {"(3.0, 1.0, 0.0)": [0.0, 0.8376817782615873, 0.8726626652297715, 0.8873879656473096, 1.6737476412652752, 1.5924787731170658, 0.8665569715280786, 0.8914900582638922, 0.8331438806617704], "(3.0, 0.0, 0.0)": [0.0, 0.2948598455940892, 0.27680896101846164, 0.03266480289695073, -2.1471019741582023, 0.2918680701952834, 0.25322226399303316, -1.0907471571970655, 0.2977164027320049], "(4.0, 1.0, 0.0)": [0.0, 2.8348619460906406, 2.840504314695014, 3.4247007507686376, 2.772017152484081, 4.5811810562128805, 2.7936540071057623, 2.809883033699148, 2.7632315344240284], "(4.0, 0.0, 0.0)": [0.0, 0.5209167224646859, 0.5476843635471718, 0.5046602570639109, 0.5055507617376317, 0.5120614489439195, 0.5275720327700651, 0.517273478050579, 0.5288440075498069], "(5.0, 1.0, 0.0)": [0.0, 0.0, 13.483954274284496, 0.0, 0.0, 5.375024768888167, -0.21832555922152452, 3.598412644113912, 0.0], "(0.0, 1.0, 1.0)": [0.0, 0.6418131152556622, 0.47281832296761817, 0.6411920390630532, 0.6424516567012555, 0.6391759798946359, 0.6406368367687647, 0.6245261208383119, 0.6267216402397748], "(5.0, 0.0, 0.0)": [0.0, -8.100499776060795, -0.03999481630856129, -5.23458266914665, -6.819182468321259, -0.7226837803359935, -0.5430853731330063, -7.836262808237375, -2.575679546819503], "(0.0, 0.0, 1.0)": [0.0, -1.9460210030944523, -3.608424164058963, -2.3901781293988407, -4.526179580855491, -6.479038938734786, -6.119752509127471, -1.3981534372013575, -1.1243890655051887], "(1.0, 0.0, 1.0)": [0.0, -2.489319822258736, -3.4186168406865365, -0.25169775292579566, -0.820252962355234, -0.22023476001390918, -0.4596625048708383, -5.417805201198788, -3.189619499169405], "(2.0, 0.0, 0.0)": [0.0, -0.042704775885527485, -0.000834960049974579, -2.013738185744397, -0.1121634051479809, -0.2827801141111462, -0.01140902877423168, -3.829431930761043, -0.006688742883896286], "(2.0, 1.0, 0.0)": [0.0, 0.6628819889529787, 0.6680966697279346, 0.6494469410197674, 0.5190436585096226, 0.6563630279073601, 0.70533669879776, 0.8494475780272007, 0.5647278967745059], "(1.0, 1.0, 1.0)": [0.0, 0.40007952616152165, 0.4049860612090339, 2.054815807638163, 0.39680870735379625, 0.40101673173227614, 0.4006907236062523, 0.40287215539515375, 0.3987270569557629], "(6.0, 0.0, 0.0)": [0.0, 0.0, 0.0, 0.0, 0.0, 0.0, 0.0, 0.0, 0.0], "(6.0, 1.0, 0.0)": [0.0, 0.0, 0.0, 0.0, 0.0, 0.0, 0.0, 0.0, 0.0]}, "stats": {"total_messages": 699735, "total_updates": 605003, "total_reward": -34446.0, "action_counts": [82538, 83056, 79838, 75799, 79637, 75967, 76340, 73443, 73117], "state_visits": {"(3.0, 1.0, 0.0)": 4132, "(3.0, 0.0, 0.0)": 246525, "(4.0, 1.0, 0.0)": 2164, "(4.0, 0.0, 0.0)": 114549, "(5.0, 1.0, 0.0)": 31, "(0.0, 1.0, 1.0)": 944, "(5.0, 0.0, 0.0)": 392, "(0.0, 0.0, 1.0)": 36398, "(1.0, 0.0, 1.0)": 56930, "(2.0, 0.0, 0.0)": 139216, "(2.0, 1.0, 0.0)": 2004, "(1.0, 1.0, 1.0)": 1717, "(6.0, 0.0, 0.0)": 1, "(6.0, 1.0, 0.0)": 0}}}