{"q": {"(3.0, 1.0, 0.0)": [0.0, 0.8376817782615873, 0.8726626652297715, 0.8873879656473096, 3.019436055303552, 0.8757564464998853, 0.8665569715280786, 0.8914900582638922, 0.8331438806617704], "(3.0, 0.0, 0.0)": [0.0, 0.5331851939783353, 0.6615206082035104, 0.46119265349851934, 0.45914488604970194, 0.7179410267772763, 0.7318084326948266, 0.7151015832566617, 0.46050702634368323], "(4.0, 1.0, 0.0)": [0.0, 3.4337414088519127, 3.452410906089308, 3.5316821501318865, 3.519361704927392, 3.486781383969313, 3.545711319879107, 3.264133755145511, 2.7632315344240284], "(4.0, 0.0, 0.0)": [0.0, 0.2993434147691089, 0.31853401437293394, 0.31512808969536044, 0.30023458970074135, 0.30860970858356773, 0.32529952753370767, 0.32146112470902743, 0.3019988934177211], "(5.0, 1.0, 0.0)": [0.0, 0.0, 15.64527236571266, 0.0, 0.0, 5.375024768888167, -0.21832555922152452, 0.0, 0.0], "(0.0, 1.0, 1.0)": [0.0, 0.6418131152556622, 0.6432902353300927, 0.6411920390630532, 0.6424516567012555, 0.6522203876475877, 0.6406368367687647, 0.6483936962073341, 0.649783796070868], "(5.0, 0.0, 0.0)": [0.0, -4.263643498390519, -0.03999481630856129, -5.23458266914665, -5.758909957761679, -0.7271780030949655, -0.9654851077920111, -3.6059664062810883, -0.2391847405653427], "(0.0, 0.0, 1.0)": [0.0, -5.140661473365652, -3.1149618216470323, -0.0918428697639529, -2.852620257190402, -0.1978820000807315, -2.8520246787944794, -2.005187889852327, -2.8525775486159795], "(1.0, 0.0, 1.0)": [0.0, -2.101062840205736, -0.656329967247134, -0.044685237967536096, -0.3893914831911021, -1.0267294760124215, -1.6729386236518098, -0.45539717758050424, -2.529066401984681], "(2.0, 0.0, 0.0)": [0.0, -0.31992457618129044, -0.6355072138290836, -0.008651144280852254, -2.1101581836824828, -0.45394590578366745, -1.1383307328901553, -1.7264605419451593, -0.28154516777739746], "(2.0, 1.0, 0.0)": [0.0, 0.6628819889529787, 0.6680966697279346, 0.6494469410197674, 0.5190436585096226, 0.6563630279073601, 0.70533669879776, 0.8494475780272007, 0.5647278967745059], "(1.0, 1.0, 1.0)": [0.0, 0.40007952616152165, 0.4049860612090339, 2.054815807638163, 0.39680870735379625, 0.40101673173227614, 0.4006907236062523, 0.40287215539515375, 0.3987270569557629], "(6.0, 0.0, 0.0)": [0.0, 0.0, 0.0, 0.0, 0.0, 0.0, 0.0, 0.0, 0.0], "(6.0, 1.0, 0.0)": [0.0, 0.0, 0.0, 0.0, 0.0, 0.0, 0.0, 0.0, 0.0]}, "stats": {"total_messages": 681913, "total_updates": 592017, "total_reward": -32910.0, "action_counts": [77781, 80651, 78457, 74680, 78552, 73872, 74703, 71626, 71591], "state_visits": {"(3.0, 1.0, 0.0)": 4115, "(3.0, 0.0, 0.0)": 240104, "(4.0, 1.0, 0.0)": 2079, "(4.0, 0.0, 0.0)": 108417, "(5.0, 1.0, 0.0)": 29, "(0.0, 1.0, 1.0)": 937, "(5.0, 0.0, 0.0)": 368, "(0.0, 0.0, 1.0)": 36322, "(1.0, 0.0, 1.0)": 56825, "(2.0, 0.0, 0.0)": 139099, "(2.0, 1.0, 0.0)": 2004, "(1.0, 1.0, 1.0)": 1717, "(6.0, 0.0, 0.0)": 1, "(6.0, 1.0, 0.0)": 0}}}