{"q": {"(3.0, 1.0, 0.0)": [0.0, 0.8376817782615873, 0.8726626652297715, 0.8873879656473096, 3.019436055303552, 0.8757564464998853, 0.8665569715280786, 0.8914900582638922, 0.8331438806617704], "(3.0, 0.0, 0.0)": [0.0, 0.5434980907412681, 0.45651245374082183, 0.5874304375006045, 0.5459059430627725, 0.588798886778948, 0.2947327718424779, 0.41435030069784407, 0.5296570385904823], "(4.0, 1.0, 0.0)": [0.0, 3.4337414088519127, 3.452410906089308, 3.5316821501318865, 3.519361704927392, 3.486781383969313, 3.545711319879107, 3.264133755145511, 2.7632315344240284], "(4.0, 0.0, 0.0)": [0.0, 0.49133021053606557, 0.26307399282371, 0.3205246482281256, 0.3969811263646068, 0.30093491338020567, 0.41573661088262165, 0.32876286315172576, 0.5059198922843404], "(5.0, 1.0, 0.0)": [0.0, 0.0, 15.64527236571266, 0.0, 0.0, 5.375024768888167, -0.21832555922152452, 0.0, 0.0], "(0.0, 1.0, 1.0)": [0.0, 0.6418131152556622, 0.6432902353300927, 0.6411920390630532, 0.6424516567012555, 0.6522203876475877, 0.6406368367687647, 0.6483936962073341, 0.649783796070868], "(5.0, 0.0, 0.0)": [0.0, -4.263643498390519, -0.05332642174474839, -5.23458266914665, -2.4602843693540963, -1.7236811925213997, -1.2873134770560148, -4.807955208374785, -0.2391847405653427], "(0.0, 0.0, 1.0)": [0.0, -1.644234103240182, -0.9134091737389302, -1.8477378569505134, -5.014634266519039, -3.5139344631857123, -0.9461542260226266, -1.1004622554103527, -1.7379156419839639], "(1.0, 0.0, 1.0)": [0.0, -0.3423545521630483, -2.1114526342795576, -0.251070966687281, -3.889522975523864, -2.6967121758866472, -5.254854121527816, -0.16581223331055756, -1.7139284556312084], "(2.0, 0.0, 0.0)": [0.0, -2.5445322200098293, -0.5878237185423004, -0.05238726607493899, -0.1617030449393236, -0.05740494969527096, -0.3525537461876151, -0.8192524639009936, -1.3458047101768715], "(2.0, 1.0, 0.0)": [0.0, 0.6628819889529787, 0.6680966697279346, 0.6494469410197674, 0.5190436585096226, 0.6563630279073601, 0.70533669879776, 0.8494475780272007, 0.5647278967745059], "(1.0, 1.0, 1.0)": [0.0, 0.40007952616152165, 0.4049860612090339, 2.054815807638163, 0.39680870735379625, 0.40101673173227614, 0.4006907236062523, 0.40287215539515375, 0.3987270569557629], "(6.0, 0.0, 0.0)": [0.0, 0.0, 0.0, 0.0, 0.0, 0.0, 0.0, 0.0, 0.0], "(6.0, 1.0, 0.0)": [0.0, 0.0, 0.0, 0.0, 0.0, 0.0, 0.0, 0.0, 0.0]}, "stats": {"total_messages": 666004, "total_updates": 580004, "total_reward": -32241.0, "action_counts": [73965, 79122, 76382, 73065, 77302, 72453, 73335, 69909, 70471], "state_visits": {"(3.0, 1.0, 0.0)": 4115, "(3.0, 0.0, 0.0)": 233071, "(4.0, 1.0, 0.0)": 2079, "(4.0, 0.0, 0.0)": 104154, "(5.0, 1.0, 0.0)": 29, "(0.0, 1.0, 1.0)": 937, "(5.0, 0.0, 0.0)": 360, "(0.0, 0.0, 1.0)": 36227, "(1.0, 0.0, 1.0)": 56736, "(2.0, 0.0, 0.0)": 138575, "(2.0, 1.0, 0.0)": 2004, "(1.0, 1.0, 1.0)": 1717, "(6.0, 0.0, 0.0)": 0, "(6.0, 1.0, 0.0)": 0}}}