{"q": {"(3.0, 1.0, 0.0)": [0.0, 0.6938190260123436, 0.7920872194682798, 0.7911851063333453, 0.701432608988114, 0.7067463321112984, 0.7946588985982972, 0.7240020819559403, 0.6477342893549358], "(3.0, 0.0, 0.0)": [0.0, 0.5433616174251071, 0.5969764439372965, 0.5623460537100404, 0.5936530136364965, 0.5993594485001875, 0.5362104058342048, 0.5867345477732517, 0.5712213362728729], "(4.0, 1.0, 0.0)": [0.0, 1.7970953695643148, 13.105203168942415, 14.191577915368075, 1.6114102590704749, 1.840708463187896, 1.8918405219668215, 9.050701575024428, 1.5114838464940064], "(4.0, 0.0, 0.0)": [0.0, 0.3607145894187101, 0.3461653621012302, 0.37241037932783705, 0.3742504979935538, 0.34603957890582804, 0.3396952414224497, 0.3519857417849284, 0.35374338775030323], "(5.0, 1.0, 0.0)": [0.0, 0.0, 11.694966872193708, 0.0, 0.0, 5.95703125, -0.21832555922152452, 0.0, 0.0], "(0.0, 1.0, 1.0)": [0.0, 1.1187954832090274, 0.6536091850020194, 0.3721151463539015, 1.4397159726047966, 1.2336623773885922, 1.0883413693887287, 0.7873011929502967, 0.36621825859045964], "(5.0, 0.0, 0.0)": [0.0, -9.413344088087007, -0.57393901715614, -2.812356642144448, -7.243792814735778, -2.9980280822430303, 0.03616025029143119, -7.909407156599911, -4.405053888468158], "(0.0, 0.0, 1.0)": [0.0, -0.028668801391424206, -0.021781625968379528, -1.5617130804348962, -0.1989700673136181, -0.38512071768674155, -0.4608501059819376, -1.8849982576644635, -0.01197806287521683], "(1.0, 0.0, 1.0)": [0.0, -0.005937489183488982, -0.2869211068697007, -0.014182310401991277, -0.30227675255064945, -0.5427185511786031, -1.1819439135229406, -0.20923731534666032, -0.06467909472011263], "(2.0, 0.0, 0.0)": [0.0, 0.4688745931525591, 0.44334008716672973, 0.4439668214604575, 0.4413638638236604, 0.4426951203901053, 0.4315854673250669, 0.4389319368969871, 0.44456583181921205], "(2.0, 1.0, 0.0)": [0.0, 0.9448906209243623, 0.977835885430532, 0.9288574597119171, 0.9353081323653546, 0.8228954144108094, 0.9084777674729323, 0.8117815670878797, 0.7914577469301222], "(1.0, 1.0, 1.0)": [0.0, 1.1172733142189881, 1.34614917552509, 1.3364125160931055, 1.3561674775902959, 1.2048027668487786, 1.3380705833334094, 1.410251794432146, 1.4495546342521908], "(6.0, 0.0, 0.0)": [0.0, 0.0, 0.0, 0.0, 0.0, 0.0, 0.0, 0.0, 0.0]}, "stats": {"total_messages": 408024, "total_updates": 345004, "total_reward": -21675.0, "action_counts": [53034, 48202, 45546, 45128, 45346, 45980, 43326, 41788, 39674], "state_visits": {"(3.0, 1.0, 0.0)": 3148, "(3.0, 0.0, 0.0)": 150304, "(4.0, 1.0, 0.0)": 1487, "(4.0, 0.0, 0.0)": 67100, "(5.0, 1.0, 0.0)": 11, "(0.0, 1.0, 1.0)": 415, "(5.0, 0.0, 0.0)": 233, "(0.0, 0.0, 1.0)": 20604, "(1.0, 0.0, 1.0)": 25455, "(2.0, 0.0, 0.0)": 74524, "(2.0, 1.0, 0.0)": 1072, "(1.0, 1.0, 1.0)": 651, "(6.0, 0.0, 0.0)": 0}}}