{"q": {"(3.0, 1.0, 0.0)": [0.0, 0.6516525679354264, 0.7228573922812344, 0.6723980813007133, 0.6549659644392648, 0.7081889313380636, 0.7132925515010422, 0.7067240514791175, 0.6925010987450521], "(3.0, 0.0, 0.0)": [0.0, 0.4850506795318148, 0.48647845291805947, 0.5272373035473222, 0.4850583192634711, 0.4887529804335527, 0.45224252605074355, 0.450944222448726, 0.4850956365517727], "(4.0, 1.0, 0.0)": [0.0, 1.7303516202991445, 2.9505031521778258, 1.1498598999747018, 1.8605200512565567, 1.9316454354318542, 1.1380563011750509, 1.2967431741310687, 1.923187034148428], "(4.0, 0.0, 0.0)": [0.0, 0.6039675963218468, 0.5556595467450667, 0.5619346802612037, 0.556263414477867, 0.602361052614552, 0.5575362449817092, 0.5625402044326278, 0.5581926552961212], "(5.0, 1.0, 0.0)": [0.0, 0.0, 11.694966872193708, 0.0, 0.0, 5.95703125, -2.3326210184312908, 0.0, 0.0], "(0.0, 1.0, 1.0)": [0.0, 0.40074596005773455, 0.40351058510265525, 0.401211300146155, 0.4111705160484989, 0.40671747897989274, 0.40286541602765186, 0.4367218337031259, 0.4017847815366344], "(5.0, 0.0, 0.0)": [0.0, -8.428572719008947, -0.626798986612154, 0.47788773155464137, -6.8359375, -1.961758368875276, -4.289677507694931, -2.5, 0.2542028225289001], "(0.0, 0.0, 1.0)": [0.0, 0.2352569816366305, 0.24763152775184782, 0.25518585826765416, 0.25518582025062536, 0.2556785026437675, 0.24685046105547007, 0.25525041535077286, 0.25447284560293726], "(1.0, 0.0, 1.0)": [0.0, 0.6973955677895948, 0.7071851279069876, 0.7537250123150201, 0.6575893030894876, 0.5945517831589853, 0.6935114641203974, 0.5994579030738723, 0.4322672621482203], "(2.0, 0.0, 0.0)": [0.0, 0.6124043804168928, 0.6385658581257327, 0.6155331165910984, 0.6126937566170282, 0.6532339892546097, 0.6653726283277088, 0.6309396094823156, 0.6185528267731621], "(2.0, 1.0, 0.0)": [0.0, 0.7548017011345772, 0.3710074700324143, 0.5468868180237793, 0.8341992515912344, 0.5023097582909885, 0.6154996061585591, 0.39483482863200464, 0.551880862320295], "(1.0, 1.0, 1.0)": [0.0, 0.7635282888169664, 1.062928690211949, 0.9758198873758233, 1.155185615250787, 1.051927931404442, 1.0632125629560145, 0.9119602746439139, 1.0141199630938418], "(6.0, 0.0, 0.0)": [0.0, 0.0, 0.0, 0.0, 0.0, 0.0, 0.0, 0.0, 0.0]}, "stats": {"total_messages": 129422, "total_updates": 101006, "total_reward": -6718.0, "action_counts": [19437, 13596, 13902, 13451, 12610, 14868, 14631, 14543, 12384], "state_visits": {"(3.0, 1.0, 0.0)": 1902, "(3.0, 0.0, 0.0)": 42764, "(4.0, 1.0, 0.0)": 858, "(4.0, 0.0, 0.0)": 20083, "(5.0, 1.0, 0.0)": 8, "(0.0, 1.0, 1.0)": 309, "(5.0, 0.0, 0.0)": 80, "(0.0, 0.0, 1.0)": 11447, "(1.0, 0.0, 1.0)": 7302, "(2.0, 0.0, 0.0)": 15440, "(2.0, 1.0, 0.0)": 457, "(1.0, 1.0, 1.0)": 356, "(6.0, 0.0, 0.0)": 0}}}