{"q": {"(3.0, 1.0, 0.0)": [0.0, 0.721235711912941, 0.7680233069142474, 0.7063197673735919, 0.7217937436623589, 0.7156133694524813, 0.7442888539347318, 0.7070321575982749, 0.7238543292430075], "(3.0, 0.0, 0.0)": [0.0, 0.5044320927123378, 0.5013217962121177, 0.48239136290580414, 0.5074701218385507, 0.49440809589913765, 0.5242931849130026, 0.5022424722811317, 0.4864576653259374], "(4.0, 1.0, 0.0)": [0.0, 1.7303516202991445, 2.9505031521778258, 1.1498598999747018, 1.8605200512565567, 1.9316454354318542, 1.1380563011750509, 1.2967431741310687, 1.923187034148428], "(4.0, 0.0, 0.0)": [0.0, 0.6477967321582812, 0.6538507729980119, 0.6481164383661479, 0.7040936914224027, 0.6612303910081687, 0.6819317064585104, 0.6534035116444559, 0.647599033527431], "(5.0, 1.0, 0.0)": [0.0, 0.0, 11.694966872193708, 0.0, 0.0, 5.95703125, -2.3326210184312908, 0.0, 0.0], "(0.0, 1.0, 1.0)": [0.0, 0.3833493124328311, 0.40485341695492816, 0.401211300146155, 0.41429932572903994, 0.40671747897989274, 0.40286541602765186, 0.4367218337031259, 0.4017847815366344], "(5.0, 0.0, 0.0)": [0.0, -8.428572719008947, -0.626798986612154, 0.47788773155464137, -6.8359375, -1.961758368875276, -4.289677507694931, -2.5, 0.2542028225289001], "(0.0, 0.0, 1.0)": [0.0, 0.286688593723993, 0.2637515633766115, 0.26375350622752436, 0.28036496856002535, 0.2748489489992177, 0.2747482218350715, 0.27106182390137323, 0.27105329988095034], "(1.0, 0.0, 1.0)": [0.0, 0.4505287105516057, 0.46608522490608406, 0.47281202372932274, 0.4669760368993776, 0.4660852773682591, 0.46608527374599856, 0.5066142761566279, 0.4627356113076754], "(2.0, 0.0, 0.0)": [0.0, 0.4536819177196917, 0.4779475336827554, 0.5555943380694102, 0.7145215894664844, 0.6534707671508642, 0.5045697827850995, 0.4872863357143856, 0.46626472424306936], "(2.0, 1.0, 0.0)": [0.0, 0.5988322502344817, 0.3710074700324143, 0.4733613202103938, 0.8341992515912344, 0.5023097582909885, 0.6154996061585591, 0.39483482863200464, 0.551880862320295], "(1.0, 1.0, 1.0)": [0.0, 0.7635282888169664, 1.0632698844306447, 0.9758198873758233, 1.155185615250787, 1.051927931404442, 1.0958308336999298, 0.9119602746439139, 0.9474503442544107], "(6.0, 0.0, 0.0)": [0.0, 0.0, 0.0, 0.0, 0.0, 0.0, 0.0, 0.0, 0.0]}, "stats": {"total_messages": 120343, "total_updates": 92004, "total_reward": -6739.0, "action_counts": [19350, 10873, 12802, 12198, 11462, 14575, 13169, 13864, 12050], "state_visits": {"(3.0, 1.0, 0.0)": 1860, "(3.0, 0.0, 0.0)": 39798, "(4.0, 1.0, 0.0)": 858, "(4.0, 0.0, 0.0)": 19496, "(5.0, 1.0, 0.0)": 8, "(0.0, 1.0, 1.0)": 296, "(5.0, 0.0, 0.0)": 80, "(0.0, 0.0, 1.0)": 10095, "(1.0, 0.0, 1.0)": 6220, "(2.0, 0.0, 0.0)": 12512, "(2.0, 1.0, 0.0)": 447, "(1.0, 1.0, 1.0)": 334, "(6.0, 0.0, 0.0)": 0}}}