{"q": {"(3.0, 1.0, 0.0)": [0.0, 0.9109149161821863, 0.9276314065675544, 0.9186760888142016, 0.9204858678168799, 0.9243144148983216, 0.8307264257037528, 0.926903495150589, 0.9150728964955569], "(3.0, 0.0, 0.0)": [0.0, 0.393330681844947, 0.4079737829430595, 0.41467161051590784, 0.4111362210279419, 0.4115873072037618, 0.5140176954797459, 0.40044397342199317, 0.3854143175345884], "(4.0, 1.0, 0.0)": [0.0, 2.3988196418145122, 2.426127589923908, 2.39025788588415, 2.395627980426543, 2.4210571416550204, 2.3984513031310275, 2.393476154877, 2.385682265798651], "(4.0, 0.0, 0.0)": [0.0, 0.3866259471210184, 0.38501483463298647, 0.36279685112498705, 0.3577294902845378, 0.38346290778817516, 0.3499181417373839, 0.34438730090858716, 0.38096850322496273], "(5.0, 1.0, 0.0)": [0.0, 0.0, 10.34903431817012, 0.0, 0.0, 5.375024768888167, -0.21832555922152452, 3.598412644113912, 0.0], "(0.0, 1.0, 1.0)": [0.0, 0.6062581300047019, 1.136120333545291, 0.5545722337857472, 0.5462646839795721, 0.5439586763251649, 0.5256006369797743, 0.6405774431022964, 0.5567073525001245], "(5.0, 0.0, 0.0)": [0.0, -9.23222068392073, -2.302029756825137, -1.7010277481369402, -7.365657738856244, -1.1029711670585751, -2.0955758647376026, -5.25139934168037, -2.375482165681225], "(0.0, 0.0, 1.0)": [0.0, -3.4857599993067208, -0.5737072647549835, -4.974431731545798, -1.534955467794924, -2.59688628181087, -3.2252813473348247, -1.7053795173420296, -5.809522973758229], "(1.0, 0.0, 1.0)": [0.0, -1.584596515399567, -0.5040015650910652, -2.28433234706009, -0.42983669469253005, -0.8237467473709809, -2.0758784008090934, -0.2765099407739545, -0.1828280228714288], "(2.0, 0.0, 0.0)": [0.0, -0.7608170827525744, 0.1289577979617887, -1.5403222035034236, -1.1903076230898746, 0.17958117657112577, -0.7824046727700316, -0.756049217932702, 0.17230618676517886], "(2.0, 1.0, 0.0)": [0.0, 0.40291427152350784, 0.40283624272801277, 0.4035904987890683, 0.3897378260872219, 0.40464429305806393, 0.4054600534543713, 0.407944471070221, 0.41080992728326726], "(1.0, 1.0, 1.0)": [0.0, 0.5328625963987372, 0.6208516935399002, 0.6077041812340195, 0.6175438904327946, 0.6291083268571523, 0.578784644479813, 0.48767117244805525, 0.6438413083979166], "(6.0, 0.0, 0.0)": [0.0, 0.0, 0.0, 0.0, 0.0, 0.0, 0.0, 0.0, 0.0], "(6.0, 1.0, 0.0)": [0.0, 0.0, 0.0, 0.0, 0.0, 0.0, 0.0, 0.0, 0.0]}, "stats": {"total_messages": 866788, "total_updates": 757000, "total_reward": -41001.0, "action_counts": [96008, 104615, 104211, 93898, 99271, 93230, 92394, 91595, 91566], "state_visits": {"(3.0, 1.0, 0.0)": 5260, "(3.0, 0.0, 0.0)": 299784, "(4.0, 1.0, 0.0)": 2508, "(4.0, 0.0, 0.0)": 142715, "(5.0, 1.0, 0.0)": 32, "(0.0, 1.0, 1.0)": 1223, "(5.0, 0.0, 0.0)": 534, "(0.0, 0.0, 1.0)": 46518, "(1.0, 0.0, 1.0)": 77922, "(2.0, 0.0, 0.0)": 174874, "(2.0, 1.0, 0.0)": 3109, "(1.0, 1.0, 1.0)": 2520, "(6.0, 0.0, 0.0)": 1, "(6.0, 1.0, 0.0)": 0}}}