{"q": {"(3.0, 1.0, 0.0)": [0.0, 0.6938190260123436, 0.7697275909113297, 0.7911851063333453, 0.8449868472021657, 0.7986358719398224, 0.7669212664553823, 0.7859662122376708, 0.7457419524195678], "(3.0, 0.0, 0.0)": [0.0, 0.4663317183875714, 0.46634965646080206, 0.4841809260761971, 0.506825114199399, 0.46653633507031395, 0.47627490752907026, 0.49676333808590656, 0.46634376855012966], "(4.0, 1.0, 0.0)": [0.0, 4.611884447707894, 13.105203168942415, 12.30193990821007, 1.6114102590704749, 1.840708463187896, 1.8918405219668215, 9.050701575024428, 8.185802751476054], "(4.0, 0.0, 0.0)": [0.0, 0.4752216023645684, 0.48172531674309954, 0.4932852797000022, 0.5113784346356527, 0.4726006865535879, 0.4964014996130267, 0.5055828199142409, 0.5054801617520702], "(5.0, 1.0, 0.0)": [0.0, 0.0, 11.694966872193708, 0.0, 0.0, 5.95703125, -0.21832555922152452, 0.0, 0.0], "(0.0, 1.0, 1.0)": [0.0, 1.1187954832090274, 0.6536091850020194, 0.3721151463539015, 1.4397159726047966, 1.2336623773885922, 1.0883413693887287, 0.7873011929502967, 0.36621825859045964], "(5.0, 0.0, 0.0)": [0.0, -8.813625216732822, -0.1264033700616258, -3.62413060539327, -7.7757135624030695, -0.7597316963181115, 0.16518540481769733, -8.904658158106116, -1.8549436083971356], "(0.0, 0.0, 1.0)": [0.0, 0.4915097884537033, 0.5316226806725254, 0.48924500581321734, 0.4890797633180388, 0.49024941709977155, 0.49022674834865243, 0.4995675558378885, 0.4359100182320663], "(1.0, 0.0, 1.0)": [0.0, 0.6441164336968741, 0.5833093270286382, 0.6283869428129986, 0.660950000027104, 0.6086837036955678, 0.6080740000355883, 0.6148655955658106, 0.6536987531865306], "(2.0, 0.0, 0.0)": [0.0, 0.4288601484984564, 0.45368529910194827, 0.45247993155500255, 0.43653544170091757, 0.42884905414582836, 0.427333191852456, 0.6528146801781542, 0.42042296005651864], "(2.0, 1.0, 0.0)": [0.0, 1.0516005956150534, 0.8477123645256748, 0.8582037988478128, 0.8984537288082882, 0.8228954144108094, 0.9084777674729323, 0.9667601268347984, 0.8653892775611545], "(1.0, 1.0, 1.0)": [0.0, 1.1172733142189881, 1.34614917552509, 1.3364125160931055, 1.3561674775902959, 1.2048027668487786, 1.3350078647055035, 1.410251794432146, 1.4495546342521908], "(6.0, 0.0, 0.0)": [0.0, 0.0, 0.0, 0.0, 0.0, 0.0, 0.0, 0.0, 0.0]}, "stats": {"total_messages": 509268, "total_updates": 439003, "total_reward": -26130.0, "action_counts": [59144, 59924, 57474, 56255, 59423, 56642, 56723, 51863, 51820], "state_visits": {"(3.0, 1.0, 0.0)": 3246, "(3.0, 0.0, 0.0)": 182683, "(4.0, 1.0, 0.0)": 1500, "(4.0, 0.0, 0.0)": 81900, "(5.0, 1.0, 0.0)": 11, "(0.0, 1.0, 1.0)": 415, "(5.0, 0.0, 0.0)": 311, "(0.0, 0.0, 1.0)": 27208, "(1.0, 0.0, 1.0)": 38354, "(2.0, 0.0, 0.0)": 101625, "(2.0, 1.0, 0.0)": 1095, "(1.0, 1.0, 1.0)": 655, "(6.0, 0.0, 0.0)": 0}}}