{"q": {"(3.0, 1.0, 0.0)": [0.0, 2.582593626996709, 2.498520878804391, 2.6315504478741545, 2.419299450550961, 2.552399182942187, 1.979651917142959, 1.9568092853892813, 2.5403801892359397], "(3.0, 0.0, 0.0)": [0.0, 0.9518632913539969, 0.9483080742820775, 0.894739850844234, 0.9810005953322304, 0.8843815777467822, 0.9613399305182683, 0.9550810018416651, 0.9128395314073686], "(4.0, 1.0, 0.0)": [0.0, 2.8348619460906406, 3.7974218072757857, 3.836743029879097, 3.3752764884381925, 1.655787534274976, 4.110319980500854, 2.4190521665520897, 3.811310836075207], "(4.0, 0.0, 0.0)": [0.0, 1.2465595651101695, 1.2347093778017455, 1.3405349620107243, 1.2632737654034176, 1.3045189902336412, 1.2474646715797706, 1.3329396497511008, 1.305460309044212], "(5.0, 1.0, 0.0)": [0.0, 0.0, 13.483954274284496, 0.0, 0.0, 5.375024768888167, -0.21832555922152452, 3.598412644113912, 0.0], "(0.0, 1.0, 1.0)": [0.0, 0.6063836256151742, 0.47281832296761817, 0.6411920390630532, 0.5814277429379007, 0.5941252844666634, 0.611633016188428, 0.5909231995226524, 0.6019389234983726], "(5.0, 0.0, 0.0)": [0.0, -8.976294245227638, 0.26396032423315047, -1.7010277481369402, -9.820876985141659, -0.4469600845804433, 0.06282941128579561, -7.171644933407091, 0.1660237790917], "(0.0, 0.0, 1.0)": [0.0, 0.5953899153023114, 0.6102087599971691, 0.594346456234451, 0.6471629376929178, 0.6064035429893591, 0.5961650424125691, 0.6463172745667887, 0.5962259698624834], "(1.0, 0.0, 1.0)": [0.0, 0.6606552826730063, 0.6083406680504078, 0.6070530916472459, 0.6078034537339223, 0.6105034333083919, 0.6078985396826881, 0.608034898939729, 0.6186112914506066], "(2.0, 0.0, 0.0)": [0.0, 0.6796255835154141, 0.6284816295000861, 0.6275181613024856, 0.6389150599668691, 0.6295805234626876, 0.6648208289569166, 0.6330357570683321, 0.6496235703147942], "(2.0, 1.0, 0.0)": [0.0, 0.7293042132431402, 0.7004014811200775, 0.7052005594188754, 0.6611599327389936, 0.7135474086346147, 0.7053547367635798, 0.7667151396020865, 0.6866034155409058], "(1.0, 1.0, 1.0)": [0.0, 0.40007952616152165, 1.8887898301756665, 2.054815807638163, 1.888432293531273, 1.2620840913871019, 0.4006907236062523, 1.8898008510896562, 1.2611181348407605], "(6.0, 0.0, 0.0)": [0.0, 0.0, 0.0, 0.0, 0.0, 0.0, 0.0, 0.0, 0.0], "(6.0, 1.0, 0.0)": [0.0, 0.0, 0.0, 0.0, 0.0, 0.0, 0.0, 0.0, 0.0]}, "stats": {"total_messages": 816254, "total_updates": 710003, "total_reward": -39348.0, "action_counts": [92813, 98992, 97193, 89713, 92097, 86966, 86964, 85584, 85932], "state_visits": {"(3.0, 1.0, 0.0)": 4408, "(3.0, 0.0, 0.0)": 285925, "(4.0, 1.0, 0.0)": 2247, "(4.0, 0.0, 0.0)": 137681, "(5.0, 1.0, 0.0)": 31, "(0.0, 1.0, 1.0)": 997, "(5.0, 0.0, 0.0)": 514, "(0.0, 0.0, 1.0)": 43114, "(1.0, 0.0, 1.0)": 70601, "(2.0, 0.0, 0.0)": 160588, "(2.0, 1.0, 0.0)": 2093, "(1.0, 1.0, 1.0)": 1803, "(6.0, 0.0, 0.0)": 1, "(6.0, 1.0, 0.0)": 0}}}