{"q": {"(3.0, 1.0, 0.0)": [0.0, 0.6938190260123436, 0.7920872194682798, 0.7911851063333453, 0.7963443845036249, 0.8041790994244594, 0.7946588985982972, 0.7240020819559403, 0.7911305921294617], "(3.0, 0.0, 0.0)": [0.0, 0.6272079312621928, 0.6062295603790454, 0.578246811471859, 0.5770312967554825, 0.586390636329335, 0.585375998644716, 0.5770498547939442, 0.5795062136355127], "(4.0, 1.0, 0.0)": [0.0, 1.7970953695643148, 1.7252443698812938, 15.620901755884383, 1.6114102590704749, 1.840708463187896, 1.8918405219668215, 1.759607593750333, 1.5114838464940064], "(4.0, 0.0, 0.0)": [0.0, 0.7786241930056792, 0.7978192154274176, 0.7787884700507903, 0.7125673094649647, 0.7672119245411316, 0.754393620158506, 0.7814171179693998, 0.7287556910106092], "(5.0, 1.0, 0.0)": [0.0, 0.0, 11.694966872193708, 0.0, 0.0, 5.95703125, -0.21832555922152452, 0.0, 0.0], "(0.0, 1.0, 1.0)": [0.0, 1.1187954832090274, 0.6536091850020194, 0.3721151463539015, 1.4397159726047966, 1.037324654593918, 0.9204443047266668, 0.7873011929502967, 0.36621825859045964], "(5.0, 0.0, 0.0)": [0.0, -9.413344088087007, -5.545740348731498, -0.5989905998674769, -6.53527001057269, -0.8885312977324934, 0.05012431980157664, -6.059479745947879, -5.909897447572939], "(0.0, 0.0, 1.0)": [0.0, 0.6749953064791014, 0.6846013312688886, -0.1893579526295947, 0.6839627617186637, 0.674944094915037, -2.2792110616143297, 0.6749953014435777, 0.7336905443285376], "(1.0, 0.0, 1.0)": [0.0, 0.7803724608824307, 0.6944073386065687, 0.7344975275079035, 0.7983662812569019, 0.7361339866808083, 0.7137491733640701, 0.7405342332407423, 0.778559597431373], "(2.0, 0.0, 0.0)": [0.0, 0.5630399209049677, 0.5631595198728336, 0.5401724913481343, 0.5414981468251906, 0.5489556228529904, 0.5551576725917212, 0.5715404335773819, 0.5870170356158265], "(2.0, 1.0, 0.0)": [0.0, 0.9530505090020864, 0.977835885430532, 0.9335188971553354, 0.7353225586385406, 0.8228954144108094, 0.8667385600801784, 1.020582726089978, 0.8741693512117689], "(1.0, 1.0, 1.0)": [0.0, 1.1172733142189881, 1.34614917552509, 1.3364125160931055, 1.3561674775902959, 1.2048027668487786, 1.3380705833334094, 1.410251794432146, 1.4495546342521908], "(6.0, 0.0, 0.0)": [0.0, 0.0, 0.0, 0.0, 0.0, 0.0, 0.0, 0.0, 0.0]}, "stats": {"total_messages": 363811, "total_updates": 302004, "total_reward": -20782.0, "action_counts": [51887, 41775, 40299, 41343, 38399, 40930, 38588, 35872, 34718], "state_visits": {"(3.0, 1.0, 0.0)": 3111, "(3.0, 0.0, 0.0)": 135625, "(4.0, 1.0, 0.0)": 1473, "(4.0, 0.0, 0.0)": 61777, "(5.0, 1.0, 0.0)": 11, "(0.0, 1.0, 1.0)": 407, "(5.0, 0.0, 0.0)": 209, "(0.0, 0.0, 1.0)": 16894, "(1.0, 0.0, 1.0)": 18807, "(2.0, 0.0, 0.0)": 62000, "(2.0, 1.0, 0.0)": 1039, "(1.0, 1.0, 1.0)": 651, "(6.0, 0.0, 0.0)": 0}}}