{"q": {"(3.0, 1.0, 0.0)": [0.0, 0.859903617471193, 0.8188194366495918, 0.7928581736333552, 0.8205140703750081, 0.8220867860905923, 0.8383589187686696, 0.632037559498547, 0.7919221982119702], "(3.0, 0.0, 0.0)": [0.0, 0.6296310478459537, 0.6290906910887559, 0.636753672315544, 0.6290906907366949, 0.6263912594915659, 0.6837942294443001, 0.6341900424103076, 0.6291549547074844], "(4.0, 1.0, 0.0)": [0.0, 1.7970953695643148, 1.7043477149871185, 1.9261190924741385, 1.7964414250524152, 1.840708463187896, 1.8918405219668215, 1.7425848923037643, 1.7460358344559812], "(4.0, 0.0, 0.0)": [0.0, 0.5557783294223726, 0.5871163664556188, 0.534285229892837, 0.5890794314230927, 0.5626972531301774, 0.517310087983602, 0.549489073715448, 0.5875669829162846], "(5.0, 1.0, 0.0)": [0.0, 0.0, 11.694966872193708, 0.0, 0.0, 5.95703125, -0.21832555922152452, 0.0, 0.0], "(0.0, 1.0, 1.0)": [0.0, 1.1187954832090274, 0.6536091850020194, 0.3721151463539015, 1.4397159726047966, 1.037324654593918, 0.9204443047266668, 0.7873011929502967, 0.36621825859045964], "(5.0, 0.0, 0.0)": [0.0, -9.413344088087007, -5.545740348731498, -0.5989905998674769, -8.949787095221595, -1.9161986374309419, -0.24156681742847258, -6.059479745947879, -5.909897447572939], "(0.0, 0.0, 1.0)": [0.0, -0.22725700618929273, 0.42967915107957594, -0.8115902635477966, 0.398360692322705, 0.40957876671921745, 0.00650456127691923, 0.4206278667922447, 0.4058673862219345], "(1.0, 0.0, 1.0)": [0.0, 0.8816483017801728, 0.8650164469352197, 0.380235207112842, 0.8146634393067265, 0.8668045597149158, 0.8697939989869041, -1.369161744796076, 0.8586318181909246], "(2.0, 0.0, 0.0)": [0.0, 0.7015648213919775, 0.7015483162710798, 0.7625525176858404, 0.701436292725145, 0.7015483161910335, 0.7587181660550294, 0.7015483162709735, 0.7072454941645852], "(2.0, 1.0, 0.0)": [0.0, 0.9530505090020864, 0.3437886192318903, 0.7514686785479185, 0.7353225586385406, 0.6489310409668109, 0.9664043555011375, 1.020582726089978, 0.7342411729595848], "(1.0, 1.0, 1.0)": [0.0, 1.1172733142189881, 1.456812108994237, 1.4125427711727576, 1.3561674775902959, 1.2048027668487786, 1.3524702943643094, 1.410251794432146, 1.4495546342521908], "(6.0, 0.0, 0.0)": [0.0, 0.0, 0.0, 0.0, 0.0, 0.0, 0.0, 0.0, 0.0]}, "stats": {"total_messages": 351604, "total_updates": 290004, "total_reward": -20644.0, "action_counts": [51788, 40394, 38806, 39798, 36746, 39917, 37564, 34259, 32332], "state_visits": {"(3.0, 1.0, 0.0)": 3053, "(3.0, 0.0, 0.0)": 131473, "(4.0, 1.0, 0.0)": 1420, "(4.0, 0.0, 0.0)": 60297, "(5.0, 1.0, 0.0)": 11, "(0.0, 1.0, 1.0)": 407, "(5.0, 0.0, 0.0)": 204, "(0.0, 0.0, 1.0)": 15733, "(1.0, 0.0, 1.0)": 17071, "(2.0, 0.0, 0.0)": 58742, "(2.0, 1.0, 0.0)": 988, "(1.0, 1.0, 1.0)": 605, "(6.0, 0.0, 0.0)": 0}}}