{"q": {"(3.0, 1.0, 0.0)": [0.0, 0.2002171240859007, 0.19785644254072104, 0.18994315402503156, 0.16421172411670992, 0.19784380129468787, 0.19969517084538896, 0.1971620645438102, 0.19820962886429033], "(3.0, 0.0, 0.0)": [0.0, -0.3597710780838691, 0.6977031525887059, 0.06245812956494372, -0.019865858197216035, -0.8462123125470673, -0.12951784414436257, -0.24275112394854675, 0.0019177533633414068], "(4.0, 1.0, 0.0)": [0.0, 0.07684491099082426, 0.0773277632820695, 0.07763953181038824, 0.07772166499535159, 0.07707854442008905, 0.07673376699358772, 0.07789085222531156, 0.07775167708382444], "(4.0, 0.0, 0.0)": [0.0, 0.06834945382838424, 0.06785523987554258, 0.07815235370846484, 0.08021423052674748, 0.07777450064587951, 0.07031634785346161, 0.07486248918182983, 0.07482408220748786], "(5.0, 1.0, 0.0)": [0.0, 0.0, 4.951673394606505, 0.0, 0.0, 5.375024768888167, -0.21832555922152452, 3.598412644113912, 0.0], "(0.0, 1.0, 1.0)": [0.0, 0.6165598353603516, 0.5827754088990618, 0.6199800729941347, 0.6158246851376354, 0.6199899582501651, 0.6067237699827115, 3.138518683037031, 0.6148414877360653], "(5.0, 0.0, 0.0)": [0.0, -7.882069825771794, -2.302029756825137, -1.275770811102705, -7.365657738856244, -0.8272283752939313, -4.203857722240306, -3.6885495062602778, -2.375482165681225], "(0.0, 0.0, 1.0)": [0.0, -4.2748950932796, -3.928909267482058, -3.3258216281820934, -4.548638158321826, -3.550212064115759, -4.744925944229347, -2.9504579729281004, -5.6877467667014345], "(1.0, 0.0, 1.0)": [0.0, -1.4082179509209256, -1.3531173739304403, -4.41470555345103, -1.8028021851407048, -2.1999196380836477, -0.027830237631237487, -0.9819389681747066, -2.560767468569951], "(2.0, 0.0, 0.0)": [0.0, -0.0017917039387446367, -0.575251306199974, -0.6365542208941979, -3.564507721863053, -1.4255323484088969, -4.086433114686219, -0.010249350402159619, -1.8891186514673062], "(2.0, 1.0, 0.0)": [0.0, 0.15574360483112787, 0.15917613515893542, 0.47758915919997813, 0.43025689603685685, 0.5358719751802059, 1.0865971737167066, 0.20680080528544903, 0.37487238449354987], "(1.0, 1.0, 1.0)": [0.0, 0.487737624076243, 0.6183948775310079, 0.6022875672906338, 0.4589110659281985, 0.5265610199754394, 0.5830314622671561, 0.6091088191838083, 0.49704493260527316], "(6.0, 0.0, 0.0)": [0.0, 0.0, 0.0, 0.0, 0.0, 0.0, 0.0, 0.0, 0.0], "(6.0, 1.0, 0.0)": [0.0, 0.0, 0.0, 0.0, 0.0, 0.0, 0.0, 0.0, 0.0]}, "stats": {"total_messages": 905828, "total_updates": 785001, "total_reward": -42505.0, "action_counts": [106674, 107932, 107553, 97484, 103426, 96861, 95976, 95234, 94688], "state_visits": {"(3.0, 1.0, 0.0)": 7625, "(3.0, 0.0, 0.0)": 308340, "(4.0, 1.0, 0.0)": 4998, "(4.0, 0.0, 0.0)": 153718, "(5.0, 1.0, 0.0)": 37, "(0.0, 1.0, 1.0)": 1686, "(5.0, 0.0, 0.0)": 560, "(0.0, 0.0, 1.0)": 46673, "(1.0, 0.0, 1.0)": 78074, "(2.0, 0.0, 0.0)": 176884, "(2.0, 1.0, 0.0)": 3569, "(1.0, 1.0, 1.0)": 2836, "(6.0, 0.0, 0.0)": 1, "(6.0, 1.0, 0.0)": 0}}}