{"q": {"(3.0, 1.0, 0.0)": [0.0, 3.5782425674031173, 1.2961102499720234, 2.1734039755864423, 1.267315387838254, 1.2575350118735842, 2.3106440902766776, 3.1743019176571847, 2.7329344046645643], "(3.0, 0.0, 0.0)": [0.0, 0.35188111117371546, 0.3739663647985136, 0.3462564795013672, 0.3534440848172371, 0.354926180040389, 0.3533373975514166, 0.34412761347467674, 0.3521159598064163], "(4.0, 1.0, 0.0)": [0.0, 4.944572834217828, 6.2261221735107135, 6.307312035609873, 4.348094160654837, 6.209524305131595, 6.321118325479234, 6.317257372225765, 6.289708908512499], "(4.0, 0.0, 0.0)": [0.0, 0.299378824428022, 0.3075149364328751, 0.3187922717601449, 0.32705648628898465, 0.38416099135627757, 0.3121261809679452, 0.40955769439950684, 0.31365590683071415], "(5.0, 1.0, 0.0)": [0.0, 0.0, 6.860363154283547, 0.0, 0.0, 6.899177905442476, -0.21832555922152452, 0.0, 0.0], "(0.0, 1.0, 1.0)": [0.0, 0.8663078794775971, 0.6482479113277421, 0.8723536513317798, 0.8647927597997193, 0.8667777334116863, 0.773813293859877, 0.8652264624402737, 0.7645370104735945], "(5.0, 0.0, 0.0)": [0.0, -7.549293031950281, -0.1264033700616258, -1.1531384905603688, -7.7757135624030695, -3.064322120038044, -1.7164179694080197, -6.952190123555045, -0.42521731656060924], "(0.0, 0.0, 1.0)": [0.0, -1.1119568899581806, -0.04003110586262669, -1.7458579081206809, -4.514736707753423, -1.8811693891398056, -1.4680567696100368, -0.8004274896940211, -0.8091798588109695], "(1.0, 0.0, 1.0)": [0.0, -3.318614104731904, -2.1967837620927613, -2.808382716355303, -1.7467075257187623, -3.1508678508706, -1.5380408572952629, -0.9018769221611367, -4.426110033181198], "(2.0, 0.0, 0.0)": [0.0, 0.14619682941849843, -0.6020483381436982, -1.7385816792269828, 0.1446710061532204, -0.6094878688480768, 0.09419650846562717, 0.15850813791273727, -0.18503428752623685], "(2.0, 1.0, 0.0)": [0.0, 0.6764101928091619, 1.864295114899463, 0.7162434812134147, 0.6772905911353243, 0.6740892472478113, 0.6772195537316396, 0.668396529772196, 0.8927085459713334], "(1.0, 1.0, 1.0)": [0.0, 0.5751856969951644, 0.5690524202619207, 0.5665180231315253, 1.1456682673999095, 0.5700798470961496, 0.5769367594371965, 0.5717046595219046, 0.5610454128090551], "(6.0, 0.0, 0.0)": [0.0, 0.0, 0.0, 0.0, 0.0, 0.0, 0.0, 0.0, 0.0], "(6.0, 1.0, 0.0)": [0.0, 0.0, 0.0, 0.0, 0.0, 0.0, 0.0, 0.0, 0.0]}, "stats": {"total_messages": 591988, "total_updates": 518002, "total_reward": -27947.0, "action_counts": [62135, 71252, 68435, 65783, 68098, 65188, 66564, 61657, 62876], "state_visits": {"(3.0, 1.0, 0.0)": 3652, "(3.0, 0.0, 0.0)": 204692, "(4.0, 1.0, 0.0)": 1877, "(4.0, 0.0, 0.0)": 90078, "(5.0, 1.0, 0.0)": 27, "(0.0, 1.0, 1.0)": 836, "(5.0, 0.0, 0.0)": 336, "(0.0, 0.0, 1.0)": 35912, "(1.0, 0.0, 1.0)": 53447, "(2.0, 0.0, 0.0)": 123874, "(2.0, 1.0, 0.0)": 1811, "(1.0, 1.0, 1.0)": 1460, "(6.0, 0.0, 0.0)": 0, "(6.0, 1.0, 0.0)": 0}}}