{"q": {"(3.0, 1.0, 0.0)": [0.0, 0.6938190260123436, 0.7697275909113297, 0.7911851063333453, 0.8449868472021657, 0.7986358719398224, 0.7669212664553823, 0.7859662122376708, 0.7457419524195678], "(3.0, 0.0, 0.0)": [0.0, 0.8149782309567115, 0.8237287134906605, 0.7848934882663866, 0.8700597312328786, 0.8513916340360838, 0.8406228953230355, 0.8227722555601598, 0.8182042936058609], "(4.0, 1.0, 0.0)": [0.0, 4.611884447707894, 13.105203168942415, 12.30193990821007, 1.6114102590704749, 1.840708463187896, 1.8918405219668215, 9.050701575024428, 8.185802751476054], "(4.0, 0.0, 0.0)": [0.0, 0.6342266698519841, 0.5891492365985191, 0.5840450235008761, 0.5715665807558209, 0.5861440763658757, 0.5800768854588534, 0.5841162881188335, 0.5831468005973874], "(5.0, 1.0, 0.0)": [0.0, 0.0, 11.694966872193708, 0.0, 0.0, 5.95703125, -0.21832555922152452, 0.0, 0.0], "(0.0, 1.0, 1.0)": [0.0, 1.1187954832090274, 0.6536091850020194, 0.3721151463539015, 1.4397159726047966, 1.2336623773885922, 1.0883413693887287, 0.7873011929502967, 0.36621825859045964], "(5.0, 0.0, 0.0)": [0.0, -7.5395271321869535, -0.1264033700616258, -4.9902629383714245, -8.945412058372215, -6.378282322897209, -1.0441804182914027, -8.259653089599901, -1.8549436083971356], "(0.0, 0.0, 1.0)": [0.0, 0.19093145553817792, -5.129335082692936, -0.8271600338508589, 0.1907256258922462, 0.02681970363581171, 0.20753269944515015, -0.1506678208414048, 0.4294440185010471], "(1.0, 0.0, 1.0)": [0.0, 0.40067649752477363, 0.5298652225420712, 0.29929870662378516, 0.265582880377378, -0.3713179749592205, 0.48747600473870567, 0.2393525633253118, 0.44684543995798137], "(2.0, 0.0, 0.0)": [0.0, 0.5527747451046103, 0.6528046480564205, 0.6520350525999077, 0.7096438427867693, 0.652873195589753, 0.6504208017108919, 0.620253248737182, 0.6528723353638095], "(2.0, 1.0, 0.0)": [0.0, 1.0516005956150534, 0.8477123645256748, 0.8582037988478128, 0.8984537288082882, 0.8228954144108094, 0.9084777674729323, 0.9667601268347984, 0.8653892775611545], "(1.0, 1.0, 1.0)": [0.0, 1.1172733142189881, 1.34614917552509, 1.3364125160931055, 1.3561674775902959, 1.2048027668487786, 1.3350078647055035, 1.410251794432146, 1.4495546342521908], "(6.0, 0.0, 0.0)": [0.0, 0.0, 0.0, 0.0, 0.0, 0.0, 0.0, 0.0, 0.0]}, "stats": {"total_messages": 455940, "total_updates": 387004, "total_reward": -25013.0, "action_counts": [58668, 53355, 51030, 50523, 53279, 50889, 47917, 45365, 44914], "state_visits": {"(3.0, 1.0, 0.0)": 3246, "(3.0, 0.0, 0.0)": 165083, "(4.0, 1.0, 0.0)": 1500, "(4.0, 0.0, 0.0)": 75753, "(5.0, 1.0, 0.0)": 11, "(0.0, 1.0, 1.0)": 415, "(5.0, 0.0, 0.0)": 289, "(0.0, 0.0, 1.0)": 21295, "(1.0, 0.0, 1.0)": 29446, "(2.0, 0.0, 0.0)": 88216, "(2.0, 1.0, 0.0)": 1095, "(1.0, 1.0, 1.0)": 655, "(6.0, 0.0, 0.0)": 0}}}