{"q": {"(3.0, 1.0, 0.0)": [0.0, 0.10253509359759512, 0.1230309808336352, 0.10096427016891515, 0.10270329535009651, 0.10164240866039542, 0.10259607305800576, -0.09186181999891299, 0.10225700518248852], "(3.0, 0.0, 0.0)": [0.0, 0.11956859510459268, 0.11864358205210486, 0.11428620623901216, 0.11788718981646426, 0.1123801163519552, 0.11932371767131682, 0.11376989204531142, 0.1205374806377522], "(4.0, 1.0, 0.0)": [0.0, 0.8185307662528742, 0.691870878723313, 0.4164508688585529, 0.7588263832313005, 0.7510087260782441, 0.7564339550830733, 0.9438225572551223, 0.8468659981662932], "(4.0, 0.0, 0.0)": [0.0, -0.33120021481034756, -0.07887918774561804, -0.0016184837205224327, 0.045183024658928414, -0.24285238721941663, -0.39296311041911886, -0.015112708247352993, -0.508452376144487], "(5.0, 1.0, 0.0)": [0.0, 0.0, 2.5568858812699764, 0.4314805350687664, 6.34854866931428, 3.028868108091281, -0.21832555922152452, 3.2732795152764322, 0.0], "(0.0, 1.0, 1.0)": [0.0, -1.3491360906470997, 0.8310074657514094, -1.7710369478882173, 0.8343749049415645, 0.7128188545817483, 0.8115839629035932, 0.8254241262951949, 0.5781905552203233], "(5.0, 0.0, 0.0)": [0.0, -6.308664276996634, -1.2948917382141394, -2.413215810933954, -4.143182478106638, -0.34898697082712726, -3.830126857427597, -3.949809097271406, -1.3362087181956892], "(0.0, 0.0, 1.0)": [0.0, -0.41098298110324166, -2.185067050042969, -1.6311256351556271, -2.256226688326657, -0.16776081257411019, -0.9122386382211063, -0.06092737577152167, -0.014506215494614085], "(1.0, 0.0, 1.0)": [0.0, -1.8133326962616345, -1.8273642619678667, -1.013662617058476, -1.3497448481376004, -0.770737521978236, -2.4357473873643847, -2.434210100761196, -0.5809870446000278], "(2.0, 0.0, 0.0)": [0.0, -0.03856432099689673, -0.2324304134338557, -0.006894225902671891, -0.07983718943044787, -0.1383544993876945, -0.04074390660892911, -0.15727641485847904, -0.08547531197347444], "(2.0, 1.0, 0.0)": [0.0, 0.19487418791202915, 0.19288298094706616, 0.19564001307245796, 0.19503033225658736, 0.19476257932657515, 0.1923663439278758, 0.19186596772138098, 0.19292956413635357], "(1.0, 1.0, 1.0)": [0.0, -2.297542470401996, 0.20181234377410096, 8.91967637713539, 0.20468093221637815, 0.20355516120549294, 0.20317636026534197, 0.1577420386625356, 0.2005121242614383], "(6.0, 0.0, 0.0)": [0.0, 0.0, 0.05726150153538704, 0.0, 0.0, 0.0, 0.0, 0.0, 0.0], "(6.0, 1.0, 0.0)": [0.0, 0.0, 0.0, 0.0, 0.0, 0.0, 0.0, 0.0, 0.0]}, "stats": {"total_messages": 954045, "total_updates": 821001, "total_reward": -43872.0, "action_counts": [118361, 112895, 112038, 101168, 107900, 102319, 101110, 99933, 98321], "state_visits": {"(3.0, 1.0, 0.0)": 10733, "(3.0, 0.0, 0.0)": 326970, "(4.0, 1.0, 0.0)": 6238, "(4.0, 0.0, 0.0)": 160896, "(5.0, 1.0, 0.0)": 53, "(0.0, 1.0, 1.0)": 2049, "(5.0, 0.0, 0.0)": 580, "(0.0, 0.0, 1.0)": 47326, "(1.0, 0.0, 1.0)": 81414, "(2.0, 0.0, 0.0)": 177343, "(2.0, 1.0, 0.0)": 3953, "(1.0, 1.0, 1.0)": 3444, "(6.0, 0.0, 0.0)": 2, "(6.0, 1.0, 0.0)": 0}}}