{"q": {"(3.0, 1.0, 0.0)": [0.0, 0.6938190260123436, 0.7763653716719905, 0.7781648686401194, 0.8449868472021657, 0.7785844474386965, 0.777328891583438, 0.7774738763875862, 0.7457419524195678], "(3.0, 0.0, 0.0)": [0.0, 0.9458799433291736, 0.9308254591683355, 1.0752376268053108, 0.9772361164971713, 0.9609589286376116, 1.0643717828934927, 1.0999456952661963, 1.0434102175686273], "(4.0, 1.0, 0.0)": [0.0, 11.497788749258367, 13.105203168942415, 12.194685473867487, 1.6114102590704749, 1.840708463187896, 1.8918405219668215, 11.985370552334263, 8.185802751476054], "(4.0, 0.0, 0.0)": [0.0, 2.4362175081245576, 4.143576928200386, 4.53269889312, 2.4514305885082823, 3.4690092675379605, 4.170700096477912, 4.170156643210744, 2.3243069268847747], "(5.0, 1.0, 0.0)": [0.0, 0.0, 11.694966872193708, 0.0, 0.0, 5.95703125, -0.21832555922152452, 0.0, 0.0], "(0.0, 1.0, 1.0)": [0.0, 1.1187954832090274, 0.887614989968123, 0.7670296558492232, 1.146967950140862, 1.1172208013522544, 1.055397296287362, 0.9882968677494639, 1.055231538703935], "(5.0, 0.0, 0.0)": [0.0, -9.161303016615495, -0.1264033700616258, -1.1531384905603688, -7.7757135624030695, -0.7597316963181115, 0.16518540481769733, -9.03392165816092, -0.42521731656060924], "(0.0, 0.0, 1.0)": [0.0, 0.6761312369757978, 0.7684267955796171, 0.6464718911272277, 0.6807032342506991, -0.15338301106385233, 0.8538622013201564, 0.9280854892980829, 0.7069178946211065], "(1.0, 0.0, 1.0)": [0.0, 0.7896841248781021, 0.8472629178191694, 0.7763269581254711, 0.8679596142343559, 0.8348008184028555, 0.9348468678201722, 1.0161396326206655, 0.8665873530917975], "(2.0, 0.0, 0.0)": [0.0, 0.5837722526491447, 0.567749823358955, 0.5843871874437312, 0.5698567146236806, 0.5858463349808751, 0.6004021598409306, 0.5869294584475366, 0.573895141241874], "(2.0, 1.0, 0.0)": [0.0, 0.8077721608807137, 0.8409294336283765, 0.7915720765744289, 0.8158570683267843, 0.7766624133325724, 0.773750161269869, 0.8232946576635304, 0.7920469603233337], "(1.0, 1.0, 1.0)": [0.0, 1.0019792570937147, 1.2230855099606608, 1.3364125160931055, 1.1651743871428542, 1.2048027668487786, 1.3350078647055035, 1.3767123746545888, 1.0397575043242193], "(6.0, 0.0, 0.0)": [0.0, 0.0, 0.0, 0.0, 0.0, 0.0, 0.0, 0.0, 0.0]}, "stats": {"total_messages": 533923, "total_updates": 463003, "total_reward": -26306.0, "action_counts": [59360, 63545, 60561, 58744, 61666, 59082, 60374, 54762, 55829], "state_visits": {"(3.0, 1.0, 0.0)": 3307, "(3.0, 0.0, 0.0)": 189427, "(4.0, 1.0, 0.0)": 1524, "(4.0, 0.0, 0.0)": 84045, "(5.0, 1.0, 0.0)": 11, "(0.0, 1.0, 1.0)": 487, "(5.0, 0.0, 0.0)": 321, "(0.0, 0.0, 1.0)": 30313, "(1.0, 0.0, 1.0)": 43960, "(2.0, 0.0, 0.0)": 107614, "(2.0, 1.0, 0.0)": 1298, "(1.0, 1.0, 1.0)": 696, "(6.0, 0.0, 0.0)": 0}}}