{"q": {"(3.0, 1.0, 0.0)": [0.0, 1.4445271846658336, 1.2511195049383348, 1.0992933607058337, 1.0355898605060345, 1.4781672826937602, 1.2034509250953225, 0.8914900582638922, 1.137682798136928], "(3.0, 0.0, 0.0)": [0.0, 0.7743044145959607, 0.790967843680543, 0.783110377125303, 0.7587480635437475, 0.731797274957398, 0.7626046991529458, 0.7929033259843855, 0.7524523600629789], "(4.0, 1.0, 0.0)": [0.0, 2.8348619460906406, 8.058143417833866, 3.4247007507686376, 2.772017152484081, 0.9358857921596604, 2.7936540071057623, 2.809883033699148, 3.3982431132392006], "(4.0, 0.0, 0.0)": [0.0, 0.9114825070979188, 0.8769263192451364, 0.894880886708519, 0.8613533456933511, 0.8392337357100829, 0.8382568836002281, 0.89258633235743, 0.8385639065300766], "(5.0, 1.0, 0.0)": [0.0, 0.0, 13.483954274284496, 0.0, 0.0, 5.375024768888167, -0.21832555922152452, 3.598412644113912, 0.0], "(0.0, 1.0, 1.0)": [0.0, 0.6418131152556622, 0.47281832296761817, 0.6411920390630532, 0.6424516567012555, 0.6391759798946359, 0.6406368367687647, 0.6245261208383119, 0.6267216402397748], "(5.0, 0.0, 0.0)": [0.0, -9.965207415713902, -1.9815380074906577, -1.7010277481369402, -9.820876985141659, -0.4469600845804433, 0.06282941128579561, -9.690440638125999, -0.35766493743154687], "(0.0, 0.0, 1.0)": [0.0, 0.2524880635943544, 0.46116559786331895, 0.481507355532934, 0.36397603444341853, 0.43264602449408696, 0.44608384997743394, -0.16498240835756572, 0.44087879454969536], "(1.0, 0.0, 1.0)": [0.0, 0.632146893510192, 0.624859313849258, 0.6248517268862539, 0.6057501365745158, 0.6226989354116406, 0.581575284876166, 0.6059176100586874, 0.6246647695417628], "(2.0, 0.0, 0.0)": [0.0, 0.6690837649660981, 0.6674776927977429, 0.7161655405938571, 0.7033489797392223, 0.6588722973463488, 0.6628508723687411, 0.6831221764411041, 0.6810974824141072], "(2.0, 1.0, 0.0)": [0.0, 0.6628819889529787, 0.6680966697279346, 0.6494469410197674, 0.5190436585096226, 0.7690922351491825, 0.70533669879776, 0.8325314645631864, 0.5647278967745059], "(1.0, 1.0, 1.0)": [0.0, 0.40007952616152165, 0.4049860612090339, 2.054815807638163, 0.39680870735379625, 0.40101673173227614, 0.4006907236062523, 0.40287215539515375, 0.3987270569557629], "(6.0, 0.0, 0.0)": [0.0, 0.0, 0.0, 0.0, 0.0, 0.0, 0.0, 0.0, 0.0], "(6.0, 1.0, 0.0)": [0.0, 0.0, 0.0, 0.0, 0.0, 0.0, 0.0, 0.0, 0.0]}, "stats": {"total_messages": 777301, "total_updates": 672003, "total_reward": -38264.0, "action_counts": [92465, 92362, 91508, 84923, 86300, 83715, 83807, 80873, 81348], "state_visits": {"(3.0, 1.0, 0.0)": 4235, "(3.0, 0.0, 0.0)": 273294, "(4.0, 1.0, 0.0)": 2172, "(4.0, 0.0, 0.0)": 132474, "(5.0, 1.0, 0.0)": 31, "(0.0, 1.0, 1.0)": 944, "(5.0, 0.0, 0.0)": 495, "(0.0, 0.0, 1.0)": 37860, "(1.0, 0.0, 1.0)": 65306, "(2.0, 0.0, 0.0)": 151461, "(2.0, 1.0, 0.0)": 2013, "(1.0, 1.0, 1.0)": 1717, "(6.0, 0.0, 0.0)": 1, "(6.0, 1.0, 0.0)": 0}}}