{"q": {"(3.0, 1.0, 0.0)": [0.0, 0.6938190260123436, 0.7920872194682798, 0.7911851063333453, 0.701432608988114, 0.7067463321112984, 0.7946588985982972, 0.7240020819559403, 0.6477342893549358], "(3.0, 0.0, 0.0)": [0.0, 0.4802883834488848, 0.4907582136495847, 0.48475492376836604, 0.4645886620454741, 0.4864416039878323, 0.48038599174336893, 0.5265943698645634, 0.4732143117548342], "(4.0, 1.0, 0.0)": [0.0, 1.7970953695643148, 13.105203168942415, 14.191577915368075, 1.6114102590704749, 1.840708463187896, 1.8918405219668215, 9.050701575024428, 1.5114838464940064], "(4.0, 0.0, 0.0)": [0.0, 0.5718535199087901, 1.268515146392586, 1.0417680145536965, 1.2535208864232719, 1.1613711445790353, 1.2298336083177452, 1.1670339346842855, 1.2436042426647096], "(5.0, 1.0, 0.0)": [0.0, 0.0, 11.694966872193708, 0.0, 0.0, 5.95703125, -0.21832555922152452, 0.0, 0.0], "(0.0, 1.0, 1.0)": [0.0, 1.1187954832090274, 0.6536091850020194, 0.3721151463539015, 1.4397159726047966, 1.2336623773885922, 1.0883413693887287, 0.7873011929502967, 0.36621825859045964], "(5.0, 0.0, 0.0)": [0.0, -9.413344088087007, -1.3867334176683745, -0.5989905998674769, -6.53527001057269, -0.8885312977324934, 0.05012431980157664, -7.437036730208334, -5.909897447572939], "(0.0, 0.0, 1.0)": [0.0, 0.7891464652386028, 0.8577678677940472, 0.8014815557656252, 0.8391821237546893, 0.8348514036092047, 0.8485892322975226, -4.32062187873601, 0.8318689729016748], "(1.0, 0.0, 1.0)": [0.0, 0.5899023348053831, 0.4995600517968036, 0.5581249137368545, 0.5449125633681238, 0.5827943618402316, 0.558572717109102, 0.5481491929072836, 0.555407293106682], "(2.0, 0.0, 0.0)": [0.0, 0.5025391232428642, 0.5321127691429841, 0.5042002156605512, 0.5086346708217966, 0.5462381774378956, 0.5170524932046086, 0.5040275750936303, 0.5072166724365725], "(2.0, 1.0, 0.0)": [0.0, 0.9448906209243623, 0.977835885430532, 0.9288574597119171, 0.9353081323653546, 0.8228954144108094, 0.9084777674729323, 0.8117815670878797, 0.7914577469301222], "(1.0, 1.0, 1.0)": [0.0, 1.1172733142189881, 1.34614917552509, 1.3364125160931055, 1.3561674775902959, 1.2048027668487786, 1.3380705833334094, 1.410251794432146, 1.4495546342521908], "(6.0, 0.0, 0.0)": [0.0, 0.0, 0.0, 0.0, 0.0, 0.0, 0.0, 0.0, 0.0]}, "stats": {"total_messages": 385080, "total_updates": 323004, "total_reward": -20779.0, "action_counts": [52075, 45107, 42419, 42877, 41816, 42964, 41134, 39105, 37583], "state_visits": {"(3.0, 1.0, 0.0)": 3148, "(3.0, 0.0, 0.0)": 143091, "(4.0, 1.0, 0.0)": 1487, "(4.0, 0.0, 0.0)": 64016, "(5.0, 1.0, 0.0)": 11, "(0.0, 1.0, 1.0)": 415, "(5.0, 0.0, 0.0)": 215, "(0.0, 0.0, 1.0)": 18919, "(1.0, 0.0, 1.0)": 22333, "(2.0, 0.0, 0.0)": 67646, "(2.0, 1.0, 0.0)": 1072, "(1.0, 1.0, 1.0)": 651, "(6.0, 0.0, 0.0)": 0}}}