{"q": {"(3.0, 1.0, 0.0)": [0.0, -2.7120366131051403, -3.0655787012531923, -2.044882605614092, -2.70397811388852, -0.5015215999003386, -4.863623875702563, -3.713203382097462, -3.64096718933215], "(3.0, 0.0, 0.0)": [0.0, 0.1462781725454749, 0.14624736570648672, 0.12590062840178834, 0.14586915708152293, 0.11244169777228732, 0.14616973676938905, 0.1463241415044285, 0.1465542686295028], "(4.0, 0.0, 0.0)": [0.0, 0.28115822353220427, 0.21967738409690096, 0.2829573212672827, 0.14415448865330485, 0.14431122874051025, 0.18092031358089272, 0.2149223887301205, 0.2816338205545634], "(4.0, 1.0, 0.0)": [0.0, -2.1009149480853795, 1.5435423263211268, -0.8475236859393407, -0.6316981776857761, -0.4878258823644673, -0.03908976803753901, -1.5479450654918407, -0.26636837729537877], "(5.0, 0.0, 0.0)": [0.0, 0.0, 0.0, -2.486528398629873, -4.364687356567383, -2.491570476292148, 0.2003848276907959, 0.0, -2.4975], "(0.0, 0.0, 1.0)": [0.0, -1.3698555740042357, -3.4372611519174896, -3.341336313714849, -3.2171971964308037, -3.99202620933315, -2.6543456205730496, -3.5040520917397533, -1.168958348446295], "(1.0, 0.0, 1.0)": [0.0, -3.7710796701286777, -2.0843877618417053, -1.28910149222336, -4.020962094037074, -3.673246137833717, -1.0705667184009664, -2.743635584309806, -1.9702996621672133], "(2.0, 0.0, 0.0)": [0.0, -1.453190311898584, -0.6014319300292902, -0.7698384124870674, -1.965478266983041, -1.859771245425628, -1.289120450143855, -0.02222076599833675, -0.36616266864140845], "(2.0, 1.0, 0.0)": [0.0, -0.18057546674817765, 0.18834112725072838, -0.38736805938431995, -0.32180684589750197, -0.17522278965760185, -0.8704866227317138, -0.5139357479567507, -0.034782937209265744], "(5.0, 1.0, 0.0)": [0.0, 0.0, 0.6468695153872509, 0.0, 0.030005687874967393, 0.0, 0.0025, -0.18034062500000014, 0.0], "(0.0, 1.0, 1.0)": [0.0, -0.11401527369747463, -0.27726170912359827, -0.19426460426230413, -0.001626447257956866, -0.034811368804681504, -0.04210830571870566, -2.0401192770030647, -0.851204057934331], "(1.0, 1.0, 1.0)": [0.0, -0.5910292339501607, -0.011847782801108717, -1.5915997106674777, -0.08536618532329127, -0.02829821106742544, -0.06006568265576241, -0.09721366524545383, -0.033297413286900106], "(-1.0, 0.0, 1.0)": [0.0, 0.0, 0.0, 0.0, 0.0, 0.0, 0.0, 0.0, 0.0], "(-1.0, 1.0, 1.0)": [0.0, 0.0, 0.0, 0.0, 0.0, 0.0, 0.0, 0.0, 0.0]}, "stats": {"total_messages": 61686, "total_updates": 39919, "total_reward": -3026.8099999976334, "action_counts": [21324, 4812, 3924, 8382, 6313, 6213, 3167, 4093, 3458], "state_visits": {"(3.0, 1.0, 0.0)": 4123, "(3.0, 0.0, 0.0)": 18234, "(4.0, 0.0, 0.0)": 10425, "(4.0, 1.0, 0.0)": 2962, "(5.0, 0.0, 0.0)": 61, "(0.0, 0.0, 1.0)": 237, "(1.0, 0.0, 1.0)": 381, "(2.0, 0.0, 0.0)": 947, "(2.0, 1.0, 0.0)": 752, "(5.0, 1.0, 0.0)": 63, "(0.0, 1.0, 1.0)": 782, "(1.0, 1.0, 1.0)": 952, "(-1.0, 0.0, 1.0)": 0, "(-1.0, 1.0, 1.0)": 0}}}