{"q": {"(3.0, 1.0, 0.0)": [0.0, 1.4445271846658336, 1.2511195049383348, 1.0992933607058337, 1.0355898605060345, 1.4781672826937602, 1.2034509250953225, 0.8914900582638922, 1.137682798136928], "(3.0, 0.0, 0.0)": [0.0, 0.8807383766743867, 0.8608943413921275, 0.9299912822455619, 0.9170379912771294, 0.9101271131347788, 0.8819213918824889, 0.8736433780556362, 0.8561238326740557], "(4.0, 1.0, 0.0)": [0.0, 2.8348619460906406, 8.058143417833866, 3.4247007507686376, 2.772017152484081, 0.9358857921596604, 2.7936540071057623, 2.809883033699148, 3.3982431132392006], "(4.0, 0.0, 0.0)": [0.0, 1.0816343900903571, 1.0540063124215815, 1.10126455535926, 1.078617563004903, 1.05956056808028, 1.151677282514867, 1.0856430875216239, 1.0703875473841211], "(5.0, 1.0, 0.0)": [0.0, 0.0, 13.483954274284496, 0.0, 0.0, 5.375024768888167, -0.21832555922152452, 3.598412644113912, 0.0], "(0.0, 1.0, 1.0)": [0.0, 0.6418131152556622, 0.47281832296761817, 0.6411920390630532, 0.6424516567012555, 0.6391759798946359, 0.6406368367687647, 0.6245261208383119, 0.6267216402397748], "(5.0, 0.0, 0.0)": [0.0, -9.965207415713902, -2.6420506766542102, -3.0240493300212274, -9.820876985141659, -0.4469600845804433, -2.596657528567862, -9.690440638125999, -1.4022364549581439], "(0.0, 0.0, 1.0)": [0.0, -5.959217961429946, -0.0033446375918597913, -4.436861411024996e-09, -1.4989152561836584e-07, -0.05064445930213105, -0.0004193103722822605, -2.9297125070016907, -1.1772653208400072], "(1.0, 0.0, 1.0)": [0.0, 0.4321070029458129, 0.464350956548515, 0.4272028800246339, 0.4449818768999898, 0.44103349906048633, 0.42943106624599137, 0.43417744389814805, 0.4298461838757888], "(2.0, 0.0, 0.0)": [0.0, 0.6367053457657315, 0.5868056792570864, 0.5866311650071153, 0.5997591626698602, 0.6105851606145574, 0.5977616841289362, 0.6111958321565871, 0.5857649360186841], "(2.0, 1.0, 0.0)": [0.0, 0.6628819889529787, 0.6680966697279346, 0.6494469410197674, 0.5190436585096226, 0.7690922351491825, 0.70533669879776, 0.8325314645631864, 0.5647278967745059], "(1.0, 1.0, 1.0)": [0.0, 0.40007952616152165, 0.4049860612090339, 2.054815807638163, 0.39680870735379625, 0.40101673173227614, 0.4006907236062523, 0.40287215539515375, 0.3987270569557629], "(6.0, 0.0, 0.0)": [0.0, 0.0, 0.0, 0.0, 0.0, 0.0, 0.0, 0.0, 0.0], "(6.0, 1.0, 0.0)": [0.0, 0.0, 0.0, 0.0, 0.0, 0.0, 0.0, 0.0, 0.0]}, "stats": {"total_messages": 764865, "total_updates": 661003, "total_reward": -38296.0, "action_counts": [91290, 91304, 89695, 83029, 84621, 82419, 82032, 79759, 80716], "state_visits": {"(3.0, 1.0, 0.0)": 4235, "(3.0, 0.0, 0.0)": 269040, "(4.0, 1.0, 0.0)": 2172, "(4.0, 0.0, 0.0)": 130553, "(5.0, 1.0, 0.0)": 31, "(0.0, 1.0, 1.0)": 944, "(5.0, 0.0, 0.0)": 481, "(0.0, 0.0, 1.0)": 37464, "(1.0, 0.0, 1.0)": 63460, "(2.0, 0.0, 0.0)": 148892, "(2.0, 1.0, 0.0)": 2013, "(1.0, 1.0, 1.0)": 1717, "(6.0, 0.0, 0.0)": 1, "(6.0, 1.0, 0.0)": 0}}}