{"q": {"(3.0, 1.0, 0.0)": [0.0, 0.8376817782615873, 0.8726626652297715, 0.8873879656473096, 1.6737476412652752, 1.5924787731170658, 0.8665569715280786, 0.8914900582638922, 0.8331438806617704], "(3.0, 0.0, 0.0)": [0.0, 0.5923324957566662, 0.6372464380509326, 0.4906575267310222, 0.5996287196850751, 0.5972201492310817, 0.5390925950027576, 0.6098866403709192, 0.5698398784375542], "(4.0, 1.0, 0.0)": [0.0, 2.8348619460906406, 2.840504314695014, 3.4247007507686376, 2.772017152484081, 4.5811810562128805, 2.7936540071057623, 2.809883033699148, 2.7632315344240284], "(4.0, 0.0, 0.0)": [0.0, 0.4724953639672096, 0.48796410296845494, 0.5135819148945631, 0.4940974897900747, 0.4736251446119223, 0.5007335854909725, 0.4810353397725851, 0.4835141986791847], "(5.0, 1.0, 0.0)": [0.0, 0.0, 13.483954274284496, 0.0, 0.0, 5.375024768888167, -0.21832555922152452, 3.598412644113912, 0.0], "(0.0, 1.0, 1.0)": [0.0, 0.6418131152556622, 0.47281832296761817, 0.6411920390630532, 0.6424516567012555, 0.6391759798946359, 0.6406368367687647, 0.6245261208383119, 0.6267216402397748], "(5.0, 0.0, 0.0)": [0.0, -9.739349930981522, -0.4489502867096019, -2.9444527513949903, -8.210790138430708, -0.794595705920788, -0.12887670475714896, -7.680923372225143, -2.575679546819503], "(0.0, 0.0, 1.0)": [0.0, -2.562851648330788, -0.00642645883850615, -1.6435033173138625, -0.21609296175138487, -1.895324176002246, -0.0487701057289144, -1.040078534430592, -1.913648033051829], "(1.0, 0.0, 1.0)": [0.0, -0.10396681293838689, -0.03420383011364993, -2.6923392777717323, -0.6394530460110799, -0.688057925599072, -0.008190242615564051, -0.07413400609424914, -0.19228120758446393], "(2.0, 0.0, 0.0)": [0.0, 0.5090392691897181, 0.4851080793121776, 0.2145761593734704, 0.47259866513843485, 0.3787799604074402, 0.4828695308816426, 0.3469358043430073, 0.18575525185562347], "(2.0, 1.0, 0.0)": [0.0, 0.6628819889529787, 0.6680966697279346, 0.6494469410197674, 0.5190436585096226, 0.6563630279073601, 0.70533669879776, 0.8494475780272007, 0.5647278967745059], "(1.0, 1.0, 1.0)": [0.0, 0.40007952616152165, 0.4049860612090339, 2.054815807638163, 0.39680870735379625, 0.40101673173227614, 0.4006907236062523, 0.40287215539515375, 0.3987270569557629], "(6.0, 0.0, 0.0)": [0.0, 0.0, 0.0, 0.0, 0.0, 0.0, 0.0, 0.0, 0.0], "(6.0, 1.0, 0.0)": [0.0, 0.0, 0.0, 0.0, 0.0, 0.0, 0.0, 0.0, 0.0]}, "stats": {"total_messages": 717550, "total_updates": 619002, "total_reward": -35878.0, "action_counts": [86276, 85051, 82941, 77172, 80721, 77823, 78031, 74300, 75235], "state_visits": {"(3.0, 1.0, 0.0)": 4132, "(3.0, 0.0, 0.0)": 253079, "(4.0, 1.0, 0.0)": 2164, "(4.0, 0.0, 0.0)": 119634, "(5.0, 1.0, 0.0)": 31, "(0.0, 1.0, 1.0)": 944, "(5.0, 0.0, 0.0)": 441, "(0.0, 0.0, 1.0)": 36592, "(1.0, 0.0, 1.0)": 57128, "(2.0, 0.0, 0.0)": 141135, "(2.0, 1.0, 0.0)": 2004, "(1.0, 1.0, 1.0)": 1717, "(6.0, 0.0, 0.0)": 1, "(6.0, 1.0, 0.0)": 0}}}