{"q": {"(3.0, 1.0, 0.0)": [0.0, 0.10253509359759512, 0.1230309808336352, 0.10096427016891515, 0.10270329535009651, 0.10164240866039542, 0.10259607305800576, -0.09186181999891299, 0.10225700518248852], "(3.0, 0.0, 0.0)": [0.0, 0.05656083842348092, 0.05777945761686113, 0.058396302526355554, 0.0572754543849017, 0.06134694743702862, 0.06051785023715823, 0.05789078009476763, 0.0566925345196037], "(4.0, 1.0, 0.0)": [0.0, 0.8185307662528742, 0.691870878723313, 0.4164508688585529, 0.7588263832313005, 0.7510087260782441, 0.7564339550830733, 0.9438225572551223, 0.8468659981662932], "(4.0, 0.0, 0.0)": [0.0, -0.33120021481034756, -0.053715147094139416, 0.005865571815292617, 0.006902403436791686, -0.1736481916347623, -0.10852166610728638, -0.015112708247352993, -0.27905552747912327], "(5.0, 1.0, 0.0)": [0.0, 0.0, 2.5568858812699764, 0.4314805350687664, 6.34854866931428, 3.028868108091281, -0.21832555922152452, 3.2732795152764322, 0.0], "(0.0, 1.0, 1.0)": [0.0, -1.3491360906470997, 0.8310074657514094, -1.7710369478882173, 0.8343749049415645, 0.7128188545817483, 0.8115839629035932, 0.8254241262951949, 0.5781905552203233], "(5.0, 0.0, 0.0)": [0.0, -6.308664276996634, -1.2948917382141394, -2.413215810933954, -4.143182478106638, -0.34898697082712726, -3.830126857427597, -3.949809097271406, -1.3362087181956892], "(0.0, 0.0, 1.0)": [0.0, -0.30823723582743123, -1.6388002875322267, -0.6881311273312802, -2.256226688326657, -0.12582060943058265, -0.6841789786658297, -0.06092737577152167, -0.010879661620960563], "(1.0, 0.0, 1.0)": [0.0, -1.0199996416471695, -1.027892397356925, -0.4276389165715445, -0.7592314770774002, -0.32515489208456827, -1.3701079053924663, -1.825657575570897, -0.43574028345002086], "(2.0, 0.0, 0.0)": [0.0, -0.03856432099689673, -0.09805658066740788, -0.002181376164517278, -0.059877892072835906, -0.10376587454077088, -0.030557929956696834, -0.15727641485847904, -0.08547531197347444], "(2.0, 1.0, 0.0)": [0.0, 0.1871571700707128, 0.18902532132812483, 0.18789266855478862, 0.18440499027979124, 0.18704998118524277, 0.18851901704931828, 0.18802864836695338, 0.18528955339655398], "(1.0, 1.0, 1.0)": [0.0, -2.297542470401996, 0.20181234377410096, 8.91967637713539, 0.20468093221637815, 0.20355516120549294, 0.20317636026534197, 0.1577420386625356, 0.2005121242614383], "(6.0, 0.0, 0.0)": [0.0, 0.0, 0.05726150153538704, 0.0, 0.0, 0.0, 0.0, 0.0, 0.0], "(6.0, 1.0, 0.0)": [0.0, 0.0, 0.0, 0.0, 0.0, 0.0, 0.0, 0.0, 0.0]}, "stats": {"total_messages": 955513, "total_updates": 822004, "total_reward": -43872.0, "action_counts": [118826, 113011, 112160, 101278, 108114, 102424, 101223, 100037, 98440], "state_visits": {"(3.0, 1.0, 0.0)": 10733, "(3.0, 0.0, 0.0)": 327823, "(4.0, 1.0, 0.0)": 6238, "(4.0, 0.0, 0.0)": 160998, "(5.0, 1.0, 0.0)": 53, "(0.0, 1.0, 1.0)": 2049, "(5.0, 0.0, 0.0)": 580, "(0.0, 0.0, 1.0)": 47334, "(1.0, 0.0, 1.0)": 81430, "(2.0, 0.0, 0.0)": 177353, "(2.0, 1.0, 0.0)": 3967, "(1.0, 1.0, 1.0)": 3444, "(6.0, 0.0, 0.0)": 2, "(6.0, 1.0, 0.0)": 0}}}