{"q": {"(3.0, 1.0, 0.0)": [0.0, 1.066633331351444, 0.5329145355231096, 1.0719345469730035, 0.5105330143432751, 0.9871679728699884, 0.4461124653574464, 0.4944317314151046, 0.8778714611750407], "(3.0, 0.0, 0.0)": [0.0, 0.8431392945394722, 0.7756881509763147, 0.7823113506939331, 0.7757253474513599, 0.7757016368374915, 0.8021844514256997, 0.8005942580500569, 0.7823688811286251], "(4.0, 1.0, 0.0)": [0.0, 2.3048848148285606, 2.147569962667004, 1.8662528215982377, 2.1225236755809145, 1.8454542878816893, 2.097610331667807, 0.8691522644176559, 0.9001748816396103], "(4.0, 0.0, 0.0)": [0.0, 0.8733712822234994, 0.797227552484253, 0.87004409973991, 0.8594087255654907, 0.8601057148156007, 0.8804688495283446, 0.8765605695014033, 0.934675084387341], "(5.0, 1.0, 0.0)": [0.0, 0.0, 11.694966872193708, 0.0, 0.0, 5.95703125, -0.21832555922152452, 0.0, 0.0], "(0.0, 1.0, 1.0)": [0.0, 1.3338937947275136, 0.7323523845013985, 0.3721151463539015, 1.4397159726047966, 1.037324654593918, 0.9204443047266668, 0.3694498026255397, 0.36621825859045964], "(5.0, 0.0, 0.0)": [0.0, -9.057715465082161, -5.545740348731498, -0.7986541331566359, -8.949787095221595, -4.542100473910381, -0.4294521198728401, -6.059479745947879, -5.909897447572939], "(0.0, 0.0, 1.0)": [0.0, -0.2689057072444992, -3.3159698808601217, -0.17037790818618836, -0.3168206154652314, -6.908668055942488, -0.014722041932609186, -0.000629607457188187, -7.078371228063055], "(1.0, 0.0, 1.0)": [0.0, 0.38408969174937735, 0.3197504649784599, 0.31551507496929926, 0.23331856680217877, 0.29752773477343825, 0.38629476409097696, 0.26775526105660463, 0.4198850650501949], "(2.0, 0.0, 0.0)": [0.0, 0.5249460693371841, 0.5286435460800731, 0.5596937663104044, 0.5562142865102355, 0.5198450034962965, 0.5543233570716324, 0.5278603096476615, 0.573761150571442], "(2.0, 1.0, 0.0)": [0.0, 0.3459484501945023, 0.3437886192318903, 0.34644645441704575, 0.3429705833348483, 0.34667906874174703, 0.34644845748832903, 1.0626642295814015, 0.291999029347744], "(1.0, 1.0, 1.0)": [0.0, 0.7013761539542837, 1.690964084393481, 1.6798772112646077, 1.1416381956372337, 1.7144712672995595, 1.2916615880616606, 1.2928114333999978, 1.7159100512060645], "(6.0, 0.0, 0.0)": [0.0, 0.0, 0.0, 0.0, 0.0, 0.0, 0.0, 0.0, 0.0]}, "stats": {"total_messages": 320827, "total_updates": 261005, "total_reward": -20058.0, "action_counts": [50475, 37270, 34971, 35908, 33434, 36527, 32092, 30479, 29671], "state_visits": {"(3.0, 1.0, 0.0)": 2884, "(3.0, 0.0, 0.0)": 119359, "(4.0, 1.0, 0.0)": 1290, "(4.0, 0.0, 0.0)": 55405, "(5.0, 1.0, 0.0)": 11, "(0.0, 1.0, 1.0)": 394, "(5.0, 0.0, 0.0)": 195, "(0.0, 0.0, 1.0)": 14424, "(1.0, 0.0, 1.0)": 14026, "(2.0, 0.0, 0.0)": 51586, "(2.0, 1.0, 0.0)": 945, "(1.0, 1.0, 1.0)": 486, "(6.0, 0.0, 0.0)": 0}}}