{"q": {"(3.0, 1.0, 0.0)": [0.0, 0.4428193978171302, 0.4549332725265375, 0.44719240191582665, 0.45575586241345856, 0.45096315697345357, 0.4512807230356194, 0.4534595322704931, 0.4586737172761068], "(3.0, 0.0, 0.0)": [0.0, 0.1951515053151752, 0.14676354120616902, 0.0731857518560241, 0.07773886208253752, 0.14501731308848398, 0.11400808800145362, 0.15909574082292738, 0.1416036507064698], "(4.0, 1.0, 0.0)": [0.0, 1.6314816996115038, 1.6154438821916897, 1.6288577769755823, 1.6410222790389564, 1.6413827064393955, 1.5936885097154692, 1.6160052023638793, 1.6326527454708002], "(4.0, 0.0, 0.0)": [0.0, -0.08042919624850431, -0.12024921317074928, -0.12839309202091476, 0.0007412616421808444, -0.32672417058029946, -0.009859183351221457, -0.36433341287654963, -1.72140163663616], "(5.0, 1.0, 0.0)": [0.0, 0.0, 10.34903431817012, 0.0, 0.0, 5.375024768888167, -0.21832555922152452, 3.598412644113912, 0.0], "(0.0, 1.0, 1.0)": [0.0, 0.6062581300047019, -1.3866020731256148, 0.5545722337857472, 0.5462646839795721, 0.5439586763251649, 0.5256006369797743, 8.783324420680188, 0.5567073525001245], "(5.0, 0.0, 0.0)": [0.0, -9.56812413470541, -2.302029756825137, -1.7010277481369402, -7.365657738856244, -1.1029711670585751, -2.0955758647376026, -5.25139934168037, -2.375482165681225], "(0.0, 0.0, 1.0)": [0.0, -1.283054999707523, -4.476407752318509, -5.2981178489945115, -5.022559337975983, -5.835748533518615, -3.520499176305159, -5.834382053431751, -7.26785687841569], "(1.0, 0.0, 1.0)": [0.0, -3.864650454435876, -0.3916589026718782, -1.7132492602950675, -0.24178314076454815, -0.1433052101093525, -1.167681600455115, -2.0305368416853495, -2.5578479291116634], "(2.0, 0.0, 0.0)": [0.0, -0.010066967535113899, -0.004836301533457522, 0.05769169322876026, -1.1233788061473526, -0.19260600294550512, 0.23113438214867596, -0.07678342797850168, -0.25071515319449883], "(2.0, 1.0, 0.0)": [0.0, 0.23592973001138157, 0.2196971793125465, 0.23778164817569175, 0.23659631809246626, 0.2353615282902998, 0.23466037121421549, 0.23835160296181446, 0.23890696278949058], "(1.0, 1.0, 1.0)": [0.0, 0.5112154362967107, 0.5098892119581969, 0.5100759767718859, 0.5180504747138005, 0.5118298601724196, 0.5125095408587266, 0.5097981093167397, 0.4405516400126975], "(6.0, 0.0, 0.0)": [0.0, 0.0, 0.0, 0.0, 0.0, 0.0, 0.0, 0.0, 0.0], "(6.0, 1.0, 0.0)": [0.0, 0.0, 0.0, 0.0, 0.0, 0.0, 0.0, 0.0, 0.0]}, "stats": {"total_messages": 876543, "total_updates": 765006, "total_reward": -41603.0, "action_counts": [97757, 105917, 104830, 94718, 100777, 94394, 93109, 92778, 92263], "state_visits": {"(3.0, 1.0, 0.0)": 5548, "(3.0, 0.0, 0.0)": 303347, "(4.0, 1.0, 0.0)": 2646, "(4.0, 0.0, 0.0)": 144432, "(5.0, 1.0, 0.0)": 32, "(0.0, 1.0, 1.0)": 1226, "(5.0, 0.0, 0.0)": 536, "(0.0, 0.0, 1.0)": 46544, "(1.0, 0.0, 1.0)": 77951, "(2.0, 0.0, 0.0)": 176741, "(2.0, 1.0, 0.0)": 3363, "(1.0, 1.0, 1.0)": 2639, "(6.0, 0.0, 0.0)": 1, "(6.0, 1.0, 0.0)": 0}}}