{"q": {"(3.0, 1.0, 0.0)": [0.0, 0.6938190260123436, 0.7920872194682798, 0.7911851063333453, 0.7281174806033146, 0.7128312957610822, 0.7787657206263312, 0.7240020819559403, 0.6477342893549358], "(3.0, 0.0, 0.0)": [0.0, 1.2292968039434085, 1.1390876691061627, 1.0642867287360955, 1.2874743159527904, 0.9200594636835826, 0.8146531938371057, 0.584303404887179, 1.19848962988694], "(4.0, 1.0, 0.0)": [0.0, 4.611884447707894, 13.105203168942415, 14.191577915368075, 1.6114102590704749, 1.840708463187896, 1.8918405219668215, 9.050701575024428, 8.185802751476054], "(4.0, 0.0, 0.0)": [0.0, 0.889309875640479, 0.8089950521892146, 0.5056027666238619, 0.8920373572985303, 0.39995822936121356, 0.4080357204352596, 0.765540691929387, 0.8225410917318826], "(5.0, 1.0, 0.0)": [0.0, 0.0, 11.694966872193708, 0.0, 0.0, 5.95703125, -0.21832555922152452, 0.0, 0.0], "(0.0, 1.0, 1.0)": [0.0, 1.1187954832090274, 0.6536091850020194, 0.3721151463539015, 1.4397159726047966, 1.2336623773885922, 1.0883413693887287, 0.7873011929502967, 0.36621825859045964], "(5.0, 0.0, 0.0)": [0.0, -5.777925942546904, -0.1264033700616258, -4.9902629383714245, -8.945412058372215, -6.378282322897209, -1.0441804182914027, -8.259653089599901, -1.8549436083971356], "(0.0, 0.0, 1.0)": [0.0, -4.84663406277264, -0.33800815713638205, -5.5539025671117574, -0.5790439831762956, -2.642035539903933, -0.10636543392592124, -0.5520555292973233, -3.798497599518964e-05], "(1.0, 0.0, 1.0)": [0.0, -0.9507691466879238, 0.037896746526963634, 0.04505033062999218, -1.3647855364848693, -2.6428572486089177, -1.8364122685401072, -0.550005079440179, 0.026774595072024017], "(2.0, 0.0, 0.0)": [0.0, 0.46201009727837933, 0.44689791778961013, 0.48943285298675976, 0.4558735770401602, 0.457389306423744, 0.45030234441786765, 0.3118287941747163, 0.4516960139536704], "(2.0, 1.0, 0.0)": [0.0, 0.9448906209243623, 0.9582791677219213, 0.9288574597119171, 0.9353081323653546, 0.8228954144108094, 0.9084777674729323, 0.8117815670878797, 0.8653892775611545], "(1.0, 1.0, 1.0)": [0.0, 1.1172733142189881, 1.34614917552509, 1.3364125160931055, 1.3561674775902959, 1.2048027668487786, 1.3350078647055035, 1.410251794432146, 1.4495546342521908], "(6.0, 0.0, 0.0)": [0.0, 0.0, 0.0, 0.0, 0.0, 0.0, 0.0, 0.0, 0.0]}, "stats": {"total_messages": 445157, "total_updates": 377003, "total_reward": -24525.0, "action_counts": [58050, 52176, 49268, 48984, 51502, 50063, 46593, 44653, 43868], "state_visits": {"(3.0, 1.0, 0.0)": 3158, "(3.0, 0.0, 0.0)": 161399, "(4.0, 1.0, 0.0)": 1491, "(4.0, 0.0, 0.0)": 74026, "(5.0, 1.0, 0.0)": 11, "(0.0, 1.0, 1.0)": 415, "(5.0, 0.0, 0.0)": 285, "(0.0, 0.0, 1.0)": 20892, "(1.0, 0.0, 1.0)": 27618, "(2.0, 0.0, 0.0)": 85976, "(2.0, 1.0, 0.0)": 1077, "(1.0, 1.0, 1.0)": 655, "(6.0, 0.0, 0.0)": 0}}}