{"q": {"(3.0, 1.0, 0.0)": [0.0, 0.6938190260123436, 0.7697275909113297, 0.7911851063333453, 0.8449868472021657, 0.7986358719398224, 0.7669212664553823, 0.7859662122376708, 0.7457419524195678], "(3.0, 0.0, 0.0)": [0.0, 0.5194883066628667, 0.5283523958905303, 0.5646391800131869, 0.5194680456118771, 0.5200689635283656, 0.552430988123222, 0.5293357773367883, 0.5427912952513158], "(4.0, 1.0, 0.0)": [0.0, 4.611884447707894, 13.105203168942415, 12.30193990821007, 1.6114102590704749, 1.840708463187896, 1.8918405219668215, 9.050701575024428, 8.185802751476054], "(4.0, 0.0, 0.0)": [0.0, 0.46460790349838454, 0.46657034950118126, 0.5041433613097668, 0.46381198828293535, 0.46828074743390824, 0.46822093298904016, 0.48409573766300285, 0.4665574818623395], "(5.0, 1.0, 0.0)": [0.0, 0.0, 11.694966872193708, 0.0, 0.0, 5.95703125, -0.21832555922152452, 0.0, 0.0], "(0.0, 1.0, 1.0)": [0.0, 1.1187954832090274, 0.6536091850020194, 0.3721151463539015, 1.4397159726047966, 1.2336623773885922, 1.0883413693887287, 0.7873011929502967, 0.36621825859045964], "(5.0, 0.0, 0.0)": [0.0, -7.5395271321869535, -0.1264033700616258, -4.9902629383714245, -8.945412058372215, -6.378282322897209, -1.0441804182914027, -8.259653089599901, -1.8549436083971356], "(0.0, 0.0, 1.0)": [0.0, 0.5155069518524156, 0.5066753089338369, 0.4173194861795331, 0.4547327821841747, 0.5156696617016843, 0.5603336407622843, 0.12492278920346242, 0.5155069040301725], "(1.0, 0.0, 1.0)": [0.0, 0.7653506553617833, 0.6157611888947697, 0.7040320012928181, 0.6998203384302042, 0.693611563744927, 0.6157611859595864, 0.666847726186713, 0.6974627354806382], "(2.0, 0.0, 0.0)": [0.0, 0.5389923016935615, 0.5130462817026435, 0.5260964550155547, 0.5903217403543906, 0.5569406158853933, 0.6018034523083331, 0.4916287594294728, 0.5536687128262944], "(2.0, 1.0, 0.0)": [0.0, 1.0516005956150534, 0.8477123645256748, 0.8582037988478128, 0.8984537288082882, 0.8228954144108094, 0.9084777674729323, 0.9667601268347984, 0.8653892775611545], "(1.0, 1.0, 1.0)": [0.0, 1.1172733142189881, 1.34614917552509, 1.3364125160931055, 1.3561674775902959, 1.2048027668487786, 1.3350078647055035, 1.410251794432146, 1.4495546342521908], "(6.0, 0.0, 0.0)": [0.0, 0.0, 0.0, 0.0, 0.0, 0.0, 0.0, 0.0, 0.0]}, "stats": {"total_messages": 471202, "total_updates": 402004, "total_reward": -24962.0, "action_counts": [58814, 55356, 53393, 52088, 55229, 52491, 49740, 46716, 47375], "state_visits": {"(3.0, 1.0, 0.0)": 3246, "(3.0, 0.0, 0.0)": 171065, "(4.0, 1.0, 0.0)": 1500, "(4.0, 0.0, 0.0)": 77328, "(5.0, 1.0, 0.0)": 11, "(0.0, 1.0, 1.0)": 415, "(5.0, 0.0, 0.0)": 289, "(0.0, 0.0, 1.0)": 22593, "(1.0, 0.0, 1.0)": 32090, "(2.0, 0.0, 0.0)": 91717, "(2.0, 1.0, 0.0)": 1095, "(1.0, 1.0, 1.0)": 655, "(6.0, 0.0, 0.0)": 0}}}