{"timestamp": 1764121880, "iso": "2025-11-26T01:51:20Z", "episode": 11, "games_in_episode": 10, "stats": {"total_messages": 51833, "total_updates": 51569, "total_reward": 2510.725000003579, "action_counts": [5731, 5585, 5418, 5865, 5853, 5958, 5910, 5823, 5690], "state_visits": {"(3, 0, 300.0)": 76, "(3, 0, 100.0)": 26, "(3, 1, 300.0)": 79, "(3, 0, 200.0)": 98, "(3, 1, 200.0)": 44, "(1, 0, 100.0)": 2292, "(1, 1, 300.0)": 1628, "(1, 0, 200.0)": 9245, "(1, 1, 200.0)": 1236, "(1, 0, 300.0)": 9252, "(0, 0, 300.0)": 9060, "(0, 0, 100.0)": 2462, "(0, 1, 300.0)": 1557, "(0, 1, 200.0)": 2424, "(0, 0, 200.0)": 9106, "(2, 1, 200.0)": 2, "(3, 1, 100.0)": 26, "(1, 1, 100.0)": 1038, "(2, 0, 300.0)": 11, "(0, 1, 100.0)": 836, "(3, 1, 400.0)": 2, "(3, 0, 0.0)": 14, "(3, 0, 400.0)": 7, "(1, 0, 0.0)": 501, "(4, 0, 200.0)": 3, "(2, 0, 200.0)": 13, "(0, 0, 0.0)": 529, "(2, 0, 100.0)": 1, "(2, 0, 0.0)": 1}, "state_action_prob_sums": {"(3, 1, 200.0)": [51.06338883842678, 2.5555555555555562, 52.03788600933562, 27.481107832238802, 2.8888888888888897, 21.618050800048344, 13.033077333333324, 3.111111111111112, 8.872014749437533], "(3, 0, 200.0)": [104.62823263298706, 7.444444444444433, 26.701809668917598, 103.85148837240081, 6.666666666666658, 51.50555180639875, 66.85028948801275, 8.111111111111098, 44.55499890481628], "(3, 0, 100.0)": [37.97960676628702, 2.2222222222222228, 47.53508674022785, 41.16395110782295, 2.5555555555555562, 28.201526714087517, 22.41589000835348, 3.4444444444444455, 12.238926621752887], "(3, 1, 300.0)": [54.06230440779067, 3.88888888888889, 17.78934834182775, 69.82774153939836, 3.4444444444444455, 14.223774894947605, 38.929389203472766, 2.333333333333334, 19.38608508025726], "(3, 0, 300.0)": [141.4048398443167, 9.444444444444427, 35.87533746271973, 89.97009672244127, 9.777777777777759, 66.13094808085835, 119.51198678409928, 7.555555555555544, 90.19511167845931], "(3, 0, 400.0)": [2.7263630279111117, 0.2222222222222222, 1.5378830321493338, 15.701242290967295, 0.2222222222222222, 0.4444444444444444, 0.2222222222222222, 0.3333333333333333, 5.275689673955554], "(1, 1, 200.0)": [951.0284690753379, 830.0161649492524, 875.0545621005914, 861.5384499316303, 822.6640994596972, 887.1927073564237, 904.5759152923725, 920.2450344857245, 896.1478901092208], "(1, 0, 200.0)": [3584.7696235092067, 3795.0541014644728, 3543.0256053932753, 3675.909068705013, 3423.642067684613, 3799.3384252559927, 3671.965182337978, 3960.7455987503017, 3584.5499873833405], "(1, 0, 100.0)": [1685.0927746551868, 1472.8277622350504, 1770.3299488721593, 1642.716649709139, 1591.4667722184183, 1672.623128460352, 1502.8326214176398, 1605.5321017264043, 1765.4384374975393], "(1, 1, 300.0)": [1056.3689720428522, 981.6399384546113, 1015.7333905671542, 1155.3916721029298, 969.3502012886327, 780.655450557426, 1107.0545110144658, 1115.9554927978902, 928.7688633975314], "(1, 0, 300.0)": [4353.9984442387495, 4252.095084004173, 4483.9499211446755, 4571.3630808244925, 4853.926269521196, 4922.854182315869, 5164.2226537473425, 5214.1384573901005, 5866.873711746377], "(2, 0, 200.0)": [8.361154211503079, 0.4444444444444444, 0.4444444444444444, 23.196267171214163, 0.3333333333333333, 0.7777777777777779, 0.7777777777777779, 0.6666666666666667, 0.3333333333333333], "(0, 0, 200.0)": [4550.544829292835, 3797.516914586593, 3578.7163826174615, 3803.1539709142617, 3637.769717993586, 3409.546206233196, 3663.859178104559, 3681.046024887288, 3312.8484406842604], "(1, 1, 100.0)": [594.4259278611956, 608.0822285981195, 668.7158381614199, 611.7053738975918, 397.2055337605266, 520.4550594146199, 498.1526660868719, 424.8577589851252, 482.2758460583556], "(0, 0, 300.0)": [4604.430599610016, 3969.910690538788, 4085.391419378158, 5092.050180096424, 4545.2651909689, 4806.340401657903, 5544.568219237391, 5812.530142551105, 5806.474774812612], "(0, 1, 100.0)": [522.1391688142166, 591.7122689295222, 488.6252577482728, 567.1024654078135, 735.1321313497047, 657.5596128954021, 522.3402576130468, 532.4125877067627, 728.459021146856], "(0, 1, 300.0)": [1169.1440880000848, 1138.7506892197443, 1036.6547935759368, 1437.4155327130482, 1273.0060402728352, 1372.9264854149362, 1294.9112166789098, 1182.9234249173726, 1154.3194069314916], "(0, 1, 200.0)": [1316.3007375226562, 1326.8322617537758, 1028.5007916852244, 1083.9850660016803, 1075.6780787955283, 846.2187878241302, 1037.8576213487343, 1200.3793280174195, 1009.633924490249], "(0, 0, 100.0)": [1933.7955972389987, 1591.2470258947815, 2044.1471148839505, 1422.3598959986866, 1663.511960529919, 1650.7596241034635, 1399.0539194191288, 1642.6270496198501, 1408.9768693848212], "(3, 1, 100.0)": [42.51119071644608, 1.2222222222222225, 1.1111111111111114, 43.064678672013294, 1.1111111111111114, 5.4118551556607155, 2.8823253333333336, 1.1111111111111114, 6.114270587986786], "(4, 1, 100.0)": [0.5816924444444445, 0.0, 0.0, 0.0, 0.7405565501643778, 0.0, 0.0, 0.0, 0.5816924444444445], "(2, 1, 100.0)": [6.6221667946596146, 0.3333333333333333, 0.6666666666666667, 0.2222222222222222, 0.2222222222222222, 0.0, 0.0, 0.0, 0.6666666666666667], "(4, 1, 200.0)": [2.4187370695111117, 0.0, 0.1111111111111111, 3.074671397453267, 0.1111111111111111, 0.0, 0.1111111111111111, 0.0, 0.0], "(2, 1, 200.0)": [3.6159352827666256, 0.0, 0.3333333333333333, 3.0853312127715564, 0.3333333333333333, 0.1111111111111111, 5.006805420719208, 0.1111111111111111, 0.4444444444444444], "(3, 1, 400.0)": [0.7777777777777779, 0.2222222222222222, 0.0, 5.096518039744403, 0.1111111111111111, 0.0, 0.0, 0.2222222222222222, 0.0], "(2, 0, 300.0)": [5.975064808598096, 1.1111111111111114, 0.6666666666666667, 1.1111111111111114, 0.7777777777777779, 0.3333333333333333, 30.92605447255725, 0.8888888888888891, 0.7777777777777779], "(0, 0, 0.0)": [191.59554720938237, 255.79361181455238, 275.7524115330529, 254.7100751845976, 205.04966137732615, 141.86128315915585, 171.86842235021507, 270.7224473800444, 280.9149929238], "(4, 0, 300.0)": [1.12, 0.2222222222222222, 0.0, 1.1965148472888891, 0.1111111111111111, 0.1111111111111111, 4.2153470032052, 0.3333333333333333, 0.0], "(3, 1, 0.0)": [0.5555555555555556, 0.3333333333333333, 0.7777777777777779, 9.715954189174887, 0.3333333333333333, 0.1111111111111111, 0.7011697066666667, 0.2222222222222222, 0.1111111111111111], "(1, 1, 0.0)": [106.25896129322716, 188.1287636306503, 61.69907677650491, 64.31939577270062, 107.80899076110249, 86.85501971561273, 71.2976726219663, 82.27878849089427, 41.52071361536003], "(3, 0, 0.0)": [16.085769189714334, 0.4444444444444444, 0.5555555555555556, 2.021680701927716, 0.3333333333333333, 0.5555555555555556, 3.588295078173014, 0.5555555555555556, 0.4444444444444444], "(1, 0, 0.0)": [207.2286198949978, 186.91936089598005, 260.5788282059807, 158.29589105039815, 230.53642387001602, 163.8585438367314, 190.95490558485253, 182.39347327975872, 222.7065070799775], "(0, 1, 0.0)": [72.08832390660217, 44.15910088635741, 56.944012298496055, 242.60500853226407, 74.68755342981693, 104.80836345762143, 24.654455611051766, 57.52598839856366, 75.78365429558455], "(2, 1, 300.0)": [4.280011789938348, 0.3333333333333333, 0.1111111111111111, 3.4896990614857732, 0.1111111111111111, 0.1111111111111111, 0.1111111111111111, 0.1111111111111111, 0.0], "(4, 0, 200.0)": [1.137248, 0.8977777777777778, 0.0, 6.836904402801192, 0.0, 0.0, 1.2574222222222224, 0.1111111111111111, 0.0], "(2, 0, 100.0)": [0.7866666666666666, 0.0, 0.1111111111111111, 2.292273777777778, 0.2222222222222222, 0.3333333333333333, 8.743967647979465, 0.2222222222222222, 0.3333333333333333], "(2, 1, 0.0)": [0.0, 0.0, 0.1111111111111111, 0.0, 0.1111111111111111, 0.0, 0.0, 0.0, 0.0], "(4, 1, 300.0)": [0.5982574236444446, 0.2222222222222222, 0.0, 0.2222222222222222, 1.180117191111111, 0.0, 2.7097546265212697, 0.3333333333333333, 0.0], "(4, 0, 100.0)": [0.8039146666666668, 0.1111111111111111, 0.6928035555555556, 0.5900585955555555, 0.0, 0.5816924444444445, 0.5900585955555555, 0.0, 0.0],